"DESCRIPTION","DURATION IN MS","NAME","PARENT SUITE","START TIME","STATUS","STOP TIME","SUB SUITE","SUITE","TEST CLASS","TEST METHOD"
"","2","test_invalid_route_returns_404","tests","Fri Mar 27 20:14:12 UTC 2026","passed","Fri Mar 27 20:14:12 UTC 2026","TestNotFound","health_test","",""
"","29908","Health Tests","","Fri Mar 27 20:13:51 UTC 2026","passed","Fri Mar 27 20:14:21 UTC 2026","","JMeter Performance Tests","",""
"Verify delete user fails without authentication","14","testDeleteUserNoAuth","API Test Suite","Fri Mar 27 20:14:06 UTC 2026","passed","Fri Mar 27 20:14:06 UTC 2026","com.automationlab.tests.UserTest","API Tests","com.automationlab.tests.UserTest","testDeleteUserNoAuth"
"Verify non-admin cannot delete product","15","testDeleteProductNonAdmin","API Test Suite","Fri Mar 27 20:14:09 UTC 2026","passed","Fri Mar 27 20:14:09 UTC 2026","com.automationlab.tests.ProductTest","API Tests","com.automationlab.tests.ProductTest","testDeleteProductNonAdmin"
"","827","User order error message shown on invalid product","chromium","Fri Mar 27 20:15:15 UTC 2026","passed","Fri Mar 27 20:15:16 UTC 2026","Product Detail — Authenticated User","product_detail_test.spec.ts","",""
"","939","Admin can view products page","chromium","Fri Mar 27 20:15:20 UTC 2026","passed","Fri Mar 27 20:15:21 UTC 2026","Products — Authenticated Admin","products_test.spec.ts","",""
"","2","test_health_includes_environment","tests","Fri Mar 27 20:14:12 UTC 2026","passed","Fri Mar 27 20:14:12 UTC 2026","TestHealthEndpoint","health_test","",""
"","397","returns HTTP 401 without token","","Fri Mar 27 20:13:49 UTC 2026","passed","Fri Mar 27 20:13:49 UTC 2026","Order Endpoints > PATCH /api/orders/:id/status","orders_test.spec.ts","",""
"","300","Product detail page displays product price","chromium","Fri Mar 27 20:15:08 UTC 2026","passed","Fri Mar 27 20:15:08 UTC 2026","Product Detail — Unauthenticated","product_detail_test.spec.ts","",""
"","778","Register link is not visible","chromium","Fri Mar 27 20:14:43 UTC 2026","passed","Fri Mar 27 20:14:43 UTC 2026","Navbar — Authenticated Admin","navbar_test.spec.ts","",""
"","3","test_get_user_returns_full_profile","tests","Fri Mar 27 20:14:16 UTC 2026","passed","Fri Mar 27 20:14:16 UTC 2026","TestGetUser","user_test","",""
"","843","Dashboard link navigates to dashboard page","chromium","Fri Mar 27 20:14:51 UTC 2026","passed","Fri Mar 27 20:14:52 UTC 2026","Navbar — Authenticated Regular User","navbar_test.spec.ts","",""
"","5","test_get_product_by_id","tests","Fri Mar 27 20:14:16 UTC 2026","passed","Fri Mar 27 20:14:16 UTC 2026","TestGetProduct","products_test","",""
"Verify admin can soft delete product","43","testDeleteProduct","API Test Suite","Fri Mar 27 20:14:09 UTC 2026","passed","Fri Mar 27 20:14:09 UTC 2026","com.automationlab.tests.ProductTest","API Tests","com.automationlab.tests.ProductTest","testDeleteProduct"
"","39219","DELETE /api/users/:id","","Fri Mar 27 20:15:19 UTC 2026","passed","Fri Mar 27 20:15:58 UTC 2026","","k6 Performance Tests","",""
"","1083","User all status filter options are selectable","chromium","Fri Mar 27 20:15:04 UTC 2026","passed","Fri Mar 27 20:15:05 UTC 2026","Orders — Authenticated User","orders_test.spec.ts","",""
"Verify list orders fails without authentication","10","testListOrdersNoAuth","API Test Suite","Fri Mar 27 20:14:12 UTC 2026","passed","Fri Mar 27 20:14:12 UTC 2026","com.automationlab.tests.OrderTest","API Tests","com.automationlab.tests.OrderTest","testListOrdersNoAuth"
"","78","returns HTTP 200 with valid token","","Fri Mar 27 20:13:42 UTC 2026","passed","Fri Mar 27 20:13:42 UTC 2026","Authentication Endpoints > POST /api/auth/logout","auth_test.spec.ts","",""
"","2","test_404_response_includes_error_details","tests","Fri Mar 27 20:14:12 UTC 2026","passed","Fri Mar 27 20:14:12 UTC 2026","TestNotFound","health_test","",""
"Orders that have progressed past pending cannot be cancelled.","24","test_cannot_cancel_non_pending_order","tests","Fri Mar 27 20:14:15 UTC 2026","passed","Fri Mar 27 20:14:15 UTC 2026","TestCancelOrder","orders_test","",""
"","855","User pagination next button advances to page 2","chromium","Fri Mar 27 20:15:05 UTC 2026","passed","Fri Mar 27 20:15:06 UTC 2026","Orders — Authenticated User","orders_test.spec.ts","",""
"","12","returns HTTP 400 for invalid email format","","Fri Mar 27 20:13:41 UTC 2026","passed","Fri Mar 27 20:13:41 UTC 2026","Authentication Endpoints > POST /api/auth/register","auth_test.spec.ts","",""
"Verify invalid endpoint returns 404","23","testInvalidEndpoint","API Test Suite","Fri Mar 27 20:14:02 UTC 2026","passed","Fri Mar 27 20:14:03 UTC 2026","com.automationlab.tests.HealthTest","API Tests","com.automationlab.tests.HealthTest","testInvalidEndpoint"
"","3","test_register_with_empty_body_returns_400","tests","Fri Mar 27 20:14:11 UTC 2026","passed","Fri Mar 27 20:14:11 UTC 2026","TestRegistration","auth_test","",""
"Dashboard displays user name","1512","dashboardDisplaysUserName","SQA Automation Lab — Selenium UI Suite","Fri Mar 27 20:19:18 UTC 2026","passed","Fri Mar 27 20:19:20 UTC 2026","com.sqa.ui.tests.DashboardTest","UI Tests","com.sqa.ui.tests.DashboardTest","dashboardDisplaysUserName"
"","8","test_admin_can_update_status_to_shipped","tests","Fri Mar 27 20:14:14 UTC 2026","passed","Fri Mar 27 20:14:14 UTC 2026","TestUpdateOrderStatus","orders_test","",""
"","38220","POST /api/orders","","Fri Mar 27 20:16:41 UTC 2026","passed","Fri Mar 27 20:17:19 UTC 2026","","k6 Performance Tests","",""
"Dashboard displays user role","1511","dashboardDisplaysUserRole","SQA Automation Lab — Selenium UI Suite","Fri Mar 27 20:19:24 UTC 2026","passed","Fri Mar 27 20:19:25 UTC 2026","com.sqa.ui.tests.DashboardTest","UI Tests","com.sqa.ui.tests.DashboardTest","dashboardDisplaysUserRole"
"All returned products should be active.","5","test_list_products_only_returns_active","tests","Fri Mar 27 20:14:16 UTC 2026","passed","Fri Mar 27 20:14:16 UTC 2026","TestListProducts","products_test","",""
"","960","valid login renders authenticated navbar state","chromium","Fri Mar 27 20:14:30 UTC 2026","passed","Fri Mar 27 20:14:31 UTC 2026","Login","login_test.spec.ts","",""
"Verify anyone can get product details without authentication","34","testGetProductPublic","API Test Suite","Fri Mar 27 20:14:09 UTC 2026","passed","Fri Mar 27 20:14:09 UTC 2026","com.automationlab.tests.ProductTest","API Tests","com.automationlab.tests.ProductTest","testGetProductPublic"
"Verify orders list supports pagination","57","testListOrdersPagination","API Test Suite","Fri Mar 27 20:14:12 UTC 2026","passed","Fri Mar 27 20:14:12 UTC 2026","com.automationlab.tests.OrderTest","API Tests","com.automationlab.tests.OrderTest","testListOrdersPagination"
"","780","Sign-in link is not visible","chromium","Fri Mar 27 20:14:48 UTC 2026","passed","Fri Mar 27 20:14:49 UTC 2026","Navbar — Authenticated Regular User","navbar_test.spec.ts","",""
"Products link navigates to products page","697","productsLinkNavigatesToProductsPage","SQA Automation Lab — Selenium UI Suite","Fri Mar 27 20:20:31 UTC 2026","passed","Fri Mar 27 20:20:32 UTC 2026","com.sqa.ui.tests.NavigationTest","UI Tests","com.sqa.ui.tests.NavigationTest","productsLinkNavigatesToProductsPage"
"","6","content-type is application/json","","Fri Mar 27 20:13:42 UTC 2026","passed","Fri Mar 27 20:13:42 UTC 2026","Health Endpoints > GET /","health_test.spec.ts","",""
"Verify products list supports pagination","37","testListProductsPagination","API Test Suite","Fri Mar 27 20:14:09 UTC 2026","passed","Fri Mar 27 20:14:09 UTC 2026","com.automationlab.tests.ProductTest","API Tests","com.automationlab.tests.ProductTest","testListProductsPagination"
"","765","Dashboard displays user role badge","chromium","Fri Mar 27 20:14:26 UTC 2026","passed","Fri Mar 27 20:14:27 UTC 2026","Dashboard — Authenticated Regular User","dashboard_test.spec.ts","",""
"","4","test_admin_can_delete_any_user","tests","Fri Mar 27 20:14:17 UTC 2026","passed","Fri Mar 27 20:14:17 UTC 2026","TestDeleteUser","user_test","",""
"Verify order can be created with multiple items","57","testCreateOrderMultipleItems","API Test Suite","Fri Mar 27 20:14:12 UTC 2026","passed","Fri Mar 27 20:14:12 UTC 2026","com.automationlab.tests.OrderTest","API Tests","com.automationlab.tests.OrderTest","testCreateOrderMultipleItems"
"Verify user can list their own orders","34","testListUserOrders","API Test Suite","Fri Mar 27 20:14:12 UTC 2026","passed","Fri Mar 27 20:14:12 UTC 2026","com.automationlab.tests.OrderTest","API Tests","com.automationlab.tests.OrderTest","testListUserOrders"
"","518","Duplicate email shows error message","chromium","Fri Mar 27 20:15:43 UTC 2026","passed","Fri Mar 27 20:15:44 UTC 2026","Register","register_test.spec.ts","",""
"","3","test_get_user_invalid_id_returns_400","tests","Fri Mar 27 20:14:16 UTC 2026","passed","Fri Mar 27 20:14:16 UTC 2026","TestGetUser","user_test","",""
"","4","test_admin_can_update_stock","tests","Fri Mar 27 20:14:16 UTC 2026","passed","Fri Mar 27 20:14:16 UTC 2026","TestUpdateProduct","products_test","",""
"","38088","GET /api/products","","Fri Mar 27 20:15:59 UTC 2026","passed","Fri Mar 27 20:16:37 UTC 2026","","k6 Performance Tests","",""
"Verify anyone can list products without authentication","53","testListProductsPublic","API Test Suite","Fri Mar 27 20:14:11 UTC 2026","passed","Fri Mar 27 20:14:11 UTC 2026","com.automationlab.tests.ProductTest","API Tests","com.automationlab.tests.ProductTest","testListProductsPublic"
"","4","test_filter_by_category","tests","Fri Mar 27 20:14:16 UTC 2026","passed","Fri Mar 27 20:14:16 UTC 2026","TestFilterProducts","products_test","",""
"Verify registered user is active by default","234","testRegistrationDefaultActiveStatus","API Test Suite","Fri Mar 27 20:14:04 UTC 2026","passed","Fri Mar 27 20:14:04 UTC 2026","com.automationlab.tests.AuthTest","API Tests","com.automationlab.tests.AuthTest","testRegistrationDefaultActiveStatus"
"","417","empty password stays on login page","chromium","Fri Mar 27 20:14:32 UTC 2026","passed","Fri Mar 27 20:14:32 UTC 2026","Login","login_test.spec.ts","",""
"","251","partial update — stock quantity — is supported","","Fri Mar 27 20:13:55 UTC 2026","passed","Fri Mar 27 20:13:55 UTC 2026","Product Endpoints > PUT /api/products/:id","products_test.spec.ts","",""
"Verify user only sees their own orders","26","testListOrdersOnlyOwnOrders","API Test Suite","Fri Mar 27 20:14:12 UTC 2026","passed","Fri Mar 27 20:14:12 UTC 2026","com.automationlab.tests.OrderTest","API Tests","com.automationlab.tests.OrderTest","testListOrdersOnlyOwnOrders"
"Verify create product fails with negative price","14","testCreateProductNegativePrice","API Test Suite","Fri Mar 27 20:14:09 UTC 2026","passed","Fri Mar 27 20:14:09 UTC 2026","com.automationlab.tests.ProductTest","API Tests","com.automationlab.tests.ProductTest","testCreateProductNegativePrice"
"","5","returns HTTP 401 without token","","Fri Mar 27 20:13:47 UTC 2026","passed","Fri Mar 27 20:13:47 UTC 2026","Order Endpoints > GET /api/orders/:id","orders_test.spec.ts","",""
"","253","updated product fields are returned in response","","Fri Mar 27 20:13:55 UTC 2026","passed","Fri Mar 27 20:13:55 UTC 2026","Product Endpoints > PUT /api/products/:id","products_test.spec.ts","",""
"","2","test_create_order_without_auth_returns_401","tests","Fri Mar 27 20:14:13 UTC 2026","passed","Fri Mar 27 20:14:13 UTC 2026","TestCreateOrder","orders_test","",""
"","11","category filter returns only products from that category","","Fri Mar 27 20:13:51 UTC 2026","passed","Fri Mar 27 20:13:51 UTC 2026","Product Endpoints > GET /api/products","products_test.spec.ts","",""
"","30071","Auth Tests","","Fri Mar 27 20:14:26 UTC 2026","passed","Fri Mar 27 20:14:56 UTC 2026","","JMeter Performance Tests","",""
"","4","test_register_duplicate_email_returns_409","tests","Fri Mar 27 20:14:11 UTC 2026","passed","Fri Mar 27 20:14:11 UTC 2026","TestRegistration","auth_test","",""
"","1019","Admin can place order successfully","chromium","Fri Mar 27 20:15:10 UTC 2026","passed","Fri Mar 27 20:15:11 UTC 2026","Product Detail — Authenticated Admin","product_detail_test.spec.ts","",""
"","37953","Step 3: Browse products","","Fri Mar 27 20:17:24 UTC 2026","passed","Fri Mar 27 20:18:02 UTC 2026","","k6 Performance Tests","",""
"","863","Orders link navigates to orders page","chromium","Fri Mar 27 20:14:43 UTC 2026","passed","Fri Mar 27 20:14:44 UTC 2026","Navbar — Authenticated Admin","navbar_test.spec.ts","",""
"","3","test_filter_with_no_results","tests","Fri Mar 27 20:14:16 UTC 2026","passed","Fri Mar 27 20:14:16 UTC 2026","TestFilterProducts","products_test","",""
"","65","test_login_returns_user_info","tests","Fri Mar 27 20:14:11 UTC 2026","passed","Fri Mar 27 20:14:11 UTC 2026","TestLogin","auth_test","",""
"","4","test_register_without_password_returns_400","tests","Fri Mar 27 20:14:11 UTC 2026","passed","Fri Mar 27 20:14:11 UTC 2026","TestRegistration","auth_test","",""
"","319","returns HTTP 400 for quantity exceeding available stock","","Fri Mar 27 20:13:44 UTC 2026","passed","Fri Mar 27 20:13:45 UTC 2026","Order Endpoints > POST /api/orders","orders_test.spec.ts","",""
"","977","Admin cancel order dismissed by user leaves order intact","chromium","Fri Mar 27 20:14:59 UTC 2026","passed","Fri Mar 27 20:15:00 UTC 2026","Orders — Authenticated Admin","orders_test.spec.ts","",""
"","778","Dashboard link is visible","chromium","Fri Mar 27 20:14:41 UTC 2026","passed","Fri Mar 27 20:14:42 UTC 2026","Navbar — Authenticated Admin","navbar_test.spec.ts","",""
"Verify product has all required fields","51","testGetProductRequiredFields","API Test Suite","Fri Mar 27 20:14:09 UTC 2026","passed","Fri Mar 27 20:14:09 UTC 2026","com.automationlab.tests.ProductTest","API Tests","com.automationlab.tests.ProductTest","testGetProductRequiredFields"
"Verify create product fails with negative stock","16","testCreateProductNegativeStock","API Test Suite","Fri Mar 27 20:14:09 UTC 2026","passed","Fri Mar 27 20:14:09 UTC 2026","com.automationlab.tests.ProductTest","API Tests","com.automationlab.tests.ProductTest","testCreateProductNegativeStock"
"","73","pagination metadata contains expected fields","","Fri Mar 27 20:13:58 UTC 2026","passed","Fri Mar 27 20:13:58 UTC 2026","User Endpoints > GET /api/users","user_test.spec.ts","",""
"","9","environment field is a non-empty string","","Fri Mar 27 20:13:42 UTC 2026","passed","Fri Mar 27 20:13:42 UTC 2026","Health Endpoints > GET /health","health_test.spec.ts","",""
"Verify update product updates the updated_at timestamp","1092","testUpdateProductUpdatesTimestamp","API Test Suite","Fri Mar 27 20:14:10 UTC 2026","passed","Fri Mar 27 20:14:11 UTC 2026","com.automationlab.tests.ProductTest","API Tests","com.automationlab.tests.ProductTest","testUpdateProductUpdatesTimestamp"
"","873","Admin status filter cancelled shows filtered results or empty state","chromium","Fri Mar 27 20:14:55 UTC 2026","passed","Fri Mar 27 20:14:56 UTC 2026","Orders — Authenticated Admin","orders_test.spec.ts","",""
"","5696","Empty last name shows validation error","chromium","Fri Mar 27 20:15:34 UTC 2026","failed","Fri Mar 27 20:15:39 UTC 2026","Register","register_test.spec.ts","",""
"","6","test_admin_can_update_product_name","tests","Fri Mar 27 20:14:16 UTC 2026","passed","Fri Mar 27 20:14:16 UTC 2026","TestUpdateProduct","products_test","",""
"","71","returns HTTP 401 without token","","Fri Mar 27 20:14:01 UTC 2026","passed","Fri Mar 27 20:14:01 UTC 2026","User Endpoints > DELETE /api/users/:id","user_test.spec.ts","",""
"","7","search parameter returns HTTP 200","","Fri Mar 27 20:13:51 UTC 2026","passed","Fri Mar 27 20:13:51 UTC 2026","Product Endpoints > GET /api/products","products_test.spec.ts","",""
"","830","View all orders link navigates to orders page","chromium","Fri Mar 27 20:14:27 UTC 2026","passed","Fri Mar 27 20:14:28 UTC 2026","Dashboard — Authenticated Regular User","dashboard_test.spec.ts","",""
"","320","returns HTTP 403 for non-admin authenticated user","","Fri Mar 27 20:13:56 UTC 2026","passed","Fri Mar 27 20:13:56 UTC 2026","Product Endpoints > PUT /api/products/:id","products_test.spec.ts","",""
"Search with no matches shows no products found message","1280","searchWithNoMatchesShowsNoProductsFoundMessage","SQA Automation Lab — Selenium UI Suite","Fri Mar 27 20:17:33 UTC 2026","passed","Fri Mar 27 20:17:34 UTC 2026","com.sqa.ui.tests.ProductsTest","UI Tests","com.sqa.ui.tests.ProductsTest","searchWithNoMatchesShowsNoProductsFoundMessage"
"","333","order item details include product_id, quantity, and price","","Fri Mar 27 20:13:44 UTC 2026","passed","Fri Mar 27 20:13:44 UTC 2026","Order Endpoints > POST /api/orders","orders_test.spec.ts","",""
"","37953","Step 4: View product detail","","Fri Mar 27 20:17:25 UTC 2026","passed","Fri Mar 27 20:18:03 UTC 2026","","k6 Performance Tests","",""
"","3","test_get_current_user_with_invalid_token_returns_403","tests","Fri Mar 27 20:14:12 UTC 2026","passed","Fri Mar 27 20:14:12 UTC 2026","TestCurrentUser","auth_test","",""
"Browse Products link navigates to products page","1587","browseProductsLinkNavigatesToProductsPage","SQA Automation Lab — Selenium UI Suite","Fri Mar 27 20:19:08 UTC 2026","passed","Fri Mar 27 20:19:10 UTC 2026","com.sqa.ui.tests.DashboardTest","UI Tests","com.sqa.ui.tests.DashboardTest","browseProductsLinkNavigatesToProductsPage"
"Dashboard link is visible when authenticated","1349","dashboardLinkIsVisibleWhenAuthenticated","SQA Automation Lab — Selenium UI Suite","Fri Mar 27 20:20:00 UTC 2026","passed","Fri Mar 27 20:20:01 UTC 2026","com.sqa.ui.tests.NavigationTest","UI Tests","com.sqa.ui.tests.NavigationTest","dashboardLinkIsVisibleWhenAuthenticated"
"Authenticated user can place order successfully","1162","authenticatedUserCanPlaceOrderSuccessfully","SQA Automation Lab — Selenium UI Suite","Fri Mar 27 20:17:38 UTC 2026","passed","Fri Mar 27 20:17:39 UTC 2026","com.sqa.ui.tests.ProductDetailTest","UI Tests","com.sqa.ui.tests.ProductDetailTest","authenticatedUserCanPlaceOrderSuccessfully"
"A user should not be able to cancel another user's order.","78","test_user_cannot_cancel_other_users_order","tests","Fri Mar 27 20:14:15 UTC 2026","passed","Fri Mar 27 20:14:16 UTC 2026","TestCancelOrder","orders_test","",""
"","7","test_list_products_page_navigation","tests","Fri Mar 27 20:14:16 UTC 2026","passed","Fri Mar 27 20:14:16 UTC 2026","TestListProducts","products_test","",""
"Empty password shows validation error","1030","emptyPasswordShowsValidationError","SQA Automation Lab — Selenium UI Suite","Fri Mar 27 20:14:48 UTC 2026","passed","Fri Mar 27 20:14:49 UTC 2026","com.sqa.ui.tests.LoginTest","UI Tests","com.sqa.ui.tests.LoginTest","emptyPasswordShowsValidationError"
"Verify registration fails with missing password","14","testRegistrationMissingPassword","API Test Suite","Fri Mar 27 20:14:05 UTC 2026","passed","Fri Mar 27 20:14:05 UTC 2026","com.automationlab.tests.AuthTest","API Tests","com.automationlab.tests.AuthTest","testRegistrationMissingPassword"
"","81","returns correct user data for the token owner","","Fri Mar 27 20:13:42 UTC 2026","passed","Fri Mar 27 20:13:42 UTC 2026","Authentication Endpoints > GET /api/auth/me","auth_test.spec.ts","",""
"Verify user can get their own order details","35","testGetOwnOrder","API Test Suite","Fri Mar 27 20:14:12 UTC 2026","passed","Fri Mar 27 20:14:12 UTC 2026","com.automationlab.tests.OrderTest","API Tests","com.automationlab.tests.OrderTest","testGetOwnOrder"
"","9","returns HTTP 401 for non-existent email","","Fri Mar 27 20:13:41 UTC 2026","passed","Fri Mar 27 20:13:41 UTC 2026","Authentication Endpoints > POST /api/auth/login","auth_test.spec.ts","",""
"","85","returns HTTP 409 on duplicate email","","Fri Mar 27 20:13:40 UTC 2026","passed","Fri Mar 27 20:13:40 UTC 2026","Authentication Endpoints > POST /api/auth/register","auth_test.spec.ts","",""
"","21","returns HTTP 400 when email is missing","","Fri Mar 27 20:13:41 UTC 2026","passed","Fri Mar 27 20:13:41 UTC 2026","Authentication Endpoints > POST /api/auth/register","auth_test.spec.ts","",""
"","39222","GET /api/users/:id - unauthorized (different user)","","Fri Mar 27 20:15:18 UTC 2026","passed","Fri Mar 27 20:15:57 UTC 2026","","k6 Performance Tests","",""
"","142","response body conforms to auth response schema","","Fri Mar 27 20:13:41 UTC 2026","passed","Fri Mar 27 20:13:41 UTC 2026","Authentication Endpoints > POST /api/auth/login","auth_test.spec.ts","",""
"","273","Register page displays create account heading","chromium","Fri Mar 27 20:15:25 UTC 2026","passed","Fri Mar 27 20:15:26 UTC 2026","Register","register_test.spec.ts","",""
"Verify password is not included in user response","15","testGetUserDoesNotReturnPassword","API Test Suite","Fri Mar 27 20:14:06 UTC 2026","passed","Fri Mar 27 20:14:07 UTC 2026","com.automationlab.tests.UserTest","API Tests","com.automationlab.tests.UserTest","testGetUserDoesNotReturnPassword"
"","854","Dashboard page displays welcome heading","chromium","Fri Mar 27 20:14:24 UTC 2026","passed","Fri Mar 27 20:14:25 UTC 2026","Dashboard — Authenticated Regular User","dashboard_test.spec.ts","",""
"ILIKE search should be case-insensitive.","10","test_search_is_case_insensitive","tests","Fri Mar 27 20:14:16 UTC 2026","passed","Fri Mar 27 20:14:16 UTC 2026","TestFilterProducts","products_test","",""
"","782","Sign out button is visible","chromium","Fri Mar 27 20:14:39 UTC 2026","passed","Fri Mar 27 20:14:40 UTC 2026","Navbar — Authenticated Admin","navbar_test.spec.ts","",""
"","6","test_list_users_page_navigation","tests","Fri Mar 27 20:14:16 UTC 2026","passed","Fri Mar 27 20:14:16 UTC 2026","TestListUsers","user_test","",""
"Verify delete non-existent product returns 404","13","testDeleteNonExistentProduct","API Test Suite","Fri Mar 27 20:14:09 UTC 2026","passed","Fri Mar 27 20:14:09 UTC 2026","com.automationlab.tests.ProductTest","API Tests","com.automationlab.tests.ProductTest","testDeleteNonExistentProduct"
"","39119","GET /health","","Fri Mar 27 20:13:54 UTC 2026","passed","Fri Mar 27 20:14:33 UTC 2026","","k6 Performance Tests","",""
"Verify products list only returns active products","37","testListOnlyActiveProducts","API Test Suite","Fri Mar 27 20:14:09 UTC 2026","passed","Fri Mar 27 20:14:09 UTC 2026","com.automationlab.tests.ProductTest","API Tests","com.automationlab.tests.ProductTest","testListOnlyActiveProducts"
"Back to products link navigates to products page","1204","backToProductsLinkNavigatesToProductsPage","SQA Automation Lab — Selenium UI Suite","Fri Mar 27 20:17:47 UTC 2026","passed","Fri Mar 27 20:17:49 UTC 2026","com.sqa.ui.tests.ProductDetailTest","UI Tests","com.sqa.ui.tests.ProductDetailTest","backToProductsLinkNavigatesToProductsPage"
"Verify create order fails with insufficient stock","13","testCreateOrderInsufficientStock","API Test Suite","Fri Mar 27 20:14:12 UTC 2026","passed","Fri Mar 27 20:14:12 UTC 2026","com.automationlab.tests.OrderTest","API Tests","com.automationlab.tests.OrderTest","testCreateOrderInsufficientStock"
"Authenticated user can view products page","1496","authenticatedUserCanViewProductsPage","SQA Automation Lab — Selenium UI Suite","Fri Mar 27 20:16:44 UTC 2026","passed","Fri Mar 27 20:16:46 UTC 2026","com.sqa.ui.tests.ProductsTest","UI Tests","com.sqa.ui.tests.ProductsTest","authenticatedUserCanViewProductsPage"
"","3","test_user_cannot_update_other_user","tests","Fri Mar 27 20:14:17 UTC 2026","passed","Fri Mar 27 20:14:17 UTC 2026","TestUpdateUser","user_test","",""
"","37953","Step 2: Login","","Fri Mar 27 20:17:23 UTC 2026","passed","Fri Mar 27 20:18:01 UTC 2026","","k6 Performance Tests","",""
"","150","returns HTTP 200 on successful login","","Fri Mar 27 20:13:41 UTC 2026","passed","Fri Mar 27 20:13:41 UTC 2026","Authentication Endpoints > POST /api/auth/login","auth_test.spec.ts","",""
"","110","test_register_does_not_return_password","tests","Fri Mar 27 20:14:11 UTC 2026","passed","Fri Mar 27 20:14:11 UTC 2026","TestRegistration","auth_test","",""
"Orders link is not visible when unauthenticated","507","ordersLinkIsNotVisibleWhenUnauthenticated","SQA Automation Lab — Selenium UI Suite","Fri Mar 27 20:20:14 UTC 2026","passed","Fri Mar 27 20:20:14 UTC 2026","com.sqa.ui.tests.NavigationTest","UI Tests","com.sqa.ui.tests.NavigationTest","ordersLinkIsNotVisibleWhenUnauthenticated"
"Verify registration fails with invalid email format","18","testRegistrationInvalidEmail","API Test Suite","Fri Mar 27 20:14:04 UTC 2026","passed","Fri Mar 27 20:14:04 UTC 2026","com.automationlab.tests.AuthTest","API Tests","com.automationlab.tests.AuthTest","testRegistrationInvalidEmail"
"Verify registration fails with weak password","34","testRegistrationWeakPassword","API Test Suite","Fri Mar 27 20:14:05 UTC 2026","passed","Fri Mar 27 20:14:05 UTC 2026","com.automationlab.tests.AuthTest","API Tests","com.automationlab.tests.AuthTest","testRegistrationWeakPassword"
"Verify health endpoint returns healthy status","35","testHealthEndpoint","API Test Suite","Fri Mar 27 20:14:03 UTC 2026","passed","Fri Mar 27 20:14:03 UTC 2026","com.automationlab.tests.HealthTest","API Tests","com.automationlab.tests.HealthTest","testHealthEndpoint"
"All status filter options are selectable — AUT Bug C","1401","allStatusFilterOptionsAreSelectable","SQA Automation Lab — Selenium UI Suite","Fri Mar 27 20:18:22 UTC 2026","passed","Fri Mar 27 20:18:24 UTC 2026","com.sqa.ui.tests.OrdersTest","UI Tests","com.sqa.ui.tests.OrdersTest","allStatusFilterOptionsAreSelectable"
"Authenticated user can set quantity before ordering","1090","authenticatedUserCanSetQuantityBeforeOrdering","SQA Automation Lab — Selenium UI Suite","Fri Mar 27 20:17:43 UTC 2026","failed","Fri Mar 27 20:17:44 UTC 2026","com.sqa.ui.tests.ProductDetailTest","UI Tests","com.sqa.ui.tests.ProductDetailTest","authenticatedUserCanSetQuantityBeforeOrdering"
"","38218","DELETE /api/orders/:id","","Fri Mar 27 20:16:43 UTC 2026","passed","Fri Mar 27 20:17:21 UTC 2026","","k6 Performance Tests","",""
"Verify user can retrieve their own profile","43","testGetOwnUser","API Test Suite","Fri Mar 27 20:14:06 UTC 2026","passed","Fri Mar 27 20:14:06 UTC 2026","com.automationlab.tests.UserTest","API Tests","com.automationlab.tests.UserTest","testGetOwnUser"
"Verify admin can cancel any pending order","44","testAdminCancelAnyOrder","API Test Suite","Fri Mar 27 20:14:11 UTC 2026","passed","Fri Mar 27 20:14:11 UTC 2026","com.automationlab.tests.OrderTest","API Tests","com.automationlab.tests.OrderTest","testAdminCancelAnyOrder"
"","779","Register link is not visible","chromium","Fri Mar 27 20:14:49 UTC 2026","passed","Fri Mar 27 20:14:50 UTC 2026","Navbar — Authenticated Regular User","navbar_test.spec.ts","",""
"Verify get non-existent product returns 404","12","testGetNonExistentProduct","API Test Suite","Fri Mar 27 20:14:09 UTC 2026","passed","Fri Mar 27 20:14:09 UTC 2026","com.automationlab.tests.ProductTest","API Tests","com.automationlab.tests.ProductTest","testGetNonExistentProduct"
"Verify admin can update product details","40","testUpdateProduct","API Test Suite","Fri Mar 27 20:14:10 UTC 2026","passed","Fri Mar 27 20:14:10 UTC 2026","com.automationlab.tests.ProductTest","API Tests","com.automationlab.tests.ProductTest","testUpdateProduct"
"Verify non-admin cannot create product","10","testCreateProductNonAdmin","API Test Suite","Fri Mar 27 20:14:09 UTC 2026","passed","Fri Mar 27 20:14:09 UTC 2026","com.automationlab.tests.ProductTest","API Tests","com.automationlab.tests.ProductTest","testCreateProductNonAdmin"
"","343","Products page displays product cards","chromium","Fri Mar 27 20:15:16 UTC 2026","passed","Fri Mar 27 20:15:16 UTC 2026","Products — Unauthenticated","products_test.spec.ts","",""
"Sign in link is not visible when authenticated","1098","signInLinkIsNotVisibleWhenAuthenticated","SQA Automation Lab — Selenium UI Suite","Fri Mar 27 20:20:49 UTC 2026","passed","Fri Mar 27 20:20:51 UTC 2026","com.sqa.ui.tests.NavigationTest","UI Tests","com.sqa.ui.tests.NavigationTest","signInLinkIsNotVisibleWhenAuthenticated"
"Authenticated user sees product cards","1493","authenticatedUserSeesProductCards","SQA Automation Lab — Selenium UI Suite","Fri Mar 27 20:16:50 UTC 2026","passed","Fri Mar 27 20:16:51 UTC 2026","com.sqa.ui.tests.ProductsTest","UI Tests","com.sqa.ui.tests.ProductsTest","authenticatedUserSeesProductCards"
"","919","User cancel order dismissed by user leaves order intact","chromium","Fri Mar 27 20:15:07 UTC 2026","passed","Fri Mar 27 20:15:08 UTC 2026","Orders — Authenticated User","orders_test.spec.ts","",""
"","345","Register link is visible","chromium","Fri Mar 27 20:14:36 UTC 2026","passed","Fri Mar 27 20:14:36 UTC 2026","Navbar — Unauthenticated","navbar_test.spec.ts","",""
"Verify product with zero stock can be created","29","testCreateProductZeroStock","API Test Suite","Fri Mar 27 20:14:09 UTC 2026","passed","Fri Mar 27 20:14:09 UTC 2026","com.automationlab.tests.ProductTest","API Tests","com.automationlab.tests.ProductTest","testCreateProductZeroStock"
"Verify registration returns user ID","121","testRegistrationReturnsUserId","API Test Suite","Fri Mar 27 20:14:05 UTC 2026","passed","Fri Mar 27 20:14:05 UTC 2026","com.automationlab.tests.AuthTest","API Tests","com.automationlab.tests.AuthTest","testRegistrationReturnsUserId"
"","459","Search returns filtered results","chromium","Fri Mar 27 20:15:16 UTC 2026","passed","Fri Mar 27 20:15:17 UTC 2026","Products — Unauthenticated","products_test.spec.ts","",""
"","4","test_update_nonexistent_order_returns_404","tests","Fri Mar 27 20:14:15 UTC 2026","passed","Fri Mar 27 20:14:15 UTC 2026","TestUpdateOrderStatus","orders_test","",""
"","91","test_register_with_minimum_fields","tests","Fri Mar 27 20:14:11 UTC 2026","passed","Fri Mar 27 20:14:11 UTC 2026","TestRegistration","auth_test","",""
"","964","Admin sees product cards","chromium","Fri Mar 27 20:15:21 UTC 2026","passed","Fri Mar 27 20:15:22 UTC 2026","Products — Authenticated Admin","products_test.spec.ts","",""
"Search should find products by name substring.","7","test_search_by_name","tests","Fri Mar 27 20:14:16 UTC 2026","passed","Fri Mar 27 20:14:16 UTC 2026","TestFilterProducts","products_test","",""
"","915","Browse products link navigates to products page","chromium","Fri Mar 27 20:14:27 UTC 2026","passed","Fri Mar 27 20:14:27 UTC 2026","Dashboard — Authenticated Regular User","dashboard_test.spec.ts","",""
"","416","invalid email format stays on login page","chromium","Fri Mar 27 20:14:32 UTC 2026","passed","Fri Mar 27 20:14:33 UTC 2026","Login","login_test.spec.ts","",""
"Verify delete non-existent user returns 404","21","testDeleteNonExistentUser","API Test Suite","Fri Mar 27 20:14:06 UTC 2026","passed","Fri Mar 27 20:14:06 UTC 2026","com.automationlab.tests.UserTest","API Tests","com.automationlab.tests.UserTest","testDeleteNonExistentUser"
"","389","Unauthenticated access redirects to login","chromium","Fri Mar 27 20:14:16 UTC 2026","passed","Fri Mar 27 20:14:17 UTC 2026","Dashboard — Unauthenticated","dashboard_test.spec.ts","",""
"Verify logout fails without token","21","testLogoutNoToken","API Test Suite","Fri Mar 27 20:14:04 UTC 2026","passed","Fri Mar 27 20:14:04 UTC 2026","com.automationlab.tests.AuthTest","API Tests","com.automationlab.tests.AuthTest","testLogoutNoToken"
"","336","returns HTTP 401 without token","","Fri Mar 27 20:13:50 UTC 2026","passed","Fri Mar 27 20:13:50 UTC 2026","Order Endpoints > DELETE /api/orders/:id","orders_test.spec.ts","",""
"","262","returns HTTP 200 for existing product","","Fri Mar 27 20:13:51 UTC 2026","passed","Fri Mar 27 20:13:52 UTC 2026","Product Endpoints > GET /api/products/:id","products_test.spec.ts","",""
"Verify create order fails with zero quantity","14","testCreateOrderZeroQuantity","API Test Suite","Fri Mar 27 20:14:12 UTC 2026","passed","Fri Mar 27 20:14:12 UTC 2026","com.automationlab.tests.OrderTest","API Tests","com.automationlab.tests.OrderTest","testCreateOrderZeroQuantity"
"","9","test_admin_can_update_status_to_delivered","tests","Fri Mar 27 20:14:14 UTC 2026","passed","Fri Mar 27 20:14:14 UTC 2026","TestUpdateOrderStatus","orders_test","",""
"Dashboard displays user email","1536","dashboardDisplaysUserEmail","SQA Automation Lab — Selenium UI Suite","Fri Mar 27 20:19:13 UTC 2026","passed","Fri Mar 27 20:19:15 UTC 2026","com.sqa.ui.tests.DashboardTest","UI Tests","com.sqa.ui.tests.DashboardTest","dashboardDisplaysUserEmail"
"","409","Dashboard link is not visible","chromium","Fri Mar 27 20:14:37 UTC 2026","passed","Fri Mar 27 20:14:37 UTC 2026","Navbar — Unauthenticated","navbar_test.spec.ts","",""
"","69","returns HTTP 200 when soft deleting own account","","Fri Mar 27 20:14:00 UTC 2026","passed","Fri Mar 27 20:14:00 UTC 2026","User Endpoints > DELETE /api/users/:id","user_test.spec.ts","",""
"Verify admin can create a new product","100","testCreateProduct","API Test Suite","Fri Mar 27 20:14:09 UTC 2026","passed","Fri Mar 27 20:14:09 UTC 2026","com.automationlab.tests.ProductTest","API Tests","com.automationlab.tests.ProductTest","testCreateProduct"
"","325","returns HTTP 200 for own order","","Fri Mar 27 20:13:46 UTC 2026","passed","Fri Mar 27 20:13:46 UTC 2026","Order Endpoints > GET /api/orders/:id","orders_test.spec.ts","",""
"Dashboard page displays heading","1599","dashboardPageDisplaysHeading","SQA Automation Lab — Selenium UI Suite","Fri Mar 27 20:19:29 UTC 2026","passed","Fri Mar 27 20:19:30 UTC 2026","com.sqa.ui.tests.DashboardTest","UI Tests","com.sqa.ui.tests.DashboardTest","dashboardPageDisplaysHeading"
"Create an order as admin, verify another user can't see it.","77","test_user_cannot_view_other_users_order","tests","Fri Mar 27 20:14:14 UTC 2026","passed","Fri Mar 27 20:14:14 UTC 2026","TestGetOrder","orders_test","",""
"","246","returns HTTP 400 for negative stock quantity","","Fri Mar 27 20:13:54 UTC 2026","passed","Fri Mar 27 20:13:54 UTC 2026","Product Endpoints > POST /api/products","products_test.spec.ts","",""
"","5513","Empty first name shows validation error","chromium","Fri Mar 27 20:15:27 UTC 2026","failed","Fri Mar 27 20:15:32 UTC 2026","Register","register_test.spec.ts","",""
"","6","test_filter_returns_metadata","tests","Fri Mar 27 20:14:16 UTC 2026","passed","Fri Mar 27 20:14:16 UTC 2026","TestFilterProducts","products_test","",""
"","5","returns HTTP 401 without token","","Fri Mar 27 20:13:58 UTC 2026","passed","Fri Mar 27 20:13:58 UTC 2026","User Endpoints > GET /api/users","user_test.spec.ts","",""
"Verify authenticated user can logout","21","testLogout","API Test Suite","Fri Mar 27 20:14:04 UTC 2026","passed","Fri Mar 27 20:14:04 UTC 2026","com.automationlab.tests.AuthTest","API Tests","com.automationlab.tests.AuthTest","testLogout"
"Verify root endpoint returns app information","38","testRootEndpoint","API Test Suite","Fri Mar 27 20:14:03 UTC 2026","passed","Fri Mar 27 20:14:03 UTC 2026","com.automationlab.tests.HealthTest","API Tests","com.automationlab.tests.HealthTest","testRootEndpoint"
"Non-existent email shows error message — AUT Bug A","1125","nonExistentEmailShowsErrorMessage","SQA Automation Lab — Selenium UI Suite","Fri Mar 27 20:15:02 UTC 2026","broken","Fri Mar 27 20:15:03 UTC 2026","com.sqa.ui.tests.LoginTest","UI Tests","com.sqa.ui.tests.LoginTest","nonExistentEmailShowsErrorMessage"
"","252","returns correct product data","","Fri Mar 27 20:13:52 UTC 2026","passed","Fri Mar 27 20:13:52 UTC 2026","Product Endpoints > GET /api/products/:id","products_test.spec.ts","",""
"","4","test_get_nonexistent_user_returns_404","tests","Fri Mar 27 20:14:16 UTC 2026","passed","Fri Mar 27 20:14:16 UTC 2026","TestGetUser","user_test","",""
"Verify order includes item details","44","testOrderIncludesItemDetails","API Test Suite","Fri Mar 27 20:14:12 UTC 2026","passed","Fri Mar 27 20:14:12 UTC 2026","com.automationlab.tests.OrderTest","API Tests","com.automationlab.tests.OrderTest","testOrderIncludesItemDetails"
"","869","Dashboard link navigates to dashboard page","chromium","Fri Mar 27 20:14:44 UTC 2026","passed","Fri Mar 27 20:14:45 UTC 2026","Navbar — Authenticated Admin","navbar_test.spec.ts","",""
"Verify successful login with valid credentials","310","testSuccessfulLogin","API Test Suite","Fri Mar 27 20:14:05 UTC 2026","passed","Fri Mar 27 20:14:05 UTC 2026","com.automationlab.tests.AuthTest","API Tests","com.automationlab.tests.AuthTest","testSuccessfulLogin"
"","3","test_list_users_pagination_metadata","tests","Fri Mar 27 20:14:16 UTC 2026","passed","Fri Mar 27 20:14:16 UTC 2026","TestListUsers","user_test","",""
"","310","admin can retrieve any user","","Fri Mar 27 20:13:58 UTC 2026","passed","Fri Mar 27 20:13:59 UTC 2026","User Endpoints > GET /api/users/:id","user_test.spec.ts","",""
"","617","Valid registration renders authenticated navbar state","chromium","Fri Mar 27 20:15:26 UTC 2026","passed","Fri Mar 27 20:15:27 UTC 2026","Register","register_test.spec.ts","",""
"Invalid email format shows validation error — AUT Bug B","1166","invalidEmailFormatShowsValidationError","SQA Automation Lab — Selenium UI Suite","Fri Mar 27 20:14:53 UTC 2026","passed","Fri Mar 27 20:14:54 UTC 2026","com.sqa.ui.tests.LoginTest","UI Tests","com.sqa.ui.tests.LoginTest","invalidEmailFormatShowsValidationError"
"","5","test_delete_nonexistent_user_returns_404","tests","Fri Mar 27 20:14:17 UTC 2026","passed","Fri Mar 27 20:14:17 UTC 2026","TestDeleteUser","user_test","",""
"Verify health endpoint response time is acceptable","56","testHealthEndpointResponseTime","API Test Suite","Fri Mar 27 20:14:02 UTC 2026","passed","Fri Mar 27 20:14:02 UTC 2026","com.automationlab.tests.HealthTest","API Tests","com.automationlab.tests.HealthTest","testHealthEndpointResponseTime"
"","37953","Step 6: Check order status","","Fri Mar 27 20:17:27 UTC 2026","passed","Fri Mar 27 20:18:05 UTC 2026","","k6 Performance Tests","",""
"","306","returns HTTP 401 without token","","Fri Mar 27 20:13:57 UTC 2026","passed","Fri Mar 27 20:13:57 UTC 2026","Product Endpoints > DELETE /api/products/:id","products_test.spec.ts","",""
"Products page displays product cards","1101","productsPageDisplaysProductCards","SQA Automation Lab — Selenium UI Suite","Fri Mar 27 20:17:23 UTC 2026","passed","Fri Mar 27 20:17:24 UTC 2026","com.sqa.ui.tests.ProductsTest","UI Tests","com.sqa.ui.tests.ProductsTest","productsPageDisplaysProductCards"
"","4","test_admin_can_view_any_user","tests","Fri Mar 27 20:14:16 UTC 2026","passed","Fri Mar 27 20:14:16 UTC 2026","TestGetUser","user_test","",""
"Unauthenticated place order redirects to login","355","unauthenticatedPlaceOrderRedirectsToLogin","SQA Automation Lab — Selenium UI Suite","Fri Mar 27 20:18:17 UTC 2026","failed","Fri Mar 27 20:18:18 UTC 2026","com.sqa.ui.tests.ProductDetailTest","UI Tests","com.sqa.ui.tests.ProductDetailTest","unauthenticatedPlaceOrderRedirectsToLogin"
"","38218","PATCH /api/orders/:id/status - admin","","Fri Mar 27 20:16:42 UTC 2026","passed","Fri Mar 27 20:17:20 UTC 2026","","k6 Performance Tests","",""
"","1","setup","","Fri Mar 27 20:15:59 UTC 2026","passed","Fri Mar 27 20:15:59 UTC 2026","","k6 Performance Tests","",""
"Verify delete product fails without authentication","14","testDeleteProductNoAuth","API Test Suite","Fri Mar 27 20:14:09 UTC 2026","passed","Fri Mar 27 20:14:09 UTC 2026","com.automationlab.tests.ProductTest","API Tests","com.automationlab.tests.ProductTest","testDeleteProductNoAuth"
"","469","wrong password stays on login page","chromium","Fri Mar 27 20:14:33 UTC 2026","passed","Fri Mar 27 20:14:33 UTC 2026","Login","login_test.spec.ts","",""
"","6","returns HTTP 400 when email is missing","","Fri Mar 27 20:13:41 UTC 2026","passed","Fri Mar 27 20:13:41 UTC 2026","Authentication Endpoints > POST /api/auth/login","auth_test.spec.ts","",""
"","776","Orders link is visible","chromium","Fri Mar 27 20:14:40 UTC 2026","passed","Fri Mar 27 20:14:41 UTC 2026","Navbar — Authenticated Admin","navbar_test.spec.ts","",""
"","424","Product card link navigates to product detail page","chromium","Fri Mar 27 20:15:19 UTC 2026","passed","Fri Mar 27 20:15:20 UTC 2026","Products — Unauthenticated","products_test.spec.ts","",""
"User should see their own orders.","11","test_list_own_orders","tests","Fri Mar 27 20:14:13 UTC 2026","passed","Fri Mar 27 20:14:13 UTC 2026","TestListOrders","orders_test","",""
"","71","response contains users array and pagination object","","Fri Mar 27 20:13:58 UTC 2026","passed","Fri Mar 27 20:13:58 UTC 2026","User Endpoints > GET /api/users","user_test.spec.ts","",""
"Verify admin can get any order","24","testAdminGetAnyOrder","API Test Suite","Fri Mar 27 20:14:11 UTC 2026","passed","Fri Mar 27 20:14:11 UTC 2026","com.automationlab.tests.OrderTest","API Tests","com.automationlab.tests.OrderTest","testAdminGetAnyOrder"
"","320","returns HTTP 400 for invalid status value","","Fri Mar 27 20:13:48 UTC 2026","passed","Fri Mar 27 20:13:49 UTC 2026","Order Endpoints > PATCH /api/orders/:id/status","orders_test.spec.ts","",""
"","6","status field value is ok","","Fri Mar 27 20:13:42 UTC 2026","passed","Fri Mar 27 20:13:42 UTC 2026","Health Endpoints > GET /health","health_test.spec.ts","",""
"","113","page navigation does not return overlapping results","","Fri Mar 27 20:13:58 UTC 2026","passed","Fri Mar 27 20:13:58 UTC 2026","User Endpoints > GET /api/users","user_test.spec.ts","",""
"Verify authenticated user can retrieve their own profile","67","testGetCurrentUser","API Test Suite","Fri Mar 27 20:14:03 UTC 2026","passed","Fri Mar 27 20:14:03 UTC 2026","com.automationlab.tests.AuthTest","API Tests","com.automationlab.tests.AuthTest","testGetCurrentUser"
"Stock should decrease after order creation.","12","test_create_order_reduces_stock","tests","Fri Mar 27 20:14:12 UTC 2026","passed","Fri Mar 27 20:14:12 UTC 2026","TestCreateOrder","orders_test","",""
"","493","empty email stays on login page","chromium","Fri Mar 27 20:14:31 UTC 2026","passed","Fri Mar 27 20:14:32 UTC 2026","Login","login_test.spec.ts","",""
"","7","response contains products array and pagination object","","Fri Mar 27 20:13:51 UTC 2026","passed","Fri Mar 27 20:13:51 UTC 2026","Product Endpoints > GET /api/products","products_test.spec.ts","",""
"","250","returns HTTP 401 without token","","Fri Mar 27 20:13:56 UTC 2026","passed","Fri Mar 27 20:13:56 UTC 2026","Product Endpoints > PUT /api/products/:id","products_test.spec.ts","",""
"Empty last name shows validation error — AUT Bug C","11555","emptyLastNameShowsValidationError","SQA Automation Lab — Selenium UI Suite","Fri Mar 27 20:15:53 UTC 2026","failed","Fri Mar 27 20:16:05 UTC 2026","com.sqa.ui.tests.RegisterTest","UI Tests","com.sqa.ui.tests.RegisterTest","emptyLastNameShowsValidationError"
"","251","creating with minimum fields returns 201 and stock defaults to zero","","Fri Mar 27 20:13:53 UTC 2026","passed","Fri Mar 27 20:13:53 UTC 2026","Product Endpoints > POST /api/products","products_test.spec.ts","",""
"","23","returns HTTP 400 when password is missing","","Fri Mar 27 20:13:41 UTC 2026","passed","Fri Mar 27 20:13:41 UTC 2026","Authentication Endpoints > POST /api/auth/register","auth_test.spec.ts","",""
"","346","Brand link is visible","chromium","Fri Mar 27 20:14:35 UTC 2026","passed","Fri Mar 27 20:14:35 UTC 2026","Navbar — Unauthenticated","navbar_test.spec.ts","",""
"","2","test_list_users_limit_exceeds_max_returns_400","tests","Fri Mar 27 20:14:16 UTC 2026","passed","Fri Mar 27 20:14:16 UTC 2026","TestListUsers","user_test","",""
"","39118","GET /","","Fri Mar 27 20:13:55 UTC 2026","passed","Fri Mar 27 20:14:34 UTC 2026","","k6 Performance Tests","",""
"","30011","Product Tests","","Fri Mar 27 20:15:35 UTC 2026","passed","Fri Mar 27 20:16:05 UTC 2026","","JMeter Performance Tests","",""
"","7","test_cancel_nonexistent_order_returns_404","tests","Fri Mar 27 20:14:16 UTC 2026","passed","Fri Mar 27 20:14:16 UTC 2026","TestCancelOrder","orders_test","",""
"","252","admin can soft delete a product and receives HTTP 200","","Fri Mar 27 20:13:56 UTC 2026","passed","Fri Mar 27 20:13:57 UTC 2026","Product Endpoints > DELETE /api/products/:id","products_test.spec.ts","",""
"","2","test_list_orders_without_auth_returns_401","tests","Fri Mar 27 20:14:13 UTC 2026","passed","Fri Mar 27 20:14:13 UTC 2026","TestListOrders","orders_test","",""
"Verify products can be searched by name","35","testSearchProducts","API Test Suite","Fri Mar 27 20:14:10 UTC 2026","passed","Fri Mar 27 20:14:10 UTC 2026","com.automationlab.tests.ProductTest","API Tests","com.automationlab.tests.ProductTest","testSearchProducts"
"","4","test_list_users_excludes_passwords","tests","Fri Mar 27 20:14:16 UTC 2026","passed","Fri Mar 27 20:14:16 UTC 2026","TestListUsers","user_test","",""
"","298","login page displays sign in heading","chromium","Fri Mar 27 20:14:29 UTC 2026","passed","Fri Mar 27 20:14:30 UTC 2026","Login","login_test.spec.ts","",""
"","499","Pagination prev button returns to page 1","chromium","Fri Mar 27 20:15:19 UTC 2026","passed","Fri Mar 27 20:15:19 UTC 2026","Products — Unauthenticated","products_test.spec.ts","",""
"","3","test_delete_nonexistent_product_returns_404","tests","Fri Mar 27 20:14:16 UTC 2026","passed","Fri Mar 27 20:14:16 UTC 2026","TestDeleteProduct","products_test","",""
"Verify registration fails with missing email","20","testRegistrationMissingEmail","API Test Suite","Fri Mar 27 20:14:04 UTC 2026","passed","Fri Mar 27 20:14:04 UTC 2026","com.automationlab.tests.AuthTest","API Tests","com.automationlab.tests.AuthTest","testRegistrationMissingEmail"
"","2","test_logout_without_token_returns_401","tests","Fri Mar 27 20:14:12 UTC 2026","passed","Fri Mar 27 20:14:12 UTC 2026","TestLogout","auth_test","",""
"","77","pagination metadata contains expected fields","","Fri Mar 27 20:13:46 UTC 2026","passed","Fri Mar 27 20:13:46 UTC 2026","Order Endpoints > GET /api/orders","orders_test.spec.ts","",""
"Verify create product fails with missing name","18","testCreateProductMissingName","API Test Suite","Fri Mar 27 20:14:09 UTC 2026","passed","Fri Mar 27 20:14:09 UTC 2026","com.automationlab.tests.ProductTest","API Tests","com.automationlab.tests.ProductTest","testCreateProductMissingName"
"Verify user can update multiple fields simultaneously","58","testUpdateMultipleFields","API Test Suite","Fri Mar 27 20:14:07 UTC 2026","passed","Fri Mar 27 20:14:07 UTC 2026","com.automationlab.tests.UserTest","API Tests","com.automationlab.tests.UserTest","testUpdateMultipleFields"
"","347","status filter returns only orders matching that status","","Fri Mar 27 20:13:45 UTC 2026","passed","Fri Mar 27 20:13:46 UTC 2026","Order Endpoints > GET /api/orders","orders_test.spec.ts","",""
"","327","response contains order with items array","","Fri Mar 27 20:13:46 UTC 2026","passed","Fri Mar 27 20:13:46 UTC 2026","Order Endpoints > GET /api/orders/:id","orders_test.spec.ts","",""
"Verify users list only returns active users","120","testListOnlyActiveUsers","API Test Suite","Fri Mar 27 20:14:07 UTC 2026","passed","Fri Mar 27 20:14:07 UTC 2026","com.automationlab.tests.UserTest","API Tests","com.automationlab.tests.UserTest","testListOnlyActiveUsers"
"","10","response body conforms to health schema","","Fri Mar 27 20:13:42 UTC 2026","passed","Fri Mar 27 20:13:42 UTC 2026","Health Endpoints > GET /health","health_test.spec.ts","",""
"","38092","PUT /api/products/:id","","Fri Mar 27 20:16:01 UTC 2026","passed","Fri Mar 27 20:16:39 UTC 2026","","k6 Performance Tests","",""
"","3","test_register_without_email_returns_400","tests","Fri Mar 27 20:14:11 UTC 2026","passed","Fri Mar 27 20:14:11 UTC 2026","TestRegistration","auth_test","",""
"Verify create order fails with empty items array","11","testCreateOrderEmptyItems","API Test Suite","Fri Mar 27 20:14:12 UTC 2026","passed","Fri Mar 27 20:14:12 UTC 2026","com.automationlab.tests.OrderTest","API Tests","com.automationlab.tests.OrderTest","testCreateOrderEmptyItems"
"","3","test_create_product_with_minimum_fields","tests","Fri Mar 27 20:14:16 UTC 2026","passed","Fri Mar 27 20:14:16 UTC 2026","TestCreateProduct","products_test","",""
"","1","setup","","Fri Mar 27 20:15:17 UTC 2026","passed","Fri Mar 27 20:15:17 UTC 2026","","k6 Performance Tests","",""
"Verify get non-existent user returns 404","26","testGetNonExistentUser","API Test Suite","Fri Mar 27 20:14:06 UTC 2026","passed","Fri Mar 27 20:14:06 UTC 2026","com.automationlab.tests.UserTest","API Tests","com.automationlab.tests.UserTest","testGetNonExistentUser"
"","2","test_root_lists_available_endpoints","tests","Fri Mar 27 20:14:12 UTC 2026","passed","Fri Mar 27 20:14:12 UTC 2026","TestRootEndpoint","health_test","",""
"","71","limit parameter is respected","","Fri Mar 27 20:13:58 UTC 2026","passed","Fri Mar 27 20:13:58 UTC 2026","User Endpoints > GET /api/users","user_test.spec.ts","",""
"Sign in link is visible when unauthenticated","580","signInLinkIsVisibleWhenUnauthenticated","SQA Automation Lab — Selenium UI Suite","Fri Mar 27 20:20:54 UTC 2026","passed","Fri Mar 27 20:20:55 UTC 2026","com.sqa.ui.tests.NavigationTest","UI Tests","com.sqa.ui.tests.NavigationTest","signInLinkIsVisibleWhenUnauthenticated"
"Verify default pagination limit","49","testListUsersDefaultPaginationLimit","API Test Suite","Fri Mar 27 20:14:07 UTC 2026","passed","Fri Mar 27 20:14:07 UTC 2026","com.automationlab.tests.UserTest","API Tests","com.automationlab.tests.UserTest","testListUsersDefaultPaginationLimit"
"","324","user can cancel a pending order and receives HTTP 200","","Fri Mar 27 20:13:49 UTC 2026","passed","Fri Mar 27 20:13:50 UTC 2026","Order Endpoints > DELETE /api/orders/:id","orders_test.spec.ts","",""
"","87","password field is not included in user response object","","Fri Mar 27 20:13:40 UTC 2026","passed","Fri Mar 27 20:13:40 UTC 2026","Authentication Endpoints > POST /api/auth/register","auth_test.spec.ts","",""
"Register link is visible when unauthenticated","603","registerLinkIsVisibleWhenUnauthenticated","SQA Automation Lab — Selenium UI Suite","Fri Mar 27 20:20:41 UTC 2026","passed","Fri Mar 27 20:20:42 UTC 2026","com.sqa.ui.tests.NavigationTest","UI Tests","com.sqa.ui.tests.NavigationTest","registerLinkIsVisibleWhenUnauthenticated"
"","38481","POST /api/auth/login - valid credentials","","Fri Mar 27 20:14:36 UTC 2026","passed","Fri Mar 27 20:15:15 UTC 2026","","k6 Performance Tests","",""
"","5","test_list_orders_pagination","tests","Fri Mar 27 20:14:13 UTC 2026","passed","Fri Mar 27 20:14:13 UTC 2026","TestListOrders","orders_test","",""
"View All Orders link navigates to orders page","1556","viewAllOrdersLinkNavigatesToOrdersPage","SQA Automation Lab — Selenium UI Suite","Fri Mar 27 20:19:43 UTC 2026","passed","Fri Mar 27 20:19:44 UTC 2026","com.sqa.ui.tests.DashboardTest","UI Tests","com.sqa.ui.tests.DashboardTest","viewAllOrdersLinkNavigatesToOrdersPage"
"Verify password is not returned in registration response","122","testRegistrationDoesNotReturnPassword","API Test Suite","Fri Mar 27 20:14:04 UTC 2026","passed","Fri Mar 27 20:14:04 UTC 2026","com.automationlab.tests.AuthTest","API Tests","com.automationlab.tests.AuthTest","testRegistrationDoesNotReturnPassword"
"","8","pagination metadata contains expected fields","","Fri Mar 27 20:13:51 UTC 2026","passed","Fri Mar 27 20:13:51 UTC 2026","Product Endpoints > GET /api/products","products_test.spec.ts","",""
"","813","Dashboard displays admin role badge","chromium","Fri Mar 27 20:14:20 UTC 2026","passed","Fri Mar 27 20:14:20 UTC 2026","Dashboard — Authenticated Admin","dashboard_test.spec.ts","",""
"","3","test_create_order_with_empty_items_returns_400","tests","Fri Mar 27 20:14:13 UTC 2026","passed","Fri Mar 27 20:14:13 UTC 2026","TestCreateOrder","orders_test","",""
"Verify list users fails without authentication","15","testListUsersNoAuth","API Test Suite","Fri Mar 27 20:14:07 UTC 2026","passed","Fri Mar 27 20:14:07 UTC 2026","com.automationlab.tests.UserTest","API Tests","com.automationlab.tests.UserTest","testListUsersNoAuth"
"Verify cancel order fails without authentication","10","testCancelOrderNoAuth","API Test Suite","Fri Mar 27 20:14:11 UTC 2026","passed","Fri Mar 27 20:14:11 UTC 2026","com.automationlab.tests.OrderTest","API Tests","com.automationlab.tests.OrderTest","testCancelOrderNoAuth"
"Valid credentials redirect to dashboard","1621","validCredentialsRedirectToDashboard","SQA Automation Lab — Selenium UI Suite","Fri Mar 27 20:15:11 UTC 2026","passed","Fri Mar 27 20:15:13 UTC 2026","com.sqa.ui.tests.LoginTest","UI Tests","com.sqa.ui.tests.LoginTest","validCredentialsRedirectToDashboard"
"","3","test_logout_returns_success","tests","Fri Mar 27 20:14:12 UTC 2026","passed","Fri Mar 27 20:14:12 UTC 2026","TestLogout","auth_test","",""
"","320","returns HTTP 403 for non-admin authenticated user","","Fri Mar 27 20:13:57 UTC 2026","passed","Fri Mar 27 20:13:57 UTC 2026","Product Endpoints > DELETE /api/products/:id","products_test.spec.ts","",""
"Recent orders table displays when orders exist","1684","recentOrdersTableDisplaysWhenOrdersExist","SQA Automation Lab — Selenium UI Suite","Fri Mar 27 20:19:33 UTC 2026","passed","Fri Mar 27 20:19:35 UTC 2026","com.sqa.ui.tests.DashboardTest","UI Tests","com.sqa.ui.tests.DashboardTest","recentOrdersTableDisplaysWhenOrdersExist"
"","30023","Order Tests","","Fri Mar 27 20:16:11 UTC 2026","passed","Fri Mar 27 20:16:41 UTC 2026","","JMeter Performance Tests","",""
"","292","Invalid product id renders error state","chromium","Fri Mar 27 20:15:10 UTC 2026","passed","Fri Mar 27 20:15:10 UTC 2026","Product Detail — Unauthenticated","product_detail_test.spec.ts","",""
"","102","response body conforms to auth response schema","","Fri Mar 27 20:13:40 UTC 2026","passed","Fri Mar 27 20:13:40 UTC 2026","Authentication Endpoints > POST /api/auth/register","auth_test.spec.ts","",""
"","72","response contains orders array and pagination object","","Fri Mar 27 20:13:45 UTC 2026","passed","Fri Mar 27 20:13:45 UTC 2026","Order Endpoints > GET /api/orders","orders_test.spec.ts","",""
"Verify created product has default active status","15","testCreateProductDefaultActiveStatus","API Test Suite","Fri Mar 27 20:14:09 UTC 2026","passed","Fri Mar 27 20:14:09 UTC 2026","com.automationlab.tests.ProductTest","API Tests","com.automationlab.tests.ProductTest","testCreateProductDefaultActiveStatus"
"","75","returns HTTP 200 with authentication","","Fri Mar 27 20:13:51 UTC 2026","passed","Fri Mar 27 20:13:51 UTC 2026","Product Endpoints > GET /api/products","products_test.spec.ts","",""
"Verify user cannot cancel another user's order","37","testCancelOtherUserOrder","API Test Suite","Fri Mar 27 20:14:11 UTC 2026","passed","Fri Mar 27 20:14:11 UTC 2026","com.automationlab.tests.OrderTest","API Tests","com.automationlab.tests.OrderTest","testCancelOtherUserOrder"
"Verify registration succeeds without first name (optional field)","109","testRegistrationMissingFirstName","API Test Suite","Fri Mar 27 20:14:04 UTC 2026","passed","Fri Mar 27 20:14:04 UTC 2026","com.automationlab.tests.AuthTest","API Tests","com.automationlab.tests.AuthTest","testRegistrationMissingFirstName"
"Valid login renders authenticated navbar state","1641","validLoginRendersAuthenticatedNavbarState","SQA Automation Lab — Selenium UI Suite","Fri Mar 27 20:15:17 UTC 2026","passed","Fri Mar 27 20:15:18 UTC 2026","com.sqa.ui.tests.LoginTest","UI Tests","com.sqa.ui.tests.LoginTest","validLoginRendersAuthenticatedNavbarState"
"","4","test_get_current_user","tests","Fri Mar 27 20:14:12 UTC 2026","passed","Fri Mar 27 20:14:12 UTC 2026","TestCurrentUser","auth_test","",""
"","3","test_create_order_with_zero_quantity_returns_400","tests","Fri Mar 27 20:14:13 UTC 2026","passed","Fri Mar 27 20:14:13 UTC 2026","TestCreateOrder","orders_test","",""
"Verify health endpoint returns uptime information","47","testHealthEndpointUptime","API Test Suite","Fri Mar 27 20:14:02 UTC 2026","passed","Fri Mar 27 20:14:02 UTC 2026","com.automationlab.tests.HealthTest","API Tests","com.automationlab.tests.HealthTest","testHealthEndpointUptime"
"","2","test_regular_user_cannot_delete_product","tests","Fri Mar 27 20:14:16 UTC 2026","passed","Fri Mar 27 20:14:16 UTC 2026","TestDeleteProduct","products_test","",""
"","1","setup","","Fri Mar 27 20:16:40 UTC 2026","passed","Fri Mar 27 20:16:40 UTC 2026","","k6 Performance Tests","",""
"","575","Back to products link navigates to products page","chromium","Fri Mar 27 20:15:09 UTC 2026","passed","Fri Mar 27 20:15:10 UTC 2026","Product Detail — Unauthenticated","product_detail_test.spec.ts","",""
"","347","total_amount is calculated correctly","","Fri Mar 27 20:13:43 UTC 2026","passed","Fri Mar 27 20:13:44 UTC 2026","Order Endpoints > POST /api/orders","orders_test.spec.ts","",""
"","852","Admin can set quantity before ordering","chromium","Fri Mar 27 20:15:11 UTC 2026","passed","Fri Mar 27 20:15:12 UTC 2026","Product Detail — Authenticated Admin","product_detail_test.spec.ts","",""
"Verify order response includes timestamps","35","testGetOrderIncludesTimestamps","API Test Suite","Fri Mar 27 20:14:12 UTC 2026","passed","Fri Mar 27 20:14:12 UTC 2026","com.automationlab.tests.OrderTest","API Tests","com.automationlab.tests.OrderTest","testGetOrderIncludesTimestamps"
"Verify pagination with custom page size","58","testListUsersCustomPageSize","API Test Suite","Fri Mar 27 20:14:07 UTC 2026","passed","Fri Mar 27 20:14:07 UTC 2026","com.automationlab.tests.UserTest","API Tests","com.automationlab.tests.UserTest","testListUsersCustomPageSize"
"","89","test_register_returns_user_details","tests","Fri Mar 27 20:14:10 UTC 2026","passed","Fri Mar 27 20:14:11 UTC 2026","TestRegistration","auth_test","",""
"Orders page displays heading","760","ordersPageDisplaysHeading","SQA Automation Lab — Selenium UI Suite","Fri Mar 27 20:18:39 UTC 2026","passed","Fri Mar 27 20:18:40 UTC 2026","com.sqa.ui.tests.OrdersTest","UI Tests","com.sqa.ui.tests.OrdersTest","ordersPageDisplaysHeading"
"","39224","GET /api/users","","Fri Mar 27 20:15:17 UTC 2026","passed","Fri Mar 27 20:15:56 UTC 2026","","k6 Performance Tests","",""
"Verify health endpoint rejects POST method","39","testHealthEndpointRejectsPost","API Test Suite","Fri Mar 27 20:14:02 UTC 2026","passed","Fri Mar 27 20:14:02 UTC 2026","com.automationlab.tests.HealthTest","API Tests","com.automationlab.tests.HealthTest","testHealthEndpointRejectsPost"
"","952","Admin can navigate to product detail","chromium","Fri Mar 27 20:15:22 UTC 2026","passed","Fri Mar 27 20:15:23 UTC 2026","Products — Authenticated Admin","products_test.spec.ts","",""
"","2","test_login_without_email_returns_400","tests","Fri Mar 27 20:14:11 UTC 2026","passed","Fri Mar 27 20:14:11 UTC 2026","TestLogin","auth_test","",""
"","345","Sign-in link navigates to login page","chromium","Fri Mar 27 20:15:44 UTC 2026","passed","Fri Mar 27 20:15:44 UTC 2026","Register","register_test.spec.ts","",""
"","71","returns HTTP 400 or 404 for non-existent product","","Fri Mar 27 20:13:44 UTC 2026","passed","Fri Mar 27 20:13:44 UTC 2026","Order Endpoints > POST /api/orders","orders_test.spec.ts","",""
"","10","test_user_can_cancel_pending_order","tests","Fri Mar 27 20:14:15 UTC 2026","passed","Fri Mar 27 20:14:15 UTC 2026","TestCancelOrder","orders_test","",""
"","7","returns HTTP 401 without token","","Fri Mar 27 20:13:54 UTC 2026","passed","Fri Mar 27 20:13:54 UTC 2026","Product Endpoints > POST /api/products","products_test.spec.ts","",""
"","38093","POST /api/products - unauthorized (non-admin)","","Fri Mar 27 20:16:00 UTC 2026","passed","Fri Mar 27 20:16:39 UTC 2026","","k6 Performance Tests","",""
"","868","Admin status filter pending shows results","chromium","Fri Mar 27 20:14:55 UTC 2026","passed","Fri Mar 27 20:14:55 UTC 2026","Orders — Authenticated Admin","orders_test.spec.ts","",""
"Duplicate email shows error message","1533","duplicateEmailShowsErrorMessage","SQA Automation Lab — Selenium UI Suite","Fri Mar 27 20:15:27 UTC 2026","passed","Fri Mar 27 20:15:29 UTC 2026","com.sqa.ui.tests.RegisterTest","UI Tests","com.sqa.ui.tests.RegisterTest","duplicateEmailShowsErrorMessage"
"","38218","PATCH /api/orders/:id/status - unauthorized (non-admin)","","Fri Mar 27 20:16:43 UTC 2026","passed","Fri Mar 27 20:17:21 UTC 2026","","k6 Performance Tests","",""
"","241","test_login_as_admin","tests","Fri Mar 27 20:14:11 UTC 2026","passed","Fri Mar 27 20:14:11 UTC 2026","TestLogin","auth_test","",""
"","7","returns HTTP 200","","Fri Mar 27 20:13:42 UTC 2026","passed","Fri Mar 27 20:13:42 UTC 2026","Health Endpoints > GET /","health_test.spec.ts","",""
"","838","Sign-out clears session and redirects to login","chromium","Fri Mar 27 20:14:45 UTC 2026","passed","Fri Mar 27 20:14:46 UTC 2026","Navbar — Authenticated Admin","navbar_test.spec.ts","",""
"","249","response body conforms to product schema","","Fri Mar 27 20:13:52 UTC 2026","passed","Fri Mar 27 20:13:52 UTC 2026","Product Endpoints > GET /api/products/:id","products_test.spec.ts","",""
"Verify order calculates correct total amount","28","testOrderCalculatesTotalAmount","API Test Suite","Fri Mar 27 20:14:12 UTC 2026","passed","Fri Mar 27 20:14:12 UTC 2026","com.automationlab.tests.OrderTest","API Tests","com.automationlab.tests.OrderTest","testOrderCalculatesTotalAmount"
"","8","uptime is a positive number","","Fri Mar 27 20:13:42 UTC 2026","passed","Fri Mar 27 20:13:42 UTC 2026","Health Endpoints > GET /health","health_test.spec.ts","",""
"","2","test_login_without_password_returns_400","tests","Fri Mar 27 20:14:11 UTC 2026","passed","Fri Mar 27 20:14:11 UTC 2026","TestLogin","auth_test","",""
"","69","returns HTTP 409 when updating email to one already in use","","Fri Mar 27 20:14:00 UTC 2026","passed","Fri Mar 27 20:14:00 UTC 2026","User Endpoints > PUT /api/users/:id","user_test.spec.ts","",""
"Invalid email format shows validation error — AUT Bug B","1423","invalidEmailFormatShowsValidationError","SQA Automation Lab — Selenium UI Suite","Fri Mar 27 20:16:08 UTC 2026","passed","Fri Mar 27 20:16:10 UTC 2026","com.sqa.ui.tests.RegisterTest","UI Tests","com.sqa.ui.tests.RegisterTest","invalidEmailFormatShowsValidationError"
"","248","returns HTTP 404 for non-existent product","","Fri Mar 27 20:13:55 UTC 2026","passed","Fri Mar 27 20:13:56 UTC 2026","Product Endpoints > PUT /api/products/:id","products_test.spec.ts","",""
"","7","response body contains message field","","Fri Mar 27 20:13:42 UTC 2026","passed","Fri Mar 27 20:13:42 UTC 2026","Health Endpoints > GET /","health_test.spec.ts","",""
"Verify update with invalid email format fails","13","testUpdateUserInvalidEmail","API Test Suite","Fri Mar 27 20:14:07 UTC 2026","passed","Fri Mar 27 20:14:07 UTC 2026","com.automationlab.tests.UserTest","API Tests","com.automationlab.tests.UserTest","testUpdateUserInvalidEmail"
"","4","test_admin_can_update_any_user","tests","Fri Mar 27 20:14:17 UTC 2026","passed","Fri Mar 27 20:14:17 UTC 2026","TestUpdateUser","user_test","",""
"Password shorter than 6 characters shows validation error","1420","shortPasswordShowsValidationError","SQA Automation Lab — Selenium UI Suite","Fri Mar 27 20:16:18 UTC 2026","passed","Fri Mar 27 20:16:19 UTC 2026","com.sqa.ui.tests.RegisterTest","UI Tests","com.sqa.ui.tests.RegisterTest","shortPasswordShowsValidationError"
"Authenticated user can navigate to product detail","2163","authenticatedUserCanNavigateToProductDetail","SQA Automation Lab — Selenium UI Suite","Fri Mar 27 20:16:39 UTC 2026","passed","Fri Mar 27 20:16:41 UTC 2026","com.sqa.ui.tests.ProductsTest","UI Tests","com.sqa.ui.tests.ProductsTest","authenticatedUserCanNavigateToProductDetail"
"","3","test_list_products_returns_paginated_results","tests","Fri Mar 27 20:14:16 UTC 2026","passed","Fri Mar 27 20:14:16 UTC 2026","TestListProducts","products_test","",""
"Verify health check works with GET method","39","testHealthEndpointGetMethod","API Test Suite","Fri Mar 27 20:14:02 UTC 2026","passed","Fri Mar 27 20:14:02 UTC 2026","com.automationlab.tests.HealthTest","API Tests","com.automationlab.tests.HealthTest","testHealthEndpointGetMethod"
"Dashboard link is not visible when unauthenticated","557","dashboardLinkIsNotVisibleWhenUnauthenticated","SQA Automation Lab — Selenium UI Suite","Fri Mar 27 20:19:56 UTC 2026","passed","Fri Mar 27 20:19:57 UTC 2026","com.sqa.ui.tests.NavigationTest","UI Tests","com.sqa.ui.tests.NavigationTest","dashboardLinkIsNotVisibleWhenUnauthenticated"
"Verify create order fails with negative quantity","15","testCreateOrderNegativeQuantity","API Test Suite","Fri Mar 27 20:14:12 UTC 2026","passed","Fri Mar 27 20:14:12 UTC 2026","com.automationlab.tests.OrderTest","API Tests","com.automationlab.tests.OrderTest","testCreateOrderNegativeQuantity"
"","3","test_root_returns_200","tests","Fri Mar 27 20:14:12 UTC 2026","passed","Fri Mar 27 20:14:12 UTC 2026","TestRootEndpoint","health_test","",""
"Navbar is visible on products page","608","navbarIsVisibleOnProductsPage","SQA Automation Lab — Selenium UI Suite","Fri Mar 27 20:20:10 UTC 2026","passed","Fri Mar 27 20:20:10 UTC 2026","com.sqa.ui.tests.NavigationTest","UI Tests","com.sqa.ui.tests.NavigationTest","navbarIsVisibleOnProductsPage"
"","4","test_user_can_delete_own_account","tests","Fri Mar 27 20:14:17 UTC 2026","passed","Fri Mar 27 20:14:17 UTC 2026","TestDeleteUser","user_test","",""
"","7","returns HTTP 401 without token","","Fri Mar 27 20:13:42 UTC 2026","passed","Fri Mar 27 20:13:42 UTC 2026","Authentication Endpoints > GET /api/auth/me","auth_test.spec.ts","",""
"","6","response body conforms to paginated products schema","","Fri Mar 27 20:13:51 UTC 2026","passed","Fri Mar 27 20:13:51 UTC 2026","Product Endpoints > GET /api/products","products_test.spec.ts","",""
"Verify registration fails with duplicate email","36","testRegistrationDuplicateEmail","API Test Suite","Fri Mar 27 20:14:04 UTC 2026","passed","Fri Mar 27 20:14:04 UTC 2026","com.automationlab.tests.AuthTest","API Tests","com.automationlab.tests.AuthTest","testRegistrationDuplicateEmail"
"Product card link navigates to product detail page","1113","productCardLinkNavigatesToProductDetailPage","SQA Automation Lab — Selenium UI Suite","Fri Mar 27 20:17:14 UTC 2026","passed","Fri Mar 27 20:17:15 UTC 2026","com.sqa.ui.tests.ProductsTest","UI Tests","com.sqa.ui.tests.ProductsTest","productCardLinkNavigatesToProductDetailPage"
"Products listing should be accessible without authentication.","3","test_list_products_is_public","tests","Fri Mar 27 20:14:16 UTC 2026","passed","Fri Mar 27 20:14:16 UTC 2026","TestListProducts","products_test","",""
"","7","test_create_order_returns_item_details","tests","Fri Mar 27 20:14:13 UTC 2026","passed","Fri Mar 27 20:14:13 UTC 2026","TestCreateOrder","orders_test","",""
"","3","test_admin_can_delete_product","tests","Fri Mar 27 20:14:16 UTC 2026","passed","Fri Mar 27 20:14:16 UTC 2026","TestDeleteProduct","products_test","",""
"No auth should be required for viewing a single product.","4","test_get_product_is_public","tests","Fri Mar 27 20:14:16 UTC 2026","passed","Fri Mar 27 20:14:16 UTC 2026","TestGetProduct","products_test","",""
"","4","test_login_with_nonexistent_email_returns_401","tests","Fri Mar 27 20:14:11 UTC 2026","passed","Fri Mar 27 20:14:11 UTC 2026","TestLogin","auth_test","",""
"Sign in link navigates to login page","785","signInLinkNavigatesToLoginPage","SQA Automation Lab — Selenium UI Suite","Fri Mar 27 20:16:23 UTC 2026","passed","Fri Mar 27 20:16:24 UTC 2026","com.sqa.ui.tests.RegisterTest","UI Tests","com.sqa.ui.tests.RegisterTest","signInLinkNavigatesToLoginPage"
"Product detail page displays category","376","productDetailPageDisplaysCategory","SQA Automation Lab — Selenium UI Suite","Fri Mar 27 20:18:01 UTC 2026","failed","Fri Mar 27 20:18:01 UTC 2026","com.sqa.ui.tests.ProductDetailTest","UI Tests","com.sqa.ui.tests.ProductDetailTest","productDetailPageDisplaysCategory"
"","251","returns HTTP 401 without token","","Fri Mar 27 20:13:44 UTC 2026","passed","Fri Mar 27 20:13:44 UTC 2026","Order Endpoints > POST /api/orders","orders_test.spec.ts","",""
"Verify create product fails with missing price","15","testCreateProductMissingPrice","API Test Suite","Fri Mar 27 20:14:09 UTC 2026","passed","Fri Mar 27 20:14:09 UTC 2026","com.automationlab.tests.ProductTest","API Tests","com.automationlab.tests.ProductTest","testCreateProductMissingPrice"
"","7","category filter response includes filters metadata","","Fri Mar 27 20:13:51 UTC 2026","passed","Fri Mar 27 20:13:51 UTC 2026","Product Endpoints > GET /api/products","products_test.spec.ts","",""
"Order error message shown on API failure","1034","orderErrorMessageShownOnApiFailure","SQA Automation Lab — Selenium UI Suite","Fri Mar 27 20:17:56 UTC 2026","failed","Fri Mar 27 20:17:57 UTC 2026","com.sqa.ui.tests.ProductDetailTest","UI Tests","com.sqa.ui.tests.ProductDetailTest","orderErrorMessageShownOnApiFailure"
"**Risk:** Informational
**Confidence:** 3
**Instances:** 1

**Description:**
The given request has been identified as an authentication request. The 'Other Info' field contains a set of key=value lines which identify any relevant fields. If the request is in a context which has an Authentication Method set to ""Auto-Detect"" then this rule will change the authentication to match the request identified.

**Solution:**
This is an informational alert rather than a vulnerability and so there is nothing to fix.","0","Authentication Request Identified","","Fri Mar 27 20:15:01 UTC 2026","passed","Fri Mar 27 20:15:01 UTC 2026","","Security - ZAP API Scan","",""
"","963","User cancel order with confirmation removes order from pending list","chromium","Fri Mar 27 20:15:06 UTC 2026","passed","Fri Mar 27 20:15:07 UTC 2026","Orders — Authenticated User","orders_test.spec.ts","",""
"Verify admin can update any user","31","testAdminUpdateAnyUser","API Test Suite","Fri Mar 27 20:14:06 UTC 2026","passed","Fri Mar 27 20:14:06 UTC 2026","com.automationlab.tests.UserTest","API Tests","com.automationlab.tests.UserTest","testAdminUpdateAnyUser"
"Filter orders by status parameter.","4","test_filter_orders_by_status","tests","Fri Mar 27 20:14:13 UTC 2026","passed","Fri Mar 27 20:14:13 UTC 2026","TestListOrders","orders_test","",""
"**Risk:** Medium
**Confidence:** 2
**Instances:** 4

**Description:**
Web browser data loading may be possible, due to a Cross Origin Resource Sharing (CORS) misconfiguration on the web server.

**Solution:**
Ensure that sensitive data is not available in an unauthenticated manner (using IP address white-listing, for instance).Configure the ""Access-Control-Allow-Origin"" HTTP header to a more restrictive set of domains, or remove all CORS headers entirely, to allow the web browser to enforce the Same Origin Policy (SOP) in a more restrictive manner.","0","Cross-Domain Misconfiguration","","Fri Mar 27 20:15:01 UTC 2026","broken","Fri Mar 27 20:15:01 UTC 2026","","Security - ZAP API Scan","",""
"Orders link is visible when authenticated","1056","ordersLinkIsVisibleWhenAuthenticated","SQA Automation Lab — Selenium UI Suite","Fri Mar 27 20:20:18 UTC 2026","passed","Fri Mar 27 20:20:19 UTC 2026","com.sqa.ui.tests.NavigationTest","UI Tests","com.sqa.ui.tests.NavigationTest","ordersLinkIsVisibleWhenAuthenticated"
"","4","test_update_own_email","tests","Fri Mar 27 20:14:17 UTC 2026","passed","Fri Mar 27 20:14:17 UTC 2026","TestUpdateUser","user_test","",""
"","246","returns HTTP 404 for non-existent product","","Fri Mar 27 20:13:57 UTC 2026","passed","Fri Mar 27 20:13:57 UTC 2026","Product Endpoints > DELETE /api/products/:id","products_test.spec.ts","",""
"","7","returns HTTP 200","","Fri Mar 27 20:13:42 UTC 2026","passed","Fri Mar 27 20:13:42 UTC 2026","Health Endpoints > GET /health","health_test.spec.ts","",""
"Login page displays Sign In heading","583","loginPageDisplaysSignInHeading","SQA Automation Lab — Selenium UI Suite","Fri Mar 27 20:14:57 UTC 2026","passed","Fri Mar 27 20:14:58 UTC 2026","com.sqa.ui.tests.LoginTest","UI Tests","com.sqa.ui.tests.LoginTest","loginPageDisplaysSignInHeading"
"After soft delete, product should not appear in public listing.","5","test_deleted_product_not_in_listing","tests","Fri Mar 27 20:14:16 UTC 2026","passed","Fri Mar 27 20:14:16 UTC 2026","TestDeleteProduct","products_test","",""
"Verify login fails with missing email","28","testLoginMissingEmail","API Test Suite","Fri Mar 27 20:14:04 UTC 2026","passed","Fri Mar 27 20:14:04 UTC 2026","com.automationlab.tests.AuthTest","API Tests","com.automationlab.tests.AuthTest","testLoginMissingEmail"
"","69","returns HTTP 400 for empty items array","","Fri Mar 27 20:13:44 UTC 2026","passed","Fri Mar 27 20:13:44 UTC 2026","Order Endpoints > POST /api/orders","orders_test.spec.ts","",""
"Verify created product returns ID","28","testCreateProductReturnsId","API Test Suite","Fri Mar 27 20:14:09 UTC 2026","passed","Fri Mar 27 20:14:09 UTC 2026","com.automationlab.tests.ProductTest","API Tests","com.automationlab.tests.ProductTest","testCreateProductReturnsId"
"","4","test_register_with_short_password_returns_400","tests","Fri Mar 27 20:14:11 UTC 2026","passed","Fri Mar 27 20:14:11 UTC 2026","TestRegistration","auth_test","",""
"","1062","Admin all status filter options are selectable","chromium","Fri Mar 27 20:14:56 UTC 2026","passed","Fri Mar 27 20:14:57 UTC 2026","Orders — Authenticated Admin","orders_test.spec.ts","",""
"Sign in link navigates to login page","774","signInLinkNavigatesToLoginPage","SQA Automation Lab — Selenium UI Suite","Fri Mar 27 20:20:58 UTC 2026","passed","Fri Mar 27 20:20:59 UTC 2026","com.sqa.ui.tests.NavigationTest","UI Tests","com.sqa.ui.tests.NavigationTest","signInLinkNavigatesToLoginPage"
"Register link is not visible when authenticated","1098","registerLinkIsNotVisibleWhenAuthenticated","SQA Automation Lab — Selenium UI Suite","Fri Mar 27 20:20:36 UTC 2026","passed","Fri Mar 27 20:20:37 UTC 2026","com.sqa.ui.tests.NavigationTest","UI Tests","com.sqa.ui.tests.NavigationTest","registerLinkIsNotVisibleWhenAuthenticated"
"Sign out button is visible when authenticated","1095","signOutButtonIsVisibleWhenAuthenticated","SQA Automation Lab — Selenium UI Suite","Fri Mar 27 20:21:12 UTC 2026","passed","Fri Mar 27 20:21:13 UTC 2026","com.sqa.ui.tests.NavigationTest","UI Tests","com.sqa.ui.tests.NavigationTest","signOutButtonIsVisibleWhenAuthenticated"
"Verify update user fails without authentication","10","testUpdateUserNoAuth","API Test Suite","Fri Mar 27 20:14:07 UTC 2026","passed","Fri Mar 27 20:14:07 UTC 2026","com.automationlab.tests.UserTest","API Tests","com.automationlab.tests.UserTest","testUpdateUserNoAuth"
"","67","returns HTTP 401 without token","","Fri Mar 27 20:14:00 UTC 2026","passed","Fri Mar 27 20:14:00 UTC 2026","User Endpoints > PUT /api/users/:id","user_test.spec.ts","",""
"Verify create product fails without authentication","10","testCreateProductNoAuth","API Test Suite","Fri Mar 27 20:14:09 UTC 2026","passed","Fri Mar 27 20:14:09 UTC 2026","com.automationlab.tests.ProductTest","API Tests","com.automationlab.tests.ProductTest","testCreateProductNoAuth"
"Verify admin can update order status","19","testUpdateOrderStatus","API Test Suite","Fri Mar 27 20:14:12 UTC 2026","passed","Fri Mar 27 20:14:12 UTC 2026","com.automationlab.tests.OrderTest","API Tests","com.automationlab.tests.OrderTest","testUpdateOrderStatus"
"Empty email shows validation error","1051","emptyEmailShowsValidationError","SQA Automation Lab — Selenium UI Suite","Fri Mar 27 20:14:43 UTC 2026","passed","Fri Mar 27 20:14:44 UTC 2026","com.sqa.ui.tests.LoginTest","UI Tests","com.sqa.ui.tests.LoginTest","emptyEmailShowsValidationError"
"Unauthenticated access to orders redirects to login — AUT Bug A","327","unauthenticatedAccessToOrdersRedirectsToLogin","SQA Automation Lab — Selenium UI Suite","Fri Mar 27 20:19:04 UTC 2026","passed","Fri Mar 27 20:19:05 UTC 2026","com.sqa.ui.tests.OrdersTest","UI Tests","com.sqa.ui.tests.OrdersTest","unauthenticatedAccessToOrdersRedirectsToLogin"
"","844","Admin orders page displays order cards","chromium","Fri Mar 27 20:14:54 UTC 2026","passed","Fri Mar 27 20:14:55 UTC 2026","Orders — Authenticated Admin","orders_test.spec.ts","",""
"","143","returns HTTP 401 for wrong password","","Fri Mar 27 20:13:41 UTC 2026","passed","Fri Mar 27 20:13:41 UTC 2026","Authentication Endpoints > POST /api/auth/login","auth_test.spec.ts","",""
"","10","test_admin_can_cancel_any_pending_order","tests","Fri Mar 27 20:14:15 UTC 2026","passed","Fri Mar 27 20:14:15 UTC 2026","TestCancelOrder","orders_test","",""
"","30070","User Journey Tests","","Fri Mar 27 20:16:45 UTC 2026","passed","Fri Mar 27 20:17:15 UTC 2026","","JMeter Performance Tests","",""
"","505","Invalid email format shows validation error","chromium","Fri Mar 27 20:15:42 UTC 2026","passed","Fri Mar 27 20:15:42 UTC 2026","Register","register_test.spec.ts","",""
"","390","Sign-in link navigates to login page","chromium","Fri Mar 27 20:14:39 UTC 2026","passed","Fri Mar 27 20:14:39 UTC 2026","Navbar — Unauthenticated","navbar_test.spec.ts","",""
"Verify create order fails with missing items","11","testCreateOrderMissingItems","API Test Suite","Fri Mar 27 20:14:12 UTC 2026","passed","Fri Mar 27 20:14:12 UTC 2026","com.automationlab.tests.OrderTest","API Tests","com.automationlab.tests.OrderTest","testCreateOrderMissingItems"
"","3","test_get_current_user_without_token_returns_401","tests","Fri Mar 27 20:14:12 UTC 2026","passed","Fri Mar 27 20:14:12 UTC 2026","TestCurrentUser","auth_test","",""
"","807","Orders link navigates to orders page","chromium","Fri Mar 27 20:14:50 UTC 2026","passed","Fri Mar 27 20:14:51 UTC 2026","Navbar — Authenticated Regular User","navbar_test.spec.ts","",""
"","38219","GET /api/orders","","Fri Mar 27 20:16:41 UTC 2026","passed","Fri Mar 27 20:17:19 UTC 2026","","k6 Performance Tests","",""
"","135","returns HTTP 403 or 404 when updating another users data","","Fri Mar 27 20:14:00 UTC 2026","passed","Fri Mar 27 20:14:00 UTC 2026","User Endpoints > PUT /api/users/:id","user_test.spec.ts","",""
"Verify create order fails with non-existent product","14","testCreateOrderNonExistentProduct","API Test Suite","Fri Mar 27 20:14:12 UTC 2026","passed","Fri Mar 27 20:14:12 UTC 2026","com.automationlab.tests.OrderTest","API Tests","com.automationlab.tests.OrderTest","testCreateOrderNonExistentProduct"
"Register link navigates to register page","801","registerLinkNavigatesToRegisterPage","SQA Automation Lab — Selenium UI Suite","Fri Mar 27 20:20:45 UTC 2026","passed","Fri Mar 27 20:20:46 UTC 2026","com.sqa.ui.tests.NavigationTest","UI Tests","com.sqa.ui.tests.NavigationTest","registerLinkNavigatesToRegisterPage"
"","38405","POST /api/auth/login - invalid credentials","","Fri Mar 27 20:14:37 UTC 2026","passed","Fri Mar 27 20:15:15 UTC 2026","","k6 Performance Tests","",""
"Product detail page displays stock status","381","productDetailPageDisplaysStockStatus","SQA Automation Lab — Selenium UI Suite","Fri Mar 27 20:18:13 UTC 2026","failed","Fri Mar 27 20:18:14 UTC 2026","com.sqa.ui.tests.ProductDetailTest","UI Tests","com.sqa.ui.tests.ProductDetailTest","productDetailPageDisplaysStockStatus"
"Authenticated user visiting login page is redirected to dashboard — AUT Bug D","11605","authenticatedUserVisitingLoginIsRedirectedToDashboard","SQA Automation Lab — Selenium UI Suite","Fri Mar 27 20:14:28 UTC 2026","broken","Fri Mar 27 20:14:39 UTC 2026","com.sqa.ui.tests.LoginTest","UI Tests","com.sqa.ui.tests.LoginTest","authenticatedUserVisitingLoginIsRedirectedToDashboard"
"","2","test_health_includes_uptime","tests","Fri Mar 27 20:14:12 UTC 2026","passed","Fri Mar 27 20:14:12 UTC 2026","TestHealthEndpoint","health_test","",""
"","38218","GET /api/orders/:id","","Fri Mar 27 20:16:42 UTC 2026","passed","Fri Mar 27 20:17:20 UTC 2026","","k6 Performance Tests","",""
"","270","Product detail page displays product name","chromium","Fri Mar 27 20:15:08 UTC 2026","passed","Fri Mar 27 20:15:08 UTC 2026","Product Detail — Unauthenticated","product_detail_test.spec.ts","",""
"","344","Orders link is not visible","chromium","Fri Mar 27 20:14:36 UTC 2026","passed","Fri Mar 27 20:14:37 UTC 2026","Navbar — Unauthenticated","navbar_test.spec.ts","",""
"","70","returns HTTP 200 with valid token","","Fri Mar 27 20:13:57 UTC 2026","passed","Fri Mar 27 20:13:58 UTC 2026","User Endpoints > GET /api/users","user_test.spec.ts","",""
"","8","returns HTTP 401 without token","","Fri Mar 27 20:13:42 UTC 2026","passed","Fri Mar 27 20:13:42 UTC 2026","Authentication Endpoints > POST /api/auth/logout","auth_test.spec.ts","",""
"","404","Search with no matches shows no products found message","chromium","Fri Mar 27 20:15:17 UTC 2026","passed","Fri Mar 27 20:15:18 UTC 2026","Products — Unauthenticated","products_test.spec.ts","",""
"","4","test_update_sets_updated_at","tests","Fri Mar 27 20:14:16 UTC 2026","passed","Fri Mar 27 20:14:16 UTC 2026","TestUpdateProduct","products_test","",""
"Brand link is visible","601","brandLinkIsVisible","SQA Automation Lab — Selenium UI Suite","Fri Mar 27 20:19:48 UTC 2026","passed","Fri Mar 27 20:19:48 UTC 2026","com.sqa.ui.tests.NavigationTest","UI Tests","com.sqa.ui.tests.NavigationTest","brandLinkIsVisible"
"Sign out button clears session and redirects to login","1146","signOutButtonClearsSessionAndRedirectsToLogin","SQA Automation Lab — Selenium UI Suite","Fri Mar 27 20:21:03 UTC 2026","passed","Fri Mar 27 20:21:04 UTC 2026","com.sqa.ui.tests.NavigationTest","UI Tests","com.sqa.ui.tests.NavigationTest","signOutButtonClearsSessionAndRedirectsToLogin"
"","12","returns HTTP 400 for password shorter than minimum length","","Fri Mar 27 20:13:41 UTC 2026","passed","Fri Mar 27 20:13:41 UTC 2026","Authentication Endpoints > POST /api/auth/register","auth_test.spec.ts","",""
"","38087","GET /api/products/:id","","Fri Mar 27 20:15:59 UTC 2026","passed","Fri Mar 27 20:16:37 UTC 2026","","k6 Performance Tests","",""
"","375","Category filter returns filtered results","chromium","Fri Mar 27 20:15:18 UTC 2026","passed","Fri Mar 27 20:15:18 UTC 2026","Products — Unauthenticated","products_test.spec.ts","",""
"Search returns filtered results","1284","searchReturnsFilteredResults","SQA Automation Lab — Selenium UI Suite","Fri Mar 27 20:17:28 UTC 2026","passed","Fri Mar 27 20:17:29 UTC 2026","com.sqa.ui.tests.ProductsTest","UI Tests","com.sqa.ui.tests.ProductsTest","searchReturnsFilteredResults"
"","70","returns HTTP 200 when updating own user","","Fri Mar 27 20:13:59 UTC 2026","passed","Fri Mar 27 20:13:59 UTC 2026","User Endpoints > PUT /api/users/:id","user_test.spec.ts","",""
"","802","Recent orders section displays order rows","chromium","Fri Mar 27 20:14:20 UTC 2026","passed","Fri Mar 27 20:14:21 UTC 2026","Dashboard — Authenticated Admin","dashboard_test.spec.ts","",""
"","324","returns HTTP 400 when cancelling a non-pending order","","Fri Mar 27 20:13:51 UTC 2026","passed","Fri Mar 27 20:13:51 UTC 2026","Order Endpoints > DELETE /api/orders/:id","orders_test.spec.ts","",""
"Pagination next button advances to page 2 — AUT Bug E","1155","paginationNextButtonAdvancesToPage2","SQA Automation Lab — Selenium UI Suite","Fri Mar 27 20:17:04 UTC 2026","passed","Fri Mar 27 20:17:05 UTC 2026","com.sqa.ui.tests.ProductsTest","UI Tests","com.sqa.ui.tests.ProductsTest","paginationNextButtonAdvancesToPage2"
"Verify non-admin cannot update order status","9","testUpdateOrderStatusNonAdmin","API Test Suite","Fri Mar 27 20:14:12 UTC 2026","passed","Fri Mar 27 20:14:12 UTC 2026","com.automationlab.tests.OrderTest","API Tests","com.automationlab.tests.OrderTest","testUpdateOrderStatusNonAdmin"
"","859","Sign-out redirects to login page","chromium","Fri Mar 27 20:14:28 UTC 2026","passed","Fri Mar 27 20:14:29 UTC 2026","Dashboard — Authenticated Regular User","dashboard_test.spec.ts","",""
"","2","test_health_returns_200","tests","Fri Mar 27 20:14:12 UTC 2026","passed","Fri Mar 27 20:14:12 UTC 2026","TestHealthEndpoint","health_test","",""
"","248","response body conforms to product schema on creation","","Fri Mar 27 20:13:53 UTC 2026","passed","Fri Mar 27 20:13:53 UTC 2026","Product Endpoints > POST /api/products","products_test.spec.ts","",""
"","4","test_register_with_invalid_email_returns_400","tests","Fri Mar 27 20:14:11 UTC 2026","passed","Fri Mar 27 20:14:11 UTC 2026","TestRegistration","auth_test","",""
"Verify get non-existent order returns 404","15","testGetNonExistentOrder","API Test Suite","Fri Mar 27 20:14:12 UTC 2026","passed","Fri Mar 27 20:14:12 UTC 2026","com.automationlab.tests.OrderTest","API Tests","com.automationlab.tests.OrderTest","testGetNonExistentOrder"
"Verify registration succeeds without last name (optional field)","97","testRegistrationMissingLastName","API Test Suite","Fri Mar 27 20:14:04 UTC 2026","passed","Fri Mar 27 20:14:05 UTC 2026","com.automationlab.tests.AuthTest","API Tests","com.automationlab.tests.AuthTest","testRegistrationMissingLastName"
"","12","page navigation does not return overlapping results","","Fri Mar 27 20:13:51 UTC 2026","passed","Fri Mar 27 20:13:51 UTC 2026","Product Endpoints > GET /api/products","products_test.spec.ts","",""
"","159","response contains token","","Fri Mar 27 20:13:41 UTC 2026","passed","Fri Mar 27 20:13:41 UTC 2026","Authentication Endpoints > POST /api/auth/login","auth_test.spec.ts","",""
"","10","test_admin_can_view_any_order","tests","Fri Mar 27 20:14:14 UTC 2026","passed","Fri Mar 27 20:14:14 UTC 2026","TestGetOrder","orders_test","",""
"","98","response contains token","","Fri Mar 27 20:13:40 UTC 2026","passed","Fri Mar 27 20:13:40 UTC 2026","Authentication Endpoints > POST /api/auth/register","auth_test.spec.ts","",""
"","38092","DELETE /api/products/:id","","Fri Mar 27 20:16:01 UTC 2026","passed","Fri Mar 27 20:16:40 UTC 2026","","k6 Performance Tests","",""
"","141","returns HTTP 200 with valid token","","Fri Mar 27 20:13:41 UTC 2026","passed","Fri Mar 27 20:13:42 UTC 2026","Authentication Endpoints > GET /api/auth/me","auth_test.spec.ts","",""
"Verify get order fails without authentication","14","testGetOrderNoAuth","API Test Suite","Fri Mar 27 20:14:12 UTC 2026","passed","Fri Mar 27 20:14:12 UTC 2026","com.automationlab.tests.OrderTest","API Tests","com.automationlab.tests.OrderTest","testGetOrderNoAuth"
"Verify update user updates the updated_at timestamp","1048","testUpdateUserUpdatesTimestamp","API Test Suite","Fri Mar 27 20:14:07 UTC 2026","passed","Fri Mar 27 20:14:08 UTC 2026","com.automationlab.tests.UserTest","API Tests","com.automationlab.tests.UserTest","testUpdateUserUpdatesTimestamp"
"Verify user cannot update another user's profile","12","testUpdateOtherUserForbidden","API Test Suite","Fri Mar 27 20:14:07 UTC 2026","passed","Fri Mar 27 20:14:07 UTC 2026","com.automationlab.tests.UserTest","API Tests","com.automationlab.tests.UserTest","testUpdateOtherUserForbidden"
"Regular users should not be able to view other users' profiles.","4","test_user_cannot_view_other_user","tests","Fri Mar 27 20:14:16 UTC 2026","passed","Fri Mar 27 20:14:16 UTC 2026","TestGetUser","user_test","",""
"","322","admin can view any order","","Fri Mar 27 20:13:47 UTC 2026","passed","Fri Mar 27 20:13:48 UTC 2026","Order Endpoints > GET /api/orders/:id","orders_test.spec.ts","",""
"Verify authenticated user can create an order","48","testCreateOrder","API Test Suite","Fri Mar 27 20:14:12 UTC 2026","passed","Fri Mar 27 20:14:12 UTC 2026","com.automationlab.tests.OrderTest","API Tests","com.automationlab.tests.OrderTest","testCreateOrder"
"","7","limit parameter is respected","","Fri Mar 27 20:13:51 UTC 2026","passed","Fri Mar 27 20:13:51 UTC 2026","Product Endpoints > GET /api/products","products_test.spec.ts","",""
"","4","test_create_order_with_nonexistent_product_returns_404","tests","Fri Mar 27 20:14:13 UTC 2026","passed","Fri Mar 27 20:14:13 UTC 2026","TestCreateOrder","orders_test","",""
"Pagination prev button returns to page 1 — AUT Bug E","1254","paginationPrevButtonReturnsToPAge1","SQA Automation Lab — Selenium UI Suite","Fri Mar 27 20:17:09 UTC 2026","passed","Fri Mar 27 20:17:10 UTC 2026","com.sqa.ui.tests.ProductsTest","UI Tests","com.sqa.ui.tests.ProductsTest","paginationPrevButtonReturnsToPAge1"
"Verify create order fails without authentication","8","testCreateOrderNoAuth","API Test Suite","Fri Mar 27 20:14:12 UTC 2026","passed","Fri Mar 27 20:14:12 UTC 2026","com.automationlab.tests.OrderTest","API Tests","com.automationlab.tests.OrderTest","testCreateOrderNoAuth"
"Verify user cannot get another user's order","46","testGetOtherUserOrder","API Test Suite","Fri Mar 27 20:14:12 UTC 2026","passed","Fri Mar 27 20:14:12 UTC 2026","com.automationlab.tests.OrderTest","API Tests","com.automationlab.tests.OrderTest","testGetOtherUserOrder"
"","321","admin can update order status and receives HTTP 200","","Fri Mar 27 20:13:48 UTC 2026","passed","Fri Mar 27 20:13:48 UTC 2026","Order Endpoints > PATCH /api/orders/:id/status","orders_test.spec.ts","",""
"","517","non-existent email stays on login page","chromium","Fri Mar 27 20:14:33 UTC 2026","passed","Fri Mar 27 20:14:34 UTC 2026","Login","login_test.spec.ts","",""
"","4","test_list_users_returns_200","tests","Fri Mar 27 20:14:16 UTC 2026","passed","Fri Mar 27 20:14:16 UTC 2026","TestListUsers","user_test","",""
"","72","returns HTTP 404 for non-existent order","","Fri Mar 27 20:13:47 UTC 2026","passed","Fri Mar 27 20:13:47 UTC 2026","Order Endpoints > GET /api/orders/:id","orders_test.spec.ts","",""
"","277","returns HTTP 400 for empty update body","","Fri Mar 27 20:13:55 UTC 2026","passed","Fri Mar 27 20:13:55 UTC 2026","Product Endpoints > PUT /api/products/:id","products_test.spec.ts","",""
"","320","soft deleted user has is_active set to false","","Fri Mar 27 20:14:00 UTC 2026","passed","Fri Mar 27 20:14:01 UTC 2026","User Endpoints > DELETE /api/users/:id","user_test.spec.ts","",""
"","259","Unauthenticated access to orders redirects to login","chromium","Fri Mar 27 20:14:53 UTC 2026","passed","Fri Mar 27 20:14:53 UTC 2026","Orders — Unauthenticated","orders_test.spec.ts","",""
"Status filter pending shows only pending orders — AUT Bug C","693","statusFilterPendingShowsPendingOrders","SQA Automation Lab — Selenium UI Suite","Fri Mar 27 20:18:59 UTC 2026","passed","Fri Mar 27 20:19:00 UTC 2026","com.sqa.ui.tests.OrdersTest","UI Tests","com.sqa.ui.tests.OrdersTest","statusFilterPendingShowsPendingOrders"
"","3","test_list_users_respects_limit","tests","Fri Mar 27 20:14:16 UTC 2026","passed","Fri Mar 27 20:14:16 UTC 2026","TestListUsers","user_test","",""
"","312","admin can update any user","","Fri Mar 27 20:13:59 UTC 2026","passed","Fri Mar 27 20:14:00 UTC 2026","User Endpoints > PUT /api/users/:id","user_test.spec.ts","",""
"","283","Product detail page displays category","chromium","Fri Mar 27 20:15:08 UTC 2026","passed","Fri Mar 27 20:15:09 UTC 2026","Product Detail — Unauthenticated","product_detail_test.spec.ts","",""
"","448","Pagination next button advances to page 2","chromium","Fri Mar 27 20:15:18 UTC 2026","passed","Fri Mar 27 20:15:19 UTC 2026","Products — Unauthenticated","products_test.spec.ts","",""
"","8","test_admin_can_update_status_to_processing","tests","Fri Mar 27 20:14:14 UTC 2026","passed","Fri Mar 27 20:14:14 UTC 2026","TestUpdateOrderStatus","orders_test","",""
"Verify user cannot delete another user's account","19","testDeleteOtherUserForbidden","API Test Suite","Fri Mar 27 20:14:06 UTC 2026","passed","Fri Mar 27 20:14:06 UTC 2026","com.automationlab.tests.UserTest","API Tests","com.automationlab.tests.UserTest","testDeleteOtherUserForbidden"
"","768","Dashboard link is visible","chromium","Fri Mar 27 20:14:48 UTC 2026","passed","Fri Mar 27 20:14:48 UTC 2026","Navbar — Authenticated Regular User","navbar_test.spec.ts","",""
"","7","content-type is application/json","","Fri Mar 27 20:13:42 UTC 2026","passed","Fri Mar 27 20:13:42 UTC 2026","Health Endpoints > GET /health","health_test.spec.ts","",""
"Verify get current user fails with invalid token","23","testGetCurrentUserInvalidToken","API Test Suite","Fri Mar 27 20:14:03 UTC 2026","passed","Fri Mar 27 20:14:03 UTC 2026","com.automationlab.tests.AuthTest","API Tests","com.automationlab.tests.AuthTest","testGetCurrentUserInvalidToken"
"","147","returns HTTP 201 on successful registration","","Fri Mar 27 20:13:40 UTC 2026","passed","Fri Mar 27 20:13:40 UTC 2026","Authentication Endpoints > POST /api/auth/register","auth_test.spec.ts","",""
"Order quantity exceeding available stock should fail.","8","test_create_order_exceeding_stock_returns_400","tests","Fri Mar 27 20:14:13 UTC 2026","passed","Fri Mar 27 20:14:13 UTC 2026","TestCreateOrder","orders_test","",""
"","4","test_current_user_includes_full_profile","tests","Fri Mar 27 20:14:12 UTC 2026","passed","Fri Mar 27 20:14:12 UTC 2026","TestCurrentUser","auth_test","",""
"","371","Register link navigates to register page","chromium","Fri Mar 27 20:14:39 UTC 2026","passed","Fri Mar 27 20:14:39 UTC 2026","Navbar — Unauthenticated","navbar_test.spec.ts","",""
"","245","returns HTTP 400 when name is missing","","Fri Mar 27 20:13:53 UTC 2026","passed","Fri Mar 27 20:13:53 UTC 2026","Product Endpoints > POST /api/products","products_test.spec.ts","",""
"Verify registered user has default role of 'user'","160","testRegistrationDefaultRole","API Test Suite","Fri Mar 27 20:14:04 UTC 2026","passed","Fri Mar 27 20:14:04 UTC 2026","com.automationlab.tests.AuthTest","API Tests","com.automationlab.tests.AuthTest","testRegistrationDefaultRole"
"Verify users list supports pagination","43","testListUsersPagination","API Test Suite","Fri Mar 27 20:14:07 UTC 2026","passed","Fri Mar 27 20:14:07 UTC 2026","com.automationlab.tests.UserTest","API Tests","com.automationlab.tests.UserTest","testListUsersPagination"
"","4","test_update_with_empty_body_returns_400","tests","Fri Mar 27 20:14:16 UTC 2026","passed","Fri Mar 27 20:14:16 UTC 2026","TestUpdateProduct","products_test","",""
"","247","response contains created product data","","Fri Mar 27 20:13:52 UTC 2026","passed","Fri Mar 27 20:13:53 UTC 2026","Product Endpoints > POST /api/products","products_test.spec.ts","",""
"","4","test_combined_category_and_search","tests","Fri Mar 27 20:14:16 UTC 2026","passed","Fri Mar 27 20:14:16 UTC 2026","TestFilterProducts","products_test","",""
"","526","Clear button resets search results","chromium","Fri Mar 27 20:15:17 UTC 2026","passed","Fri Mar 27 20:15:17 UTC 2026","Products — Unauthenticated","products_test.spec.ts","",""
"","855","Sign-out clears session and redirects to login","chromium","Fri Mar 27 20:14:52 UTC 2026","passed","Fri Mar 27 20:14:53 UTC 2026","Navbar — Authenticated Regular User","navbar_test.spec.ts","",""
"","64","test_login_with_wrong_password_returns_401","tests","Fri Mar 27 20:14:11 UTC 2026","passed","Fri Mar 27 20:14:11 UTC 2026","TestLogin","auth_test","",""
"","787","Sign in link is not visible","chromium","Fri Mar 27 20:14:42 UTC 2026","passed","Fri Mar 27 20:14:43 UTC 2026","Navbar — Authenticated Admin","navbar_test.spec.ts","",""
"Verify update order status fails without authentication","10","testUpdateOrderStatusNoAuth","API Test Suite","Fri Mar 27 20:14:12 UTC 2026","passed","Fri Mar 27 20:14:12 UTC 2026","com.automationlab.tests.OrderTest","API Tests","com.automationlab.tests.OrderTest","testUpdateOrderStatusNoAuth"
"","5","returns HTTP 404 for non-existent product","","Fri Mar 27 20:13:52 UTC 2026","passed","Fri Mar 27 20:13:52 UTC 2026","Product Endpoints > GET /api/products/:id","products_test.spec.ts","",""
"Cancel order with confirmation removes order from pending list — AUT Bug C","1094","cancelOrderWithConfirmationRemovesOrderFromPendingList","SQA Automation Lab — Selenium UI Suite","Fri Mar 27 20:18:34 UTC 2026","passed","Fri Mar 27 20:18:35 UTC 2026","com.sqa.ui.tests.OrdersTest","UI Tests","com.sqa.ui.tests.OrdersTest","cancelOrderWithConfirmationRemovesOrderFromPendingList"
"","71","returns HTTP 400 when items key is absent from body","","Fri Mar 27 20:13:44 UTC 2026","passed","Fri Mar 27 20:13:44 UTC 2026","Order Endpoints > POST /api/orders","orders_test.spec.ts","",""
"","2","test_health_includes_timestamp","tests","Fri Mar 27 20:14:12 UTC 2026","passed","Fri Mar 27 20:14:12 UTC 2026","TestHealthEndpoint","health_test","",""
"","3","test_create_product_with_negative_stock_returns_400","tests","Fri Mar 27 20:14:16 UTC 2026","passed","Fri Mar 27 20:14:16 UTC 2026","TestCreateProduct","products_test","",""
"","5","test_get_nonexistent_product_returns_404","tests","Fri Mar 27 20:14:16 UTC 2026","passed","Fri Mar 27 20:14:16 UTC 2026","TestGetProduct","products_test","",""
"","514","Password shorter than 6 characters shows validation error","chromium","Fri Mar 27 20:15:42 UTC 2026","passed","Fri Mar 27 20:15:43 UTC 2026","Register","register_test.spec.ts","",""
"","245","returns HTTP 400 when price is missing","","Fri Mar 27 20:13:53 UTC 2026","passed","Fri Mar 27 20:13:54 UTC 2026","Product Endpoints > POST /api/products","products_test.spec.ts","",""
"Verify JWT token contains required claims","288","testTokenStructure","API Test Suite","Fri Mar 27 20:14:05 UTC 2026","passed","Fri Mar 27 20:14:05 UTC 2026","com.automationlab.tests.AuthTest","API Tests","com.automationlab.tests.AuthTest","testTokenStructure"
"Verify successful user registration with valid data","124","testSuccessfulRegistration","API Test Suite","Fri Mar 27 20:14:05 UTC 2026","passed","Fri Mar 27 20:14:05 UTC 2026","com.automationlab.tests.AuthTest","API Tests","com.automationlab.tests.AuthTest","testSuccessfulRegistration"
"","72","updated fields are returned in response","","Fri Mar 27 20:13:59 UTC 2026","passed","Fri Mar 27 20:13:59 UTC 2026","User Endpoints > PUT /api/users/:id","user_test.spec.ts","",""
"","928","User can place order successfully","chromium","Fri Mar 27 20:15:13 UTC 2026","passed","Fri Mar 27 20:15:14 UTC 2026","Product Detail — Authenticated User","product_detail_test.spec.ts","",""
"Verify product with decimal price is created correctly","25","testCreateProductDecimalPrice","API Test Suite","Fri Mar 27 20:14:09 UTC 2026","passed","Fri Mar 27 20:14:09 UTC 2026","com.automationlab.tests.ProductTest","API Tests","com.automationlab.tests.ProductTest","testCreateProductDecimalPrice"
"","4","test_create_product_returns_id","tests","Fri Mar 27 20:14:16 UTC 2026","passed","Fri Mar 27 20:14:16 UTC 2026","TestCreateProduct","products_test","",""
"","366","returns HTTP 201 on successful order creation","","Fri Mar 27 20:13:42 UTC 2026","passed","Fri Mar 27 20:13:42 UTC 2026","Order Endpoints > POST /api/orders","orders_test.spec.ts","",""
"","3","test_create_product_with_negative_price_returns_400","tests","Fri Mar 27 20:14:16 UTC 2026","passed","Fri Mar 27 20:14:16 UTC 2026","TestCreateProduct","products_test","",""
"","322","updated status is returned in response","","Fri Mar 27 20:13:48 UTC 2026","passed","Fri Mar 27 20:13:48 UTC 2026","Order Endpoints > PATCH /api/orders/:id/status","orders_test.spec.ts","",""
"Verify search is case-insensitive","30","testSearchProductsCaseInsensitive","API Test Suite","Fri Mar 27 20:14:10 UTC 2026","passed","Fri Mar 27 20:14:10 UTC 2026","com.automationlab.tests.ProductTest","API Tests","com.automationlab.tests.ProductTest","testSearchProductsCaseInsensitive"
"","3","test_list_users_without_auth_returns_401","tests","Fri Mar 27 20:14:16 UTC 2026","passed","Fri Mar 27 20:14:16 UTC 2026","TestListUsers","user_test","",""
"","3","test_create_product_without_price_returns_400","tests","Fri Mar 27 20:14:16 UTC 2026","passed","Fri Mar 27 20:14:16 UTC 2026","TestCreateProduct","products_test","",""
"","140","returns HTTP 403 or 404 when accessing another users data","","Fri Mar 27 20:13:59 UTC 2026","passed","Fri Mar 27 20:13:59 UTC 2026","User Endpoints > GET /api/users/:id","user_test.spec.ts","",""
"","6","returns HTTP 400 when password is missing","","Fri Mar 27 20:13:41 UTC 2026","passed","Fri Mar 27 20:13:41 UTC 2026","Authentication Endpoints > POST /api/auth/login","auth_test.spec.ts","",""
"Verify update product fails without authentication","12","testUpdateProductNoAuth","API Test Suite","Fri Mar 27 20:14:10 UTC 2026","passed","Fri Mar 27 20:14:10 UTC 2026","com.automationlab.tests.ProductTest","API Tests","com.automationlab.tests.ProductTest","testUpdateProductNoAuth"
"","5","returns HTTP 401 without token","","Fri Mar 27 20:13:45 UTC 2026","passed","Fri Mar 27 20:13:45 UTC 2026","Order Endpoints > GET /api/orders","orders_test.spec.ts","",""
"","937","User can navigate to product detail","chromium","Fri Mar 27 20:15:24 UTC 2026","passed","Fri Mar 27 20:15:25 UTC 2026","Products — Authenticated User","products_test.spec.ts","",""
"","387","returns HTTP 403 for another users order","","Fri Mar 27 20:13:47 UTC 2026","passed","Fri Mar 27 20:13:47 UTC 2026","Order Endpoints > GET /api/orders/:id","orders_test.spec.ts","",""
"","10","test_order_items_include_product_details","tests","Fri Mar 27 20:14:14 UTC 2026","passed","Fri Mar 27 20:14:14 UTC 2026","TestGetOrder","orders_test","",""
"","835","Admin orders page displays heading","chromium","Fri Mar 27 20:14:53 UTC 2026","passed","Fri Mar 27 20:14:54 UTC 2026","Orders — Authenticated Admin","orders_test.spec.ts","",""
"","10","test_update_with_invalid_status_returns_400","tests","Fri Mar 27 20:14:15 UTC 2026","passed","Fri Mar 27 20:14:15 UTC 2026","TestUpdateOrderStatus","orders_test","",""
"Verify non-admin cannot update product","12","testUpdateProductNonAdmin","API Test Suite","Fri Mar 27 20:14:10 UTC 2026","passed","Fri Mar 27 20:14:10 UTC 2026","com.automationlab.tests.ProductTest","API Tests","com.automationlab.tests.ProductTest","testUpdateProductNonAdmin"
"Sign out button is not visible when unauthenticated","480","signOutButtonIsNotVisibleWhenUnauthenticated","SQA Automation Lab — Selenium UI Suite","Fri Mar 27 20:21:08 UTC 2026","passed","Fri Mar 27 20:21:08 UTC 2026","com.sqa.ui.tests.NavigationTest","UI Tests","com.sqa.ui.tests.NavigationTest","signOutButtonIsNotVisibleWhenUnauthenticated"
"","4","test_product_fields_in_listing","tests","Fri Mar 27 20:14:16 UTC 2026","passed","Fri Mar 27 20:14:16 UTC 2026","TestListProducts","products_test","",""
"","30172","User Tests","","Fri Mar 27 20:15:00 UTC 2026","passed","Fri Mar 27 20:15:31 UTC 2026","","JMeter Performance Tests","",""
"","76","returns HTTP 200 for authenticated user","","Fri Mar 27 20:13:45 UTC 2026","passed","Fri Mar 27 20:13:45 UTC 2026","Order Endpoints > GET /api/orders","orders_test.spec.ts","",""
"","8","response body contains endpoints field","","Fri Mar 27 20:13:42 UTC 2026","passed","Fri Mar 27 20:13:42 UTC 2026","Health Endpoints > GET /","health_test.spec.ts","",""
"","3","test_create_order_without_items_returns_400","tests","Fri Mar 27 20:14:13 UTC 2026","passed","Fri Mar 27 20:14:13 UTC 2026","TestCreateOrder","orders_test","",""
"","857","User can set quantity before ordering","chromium","Fri Mar 27 20:15:14 UTC 2026","passed","Fri Mar 27 20:15:15 UTC 2026","Product Detail — Authenticated User","product_detail_test.spec.ts","",""
"","4","test_list_users_returns_paginated_results","tests","Fri Mar 27 20:14:16 UTC 2026","passed","Fri Mar 27 20:14:16 UTC 2026","TestListUsers","user_test","",""
"","972","Admin cancel order with confirmation removes order from pending list","chromium","Fri Mar 27 20:14:58 UTC 2026","passed","Fri Mar 27 20:14:59 UTC 2026","Orders — Authenticated Admin","orders_test.spec.ts","",""
"","2","test_create_product_without_auth_returns_401","tests","Fri Mar 27 20:14:16 UTC 2026","passed","Fri Mar 27 20:14:16 UTC 2026","TestCreateProduct","products_test","",""
"","72","returns HTTP 400 for invalid page parameter","","Fri Mar 27 20:13:58 UTC 2026","passed","Fri Mar 27 20:13:58 UTC 2026","User Endpoints > GET /api/users","user_test.spec.ts","",""
"","343","Products page displays heading","chromium","Fri Mar 27 20:15:16 UTC 2026","passed","Fri Mar 27 20:15:16 UTC 2026","Products — Unauthenticated","products_test.spec.ts","",""
"","3","test_admin_can_create_product","tests","Fri Mar 27 20:14:16 UTC 2026","passed","Fri Mar 27 20:14:16 UTC 2026","TestCreateProduct","products_test","",""
"","3","test_get_own_user_profile","tests","Fri Mar 27 20:14:16 UTC 2026","passed","Fri Mar 27 20:14:16 UTC 2026","TestGetUser","user_test","",""
"","4","returns HTTP 400 for non-numeric product id","","Fri Mar 27 20:13:52 UTC 2026","passed","Fri Mar 27 20:13:52 UTC 2026","Product Endpoints > GET /api/products/:id","products_test.spec.ts","",""
"","842","Dashboard displays user email","chromium","Fri Mar 27 20:14:18 UTC 2026","passed","Fri Mar 27 20:14:19 UTC 2026","Dashboard — Authenticated Admin","dashboard_test.spec.ts","",""
"","71","returns HTTP 400 for empty update body","","Fri Mar 27 20:14:00 UTC 2026","passed","Fri Mar 27 20:14:00 UTC 2026","User Endpoints > PUT /api/users/:id","user_test.spec.ts","",""
"","434","Brand link navigates to products page","chromium","Fri Mar 27 20:14:38 UTC 2026","passed","Fri Mar 27 20:14:38 UTC 2026","Navbar — Unauthenticated","navbar_test.spec.ts","",""
"Verify products can be filtered by multiple criteria","23","testListProductsMultipleFilters","API Test Suite","Fri Mar 27 20:14:09 UTC 2026","passed","Fri Mar 27 20:14:09 UTC 2026","com.automationlab.tests.ProductTest","API Tests","com.automationlab.tests.ProductTest","testListProductsMultipleFilters"
"Verify products can be filtered by category","39","testListProductsByCategory","API Test Suite","Fri Mar 27 20:14:09 UTC 2026","passed","Fri Mar 27 20:14:09 UTC 2026","com.automationlab.tests.ProductTest","API Tests","com.automationlab.tests.ProductTest","testListProductsByCategory"
"","819","Orders link is visible","chromium","Fri Mar 27 20:14:47 UTC 2026","passed","Fri Mar 27 20:14:48 UTC 2026","Navbar — Authenticated Regular User","navbar_test.spec.ts","",""
"","873","Sign-out redirects to login page","chromium","Fri Mar 27 20:14:23 UTC 2026","passed","Fri Mar 27 20:14:24 UTC 2026","Dashboard — Authenticated Admin","dashboard_test.spec.ts","",""
"","94","returns HTTP 403 for non-admin authenticated user","","Fri Mar 27 20:13:54 UTC 2026","passed","Fri Mar 27 20:13:54 UTC 2026","Product Endpoints > POST /api/products","products_test.spec.ts","",""
"Valid registration redirects to dashboard page","1886","validRegistrationRedirectsToDashboardPage","SQA Automation Lab — Selenium UI Suite","Fri Mar 27 20:16:27 UTC 2026","passed","Fri Mar 27 20:16:29 UTC 2026","com.sqa.ui.tests.RegisterTest","UI Tests","com.sqa.ui.tests.RegisterTest","validRegistrationRedirectsToDashboardPage"
"","847","Admin order error message shown on invalid product","chromium","Fri Mar 27 20:15:12 UTC 2026","passed","Fri Mar 27 20:15:13 UTC 2026","Product Detail — Authenticated Admin","product_detail_test.spec.ts","",""
"Verify admin can soft delete any user","127","testAdminDeleteAnyUser","API Test Suite","Fri Mar 27 20:14:06 UTC 2026","passed","Fri Mar 27 20:14:06 UTC 2026","com.automationlab.tests.UserTest","API Tests","com.automationlab.tests.UserTest","testAdminDeleteAnyUser"
"Verify admin can retrieve any user","24","testAdminGetAnyUser","API Test Suite","Fri Mar 27 20:14:06 UTC 2026","passed","Fri Mar 27 20:14:06 UTC 2026","com.automationlab.tests.UserTest","API Tests","com.automationlab.tests.UserTest","testAdminGetAnyUser"
"","891","User can view products page","chromium","Fri Mar 27 20:15:23 UTC 2026","passed","Fri Mar 27 20:15:23 UTC 2026","Products — Authenticated User","products_test.spec.ts","",""
"Invalid product ID renders error state","407","invalidProductIdRendersErrorState","SQA Automation Lab — Selenium UI Suite","Fri Mar 27 20:17:52 UTC 2026","failed","Fri Mar 27 20:17:53 UTC 2026","com.sqa.ui.tests.ProductDetailTest","UI Tests","com.sqa.ui.tests.ProductDetailTest","invalidProductIdRendersErrorState"
"Products link is visible","588","productsLinkIsVisible","SQA Automation Lab — Selenium UI Suite","Fri Mar 27 20:20:28 UTC 2026","passed","Fri Mar 27 20:20:28 UTC 2026","com.sqa.ui.tests.NavigationTest","UI Tests","com.sqa.ui.tests.NavigationTest","productsLinkIsVisible"
"Verify pagination returns correct total count","33","testListProductsPaginationTotalCount","API Test Suite","Fri Mar 27 20:14:09 UTC 2026","passed","Fri Mar 27 20:14:10 UTC 2026","com.automationlab.tests.ProductTest","API Tests","com.automationlab.tests.ProductTest","testListProductsPaginationTotalCount"
"Verify authenticated user can list all users","41","testListUsers","API Test Suite","Fri Mar 27 20:14:08 UTC 2026","passed","Fri Mar 27 20:14:08 UTC 2026","com.automationlab.tests.UserTest","API Tests","com.automationlab.tests.UserTest","testListUsers"
"","331","stock is restored after order cancellation","","Fri Mar 27 20:13:50 UTC 2026","passed","Fri Mar 27 20:13:50 UTC 2026","Order Endpoints > DELETE /api/orders/:id","orders_test.spec.ts","",""
"","248","admin can create a product and receives HTTP 201","","Fri Mar 27 20:13:52 UTC 2026","passed","Fri Mar 27 20:13:52 UTC 2026","Product Endpoints > POST /api/products","products_test.spec.ts","",""
"","362","Sign in link is visible","chromium","Fri Mar 27 20:14:36 UTC 2026","passed","Fri Mar 27 20:14:36 UTC 2026","Navbar — Unauthenticated","navbar_test.spec.ts","",""
"","172","test_register_new_user","tests","Fri Mar 27 20:14:10 UTC 2026","passed","Fri Mar 27 20:14:10 UTC 2026","TestRegistration","auth_test","",""
"","4","test_order_fields_in_listing","tests","Fri Mar 27 20:14:13 UTC 2026","passed","Fri Mar 27 20:14:13 UTC 2026","TestListOrders","orders_test","",""
"","250","admin can update a product and receives HTTP 200","","Fri Mar 27 20:13:54 UTC 2026","passed","Fri Mar 27 20:13:55 UTC 2026","Product Endpoints > PUT /api/products/:id","products_test.spec.ts","",""
"Verify get current user fails without token","24","testGetCurrentUserNoToken","API Test Suite","Fri Mar 27 20:14:03 UTC 2026","passed","Fri Mar 27 20:14:03 UTC 2026","com.automationlab.tests.AuthTest","API Tests","com.automationlab.tests.AuthTest","testGetCurrentUserNoToken"
"Wrong password shows error message — AUT Bug A","1222","wrongPasswordShowsErrorMessage","SQA Automation Lab — Selenium UI Suite","Fri Mar 27 20:15:22 UTC 2026","failed","Fri Mar 27 20:15:23 UTC 2026","com.sqa.ui.tests.LoginTest","UI Tests","com.sqa.ui.tests.LoginTest","wrongPasswordShowsErrorMessage"
"","346","Sign-out button is not visible","chromium","Fri Mar 27 20:14:37 UTC 2026","passed","Fri Mar 27 20:14:38 UTC 2026","Navbar — Unauthenticated","navbar_test.spec.ts","",""
"","847","User orders page displays heading","chromium","Fri Mar 27 20:15:00 UTC 2026","passed","Fri Mar 27 20:15:01 UTC 2026","Orders — Authenticated User","orders_test.spec.ts","",""
"","38087","POST /api/products - admin","","Fri Mar 27 20:16:00 UTC 2026","passed","Fri Mar 27 20:16:38 UTC 2026","","k6 Performance Tests","",""
"","10","returns HTTP 403 with an invalid token","","Fri Mar 27 20:13:42 UTC 2026","passed","Fri Mar 27 20:13:42 UTC 2026","Authentication Endpoints > GET /api/auth/me","auth_test.spec.ts","",""
"","496","Mismatched passwords show validation error","chromium","Fri Mar 27 20:15:43 UTC 2026","passed","Fri Mar 27 20:15:43 UTC 2026","Register","register_test.spec.ts","",""
"","591","Valid registration redirects to dashboard page","chromium","Fri Mar 27 20:15:26 UTC 2026","passed","Fri Mar 27 20:15:26 UTC 2026","Register","register_test.spec.ts","",""
"","9","products in listing include expected fields","","Fri Mar 27 20:13:51 UTC 2026","passed","Fri Mar 27 20:13:51 UTC 2026","Product Endpoints > GET /api/products","products_test.spec.ts","",""
"","3","test_update_nonexistent_product_returns_404","tests","Fri Mar 27 20:14:16 UTC 2026","passed","Fri Mar 27 20:14:16 UTC 2026","TestUpdateProduct","products_test","",""
"","39219","PUT /api/users/:id","","Fri Mar 27 20:15:18 UTC 2026","passed","Fri Mar 27 20:15:57 UTC 2026","","k6 Performance Tests","",""
"","77","user objects in response do not expose password field","","Fri Mar 27 20:13:58 UTC 2026","passed","Fri Mar 27 20:13:58 UTC 2026","User Endpoints > GET /api/users","user_test.spec.ts","",""
"","65","test_login_with_valid_credentials","tests","Fri Mar 27 20:14:11 UTC 2026","passed","Fri Mar 27 20:14:11 UTC 2026","TestLogin","auth_test","",""
"Verify orders can be filtered by status","36","testListOrdersByStatus","API Test Suite","Fri Mar 27 20:14:12 UTC 2026","passed","Fri Mar 27 20:14:12 UTC 2026","com.automationlab.tests.OrderTest","API Tests","com.automationlab.tests.OrderTest","testListOrdersByStatus"
"Empty email shows validation error","1571","emptyEmailShowsValidationError","SQA Automation Lab — Selenium UI Suite","Fri Mar 27 20:15:33 UTC 2026","passed","Fri Mar 27 20:15:34 UTC 2026","com.sqa.ui.tests.RegisterTest","UI Tests","com.sqa.ui.tests.RegisterTest","emptyEmailShowsValidationError"
"Product detail page displays product price","378","productDetailPageDisplaysProductPrice","SQA Automation Lab — Selenium UI Suite","Fri Mar 27 20:18:09 UTC 2026","failed","Fri Mar 27 20:18:10 UTC 2026","com.sqa.ui.tests.ProductDetailTest","UI Tests","com.sqa.ui.tests.ProductDetailTest","productDetailPageDisplaysProductPrice"
"Orders link navigates to orders page","1195","ordersLinkNavigatesToOrdersPage","SQA Automation Lab — Selenium UI Suite","Fri Mar 27 20:20:23 UTC 2026","passed","Fri Mar 27 20:20:24 UTC 2026","com.sqa.ui.tests.NavigationTest","UI Tests","com.sqa.ui.tests.NavigationTest","ordersLinkNavigatesToOrdersPage"
"","5","test_update_own_first_name","tests","Fri Mar 27 20:14:17 UTC 2026","passed","Fri Mar 27 20:14:17 UTC 2026","TestUpdateUser","user_test","",""
"Verify default pagination limit","40","testListProductsDefaultPaginationLimit","API Test Suite","Fri Mar 27 20:14:09 UTC 2026","passed","Fri Mar 27 20:14:09 UTC 2026","com.automationlab.tests.ProductTest","API Tests","com.automationlab.tests.ProductTest","testListProductsDefaultPaginationLimit"
"","2","test_regular_user_cannot_update_product","tests","Fri Mar 27 20:14:16 UTC 2026","passed","Fri Mar 27 20:14:16 UTC 2026","TestUpdateProduct","products_test","",""
"Verify product response includes timestamps","27","testGetProductIncludesTimestamps","API Test Suite","Fri Mar 27 20:14:09 UTC 2026","passed","Fri Mar 27 20:14:09 UTC 2026","com.automationlab.tests.ProductTest","API Tests","com.automationlab.tests.ProductTest","testGetProductIncludesTimestamps"
"Verify pagination returns correct total count","37","testListUsersPaginationTotalCount","API Test Suite","Fri Mar 27 20:14:07 UTC 2026","passed","Fri Mar 27 20:14:07 UTC 2026","com.automationlab.tests.UserTest","API Tests","com.automationlab.tests.UserTest","testListUsersPaginationTotalCount"
"","9","test_create_order_with_single_item","tests","Fri Mar 27 20:14:12 UTC 2026","passed","Fri Mar 27 20:14:12 UTC 2026","TestCreateOrder","orders_test","",""
"**Risk:** Informational
**Confidence:** 2
**Instances:** 3

**Description:**
Check for differences in response based on fuzzed User Agent (eg. mobile sites, access as a Search Engine Crawler). Compares the response statuscode and the hashcode of the response body with the original response.

**Solution:**
","0","User Agent Fuzzer","","Fri Mar 27 20:15:01 UTC 2026","passed","Fri Mar 27 20:15:01 UTC 2026","","Security - ZAP API Scan","",""
"Verify update with invalid status fails","12","testUpdateOrderInvalidStatus","API Test Suite","Fri Mar 27 20:14:12 UTC 2026","passed","Fri Mar 27 20:14:12 UTC 2026","com.automationlab.tests.OrderTest","API Tests","com.automationlab.tests.OrderTest","testUpdateOrderInvalidStatus"
"","5","test_admin_can_update_product_price","tests","Fri Mar 27 20:14:16 UTC 2026","passed","Fri Mar 27 20:14:16 UTC 2026","TestUpdateProduct","products_test","",""
"Cancelling an order should return stock to the product.","18","test_cancel_restores_stock","tests","Fri Mar 27 20:14:15 UTC 2026","passed","Fri Mar 27 20:14:15 UTC 2026","TestCancelOrder","orders_test","",""
"","38486","POST /api/auth/register","","Fri Mar 27 20:14:36 UTC 2026","passed","Fri Mar 27 20:15:14 UTC 2026","","k6 Performance Tests","",""
"","781","Dashboard displays user email","chromium","Fri Mar 27 20:14:25 UTC 2026","passed","Fri Mar 27 20:14:26 UTC 2026","Dashboard — Authenticated Regular User","dashboard_test.spec.ts","",""
"Unauthenticated access to dashboard redirects to login","333","unauthenticatedAccessRedirectsToLogin","SQA Automation Lab — Selenium UI Suite","Fri Mar 27 20:19:39 UTC 2026","passed","Fri Mar 27 20:19:39 UTC 2026","com.sqa.ui.tests.DashboardTest","UI Tests","com.sqa.ui.tests.DashboardTest","unauthenticatedAccessRedirectsToLogin"
"Verify new order has default pending status","31","testCreateOrderDefaultStatus","API Test Suite","Fri Mar 27 20:14:12 UTC 2026","passed","Fri Mar 27 20:14:12 UTC 2026","com.automationlab.tests.OrderTest","API Tests","com.automationlab.tests.OrderTest","testCreateOrderDefaultStatus"
"","325","response body conforms to order schema","","Fri Mar 27 20:13:46 UTC 2026","passed","Fri Mar 27 20:13:47 UTC 2026","Order Endpoints > GET /api/orders/:id","orders_test.spec.ts","",""
"","37952","Step 5: Create order","","Fri Mar 27 20:17:26 UTC 2026","passed","Fri Mar 27 20:18:04 UTC 2026","","k6 Performance Tests","",""
"","38398","GET /api/auth/me","","Fri Mar 27 20:14:37 UTC 2026","passed","Fri Mar 27 20:15:16 UTC 2026","","k6 Performance Tests","",""
"","70","returns HTTP 200 for own user","","Fri Mar 27 20:13:58 UTC 2026","passed","Fri Mar 27 20:13:58 UTC 2026","User Endpoints > GET /api/users/:id","user_test.spec.ts","",""
"Cancel order dismissed by user leaves order intact — AUT Bug C","984","cancelOrderDismissedLeavesOrderIntact","SQA Automation Lab — Selenium UI Suite","Fri Mar 27 20:18:28 UTC 2026","passed","Fri Mar 27 20:18:29 UTC 2026","com.sqa.ui.tests.OrdersTest","UI Tests","com.sqa.ui.tests.OrdersTest","cancelOrderDismissedLeavesOrderIntact"
"","73","response body conforms to paginated users schema","","Fri Mar 27 20:13:58 UTC 2026","passed","Fri Mar 27 20:13:58 UTC 2026","User Endpoints > GET /api/users","user_test.spec.ts","",""
"","841","Admin pagination next button advances to page 2","chromium","Fri Mar 27 20:14:57 UTC 2026","passed","Fri Mar 27 20:14:58 UTC 2026","Orders — Authenticated Admin","orders_test.spec.ts","",""
"","4","test_list_products_pagination_metadata","tests","Fri Mar 27 20:14:16 UTC 2026","passed","Fri Mar 27 20:14:16 UTC 2026","TestListProducts","products_test","",""
"","927","User status filter cancelled shows filtered results or empty state","chromium","Fri Mar 27 20:15:03 UTC 2026","passed","Fri Mar 27 20:15:04 UTC 2026","Orders — Authenticated User","orders_test.spec.ts","",""
"Verify login fails with non-existent email","17","testLoginNonExistentEmail","API Test Suite","Fri Mar 27 20:14:04 UTC 2026","passed","Fri Mar 27 20:14:04 UTC 2026","com.automationlab.tests.AuthTest","API Tests","com.automationlab.tests.AuthTest","testLoginNonExistentEmail"
"","4","test_list_products_respects_limit","tests","Fri Mar 27 20:14:16 UTC 2026","passed","Fri Mar 27 20:14:16 UTC 2026","TestListProducts","products_test","",""
"Verify user can update their own profile","24","testUpdateOwnUser","API Test Suite","Fri Mar 27 20:14:07 UTC 2026","passed","Fri Mar 27 20:14:07 UTC 2026","com.automationlab.tests.UserTest","API Tests","com.automationlab.tests.UserTest","testUpdateOwnUser"
"","2","test_health_reports_healthy_status","tests","Fri Mar 27 20:14:12 UTC 2026","passed","Fri Mar 27 20:14:12 UTC 2026","TestHealthEndpoint","health_test","",""
"Get order detail should include item breakdown.","12","test_get_order_with_items","tests","Fri Mar 27 20:14:14 UTC 2026","passed","Fri Mar 27 20:14:14 UTC 2026","TestGetOrder","orders_test","",""
"Verify update non-existent product returns 404","15","testUpdateNonExistentProduct","API Test Suite","Fri Mar 27 20:14:10 UTC 2026","passed","Fri Mar 27 20:14:10 UTC 2026","com.automationlab.tests.ProductTest","API Tests","com.automationlab.tests.ProductTest","testUpdateNonExistentProduct"
"Orders page displays order cards","330","ordersPageDisplaysOrderCards","SQA Automation Lab — Selenium UI Suite","Fri Mar 27 20:18:44 UTC 2026","passed","Fri Mar 27 20:18:45 UTC 2026","com.sqa.ui.tests.OrdersTest","UI Tests","com.sqa.ui.tests.OrdersTest","ordersPageDisplaysOrderCards"
"","4","test_update_own_last_name","tests","Fri Mar 27 20:14:17 UTC 2026","passed","Fri Mar 27 20:14:17 UTC 2026","TestUpdateUser","user_test","",""
"Verify login fails with missing password","30","testLoginMissingPassword","API Test Suite","Fri Mar 27 20:14:04 UTC 2026","passed","Fri Mar 27 20:14:04 UTC 2026","com.automationlab.tests.AuthTest","API Tests","com.automationlab.tests.AuthTest","testLoginMissingPassword"
"","353","new order status is pending","","Fri Mar 27 20:13:43 UTC 2026","passed","Fri Mar 27 20:13:43 UTC 2026","Order Endpoints > POST /api/orders","orders_test.spec.ts","",""
"","39223","GET /api/users/:id - own user","","Fri Mar 27 20:15:17 UTC 2026","passed","Fri Mar 27 20:15:56 UTC 2026","","k6 Performance Tests","",""
"","70","returns HTTP 401 without token","","Fri Mar 27 20:13:59 UTC 2026","passed","Fri Mar 27 20:13:59 UTC 2026","User Endpoints > GET /api/users/:id","user_test.spec.ts","",""
"","134","returns HTTP 403 or 404 when deleting another users account","","Fri Mar 27 20:14:01 UTC 2026","passed","Fri Mar 27 20:14:01 UTC 2026","User Endpoints > DELETE /api/users/:id","user_test.spec.ts","",""
"","352","response contains order with items","","Fri Mar 27 20:13:43 UTC 2026","passed","Fri Mar 27 20:13:43 UTC 2026","Order Endpoints > POST /api/orders","orders_test.spec.ts","",""
"","70","returns correct user data for own user","","Fri Mar 27 20:13:58 UTC 2026","passed","Fri Mar 27 20:13:58 UTC 2026","User Endpoints > GET /api/users/:id","user_test.spec.ts","",""
"Verify health endpoint returns environment information","44","testHealthEndpointEnvironment","API Test Suite","Fri Mar 27 20:14:02 UTC 2026","passed","Fri Mar 27 20:14:02 UTC 2026","com.automationlab.tests.HealthTest","API Tests","com.automationlab.tests.HealthTest","testHealthEndpointEnvironment"
"Status filter cancelled shows filtered results or empty state — AUT Bug C","936","statusFilterCancelledShowsFilteredResultsOrEmptyState","SQA Automation Lab — Selenium UI Suite","Fri Mar 27 20:18:54 UTC 2026","passed","Fri Mar 27 20:18:55 UTC 2026","com.sqa.ui.tests.OrdersTest","UI Tests","com.sqa.ui.tests.OrdersTest","statusFilterCancelledShowsFilteredResultsOrEmptyState"
"","671","Empty email shows validation error","chromium","Fri Mar 27 20:15:41 UTC 2026","passed","Fri Mar 27 20:15:41 UTC 2026","Register","register_test.spec.ts","",""
"","76","returns HTTP 201 with minimum required fields — email and password only","","Fri Mar 27 20:13:41 UTC 2026","passed","Fri Mar 27 20:13:41 UTC 2026","Authentication Endpoints > POST /api/auth/register","auth_test.spec.ts","",""
"","289","Product detail page displays stock status","chromium","Fri Mar 27 20:15:09 UTC 2026","passed","Fri Mar 27 20:15:09 UTC 2026","Product Detail — Unauthenticated","product_detail_test.spec.ts","",""
"Create two products and order both.","15","test_create_order_with_multiple_items","tests","Fri Mar 27 20:14:12 UTC 2026","passed","Fri Mar 27 20:14:12 UTC 2026","TestCreateOrder","orders_test","",""
"","3","test_get_nonexistent_order_returns_404","tests","Fri Mar 27 20:14:14 UTC 2026","passed","Fri Mar 27 20:14:14 UTC 2026","TestGetOrder","orders_test","",""
"","247","returns HTTP 400 for negative price","","Fri Mar 27 20:13:54 UTC 2026","passed","Fri Mar 27 20:13:54 UTC 2026","Product Endpoints > POST /api/products","products_test.spec.ts","",""
"","403","returns HTTP 403 when cancelling another users order","","Fri Mar 27 20:13:50 UTC 2026","passed","Fri Mar 27 20:13:51 UTC 2026","Order Endpoints > DELETE /api/orders/:id","orders_test.spec.ts","",""
"Category filter returns filtered results — AUT Bug C","1148","categoryFilterReturnsFilteredResults","SQA Automation Lab — Selenium UI Suite","Fri Mar 27 20:16:55 UTC 2026","passed","Fri Mar 27 20:16:56 UTC 2026","com.sqa.ui.tests.ProductsTest","UI Tests","com.sqa.ui.tests.ProductsTest","categoryFilterReturnsFilteredResults"
"Attempt to update email to one already in use.","4","test_update_with_duplicate_email_returns_409","tests","Fri Mar 27 20:14:17 UTC 2026","passed","Fri Mar 27 20:14:17 UTC 2026","TestUpdateUser","user_test","",""
"","6","returns HTTP 200 without authentication","","Fri Mar 27 20:13:51 UTC 2026","passed","Fri Mar 27 20:13:51 UTC 2026","Product Endpoints > GET /api/products","products_test.spec.ts","",""
"","774","authenticated user visiting login page is redirected to products","chromium","Fri Mar 27 20:14:34 UTC 2026","passed","Fri Mar 27 20:14:35 UTC 2026","Login","login_test.spec.ts","",""
"Empty first name shows validation error — AUT Bug C","11539","emptyFirstNameShowsValidationError","SQA Automation Lab — Selenium UI Suite","Fri Mar 27 20:15:38 UTC 2026","failed","Fri Mar 27 20:15:49 UTC 2026","com.sqa.ui.tests.RegisterTest","UI Tests","com.sqa.ui.tests.RegisterTest","emptyFirstNameShowsValidationError"
"","8","test_status_update_changes_updated_at","tests","Fri Mar 27 20:14:15 UTC 2026","passed","Fri Mar 27 20:14:15 UTC 2026","TestUpdateOrderStatus","orders_test","",""
"Verify root endpoint lists available endpoints","46","testRootEndpointListsEndpoints","API Test Suite","Fri Mar 27 20:14:03 UTC 2026","passed","Fri Mar 27 20:14:03 UTC 2026","com.automationlab.tests.HealthTest","API Tests","com.automationlab.tests.HealthTest","testRootEndpointListsEndpoints"
"","3","test_root_returns_app_info","tests","Fri Mar 27 20:14:12 UTC 2026","passed","Fri Mar 27 20:14:12 UTC 2026","TestRootEndpoint","health_test","",""
"After deletion, user should still exist but be inactive.","11","test_deleted_user_is_soft_deleted","tests","Fri Mar 27 20:14:17 UTC 2026","passed","Fri Mar 27 20:14:17 UTC 2026","TestDeleteUser","user_test","",""
"Valid registration renders authenticated navbar state","2031","validRegistrationRendersAuthenticatedNavbarState","SQA Automation Lab — Selenium UI Suite","Fri Mar 27 20:16:33 UTC 2026","passed","Fri Mar 27 20:16:35 UTC 2026","com.sqa.ui.tests.RegisterTest","UI Tests","com.sqa.ui.tests.RegisterTest","validRegistrationRendersAuthenticatedNavbarState"
"","821","valid credentials redirect to products page","chromium","Fri Mar 27 20:14:30 UTC 2026","passed","Fri Mar 27 20:14:30 UTC 2026","Login","login_test.spec.ts","",""
"Register link navigates to register page","773","registerLinkNavigatesToRegisterPage","SQA Automation Lab — Selenium UI Suite","Fri Mar 27 20:15:07 UTC 2026","passed","Fri Mar 27 20:15:08 UTC 2026","com.sqa.ui.tests.LoginTest","UI Tests","com.sqa.ui.tests.LoginTest","registerLinkNavigatesToRegisterPage"
"Register page displays Create Account heading","541","registerPageDisplaysCreateAccountHeading","SQA Automation Lab — Selenium UI Suite","Fri Mar 27 20:16:13 UTC 2026","passed","Fri Mar 27 20:16:14 UTC 2026","com.sqa.ui.tests.RegisterTest","UI Tests","com.sqa.ui.tests.RegisterTest","registerPageDisplaysCreateAccountHeading"
"Verify empty category filter returns all products","24","testListProductsEmptyCategoryFilter","API Test Suite","Fri Mar 27 20:14:09 UTC 2026","passed","Fri Mar 27 20:14:09 UTC 2026","com.automationlab.tests.ProductTest","API Tests","com.automationlab.tests.ProductTest","testListProductsEmptyCategoryFilter"
"","788","Sign out button is visible","chromium","Fri Mar 27 20:14:46 UTC 2026","passed","Fri Mar 27 20:14:47 UTC 2026","Navbar — Authenticated Regular User","navbar_test.spec.ts","",""
"Verify login fails with incorrect password","285","testLoginIncorrectPassword","API Test Suite","Fri Mar 27 20:14:03 UTC 2026","passed","Fri Mar 27 20:14:04 UTC 2026","com.automationlab.tests.AuthTest","API Tests","com.automationlab.tests.AuthTest","testLoginIncorrectPassword"
"Brand link navigates to products page","727","brandLinkNavigatesToProductsPage","SQA Automation Lab — Selenium UI Suite","Fri Mar 27 20:19:51 UTC 2026","passed","Fri Mar 27 20:19:52 UTC 2026","com.sqa.ui.tests.NavigationTest","UI Tests","com.sqa.ui.tests.NavigationTest","brandLinkNavigatesToProductsPage"
"","846","User orders page displays order cards","chromium","Fri Mar 27 20:15:01 UTC 2026","passed","Fri Mar 27 20:15:02 UTC 2026","Orders — Authenticated User","orders_test.spec.ts","",""
"Verify user response includes timestamps","31","testGetUserIncludesTimestamps","API Test Suite","Fri Mar 27 20:14:07 UTC 2026","passed","Fri Mar 27 20:14:07 UTC 2026","com.automationlab.tests.UserTest","API Tests","com.automationlab.tests.UserTest","testGetUserIncludesTimestamps"
"Clear button resets search results","1219","clearButtonResetsSearchResults","SQA Automation Lab — Selenium UI Suite","Fri Mar 27 20:16:59 UTC 2026","passed","Fri Mar 27 20:17:01 UTC 2026","com.sqa.ui.tests.ProductsTest","UI Tests","com.sqa.ui.tests.ProductsTest","clearButtonResetsSearchResults"
"Pagination next button advances to page 2","772","paginationNextButtonAdvancesToPage2","SQA Automation Lab — Selenium UI Suite","Fri Mar 27 20:18:49 UTC 2026","passed","Fri Mar 27 20:18:50 UTC 2026","com.sqa.ui.tests.OrdersTest","UI Tests","com.sqa.ui.tests.OrdersTest","paginationNextButtonAdvancesToPage2"
"","3","test_create_product_without_name_returns_400","tests","Fri Mar 27 20:14:16 UTC 2026","passed","Fri Mar 27 20:14:16 UTC 2026","TestCreateProduct","products_test","",""
"","4","test_update_with_empty_body_returns_400","tests","Fri Mar 27 20:14:17 UTC 2026","passed","Fri Mar 27 20:14:17 UTC 2026","TestUpdateUser","user_test","",""
"","974","View all orders link navigates to orders page","chromium","Fri Mar 27 20:14:22 UTC 2026","passed","Fri Mar 27 20:14:23 UTC 2026","Dashboard — Authenticated Admin","dashboard_test.spec.ts","",""
"","2","test_get_product_invalid_id_returns_400","tests","Fri Mar 27 20:14:16 UTC 2026","passed","Fri Mar 27 20:14:16 UTC 2026","TestGetProduct","products_test","",""
"Verify user can cancel their own pending order","36","testCancelOwnOrder","API Test Suite","Fri Mar 27 20:14:11 UTC 2026","passed","Fri Mar 27 20:14:12 UTC 2026","com.automationlab.tests.OrderTest","API Tests","com.automationlab.tests.OrderTest","testCancelOwnOrder"
"","328","returns only the authenticated users own orders","","Fri Mar 27 20:13:45 UTC 2026","passed","Fri Mar 27 20:13:45 UTC 2026","Order Endpoints > GET /api/orders","orders_test.spec.ts","",""
"Dashboard link navigates to dashboard page","1230","dashboardLinkNavigatesToDashboardPage","SQA Automation Lab — Selenium UI Suite","Fri Mar 27 20:20:05 UTC 2026","passed","Fri Mar 27 20:20:06 UTC 2026","com.sqa.ui.tests.NavigationTest","UI Tests","com.sqa.ui.tests.NavigationTest","dashboardLinkNavigatesToDashboardPage"
"Product detail page displays product name","434","productDetailPageDisplaysProductName","SQA Automation Lab — Selenium UI Suite","Fri Mar 27 20:18:05 UTC 2026","failed","Fri Mar 27 20:18:06 UTC 2026","com.sqa.ui.tests.ProductDetailTest","UI Tests","com.sqa.ui.tests.ProductDetailTest","productDetailPageDisplaysProductName"
"Verify get user fails without authentication","21","testGetUserNoAuth","API Test Suite","Fri Mar 27 20:14:07 UTC 2026","passed","Fri Mar 27 20:14:07 UTC 2026","com.automationlab.tests.UserTest","API Tests","com.automationlab.tests.UserTest","testGetUserNoAuth"
"","3","test_regular_user_cannot_create_product","tests","Fri Mar 27 20:14:16 UTC 2026","passed","Fri Mar 27 20:14:16 UTC 2026","TestCreateProduct","products_test","",""
"","3","test_user_cannot_delete_other_user","tests","Fri Mar 27 20:14:17 UTC 2026","passed","Fri Mar 27 20:14:17 UTC 2026","TestDeleteUser","user_test","",""
"","315","admin can delete any user","","Fri Mar 27 20:14:00 UTC 2026","passed","Fri Mar 27 20:14:00 UTC 2026","User Endpoints > DELETE /api/users/:id","user_test.spec.ts","",""
"Verify multiple consecutive health checks return consistent status","236","testHealthEndpointConsistency","API Test Suite","Fri Mar 27 20:14:02 UTC 2026","passed","Fri Mar 27 20:14:02 UTC 2026","com.automationlab.tests.HealthTest","API Tests","com.automationlab.tests.HealthTest","testHealthEndpointConsistency"
"Verify users list does not include passwords","46","testListUsersDoesNotReturnPasswords","API Test Suite","Fri Mar 27 20:14:07 UTC 2026","passed","Fri Mar 27 20:14:07 UTC 2026","com.automationlab.tests.UserTest","API Tests","com.automationlab.tests.UserTest","testListUsersDoesNotReturnPasswords"
"","7","test_regular_user_cannot_update_status","tests","Fri Mar 27 20:14:15 UTC 2026","passed","Fri Mar 27 20:14:15 UTC 2026","TestUpdateOrderStatus","orders_test","",""
"Verify admin can update stock quantity","24","testUpdateProductStock","API Test Suite","Fri Mar 27 20:14:10 UTC 2026","passed","Fri Mar 27 20:14:10 UTC 2026","com.automationlab.tests.ProductTest","API Tests","com.automationlab.tests.ProductTest","testUpdateProductStock"
"","882","User status filter pending shows results","chromium","Fri Mar 27 20:15:02 UTC 2026","passed","Fri Mar 27 20:15:03 UTC 2026","Orders — Authenticated User","orders_test.spec.ts","",""
"","948","Browse products link navigates to products page","chromium","Fri Mar 27 20:14:21 UTC 2026","passed","Fri Mar 27 20:14:22 UTC 2026","Dashboard — Authenticated Admin","dashboard_test.spec.ts","",""
"","332","register link navigates to register page","chromium","Fri Mar 27 20:14:34 UTC 2026","passed","Fri Mar 27 20:14:34 UTC 2026","Login","login_test.spec.ts","",""
"Products page displays heading","1049","productsPageDisplaysHeading","SQA Automation Lab — Selenium UI Suite","Fri Mar 27 20:17:19 UTC 2026","passed","Fri Mar 27 20:17:20 UTC 2026","com.sqa.ui.tests.ProductsTest","UI Tests","com.sqa.ui.tests.ProductsTest","productsPageDisplaysHeading"
"","323","returns HTTP 403 for non-admin authenticated user","","Fri Mar 27 20:13:49 UTC 2026","passed","Fri Mar 27 20:13:49 UTC 2026","Order Endpoints > PATCH /api/orders/:id/status","orders_test.spec.ts","",""
"","800","Dashboard displays user name","chromium","Fri Mar 27 20:14:19 UTC 2026","passed","Fri Mar 27 20:14:20 UTC 2026","Dashboard — Authenticated Admin","dashboard_test.spec.ts","",""
"","37955","Step 1: Register new user","","Fri Mar 27 20:17:22 UTC 2026","passed","Fri Mar 27 20:18:00 UTC 2026","","k6 Performance Tests","",""
"","355","Unauthenticated place order redirects to login","chromium","Fri Mar 27 20:15:10 UTC 2026","passed","Fri Mar 27 20:15:10 UTC 2026","Product Detail — Unauthenticated","product_detail_test.spec.ts","",""
"","402","Products link is visible","chromium","Fri Mar 27 20:14:35 UTC 2026","passed","Fri Mar 27 20:14:36 UTC 2026","Navbar — Unauthenticated","navbar_test.spec.ts","",""
"","2","test_list_users_invalid_page_returns_400","tests","Fri Mar 27 20:14:16 UTC 2026","passed","Fri Mar 27 20:14:16 UTC 2026","TestListUsers","user_test","",""
"","247","returns HTTP 404 for non-existent user","","Fri Mar 27 20:13:59 UTC 2026","passed","Fri Mar 27 20:13:59 UTC 2026","User Endpoints > GET /api/users/:id","user_test.spec.ts","",""
"Verify user has correct role field","55","testGetUserRole","API Test Suite","Fri Mar 27 20:14:07 UTC 2026","passed","Fri Mar 27 20:14:07 UTC 2026","com.automationlab.tests.UserTest","API Tests","com.automationlab.tests.UserTest","testGetUserRole"
"Verify user can soft delete their own account","132","testDeleteOwnUser","API Test Suite","Fri Mar 27 20:14:06 UTC 2026","passed","Fri Mar 27 20:14:06 UTC 2026","com.automationlab.tests.UserTest","API Tests","com.automationlab.tests.UserTest","testDeleteOwnUser"
"","895","User sees product cards","chromium","Fri Mar 27 20:15:23 UTC 2026","passed","Fri Mar 27 20:15:24 UTC 2026","Products — Authenticated User","products_test.spec.ts","",""
"","899","Dashboard page displays welcome heading","chromium","Fri Mar 27 20:14:17 UTC 2026","passed","Fri Mar 27 20:14:18 UTC 2026","Dashboard — Authenticated Admin","dashboard_test.spec.ts","",""
"","416","Products link navigates to products page","chromium","Fri Mar 27 20:14:38 UTC 2026","passed","Fri Mar 27 20:14:38 UTC 2026","Navbar — Unauthenticated","navbar_test.spec.ts","",""
