"DESCRIPTION","DURATION IN MS","NAME","PARENT SUITE","START TIME","STATUS","STOP TIME","SUB SUITE","SUITE","TEST CLASS","TEST METHOD"
"Verify registration fails with missing email","18","testRegistrationMissingEmail","API Test Suite","Tue Mar 17 23:48:27 UTC 2026","passed","Tue Mar 17 23:48:27 UTC 2026","com.automationlab.tests.AuthTest","API Tests","com.automationlab.tests.AuthTest","testRegistrationMissingEmail"
"Pagination next button advances to page 2","279","paginationNextButtonAdvancesToPage2","SQA Automation Lab — Selenium UI Suite","Tue Mar 17 23:53:43 UTC 2026","passed","Tue Mar 17 23:53:43 UTC 2026","com.sqa.ui.tests.OrdersTest","UI Tests","com.sqa.ui.tests.OrdersTest","paginationNextButtonAdvancesToPage2"
"","4","test_admin_can_delete_any_user","tests","Tue Mar 17 23:48:25 UTC 2026","passed","Tue Mar 17 23:48:25 UTC 2026","TestDeleteUser","user_test","",""
"Brand link is visible","538","brandLinkIsVisible","SQA Automation Lab — Selenium UI Suite","Tue Mar 17 23:54:37 UTC 2026","passed","Tue Mar 17 23:54:38 UTC 2026","com.sqa.ui.tests.NavigationTest","UI Tests","com.sqa.ui.tests.NavigationTest","brandLinkIsVisible"
"","254","returns HTTP 200 for existing product","","Tue Mar 17 23:48:20 UTC 2026","passed","Tue Mar 17 23:48:20 UTC 2026","Product Endpoints > GET /api/products/:id","products_test.spec.ts","",""
"","69","returns HTTP 400 for empty items array","","Tue Mar 17 23:48:13 UTC 2026","passed","Tue Mar 17 23:48:13 UTC 2026","Order Endpoints > POST /api/orders","orders_test.spec.ts","",""
"","6","test_admin_can_update_product_name","tests","Tue Mar 17 23:48:24 UTC 2026","passed","Tue Mar 17 23:48:24 UTC 2026","TestUpdateProduct","products_test","",""
"","291","returns HTTP 404 for non-existent product","","Tue Mar 17 23:48:24 UTC 2026","passed","Tue Mar 17 23:48:24 UTC 2026","Product Endpoints > PUT /api/products/:id","products_test.spec.ts","",""
"Verify non-admin cannot create product","15","testCreateProductNonAdmin","API Test Suite","Tue Mar 17 23:48:32 UTC 2026","passed","Tue Mar 17 23:48:32 UTC 2026","com.automationlab.tests.ProductTest","API Tests","com.automationlab.tests.ProductTest","testCreateProductNonAdmin"
"","2","test_get_user_invalid_id_returns_400","tests","Tue Mar 17 23:48:25 UTC 2026","passed","Tue Mar 17 23:48:25 UTC 2026","TestGetUser","user_test","",""
"Verify login fails with incorrect password","288","testLoginIncorrectPassword","API Test Suite","Tue Mar 17 23:48:26 UTC 2026","passed","Tue Mar 17 23:48:26 UTC 2026","com.automationlab.tests.AuthTest","API Tests","com.automationlab.tests.AuthTest","testLoginIncorrectPassword"
"","3","test_create_order_with_empty_items_returns_400","tests","Tue Mar 17 23:48:21 UTC 2026","passed","Tue Mar 17 23:48:21 UTC 2026","TestCreateOrder","orders_test","",""
"Verify update non-existent product returns 404","12","testUpdateNonExistentProduct","API Test Suite","Tue Mar 17 23:48:32 UTC 2026","passed","Tue Mar 17 23:48:32 UTC 2026","com.automationlab.tests.ProductTest","API Tests","com.automationlab.tests.ProductTest","testUpdateNonExistentProduct"
"","920","Browse products link navigates to products page","chromium","Tue Mar 17 23:48:47 UTC 2026","passed","Tue Mar 17 23:48:48 UTC 2026","Dashboard — Authenticated Regular User","dashboard_test.spec.ts","",""
"","4","test_order_fields_in_listing","tests","Tue Mar 17 23:48:22 UTC 2026","passed","Tue Mar 17 23:48:22 UTC 2026","TestListOrders","orders_test","",""
"","38203","GET /api/orders/:id","","Tue Mar 17 23:51:01 UTC 2026","passed","Tue Mar 17 23:51:39 UTC 2026","","k6 Performance Tests","",""
"Valid credentials redirect to dashboard","1353","validCredentialsRedirectToDashboard","SQA Automation Lab — Selenium UI Suite","Tue Mar 17 23:49:23 UTC 2026","passed","Tue Mar 17 23:49:24 UTC 2026","com.sqa.ui.tests.LoginTest","UI Tests","com.sqa.ui.tests.LoginTest","validCredentialsRedirectToDashboard"
"","3","test_user_cannot_update_other_user","tests","Tue Mar 17 23:48:25 UTC 2026","passed","Tue Mar 17 23:48:25 UTC 2026","TestUpdateUser","user_test","",""
"Verify default pagination limit","38","testListUsersDefaultPaginationLimit","API Test Suite","Tue Mar 17 23:48:29 UTC 2026","passed","Tue Mar 17 23:48:29 UTC 2026","com.automationlab.tests.UserTest","API Tests","com.automationlab.tests.UserTest","testListUsersDefaultPaginationLimit"
"Verify product with decimal price is created correctly","31","testCreateProductDecimalPrice","API Test Suite","Tue Mar 17 23:48:31 UTC 2026","passed","Tue Mar 17 23:48:31 UTC 2026","com.automationlab.tests.ProductTest","API Tests","com.automationlab.tests.ProductTest","testCreateProductDecimalPrice"
"Register link navigates to register page","529","registerLinkNavigatesToRegisterPage","SQA Automation Lab — Selenium UI Suite","Tue Mar 17 23:55:31 UTC 2026","passed","Tue Mar 17 23:55:31 UTC 2026","com.sqa.ui.tests.NavigationTest","UI Tests","com.sqa.ui.tests.NavigationTest","registerLinkNavigatesToRegisterPage"
"","351","Products page displays heading","chromium","Tue Mar 17 23:49:43 UTC 2026","passed","Tue Mar 17 23:49:44 UTC 2026","Products — Unauthenticated","products_test.spec.ts","",""
"","549","Duplicate email shows error message","chromium","Tue Mar 17 23:50:11 UTC 2026","passed","Tue Mar 17 23:50:11 UTC 2026","Register","register_test.spec.ts","",""
"","247","returns HTTP 404 for non-existent user","","Tue Mar 17 23:48:27 UTC 2026","passed","Tue Mar 17 23:48:27 UTC 2026","User Endpoints > GET /api/users/:id","user_test.spec.ts","",""
"Valid login renders authenticated navbar state","1317","validLoginRendersAuthenticatedNavbarState","SQA Automation Lab — Selenium UI Suite","Tue Mar 17 23:49:27 UTC 2026","passed","Tue Mar 17 23:49:29 UTC 2026","com.sqa.ui.tests.LoginTest","UI Tests","com.sqa.ui.tests.LoginTest","validLoginRendersAuthenticatedNavbarState"
"","69","returns HTTP 409 when updating email to one already in use","","Tue Mar 17 23:48:28 UTC 2026","passed","Tue Mar 17 23:48:28 UTC 2026","User Endpoints > PUT /api/users/:id","user_test.spec.ts","",""
"Verify update user updates the updated_at timestamp","1059","testUpdateUserUpdatesTimestamp","API Test Suite","Tue Mar 17 23:48:30 UTC 2026","passed","Tue Mar 17 23:48:31 UTC 2026","com.automationlab.tests.UserTest","API Tests","com.automationlab.tests.UserTest","testUpdateUserUpdatesTimestamp"
"","73","pagination metadata contains expected fields","","Tue Mar 17 23:48:26 UTC 2026","passed","Tue Mar 17 23:48:26 UTC 2026","User Endpoints > GET /api/users","user_test.spec.ts","",""
"","5","returns HTTP 401 without token","","Tue Mar 17 23:48:27 UTC 2026","passed","Tue Mar 17 23:48:27 UTC 2026","User Endpoints > GET /api/users","user_test.spec.ts","",""
"Verify products list only returns active products","55","testListOnlyActiveProducts","API Test Suite","Tue Mar 17 23:48:32 UTC 2026","passed","Tue Mar 17 23:48:32 UTC 2026","com.automationlab.tests.ProductTest","API Tests","com.automationlab.tests.ProductTest","testListOnlyActiveProducts"
"","4","test_list_users_returns_200","tests","Tue Mar 17 23:48:24 UTC 2026","passed","Tue Mar 17 23:48:24 UTC 2026","TestListUsers","user_test","",""
"Verify registration fails with duplicate email","35","testRegistrationDuplicateEmail","API Test Suite","Tue Mar 17 23:48:27 UTC 2026","passed","Tue Mar 17 23:48:27 UTC 2026","com.automationlab.tests.AuthTest","API Tests","com.automationlab.tests.AuthTest","testRegistrationDuplicateEmail"
"","4","test_update_own_email","tests","Tue Mar 17 23:48:25 UTC 2026","passed","Tue Mar 17 23:48:25 UTC 2026","TestUpdateUser","user_test","",""
"","64","test_login_returns_user_info","tests","Tue Mar 17 23:48:19 UTC 2026","passed","Tue Mar 17 23:48:19 UTC 2026","TestLogin","auth_test","",""
"Verify health endpoint rejects POST method","41","testHealthEndpointRejectsPost","API Test Suite","Tue Mar 17 23:48:25 UTC 2026","passed","Tue Mar 17 23:48:25 UTC 2026","com.automationlab.tests.HealthTest","API Tests","com.automationlab.tests.HealthTest","testHealthEndpointRejectsPost"
"Authenticated user can place order successfully","1451","authenticatedUserCanPlaceOrderSuccessfully","SQA Automation Lab — Selenium UI Suite","Tue Mar 17 23:51:37 UTC 2026","passed","Tue Mar 17 23:51:39 UTC 2026","com.sqa.ui.tests.ProductDetailTest","UI Tests","com.sqa.ui.tests.ProductDetailTest","authenticatedUserCanPlaceOrderSuccessfully"
"","3","test_create_order_with_zero_quantity_returns_400","tests","Tue Mar 17 23:48:21 UTC 2026","passed","Tue Mar 17 23:48:21 UTC 2026","TestCreateOrder","orders_test","",""
"","5","test_admin_can_update_product_price","tests","Tue Mar 17 23:48:24 UTC 2026","passed","Tue Mar 17 23:48:24 UTC 2026","TestUpdateProduct","products_test","",""
"","813","Register link is not visible","chromium","Tue Mar 17 23:49:10 UTC 2026","passed","Tue Mar 17 23:49:10 UTC 2026","Navbar — Authenticated Regular User","navbar_test.spec.ts","",""
"Password shorter than 6 characters shows validation error","1264","shortPasswordShowsValidationError","SQA Automation Lab — Selenium UI Suite","Tue Mar 17 23:50:24 UTC 2026","passed","Tue Mar 17 23:50:25 UTC 2026","com.sqa.ui.tests.RegisterTest","UI Tests","com.sqa.ui.tests.RegisterTest","shortPasswordShowsValidationError"
"","6","test_create_order_returns_item_details","tests","Tue Mar 17 23:48:21 UTC 2026","passed","Tue Mar 17 23:48:21 UTC 2026","TestCreateOrder","orders_test","",""
"","3","test_filter_by_category","tests","Tue Mar 17 23:48:24 UTC 2026","passed","Tue Mar 17 23:48:24 UTC 2026","TestFilterProducts","products_test","",""
"","983","Admin can place order successfully","chromium","Tue Mar 17 23:49:38 UTC 2026","passed","Tue Mar 17 23:49:39 UTC 2026","Product Detail — Authenticated Admin","product_detail_test.spec.ts","",""
"","312","admin can delete any user","","Tue Mar 17 23:48:29 UTC 2026","passed","Tue Mar 17 23:48:29 UTC 2026","User Endpoints > DELETE /api/users/:id","user_test.spec.ts","",""
"Verify user response includes timestamps","33","testGetUserIncludesTimestamps","API Test Suite","Tue Mar 17 23:48:29 UTC 2026","passed","Tue Mar 17 23:48:29 UTC 2026","com.automationlab.tests.UserTest","API Tests","com.automationlab.tests.UserTest","testGetUserIncludesTimestamps"
"Create an order as admin, verify another user can't see it.","77","test_user_cannot_view_other_users_order","tests","Tue Mar 17 23:48:22 UTC 2026","passed","Tue Mar 17 23:48:22 UTC 2026","TestGetOrder","orders_test","",""
"Verify registered user is active by default","233","testRegistrationDefaultActiveStatus","API Test Suite","Tue Mar 17 23:48:26 UTC 2026","passed","Tue Mar 17 23:48:27 UTC 2026","com.automationlab.tests.AuthTest","API Tests","com.automationlab.tests.AuthTest","testRegistrationDefaultActiveStatus"
"Dashboard page displays heading","1459","dashboardPageDisplaysHeading","SQA Automation Lab — Selenium UI Suite","Tue Mar 17 23:54:19 UTC 2026","passed","Tue Mar 17 23:54:20 UTC 2026","com.sqa.ui.tests.DashboardTest","UI Tests","com.sqa.ui.tests.DashboardTest","dashboardPageDisplaysHeading"
"","133","returns HTTP 403 or 404 when deleting another users account","","Tue Mar 17 23:48:29 UTC 2026","passed","Tue Mar 17 23:48:30 UTC 2026","User Endpoints > DELETE /api/users/:id","user_test.spec.ts","",""
"","899","Admin pagination next button advances to page 2","chromium","Tue Mar 17 23:49:25 UTC 2026","passed","Tue Mar 17 23:49:26 UTC 2026","Orders — Authenticated Admin","orders_test.spec.ts","",""
"","4","test_admin_can_update_stock","tests","Tue Mar 17 23:48:24 UTC 2026","passed","Tue Mar 17 23:48:24 UTC 2026","TestUpdateProduct","products_test","",""
"Verify login fails with non-existent email","26","testLoginNonExistentEmail","API Test Suite","Tue Mar 17 23:48:26 UTC 2026","passed","Tue Mar 17 23:48:26 UTC 2026","com.automationlab.tests.AuthTest","API Tests","com.automationlab.tests.AuthTest","testLoginNonExistentEmail"
"","396","empty password stays on login page","chromium","Tue Mar 17 23:48:52 UTC 2026","passed","Tue Mar 17 23:48:53 UTC 2026","Login","login_test.spec.ts","",""
"Verify update order status fails without authentication","17","testUpdateOrderStatusNoAuth","API Test Suite","Tue Mar 17 23:48:35 UTC 2026","passed","Tue Mar 17 23:48:35 UTC 2026","com.automationlab.tests.OrderTest","API Tests","com.automationlab.tests.OrderTest","testUpdateOrderStatusNoAuth"
"","250","response contains created product data","","Tue Mar 17 23:48:21 UTC 2026","passed","Tue Mar 17 23:48:21 UTC 2026","Product Endpoints > POST /api/products","products_test.spec.ts","",""
"","72","returns HTTP 404 for non-existent order","","Tue Mar 17 23:48:16 UTC 2026","passed","Tue Mar 17 23:48:16 UTC 2026","Order Endpoints > GET /api/orders/:id","orders_test.spec.ts","",""
"","2","test_health_includes_environment","tests","Tue Mar 17 23:48:20 UTC 2026","passed","Tue Mar 17 23:48:20 UTC 2026","TestHealthEndpoint","health_test","",""
"","318","returns HTTP 403 for non-admin authenticated user","","Tue Mar 17 23:48:24 UTC 2026","passed","Tue Mar 17 23:48:25 UTC 2026","Product Endpoints > PUT /api/products/:id","products_test.spec.ts","",""
"","11","status field value is ok","","Tue Mar 17 23:48:11 UTC 2026","passed","Tue Mar 17 23:48:11 UTC 2026","Health Endpoints > GET /health","health_test.spec.ts","",""
"","389","returns HTTP 403 when cancelling another users order","","Tue Mar 17 23:48:19 UTC 2026","passed","Tue Mar 17 23:48:19 UTC 2026","Order Endpoints > DELETE /api/orders/:id","orders_test.spec.ts","",""
"","6","returns HTTP 200 without authentication","","Tue Mar 17 23:48:20 UTC 2026","passed","Tue Mar 17 23:48:20 UTC 2026","Product Endpoints > GET /api/products","products_test.spec.ts","",""
"","133","returns HTTP 200 on successful login","","Tue Mar 17 23:48:10 UTC 2026","passed","Tue Mar 17 23:48:10 UTC 2026","Authentication Endpoints > POST /api/auth/login","auth_test.spec.ts","",""
"","795","Dashboard link is visible","chromium","Tue Mar 17 23:49:01 UTC 2026","passed","Tue Mar 17 23:49:02 UTC 2026","Navbar — Authenticated Admin","navbar_test.spec.ts","",""
"","80","response body conforms to auth response schema","","Tue Mar 17 23:48:09 UTC 2026","passed","Tue Mar 17 23:48:09 UTC 2026","Authentication Endpoints > POST /api/auth/register","auth_test.spec.ts","",""
"Verify user can get their own order details","38","testGetOwnOrder","API Test Suite","Tue Mar 17 23:48:35 UTC 2026","passed","Tue Mar 17 23:48:35 UTC 2026","com.automationlab.tests.OrderTest","API Tests","com.automationlab.tests.OrderTest","testGetOwnOrder"
"","256","partial update — stock quantity — is supported","","Tue Mar 17 23:48:24 UTC 2026","passed","Tue Mar 17 23:48:24 UTC 2026","Product Endpoints > PUT /api/products/:id","products_test.spec.ts","",""
"","431","Pagination next button advances to page 2","chromium","Tue Mar 17 23:49:46 UTC 2026","passed","Tue Mar 17 23:49:46 UTC 2026","Products — Unauthenticated","products_test.spec.ts","",""
"","329","returns HTTP 201 on successful order creation","","Tue Mar 17 23:48:11 UTC 2026","passed","Tue Mar 17 23:48:11 UTC 2026","Order Endpoints > POST /api/orders","orders_test.spec.ts","",""
"Verify registered user has default role of 'user'","105","testRegistrationDefaultRole","API Test Suite","Tue Mar 17 23:48:27 UTC 2026","passed","Tue Mar 17 23:48:27 UTC 2026","com.automationlab.tests.AuthTest","API Tests","com.automationlab.tests.AuthTest","testRegistrationDefaultRole"
"","325","returns HTTP 400 when cancelling a non-pending order","","Tue Mar 17 23:48:19 UTC 2026","passed","Tue Mar 17 23:48:20 UTC 2026","Order Endpoints > DELETE /api/orders/:id","orders_test.spec.ts","",""
"Verify admin can retrieve any user","28","testAdminGetAnyUser","API Test Suite","Tue Mar 17 23:48:29 UTC 2026","passed","Tue Mar 17 23:48:29 UTC 2026","com.automationlab.tests.UserTest","API Tests","com.automationlab.tests.UserTest","testAdminGetAnyUser"
"","5","returns HTTP 400 when email is missing","","Tue Mar 17 23:48:10 UTC 2026","passed","Tue Mar 17 23:48:10 UTC 2026","Authentication Endpoints > POST /api/auth/login","auth_test.spec.ts","",""
"","10","test_order_items_include_product_details","tests","Tue Mar 17 23:48:22 UTC 2026","passed","Tue Mar 17 23:48:22 UTC 2026","TestGetOrder","orders_test","",""
"Verify update product fails without authentication","12","testUpdateProductNoAuth","API Test Suite","Tue Mar 17 23:48:32 UTC 2026","passed","Tue Mar 17 23:48:32 UTC 2026","com.automationlab.tests.ProductTest","API Tests","com.automationlab.tests.ProductTest","testUpdateProductNoAuth"
"Search with no matches shows no products found message","1251","searchWithNoMatchesShowsNoProductsFoundMessage","SQA Automation Lab — Selenium UI Suite","Tue Mar 17 23:51:33 UTC 2026","passed","Tue Mar 17 23:51:34 UTC 2026","com.sqa.ui.tests.ProductsTest","UI Tests","com.sqa.ui.tests.ProductsTest","searchWithNoMatchesShowsNoProductsFoundMessage"
"","413","Products link navigates to products page","chromium","Tue Mar 17 23:48:58 UTC 2026","passed","Tue Mar 17 23:48:59 UTC 2026","Navbar — Unauthenticated","navbar_test.spec.ts","",""
"Verify delete non-existent user returns 404","15","testDeleteNonExistentUser","API Test Suite","Tue Mar 17 23:48:29 UTC 2026","passed","Tue Mar 17 23:48:29 UTC 2026","com.automationlab.tests.UserTest","API Tests","com.automationlab.tests.UserTest","testDeleteNonExistentUser"
"","2","test_create_product_without_auth_returns_401","tests","Tue Mar 17 23:48:24 UTC 2026","passed","Tue Mar 17 23:48:24 UTC 2026","TestCreateProduct","products_test","",""
"","68","test_register_returns_user_details","tests","Tue Mar 17 23:48:19 UTC 2026","passed","Tue Mar 17 23:48:19 UTC 2026","TestRegistration","auth_test","",""
"Unauthenticated place order redirects to login","678","unauthenticatedPlaceOrderRedirectsToLogin","SQA Automation Lab — Selenium UI Suite","Tue Mar 17 23:52:44 UTC 2026","passed","Tue Mar 17 23:52:44 UTC 2026","com.sqa.ui.tests.ProductDetailTest","UI Tests","com.sqa.ui.tests.ProductDetailTest","unauthenticatedPlaceOrderRedirectsToLogin"
"Verify password is not included in user response","16","testGetUserDoesNotReturnPassword","API Test Suite","Tue Mar 17 23:48:29 UTC 2026","passed","Tue Mar 17 23:48:29 UTC 2026","com.automationlab.tests.UserTest","API Tests","com.automationlab.tests.UserTest","testGetUserDoesNotReturnPassword"
"Wrong password shows error message — AUT Bug A","955","wrongPasswordShowsErrorMessage","SQA Automation Lab — Selenium UI Suite","Tue Mar 17 23:49:32 UTC 2026","failed","Tue Mar 17 23:49:33 UTC 2026","com.sqa.ui.tests.LoginTest","UI Tests","com.sqa.ui.tests.LoginTest","wrongPasswordShowsErrorMessage"
"Sign in link is not visible when authenticated","945","signInLinkIsNotVisibleWhenAuthenticated","SQA Automation Lab — Selenium UI Suite","Tue Mar 17 23:55:35 UTC 2026","passed","Tue Mar 17 23:55:36 UTC 2026","com.sqa.ui.tests.NavigationTest","UI Tests","com.sqa.ui.tests.NavigationTest","signInLinkIsNotVisibleWhenAuthenticated"
"Verify admin can update order status","42","testUpdateOrderStatus","API Test Suite","Tue Mar 17 23:48:35 UTC 2026","passed","Tue Mar 17 23:48:35 UTC 2026","com.automationlab.tests.OrderTest","API Tests","com.automationlab.tests.OrderTest","testUpdateOrderStatus"
"","943","Admin can view products page","chromium","Tue Mar 17 23:49:47 UTC 2026","passed","Tue Mar 17 23:49:48 UTC 2026","Products — Authenticated Admin","products_test.spec.ts","",""
"","426","Brand link navigates to products page","chromium","Tue Mar 17 23:48:58 UTC 2026","passed","Tue Mar 17 23:48:58 UTC 2026","Navbar — Unauthenticated","navbar_test.spec.ts","",""
"Product card link navigates to product detail page","1063","productCardLinkNavigatesToProductDetailPage","SQA Automation Lab — Selenium UI Suite","Tue Mar 17 23:51:16 UTC 2026","passed","Tue Mar 17 23:51:17 UTC 2026","com.sqa.ui.tests.ProductsTest","UI Tests","com.sqa.ui.tests.ProductsTest","productCardLinkNavigatesToProductDetailPage"
"","921","User can view products page","chromium","Tue Mar 17 23:49:50 UTC 2026","passed","Tue Mar 17 23:49:51 UTC 2026","Products — Authenticated User","products_test.spec.ts","",""
"No auth should be required for viewing a single product.","3","test_get_product_is_public","tests","Tue Mar 17 23:48:24 UTC 2026","passed","Tue Mar 17 23:48:24 UTC 2026","TestGetProduct","products_test","",""
"Verify order includes item details","51","testOrderIncludesItemDetails","API Test Suite","Tue Mar 17 23:48:35 UTC 2026","passed","Tue Mar 17 23:48:35 UTC 2026","com.automationlab.tests.OrderTest","API Tests","com.automationlab.tests.OrderTest","testOrderIncludesItemDetails"
"Sign in link navigates to login page","629","signInLinkNavigatesToLoginPage","SQA Automation Lab — Selenium UI Suite","Tue Mar 17 23:55:43 UTC 2026","passed","Tue Mar 17 23:55:44 UTC 2026","com.sqa.ui.tests.NavigationTest","UI Tests","com.sqa.ui.tests.NavigationTest","signInLinkNavigatesToLoginPage"
"","855","User can set quantity before ordering","chromium","Tue Mar 17 23:49:41 UTC 2026","passed","Tue Mar 17 23:49:42 UTC 2026","Product Detail — Authenticated User","product_detail_test.spec.ts","",""
"","3","test_update_with_empty_body_returns_400","tests","Tue Mar 17 23:48:25 UTC 2026","passed","Tue Mar 17 23:48:25 UTC 2026","TestUpdateUser","user_test","",""
"Verify authenticated user can retrieve their own profile","67","testGetCurrentUser","API Test Suite","Tue Mar 17 23:48:26 UTC 2026","passed","Tue Mar 17 23:48:26 UTC 2026","com.automationlab.tests.AuthTest","API Tests","com.automationlab.tests.AuthTest","testGetCurrentUser"
"","2","test_root_returns_200","tests","Tue Mar 17 23:48:20 UTC 2026","passed","Tue Mar 17 23:48:20 UTC 2026","TestRootEndpoint","health_test","",""
"","248","creating with minimum fields returns 201 and stock defaults to zero","","Tue Mar 17 23:48:22 UTC 2026","passed","Tue Mar 17 23:48:22 UTC 2026","Product Endpoints > POST /api/products","products_test.spec.ts","",""
"","834","Dashboard link is visible","chromium","Tue Mar 17 23:49:08 UTC 2026","passed","Tue Mar 17 23:49:09 UTC 2026","Navbar — Authenticated Regular User","navbar_test.spec.ts","",""
"","78","user objects in response do not expose password field","","Tue Mar 17 23:48:27 UTC 2026","passed","Tue Mar 17 23:48:27 UTC 2026","User Endpoints > GET /api/users","user_test.spec.ts","",""
"","246","returns HTTP 404 for non-existent product","","Tue Mar 17 23:48:25 UTC 2026","passed","Tue Mar 17 23:48:25 UTC 2026","Product Endpoints > DELETE /api/products/:id","products_test.spec.ts","",""
"","140","returns HTTP 403 or 404 when accessing another users data","","Tue Mar 17 23:48:28 UTC 2026","passed","Tue Mar 17 23:48:28 UTC 2026","User Endpoints > GET /api/users/:id","user_test.spec.ts","",""
"Verify logout fails without token","29","testLogoutNoToken","API Test Suite","Tue Mar 17 23:48:26 UTC 2026","passed","Tue Mar 17 23:48:26 UTC 2026","com.automationlab.tests.AuthTest","API Tests","com.automationlab.tests.AuthTest","testLogoutNoToken"
"Category filter returns filtered results — AUT Bug C","1145","categoryFilterReturnsFilteredResults","SQA Automation Lab — Selenium UI Suite","Tue Mar 17 23:50:57 UTC 2026","passed","Tue Mar 17 23:50:58 UTC 2026","com.sqa.ui.tests.ProductsTest","UI Tests","com.sqa.ui.tests.ProductsTest","categoryFilterReturnsFilteredResults"
"","38205","GET /api/orders","","Tue Mar 17 23:51:01 UTC 2026","passed","Tue Mar 17 23:51:39 UTC 2026","","k6 Performance Tests","",""
"Dashboard displays user role","1448","dashboardDisplaysUserRole","SQA Automation Lab — Selenium UI Suite","Tue Mar 17 23:54:14 UTC 2026","passed","Tue Mar 17 23:54:16 UTC 2026","com.sqa.ui.tests.DashboardTest","UI Tests","com.sqa.ui.tests.DashboardTest","dashboardDisplaysUserRole"
"","311","admin can retrieve any user","","Tue Mar 17 23:48:27 UTC 2026","passed","Tue Mar 17 23:48:27 UTC 2026","User Endpoints > GET /api/users/:id","user_test.spec.ts","",""
"","282","returns HTTP 400 for negative price","","Tue Mar 17 23:48:22 UTC 2026","passed","Tue Mar 17 23:48:23 UTC 2026","Product Endpoints > POST /api/products","products_test.spec.ts","",""
"Products page displays product cards","946","productsPageDisplaysProductCards","SQA Automation Lab — Selenium UI Suite","Tue Mar 17 23:51:24 UTC 2026","passed","Tue Mar 17 23:51:25 UTC 2026","com.sqa.ui.tests.ProductsTest","UI Tests","com.sqa.ui.tests.ProductsTest","productsPageDisplaysProductCards"
"","3","test_create_product_without_name_returns_400","tests","Tue Mar 17 23:48:24 UTC 2026","passed","Tue Mar 17 23:48:24 UTC 2026","TestCreateProduct","products_test","",""
"","3","test_logout_returns_success","tests","Tue Mar 17 23:48:20 UTC 2026","passed","Tue Mar 17 23:48:20 UTC 2026","TestLogout","auth_test","",""
"","73","returns HTTP 400 for invalid page parameter","","Tue Mar 17 23:48:27 UTC 2026","passed","Tue Mar 17 23:48:27 UTC 2026","User Endpoints > GET /api/users","user_test.spec.ts","",""
"","38111","GET /api/products","","Tue Mar 17 23:50:18 UTC 2026","passed","Tue Mar 17 23:50:56 UTC 2026","","k6 Performance Tests","",""
"","855","User order error message shown on invalid product","chromium","Tue Mar 17 23:49:42 UTC 2026","passed","Tue Mar 17 23:49:43 UTC 2026","Product Detail — Authenticated User","product_detail_test.spec.ts","",""
"Verify user only sees their own orders","28","testListOrdersOnlyOwnOrders","API Test Suite","Tue Mar 17 23:48:35 UTC 2026","passed","Tue Mar 17 23:48:35 UTC 2026","com.automationlab.tests.OrderTest","API Tests","com.automationlab.tests.OrderTest","testListOrdersOnlyOwnOrders"
"","37984","Step 2: Login","","Tue Mar 17 23:51:43 UTC 2026","passed","Tue Mar 17 23:52:21 UTC 2026","","k6 Performance Tests","",""
"Verify user cannot get another user's order","34","testGetOtherUserOrder","API Test Suite","Tue Mar 17 23:48:34 UTC 2026","passed","Tue Mar 17 23:48:35 UTC 2026","com.automationlab.tests.OrderTest","API Tests","com.automationlab.tests.OrderTest","testGetOtherUserOrder"
"Verify users list does not include passwords","49","testListUsersDoesNotReturnPasswords","API Test Suite","Tue Mar 17 23:48:29 UTC 2026","passed","Tue Mar 17 23:48:29 UTC 2026","com.automationlab.tests.UserTest","API Tests","com.automationlab.tests.UserTest","testListUsersDoesNotReturnPasswords"
"Products link navigates to products page","603","productsLinkNavigatesToProductsPage","SQA Automation Lab — Selenium UI Suite","Tue Mar 17 23:55:19 UTC 2026","passed","Tue Mar 17 23:55:19 UTC 2026","com.sqa.ui.tests.NavigationTest","UI Tests","com.sqa.ui.tests.NavigationTest","productsLinkNavigatesToProductsPage"
"","856","Sign-out redirects to login page","chromium","Tue Mar 17 23:48:49 UTC 2026","passed","Tue Mar 17 23:48:50 UTC 2026","Dashboard — Authenticated Regular User","dashboard_test.spec.ts","",""
"Verify products list supports pagination","37","testListProductsPagination","API Test Suite","Tue Mar 17 23:48:32 UTC 2026","passed","Tue Mar 17 23:48:32 UTC 2026","com.automationlab.tests.ProductTest","API Tests","com.automationlab.tests.ProductTest","testListProductsPagination"
"","867","Dashboard link navigates to dashboard page","chromium","Tue Mar 17 23:49:05 UTC 2026","passed","Tue Mar 17 23:49:05 UTC 2026","Navbar — Authenticated Admin","navbar_test.spec.ts","",""
"","135","returns HTTP 403 or 404 when updating another users data","","Tue Mar 17 23:48:28 UTC 2026","passed","Tue Mar 17 23:48:29 UTC 2026","User Endpoints > PUT /api/users/:id","user_test.spec.ts","",""
"Verify registration succeeds without last name (optional field)","108","testRegistrationMissingLastName","API Test Suite","Tue Mar 17 23:48:27 UTC 2026","passed","Tue Mar 17 23:48:27 UTC 2026","com.automationlab.tests.AuthTest","API Tests","com.automationlab.tests.AuthTest","testRegistrationMissingLastName"
"","83","response contains token","","Tue Mar 17 23:48:09 UTC 2026","passed","Tue Mar 17 23:48:09 UTC 2026","Authentication Endpoints > POST /api/auth/register","auth_test.spec.ts","",""
"","5","test_update_own_last_name","tests","Tue Mar 17 23:48:25 UTC 2026","passed","Tue Mar 17 23:48:25 UTC 2026","TestUpdateUser","user_test","",""
"","11","test_user_can_cancel_pending_order","tests","Tue Mar 17 23:48:23 UTC 2026","passed","Tue Mar 17 23:48:23 UTC 2026","TestCancelOrder","orders_test","",""
"","1179","Admin all status filter options are selectable","chromium","Tue Mar 17 23:49:23 UTC 2026","passed","Tue Mar 17 23:49:25 UTC 2026","Orders — Authenticated Admin","orders_test.spec.ts","",""
"","6","returns HTTP 404 for non-existent product","","Tue Mar 17 23:48:21 UTC 2026","passed","Tue Mar 17 23:48:21 UTC 2026","Product Endpoints > GET /api/products/:id","products_test.spec.ts","",""
"Verify JWT token contains required claims","281","testTokenStructure","API Test Suite","Tue Mar 17 23:48:27 UTC 2026","passed","Tue Mar 17 23:48:28 UTC 2026","com.automationlab.tests.AuthTest","API Tests","com.automationlab.tests.AuthTest","testTokenStructure"
"","947","User cancel order dismissed by user leaves order intact","chromium","Tue Mar 17 23:49:34 UTC 2026","passed","Tue Mar 17 23:49:35 UTC 2026","Orders — Authenticated User","orders_test.spec.ts","",""
"","136","response contains token","","Tue Mar 17 23:48:10 UTC 2026","passed","Tue Mar 17 23:48:10 UTC 2026","Authentication Endpoints > POST /api/auth/login","auth_test.spec.ts","",""
"Verify order response includes timestamps","34","testGetOrderIncludesTimestamps","API Test Suite","Tue Mar 17 23:48:34 UTC 2026","passed","Tue Mar 17 23:48:34 UTC 2026","com.automationlab.tests.OrderTest","API Tests","com.automationlab.tests.OrderTest","testGetOrderIncludesTimestamps"
"","3","test_list_users_limit_exceeds_max_returns_400","tests","Tue Mar 17 23:48:24 UTC 2026","passed","Tue Mar 17 23:48:24 UTC 2026","TestListUsers","user_test","",""
"","410","empty email stays on login page","chromium","Tue Mar 17 23:48:52 UTC 2026","passed","Tue Mar 17 23:48:52 UTC 2026","Login","login_test.spec.ts","",""
"","530","Clear button resets search results","chromium","Tue Mar 17 23:49:44 UTC 2026","passed","Tue Mar 17 23:49:45 UTC 2026","Products — Unauthenticated","products_test.spec.ts","",""
"Verify user can update multiple fields simultaneously","110","testUpdateMultipleFields","API Test Suite","Tue Mar 17 23:48:30 UTC 2026","passed","Tue Mar 17 23:48:30 UTC 2026","com.automationlab.tests.UserTest","API Tests","com.automationlab.tests.UserTest","testUpdateMultipleFields"
"","66","test_register_does_not_return_password","tests","Tue Mar 17 23:48:19 UTC 2026","passed","Tue Mar 17 23:48:19 UTC 2026","TestRegistration","auth_test","",""
"","859","Sign-out clears session and redirects to login","chromium","Tue Mar 17 23:49:05 UTC 2026","passed","Tue Mar 17 23:49:06 UTC 2026","Navbar — Authenticated Admin","navbar_test.spec.ts","",""
"","375","login page displays sign in heading","chromium","Tue Mar 17 23:48:50 UTC 2026","passed","Tue Mar 17 23:48:50 UTC 2026","Login","login_test.spec.ts","",""
"","847","Dashboard displays user email","chromium","Tue Mar 17 23:48:39 UTC 2026","passed","Tue Mar 17 23:48:40 UTC 2026","Dashboard — Authenticated Admin","dashboard_test.spec.ts","",""
"","38119","PUT /api/products/:id","","Tue Mar 17 23:50:20 UTC 2026","passed","Tue Mar 17 23:50:58 UTC 2026","","k6 Performance Tests","",""
"","636","Empty email shows validation error","chromium","Tue Mar 17 23:50:08 UTC 2026","passed","Tue Mar 17 23:50:09 UTC 2026","Register","register_test.spec.ts","",""
"Back to products link navigates to products page","1158","backToProductsLinkNavigatesToProductsPage","SQA Automation Lab — Selenium UI Suite","Tue Mar 17 23:51:47 UTC 2026","passed","Tue Mar 17 23:51:48 UTC 2026","com.sqa.ui.tests.ProductDetailTest","UI Tests","com.sqa.ui.tests.ProductDetailTest","backToProductsLinkNavigatesToProductsPage"
"","4","test_get_user_returns_full_profile","tests","Tue Mar 17 23:48:25 UTC 2026","passed","Tue Mar 17 23:48:25 UTC 2026","TestGetUser","user_test","",""
"","4","test_list_users_returns_paginated_results","tests","Tue Mar 17 23:48:24 UTC 2026","passed","Tue Mar 17 23:48:24 UTC 2026","TestListUsers","user_test","",""
"","11","category filter returns only products from that category","","Tue Mar 17 23:48:20 UTC 2026","passed","Tue Mar 17 23:48:20 UTC 2026","Product Endpoints > GET /api/products","products_test.spec.ts","",""
"","842","View all orders link navigates to orders page","chromium","Tue Mar 17 23:48:48 UTC 2026","passed","Tue Mar 17 23:48:49 UTC 2026","Dashboard — Authenticated Regular User","dashboard_test.spec.ts","",""
"","324","order item details include product_id, quantity, and price","","Tue Mar 17 23:48:12 UTC 2026","passed","Tue Mar 17 23:48:12 UTC 2026","Order Endpoints > POST /api/orders","orders_test.spec.ts","",""
"Verify health endpoint returns healthy status","55","testHealthEndpoint","API Test Suite","Tue Mar 17 23:48:25 UTC 2026","passed","Tue Mar 17 23:48:25 UTC 2026","com.automationlab.tests.HealthTest","API Tests","com.automationlab.tests.HealthTest","testHealthEndpoint"
"","4","test_update_nonexistent_product_returns_404","tests","Tue Mar 17 23:48:24 UTC 2026","passed","Tue Mar 17 23:48:24 UTC 2026","TestUpdateProduct","products_test","",""
"","39217","DELETE /api/users/:id","","Tue Mar 17 23:49:38 UTC 2026","passed","Tue Mar 17 23:50:17 UTC 2026","","k6 Performance Tests","",""
"","13","returns HTTP 400 when password is missing","","Tue Mar 17 23:48:10 UTC 2026","passed","Tue Mar 17 23:48:10 UTC 2026","Authentication Endpoints > POST /api/auth/register","auth_test.spec.ts","",""
"Get order detail should include item breakdown.","11","test_get_order_with_items","tests","Tue Mar 17 23:48:22 UTC 2026","passed","Tue Mar 17 23:48:22 UTC 2026","TestGetOrder","orders_test","",""
"Verify registration fails with invalid email format","20","testRegistrationInvalidEmail","API Test Suite","Tue Mar 17 23:48:27 UTC 2026","passed","Tue Mar 17 23:48:27 UTC 2026","com.automationlab.tests.AuthTest","API Tests","com.automationlab.tests.AuthTest","testRegistrationInvalidEmail"
"","38123","POST /api/products - unauthorized (non-admin)","","Tue Mar 17 23:50:20 UTC 2026","passed","Tue Mar 17 23:50:58 UTC 2026","","k6 Performance Tests","",""
"","3","test_admin_can_delete_product","tests","Tue Mar 17 23:48:24 UTC 2026","passed","Tue Mar 17 23:48:24 UTC 2026","TestDeleteProduct","products_test","",""
"Pagination prev button returns to page 1 — AUT Bug E","1259","paginationPrevButtonReturnsToPAge1","SQA Automation Lab — Selenium UI Suite","Tue Mar 17 23:51:11 UTC 2026","passed","Tue Mar 17 23:51:12 UTC 2026","com.sqa.ui.tests.ProductsTest","UI Tests","com.sqa.ui.tests.ProductsTest","paginationPrevButtonReturnsToPAge1"
"","1116","User cancel order with confirmation removes order from pending list","chromium","Tue Mar 17 23:49:33 UTC 2026","passed","Tue Mar 17 23:49:34 UTC 2026","Orders — Authenticated User","orders_test.spec.ts","",""
"Verify admin can update product details","33","testUpdateProduct","API Test Suite","Tue Mar 17 23:48:32 UTC 2026","passed","Tue Mar 17 23:48:32 UTC 2026","com.automationlab.tests.ProductTest","API Tests","com.automationlab.tests.ProductTest","testUpdateProduct"
"","72","password field is not included in user response object","","Tue Mar 17 23:48:09 UTC 2026","passed","Tue Mar 17 23:48:09 UTC 2026","Authentication Endpoints > POST /api/auth/register","auth_test.spec.ts","",""
"","591","Valid registration renders authenticated navbar state","chromium","Tue Mar 17 23:49:54 UTC 2026","passed","Tue Mar 17 23:49:55 UTC 2026","Register","register_test.spec.ts","",""
"Sign out button clears session and redirects to login","1096","signOutButtonClearsSessionAndRedirectsToLogin","SQA Automation Lab — Selenium UI Suite","Tue Mar 17 23:55:47 UTC 2026","passed","Tue Mar 17 23:55:48 UTC 2026","com.sqa.ui.tests.NavigationTest","UI Tests","com.sqa.ui.tests.NavigationTest","signOutButtonClearsSessionAndRedirectsToLogin"
"","324","returns HTTP 403 for non-admin authenticated user","","Tue Mar 17 23:48:17 UTC 2026","passed","Tue Mar 17 23:48:18 UTC 2026","Order Endpoints > PATCH /api/orders/:id/status","orders_test.spec.ts","",""
"","3","test_health_includes_uptime","tests","Tue Mar 17 23:48:20 UTC 2026","passed","Tue Mar 17 23:48:20 UTC 2026","TestHealthEndpoint","health_test","",""
"","3","test_create_order_without_items_returns_400","tests","Tue Mar 17 23:48:21 UTC 2026","passed","Tue Mar 17 23:48:21 UTC 2026","TestCreateOrder","orders_test","",""
"Cancel order dismissed by user leaves order intact — AUT Bug C","1082","cancelOrderDismissedLeavesOrderIntact","SQA Automation Lab — Selenium UI Suite","Tue Mar 17 23:52:54 UTC 2026","passed","Tue Mar 17 23:52:55 UTC 2026","com.sqa.ui.tests.OrdersTest","UI Tests","com.sqa.ui.tests.OrdersTest","cancelOrderDismissedLeavesOrderIntact"
"","1434","Dashboard page displays welcome heading","chromium","Tue Mar 17 23:48:37 UTC 2026","passed","Tue Mar 17 23:48:39 UTC 2026","Dashboard — Authenticated Admin","dashboard_test.spec.ts","",""
"Clear button resets search results","1331","clearButtonResetsSearchResults","SQA Automation Lab — Selenium UI Suite","Tue Mar 17 23:51:02 UTC 2026","passed","Tue Mar 17 23:51:03 UTC 2026","com.sqa.ui.tests.ProductsTest","UI Tests","com.sqa.ui.tests.ProductsTest","clearButtonResetsSearchResults"
"","73","returns HTTP 400 or 404 for non-existent product","","Tue Mar 17 23:48:13 UTC 2026","passed","Tue Mar 17 23:48:13 UTC 2026","Order Endpoints > POST /api/orders","orders_test.spec.ts","",""
"","37983","Step 6: Check order status","","Tue Mar 17 23:51:47 UTC 2026","passed","Tue Mar 17 23:52:25 UTC 2026","","k6 Performance Tests","",""
"","597","Valid registration redirects to dashboard page","chromium","Tue Mar 17 23:49:53 UTC 2026","passed","Tue Mar 17 23:49:54 UTC 2026","Register","register_test.spec.ts","",""
"","7","limit parameter is respected","","Tue Mar 17 23:48:20 UTC 2026","passed","Tue Mar 17 23:48:20 UTC 2026","Product Endpoints > GET /api/products","products_test.spec.ts","",""
"","3","test_product_fields_in_listing","tests","Tue Mar 17 23:48:24 UTC 2026","passed","Tue Mar 17 23:48:24 UTC 2026","TestListProducts","products_test","",""
"","8","returns HTTP 400 for password shorter than minimum length","","Tue Mar 17 23:48:10 UTC 2026","passed","Tue Mar 17 23:48:10 UTC 2026","Authentication Endpoints > POST /api/auth/register","auth_test.spec.ts","",""
"Verify users list only returns active users","116","testListOnlyActiveUsers","API Test Suite","Tue Mar 17 23:48:29 UTC 2026","passed","Tue Mar 17 23:48:29 UTC 2026","com.automationlab.tests.UserTest","API Tests","com.automationlab.tests.UserTest","testListOnlyActiveUsers"
"","3","test_register_without_email_returns_400","tests","Tue Mar 17 23:48:19 UTC 2026","passed","Tue Mar 17 23:48:19 UTC 2026","TestRegistration","auth_test","",""
"","843","View all orders link navigates to orders page","chromium","Tue Mar 17 23:48:43 UTC 2026","passed","Tue Mar 17 23:48:44 UTC 2026","Dashboard — Authenticated Admin","dashboard_test.spec.ts","",""
"Verify order calculates correct total amount","24","testOrderCalculatesTotalAmount","API Test Suite","Tue Mar 17 23:48:35 UTC 2026","passed","Tue Mar 17 23:48:35 UTC 2026","com.automationlab.tests.OrderTest","API Tests","com.automationlab.tests.OrderTest","testOrderCalculatesTotalAmount"
"","14","returns HTTP 400 when email is missing","","Tue Mar 17 23:48:10 UTC 2026","passed","Tue Mar 17 23:48:10 UTC 2026","Authentication Endpoints > POST /api/auth/register","auth_test.spec.ts","",""
"Verify user has correct role field","33","testGetUserRole","API Test Suite","Tue Mar 17 23:48:29 UTC 2026","passed","Tue Mar 17 23:48:29 UTC 2026","com.automationlab.tests.UserTest","API Tests","com.automationlab.tests.UserTest","testGetUserRole"
"","69","returns HTTP 200 when soft deleting own account","","Tue Mar 17 23:48:29 UTC 2026","passed","Tue Mar 17 23:48:29 UTC 2026","User Endpoints > DELETE /api/users/:id","user_test.spec.ts","",""
"","526","Invalid email format shows validation error","chromium","Tue Mar 17 23:50:09 UTC 2026","passed","Tue Mar 17 23:50:10 UTC 2026","Register","register_test.spec.ts","",""
"Verify create order fails without authentication","7","testCreateOrderNoAuth","API Test Suite","Tue Mar 17 23:48:34 UTC 2026","passed","Tue Mar 17 23:48:34 UTC 2026","com.automationlab.tests.OrderTest","API Tests","com.automationlab.tests.OrderTest","testCreateOrderNoAuth"
"Status filter cancelled shows filtered results or empty state — AUT Bug C","866","statusFilterCancelledShowsFilteredResultsOrEmptyState","SQA Automation Lab — Selenium UI Suite","Tue Mar 17 23:53:47 UTC 2026","passed","Tue Mar 17 23:53:48 UTC 2026","com.sqa.ui.tests.OrdersTest","UI Tests","com.sqa.ui.tests.OrdersTest","statusFilterCancelledShowsFilteredResultsOrEmptyState"
"ILIKE search should be case-insensitive.","8","test_search_is_case_insensitive","tests","Tue Mar 17 23:48:24 UTC 2026","passed","Tue Mar 17 23:48:24 UTC 2026","TestFilterProducts","products_test","",""
"","566","Password shorter than 6 characters shows validation error","chromium","Tue Mar 17 23:50:10 UTC 2026","passed","Tue Mar 17 23:50:10 UTC 2026","Register","register_test.spec.ts","",""
"Verify update user fails without authentication","13","testUpdateUserNoAuth","API Test Suite","Tue Mar 17 23:48:30 UTC 2026","passed","Tue Mar 17 23:48:30 UTC 2026","com.automationlab.tests.UserTest","API Tests","com.automationlab.tests.UserTest","testUpdateUserNoAuth"
"Browse Products link navigates to products page","1491","browseProductsLinkNavigatesToProductsPage","SQA Automation Lab — Selenium UI Suite","Tue Mar 17 23:54:00 UTC 2026","passed","Tue Mar 17 23:54:02 UTC 2026","com.sqa.ui.tests.DashboardTest","UI Tests","com.sqa.ui.tests.DashboardTest","browseProductsLinkNavigatesToProductsPage"
"","289","Product detail page displays product price","chromium","Tue Mar 17 23:49:36 UTC 2026","passed","Tue Mar 17 23:49:36 UTC 2026","Product Detail — Unauthenticated","product_detail_test.spec.ts","",""
"Verify user cannot update another user's profile","21","testUpdateOtherUserForbidden","API Test Suite","Tue Mar 17 23:48:30 UTC 2026","passed","Tue Mar 17 23:48:30 UTC 2026","com.automationlab.tests.UserTest","API Tests","com.automationlab.tests.UserTest","testUpdateOtherUserForbidden"
"Verify authenticated user can logout","21","testLogout","API Test Suite","Tue Mar 17 23:48:26 UTC 2026","passed","Tue Mar 17 23:48:26 UTC 2026","com.automationlab.tests.AuthTest","API Tests","com.automationlab.tests.AuthTest","testLogout"
"","814","Orders link is visible","chromium","Tue Mar 17 23:49:00 UTC 2026","passed","Tue Mar 17 23:49:01 UTC 2026","Navbar — Authenticated Admin","navbar_test.spec.ts","",""
"Verify orders can be filtered by status","44","testListOrdersByStatus","API Test Suite","Tue Mar 17 23:48:35 UTC 2026","passed","Tue Mar 17 23:48:35 UTC 2026","com.automationlab.tests.OrderTest","API Tests","com.automationlab.tests.OrderTest","testListOrdersByStatus"
"","4","test_list_users_excludes_passwords","tests","Tue Mar 17 23:48:24 UTC 2026","passed","Tue Mar 17 23:48:24 UTC 2026","TestListUsers","user_test","",""
"","72","returns HTTP 200 with valid token","","Tue Mar 17 23:48:11 UTC 2026","passed","Tue Mar 17 23:48:11 UTC 2026","Authentication Endpoints > POST /api/auth/logout","auth_test.spec.ts","",""
"","9","pagination metadata contains expected fields","","Tue Mar 17 23:48:20 UTC 2026","passed","Tue Mar 17 23:48:20 UTC 2026","Product Endpoints > GET /api/products","products_test.spec.ts","",""
"Verify create product fails with negative stock","13","testCreateProductNegativeStock","API Test Suite","Tue Mar 17 23:48:32 UTC 2026","passed","Tue Mar 17 23:48:32 UTC 2026","com.automationlab.tests.ProductTest","API Tests","com.automationlab.tests.ProductTest","testCreateProductNegativeStock"
"Create two products and order both.","15","test_create_order_with_multiple_items","tests","Tue Mar 17 23:48:20 UTC 2026","passed","Tue Mar 17 23:48:20 UTC 2026","TestCreateOrder","orders_test","",""
"All status filter options are selectable — AUT Bug C","1307","allStatusFilterOptionsAreSelectable","SQA Automation Lab — Selenium UI Suite","Tue Mar 17 23:52:48 UTC 2026","passed","Tue Mar 17 23:52:50 UTC 2026","com.sqa.ui.tests.OrdersTest","UI Tests","com.sqa.ui.tests.OrdersTest","allStatusFilterOptionsAreSelectable"
"**Risk:** Informational
**Confidence:** 2
**Instances:** 3

**Description:**
Check for differences in response based on fuzzed User Agent (eg. mobile sites, access as a Search Engine Crawler). Compares the response statuscode and the hashcode of the response body with the original response.

**Solution:**
","0","User Agent Fuzzer","","Tue Mar 17 23:49:31 UTC 2026","passed","Tue Mar 17 23:49:31 UTC 2026","","Security - ZAP API Scan","",""
"","38204","PATCH /api/orders/:id/status - admin","","Tue Mar 17 23:51:02 UTC 2026","passed","Tue Mar 17 23:51:40 UTC 2026","","k6 Performance Tests","",""
"Search should find products by name substring.","6","test_search_by_name","tests","Tue Mar 17 23:48:24 UTC 2026","passed","Tue Mar 17 23:48:24 UTC 2026","TestFilterProducts","products_test","",""
"Verify pagination returns correct total count","60","testListUsersPaginationTotalCount","API Test Suite","Tue Mar 17 23:48:30 UTC 2026","passed","Tue Mar 17 23:48:30 UTC 2026","com.automationlab.tests.UserTest","API Tests","com.automationlab.tests.UserTest","testListUsersPaginationTotalCount"
"","5678","Empty last name shows validation error","chromium","Tue Mar 17 23:50:01 UTC 2026","failed","Tue Mar 17 23:50:07 UTC 2026","Register","register_test.spec.ts","",""
"Cancel order with confirmation removes order from pending list — AUT Bug C","970","cancelOrderWithConfirmationRemovesOrderFromPendingList","SQA Automation Lab — Selenium UI Suite","Tue Mar 17 23:52:59 UTC 2026","passed","Tue Mar 17 23:53:00 UTC 2026","com.sqa.ui.tests.OrdersTest","UI Tests","com.sqa.ui.tests.OrdersTest","cancelOrderWithConfirmationRemovesOrderFromPendingList"
"","5","returns HTTP 401 without token","","Tue Mar 17 23:48:15 UTC 2026","passed","Tue Mar 17 23:48:15 UTC 2026","Order Endpoints > GET /api/orders/:id","orders_test.spec.ts","",""
"","1180","User all status filter options are selectable","chromium","Tue Mar 17 23:49:31 UTC 2026","passed","Tue Mar 17 23:49:32 UTC 2026","Orders — Authenticated User","orders_test.spec.ts","",""
"","3","test_create_product_with_minimum_fields","tests","Tue Mar 17 23:48:24 UTC 2026","passed","Tue Mar 17 23:48:24 UTC 2026","TestCreateProduct","products_test","",""
"","850","Admin can set quantity before ordering","chromium","Tue Mar 17 23:49:39 UTC 2026","passed","Tue Mar 17 23:49:40 UTC 2026","Product Detail — Authenticated Admin","product_detail_test.spec.ts","",""
"Verify search is case-insensitive","28","testSearchProductsCaseInsensitive","API Test Suite","Tue Mar 17 23:48:32 UTC 2026","passed","Tue Mar 17 23:48:32 UTC 2026","com.automationlab.tests.ProductTest","API Tests","com.automationlab.tests.ProductTest","testSearchProductsCaseInsensitive"
"","4","test_register_with_invalid_email_returns_400","tests","Tue Mar 17 23:48:19 UTC 2026","passed","Tue Mar 17 23:48:19 UTC 2026","TestRegistration","auth_test","",""
"","813","Dashboard displays admin role badge","chromium","Tue Mar 17 23:48:40 UTC 2026","passed","Tue Mar 17 23:48:41 UTC 2026","Dashboard — Authenticated Admin","dashboard_test.spec.ts","",""
"Verify multiple consecutive health checks return consistent status","231","testHealthEndpointConsistency","API Test Suite","Tue Mar 17 23:48:25 UTC 2026","passed","Tue Mar 17 23:48:25 UTC 2026","com.automationlab.tests.HealthTest","API Tests","com.automationlab.tests.HealthTest","testHealthEndpointConsistency"
"","349","Orders link is not visible","chromium","Tue Mar 17 23:48:57 UTC 2026","passed","Tue Mar 17 23:48:57 UTC 2026","Navbar — Unauthenticated","navbar_test.spec.ts","",""
"","7","response body conforms to health schema","","Tue Mar 17 23:48:11 UTC 2026","passed","Tue Mar 17 23:48:11 UTC 2026","Health Endpoints > GET /health","health_test.spec.ts","",""
"Verify admin can soft delete any user","133","testAdminDeleteAnyUser","API Test Suite","Tue Mar 17 23:48:29 UTC 2026","passed","Tue Mar 17 23:48:29 UTC 2026","com.automationlab.tests.UserTest","API Tests","com.automationlab.tests.UserTest","testAdminDeleteAnyUser"
"","30016","Product Tests","","Tue Mar 17 23:49:58 UTC 2026","passed","Tue Mar 17 23:50:28 UTC 2026","","JMeter Performance Tests","",""
"","8","response body conforms to paginated products schema","","Tue Mar 17 23:48:20 UTC 2026","passed","Tue Mar 17 23:48:20 UTC 2026","Product Endpoints > GET /api/products","products_test.spec.ts","",""
"","251","returns HTTP 401 without token","","Tue Mar 17 23:48:26 UTC 2026","passed","Tue Mar 17 23:48:26 UTC 2026","Product Endpoints > DELETE /api/products/:id","products_test.spec.ts","",""
"Empty email shows validation error","885","emptyEmailShowsValidationError","SQA Automation Lab — Selenium UI Suite","Tue Mar 17 23:48:57 UTC 2026","passed","Tue Mar 17 23:48:58 UTC 2026","com.sqa.ui.tests.LoginTest","UI Tests","com.sqa.ui.tests.LoginTest","emptyEmailShowsValidationError"
"","769","Sign out button is visible","chromium","Tue Mar 17 23:49:00 UTC 2026","passed","Tue Mar 17 23:49:00 UTC 2026","Navbar — Authenticated Admin","navbar_test.spec.ts","",""
"Register link is not visible when authenticated","981","registerLinkIsNotVisibleWhenAuthenticated","SQA Automation Lab — Selenium UI Suite","Tue Mar 17 23:55:23 UTC 2026","passed","Tue Mar 17 23:55:23 UTC 2026","com.sqa.ui.tests.NavigationTest","UI Tests","com.sqa.ui.tests.NavigationTest","registerLinkIsNotVisibleWhenAuthenticated"
"Regular users should not be able to view other users' profiles.","3","test_user_cannot_view_other_user","tests","Tue Mar 17 23:48:25 UTC 2026","passed","Tue Mar 17 23:48:25 UTC 2026","TestGetUser","user_test","",""
"","70","returns HTTP 201 with minimum required fields — email and password only","","Tue Mar 17 23:48:10 UTC 2026","passed","Tue Mar 17 23:48:10 UTC 2026","Authentication Endpoints > POST /api/auth/register","auth_test.spec.ts","",""
"","8","test_status_update_changes_updated_at","tests","Tue Mar 17 23:48:23 UTC 2026","passed","Tue Mar 17 23:48:23 UTC 2026","TestUpdateOrderStatus","orders_test","",""
"Verify anyone can get product details without authentication","40","testGetProductPublic","API Test Suite","Tue Mar 17 23:48:32 UTC 2026","passed","Tue Mar 17 23:48:32 UTC 2026","com.automationlab.tests.ProductTest","API Tests","com.automationlab.tests.ProductTest","testGetProductPublic"
"Product detail page displays product name","377","productDetailPageDisplaysProductName","SQA Automation Lab — Selenium UI Suite","Tue Mar 17 23:52:32 UTC 2026","failed","Tue Mar 17 23:52:33 UTC 2026","com.sqa.ui.tests.ProductDetailTest","UI Tests","com.sqa.ui.tests.ProductDetailTest","productDetailPageDisplaysProductName"
"Recent orders table displays when orders exist","1433","recentOrdersTableDisplaysWhenOrdersExist","SQA Automation Lab — Selenium UI Suite","Tue Mar 17 23:54:24 UTC 2026","passed","Tue Mar 17 23:54:25 UTC 2026","com.sqa.ui.tests.DashboardTest","UI Tests","com.sqa.ui.tests.DashboardTest","recentOrdersTableDisplaysWhenOrdersExist"
"","439","Search returns filtered results","chromium","Tue Mar 17 23:49:44 UTC 2026","passed","Tue Mar 17 23:49:44 UTC 2026","Products — Unauthenticated","products_test.spec.ts","",""
"","780","Register link is not visible","chromium","Tue Mar 17 23:49:03 UTC 2026","passed","Tue Mar 17 23:49:04 UTC 2026","Navbar — Authenticated Admin","navbar_test.spec.ts","",""
"","247","returns HTTP 400 for negative stock quantity","","Tue Mar 17 23:48:23 UTC 2026","passed","Tue Mar 17 23:48:23 UTC 2026","Product Endpoints > POST /api/products","products_test.spec.ts","",""
"","842","Sign-out redirects to login page","chromium","Tue Mar 17 23:48:44 UTC 2026","passed","Tue Mar 17 23:48:45 UTC 2026","Dashboard — Authenticated Admin","dashboard_test.spec.ts","",""
"Verify password is not returned in registration response","121","testRegistrationDoesNotReturnPassword","API Test Suite","Tue Mar 17 23:48:27 UTC 2026","passed","Tue Mar 17 23:48:27 UTC 2026","com.automationlab.tests.AuthTest","API Tests","com.automationlab.tests.AuthTest","testRegistrationDoesNotReturnPassword"
"Sign out button is not visible when unauthenticated","476","signOutButtonIsNotVisibleWhenUnauthenticated","SQA Automation Lab — Selenium UI Suite","Tue Mar 17 23:55:52 UTC 2026","passed","Tue Mar 17 23:55:52 UTC 2026","com.sqa.ui.tests.NavigationTest","UI Tests","com.sqa.ui.tests.NavigationTest","signOutButtonIsNotVisibleWhenUnauthenticated"
"Verify delete product fails without authentication","9","testDeleteProductNoAuth","API Test Suite","Tue Mar 17 23:48:32 UTC 2026","passed","Tue Mar 17 23:48:32 UTC 2026","com.automationlab.tests.ProductTest","API Tests","com.automationlab.tests.ProductTest","testDeleteProductNoAuth"
"","7","search parameter returns HTTP 200","","Tue Mar 17 23:48:20 UTC 2026","passed","Tue Mar 17 23:48:20 UTC 2026","Product Endpoints > GET /api/products","products_test.spec.ts","",""
"","333","returns HTTP 403 for non-admin authenticated user","","Tue Mar 17 23:48:25 UTC 2026","passed","Tue Mar 17 23:48:26 UTC 2026","Product Endpoints > DELETE /api/products/:id","products_test.spec.ts","",""
"","4","test_login_with_nonexistent_email_returns_401","tests","Tue Mar 17 23:48:20 UTC 2026","passed","Tue Mar 17 23:48:20 UTC 2026","TestLogin","auth_test","",""
"","241","test_login_as_admin","tests","Tue Mar 17 23:48:19 UTC 2026","passed","Tue Mar 17 23:48:20 UTC 2026","TestLogin","auth_test","",""
"","9","test_admin_can_update_status_to_processing","tests","Tue Mar 17 23:48:22 UTC 2026","passed","Tue Mar 17 23:48:22 UTC 2026","TestUpdateOrderStatus","orders_test","",""
"","360","Products page displays product cards","chromium","Tue Mar 17 23:49:44 UTC 2026","passed","Tue Mar 17 23:49:44 UTC 2026","Products — Unauthenticated","products_test.spec.ts","",""
"","928","Admin orders page displays order cards","chromium","Tue Mar 17 23:49:14 UTC 2026","passed","Tue Mar 17 23:49:15 UTC 2026","Orders — Authenticated Admin","orders_test.spec.ts","",""
"","846","Orders link navigates to orders page","chromium","Tue Mar 17 23:49:10 UTC 2026","passed","Tue Mar 17 23:49:11 UTC 2026","Navbar — Authenticated Regular User","navbar_test.spec.ts","",""
"","4","test_delete_nonexistent_user_returns_404","tests","Tue Mar 17 23:48:25 UTC 2026","passed","Tue Mar 17 23:48:25 UTC 2026","TestDeleteUser","user_test","",""
"","4","test_list_users_respects_limit","tests","Tue Mar 17 23:48:24 UTC 2026","passed","Tue Mar 17 23:48:24 UTC 2026","TestListUsers","user_test","",""
"Verify get non-existent order returns 404","16","testGetNonExistentOrder","API Test Suite","Tue Mar 17 23:48:34 UTC 2026","passed","Tue Mar 17 23:48:34 UTC 2026","com.automationlab.tests.OrderTest","API Tests","com.automationlab.tests.OrderTest","testGetNonExistentOrder"
"","333","register link navigates to register page","chromium","Tue Mar 17 23:48:54 UTC 2026","passed","Tue Mar 17 23:48:55 UTC 2026","Login","login_test.spec.ts","",""
"","8","test_admin_can_update_status_to_shipped","tests","Tue Mar 17 23:48:22 UTC 2026","passed","Tue Mar 17 23:48:22 UTC 2026","TestUpdateOrderStatus","orders_test","",""
"Verify registration returns user ID","114","testRegistrationReturnsUserId","API Test Suite","Tue Mar 17 23:48:27 UTC 2026","passed","Tue Mar 17 23:48:27 UTC 2026","com.automationlab.tests.AuthTest","API Tests","com.automationlab.tests.AuthTest","testRegistrationReturnsUserId"
"","939","Admin can navigate to product detail","chromium","Tue Mar 17 23:49:49 UTC 2026","passed","Tue Mar 17 23:49:50 UTC 2026","Products — Authenticated Admin","products_test.spec.ts","",""
"","794","Sign-in link is not visible","chromium","Tue Mar 17 23:49:09 UTC 2026","passed","Tue Mar 17 23:49:10 UTC 2026","Navbar — Authenticated Regular User","navbar_test.spec.ts","",""
"","9","response contains products array and pagination object","","Tue Mar 17 23:48:20 UTC 2026","passed","Tue Mar 17 23:48:20 UTC 2026","Product Endpoints > GET /api/products","products_test.spec.ts","",""
"","322","new order status is pending","","Tue Mar 17 23:48:12 UTC 2026","passed","Tue Mar 17 23:48:12 UTC 2026","Order Endpoints > POST /api/orders","orders_test.spec.ts","",""
"","379","Category filter returns filtered results","chromium","Tue Mar 17 23:49:45 UTC 2026","passed","Tue Mar 17 23:49:46 UTC 2026","Products — Unauthenticated","products_test.spec.ts","",""
"","94","test_register_new_user","tests","Tue Mar 17 23:48:19 UTC 2026","passed","Tue Mar 17 23:48:19 UTC 2026","TestRegistration","auth_test","",""
"Dashboard link is visible when authenticated","905","dashboardLinkIsVisibleWhenAuthenticated","SQA Automation Lab — Selenium UI Suite","Tue Mar 17 23:54:49 UTC 2026","passed","Tue Mar 17 23:54:50 UTC 2026","com.sqa.ui.tests.NavigationTest","UI Tests","com.sqa.ui.tests.NavigationTest","dashboardLinkIsVisibleWhenAuthenticated"
"","251","returns HTTP 401 without token","","Tue Mar 17 23:48:25 UTC 2026","passed","Tue Mar 17 23:48:25 UTC 2026","Product Endpoints > PUT /api/products/:id","products_test.spec.ts","",""
"Verify successful user registration with valid data","120","testSuccessfulRegistration","API Test Suite","Tue Mar 17 23:48:28 UTC 2026","passed","Tue Mar 17 23:48:28 UTC 2026","com.automationlab.tests.AuthTest","API Tests","com.automationlab.tests.AuthTest","testSuccessfulRegistration"
"","360","Register link navigates to register page","chromium","Tue Mar 17 23:48:59 UTC 2026","passed","Tue Mar 17 23:49:00 UTC 2026","Navbar — Unauthenticated","navbar_test.spec.ts","",""
"Verify create order fails with zero quantity","16","testCreateOrderZeroQuantity","API Test Suite","Tue Mar 17 23:48:34 UTC 2026","passed","Tue Mar 17 23:48:34 UTC 2026","com.automationlab.tests.OrderTest","API Tests","com.automationlab.tests.OrderTest","testCreateOrderZeroQuantity"
"","4","test_admin_can_create_product","tests","Tue Mar 17 23:48:24 UTC 2026","passed","Tue Mar 17 23:48:24 UTC 2026","TestCreateProduct","products_test","",""
"","322","returns HTTP 401 without token","","Tue Mar 17 23:48:19 UTC 2026","passed","Tue Mar 17 23:48:19 UTC 2026","Order Endpoints > DELETE /api/orders/:id","orders_test.spec.ts","",""
"","30116","User Tests","","Tue Mar 17 23:49:23 UTC 2026","passed","Tue Mar 17 23:49:53 UTC 2026","","JMeter Performance Tests","",""
"","252","admin can update a product and receives HTTP 200","","Tue Mar 17 23:48:23 UTC 2026","passed","Tue Mar 17 23:48:23 UTC 2026","Product Endpoints > PUT /api/products/:id","products_test.spec.ts","",""
"","1","setup","","Tue Mar 17 23:49:36 UTC 2026","passed","Tue Mar 17 23:49:36 UTC 2026","","k6 Performance Tests","",""
"Order error message shown on API failure","831","orderErrorMessageShownOnApiFailure","SQA Automation Lab — Selenium UI Suite","Tue Mar 17 23:52:24 UTC 2026","failed","Tue Mar 17 23:52:25 UTC 2026","com.sqa.ui.tests.ProductDetailTest","UI Tests","com.sqa.ui.tests.ProductDetailTest","orderErrorMessageShownOnApiFailure"
"","6","content-type is application/json","","Tue Mar 17 23:48:11 UTC 2026","passed","Tue Mar 17 23:48:11 UTC 2026","Health Endpoints > GET /","health_test.spec.ts","",""
"","841","Sign-out clears session and redirects to login","chromium","Tue Mar 17 23:49:12 UTC 2026","passed","Tue Mar 17 23:49:13 UTC 2026","Navbar — Authenticated Regular User","navbar_test.spec.ts","",""
"","389","returns HTTP 403 for another users order","","Tue Mar 17 23:48:15 UTC 2026","passed","Tue Mar 17 23:48:16 UTC 2026","Order Endpoints > GET /api/orders/:id","orders_test.spec.ts","",""
"","74","response contains orders array and pagination object","","Tue Mar 17 23:48:13 UTC 2026","passed","Tue Mar 17 23:48:13 UTC 2026","Order Endpoints > GET /api/orders","orders_test.spec.ts","",""
"Dashboard link navigates to dashboard page","1078","dashboardLinkNavigatesToDashboardPage","SQA Automation Lab — Selenium UI Suite","Tue Mar 17 23:54:54 UTC 2026","passed","Tue Mar 17 23:54:55 UTC 2026","com.sqa.ui.tests.NavigationTest","UI Tests","com.sqa.ui.tests.NavigationTest","dashboardLinkNavigatesToDashboardPage"
"Verify create product fails with negative price","14","testCreateProductNegativePrice","API Test Suite","Tue Mar 17 23:48:32 UTC 2026","passed","Tue Mar 17 23:48:32 UTC 2026","com.automationlab.tests.ProductTest","API Tests","com.automationlab.tests.ProductTest","testCreateProductNegativePrice"
"Pagination next button advances to page 2 — AUT Bug E","1098","paginationNextButtonAdvancesToPage2","SQA Automation Lab — Selenium UI Suite","Tue Mar 17 23:51:07 UTC 2026","passed","Tue Mar 17 23:51:08 UTC 2026","com.sqa.ui.tests.ProductsTest","UI Tests","com.sqa.ui.tests.ProductsTest","paginationNextButtonAdvancesToPage2"
"Verify authenticated user can list all users","49","testListUsers","API Test Suite","Tue Mar 17 23:48:31 UTC 2026","passed","Tue Mar 17 23:48:31 UTC 2026","com.automationlab.tests.UserTest","API Tests","com.automationlab.tests.UserTest","testListUsers"
"","39220","GET /api/users/:id - own user","","Tue Mar 17 23:49:37 UTC 2026","passed","Tue Mar 17 23:50:16 UTC 2026","","k6 Performance Tests","",""
"Verify delete non-existent product returns 404","18","testDeleteNonExistentProduct","API Test Suite","Tue Mar 17 23:48:32 UTC 2026","passed","Tue Mar 17 23:48:32 UTC 2026","com.automationlab.tests.ProductTest","API Tests","com.automationlab.tests.ProductTest","testDeleteNonExistentProduct"
"","959","User can navigate to product detail","chromium","Tue Mar 17 23:49:52 UTC 2026","passed","Tue Mar 17 23:49:53 UTC 2026","Products — Authenticated User","products_test.spec.ts","",""
"Verify admin can get any order","30","testAdminGetAnyOrder","API Test Suite","Tue Mar 17 23:48:34 UTC 2026","passed","Tue Mar 17 23:48:34 UTC 2026","com.automationlab.tests.OrderTest","API Tests","com.automationlab.tests.OrderTest","testAdminGetAnyOrder"
"","38119","DELETE /api/products/:id","","Tue Mar 17 23:50:21 UTC 2026","passed","Tue Mar 17 23:50:59 UTC 2026","","k6 Performance Tests","",""
"","2","test_logout_without_token_returns_401","tests","Tue Mar 17 23:48:20 UTC 2026","passed","Tue Mar 17 23:48:20 UTC 2026","TestLogout","auth_test","",""
"","330","response contains order with items array","","Tue Mar 17 23:48:15 UTC 2026","passed","Tue Mar 17 23:48:15 UTC 2026","Order Endpoints > GET /api/orders/:id","orders_test.spec.ts","",""
"Verify get non-existent user returns 404","16","testGetNonExistentUser","API Test Suite","Tue Mar 17 23:48:29 UTC 2026","passed","Tue Mar 17 23:48:29 UTC 2026","com.automationlab.tests.UserTest","API Tests","com.automationlab.tests.UserTest","testGetNonExistentUser"
"Orders page displays heading","322","ordersPageDisplaysHeading","SQA Automation Lab — Selenium UI Suite","Tue Mar 17 23:53:04 UTC 2026","passed","Tue Mar 17 23:53:04 UTC 2026","com.sqa.ui.tests.OrdersTest","UI Tests","com.sqa.ui.tests.OrdersTest","ordersPageDisplaysHeading"
"","405","Product card link navigates to product detail page","chromium","Tue Mar 17 23:49:47 UTC 2026","passed","Tue Mar 17 23:49:47 UTC 2026","Products — Unauthenticated","products_test.spec.ts","",""
"","7","test_list_products_page_navigation","tests","Tue Mar 17 23:48:24 UTC 2026","passed","Tue Mar 17 23:48:24 UTC 2026","TestListProducts","products_test","",""
"Authenticated user can view products page","1401","authenticatedUserCanViewProductsPage","SQA Automation Lab — Selenium UI Suite","Tue Mar 17 23:50:48 UTC 2026","passed","Tue Mar 17 23:50:49 UTC 2026","com.sqa.ui.tests.ProductsTest","UI Tests","com.sqa.ui.tests.ProductsTest","authenticatedUserCanViewProductsPage"
"Orders link is not visible when unauthenticated","465","ordersLinkIsNotVisibleWhenUnauthenticated","SQA Automation Lab — Selenium UI Suite","Tue Mar 17 23:55:02 UTC 2026","passed","Tue Mar 17 23:55:02 UTC 2026","com.sqa.ui.tests.NavigationTest","UI Tests","com.sqa.ui.tests.NavigationTest","ordersLinkIsNotVisibleWhenUnauthenticated"
"","6","response body contains endpoints field","","Tue Mar 17 23:48:11 UTC 2026","passed","Tue Mar 17 23:48:11 UTC 2026","Health Endpoints > GET /","health_test.spec.ts","",""
"","785","Sign in link is not visible","chromium","Tue Mar 17 23:49:02 UTC 2026","passed","Tue Mar 17 23:49:03 UTC 2026","Navbar — Authenticated Admin","navbar_test.spec.ts","",""
"","3","test_register_with_short_password_returns_400","tests","Tue Mar 17 23:48:19 UTC 2026","passed","Tue Mar 17 23:48:19 UTC 2026","TestRegistration","auth_test","",""
"Verify non-admin cannot update product","9","testUpdateProductNonAdmin","API Test Suite","Tue Mar 17 23:48:32 UTC 2026","passed","Tue Mar 17 23:48:32 UTC 2026","com.automationlab.tests.ProductTest","API Tests","com.automationlab.tests.ProductTest","testUpdateProductNonAdmin"
"","782","Recent orders section displays order rows","chromium","Tue Mar 17 23:48:41 UTC 2026","passed","Tue Mar 17 23:48:42 UTC 2026","Dashboard — Authenticated Admin","dashboard_test.spec.ts","",""
"Verify delete user fails without authentication","9","testDeleteUserNoAuth","API Test Suite","Tue Mar 17 23:48:29 UTC 2026","passed","Tue Mar 17 23:48:29 UTC 2026","com.automationlab.tests.UserTest","API Tests","com.automationlab.tests.UserTest","testDeleteUserNoAuth"
"","2","test_get_current_user_with_invalid_token_returns_403","tests","Tue Mar 17 23:48:20 UTC 2026","passed","Tue Mar 17 23:48:20 UTC 2026","TestCurrentUser","auth_test","",""
"","5","test_get_nonexistent_product_returns_404","tests","Tue Mar 17 23:48:24 UTC 2026","passed","Tue Mar 17 23:48:24 UTC 2026","TestGetProduct","products_test","",""
"Verify create order fails with empty items array","13","testCreateOrderEmptyItems","API Test Suite","Tue Mar 17 23:48:34 UTC 2026","passed","Tue Mar 17 23:48:34 UTC 2026","com.automationlab.tests.OrderTest","API Tests","com.automationlab.tests.OrderTest","testCreateOrderEmptyItems"
"","9","products in listing include expected fields","","Tue Mar 17 23:48:20 UTC 2026","passed","Tue Mar 17 23:48:20 UTC 2026","Product Endpoints > GET /api/products","products_test.spec.ts","",""
"Verify successful login with valid credentials","328","testSuccessfulLogin","API Test Suite","Tue Mar 17 23:48:28 UTC 2026","passed","Tue Mar 17 23:48:28 UTC 2026","com.automationlab.tests.AuthTest","API Tests","com.automationlab.tests.AuthTest","testSuccessfulLogin"
"","7","environment field is a non-empty string","","Tue Mar 17 23:48:11 UTC 2026","passed","Tue Mar 17 23:48:11 UTC 2026","Health Endpoints > GET /health","health_test.spec.ts","",""
"Register link is visible when unauthenticated","567","registerLinkIsVisibleWhenUnauthenticated","SQA Automation Lab — Selenium UI Suite","Tue Mar 17 23:55:27 UTC 2026","passed","Tue Mar 17 23:55:27 UTC 2026","com.sqa.ui.tests.NavigationTest","UI Tests","com.sqa.ui.tests.NavigationTest","registerLinkIsVisibleWhenUnauthenticated"
"","246","returns HTTP 400 when price is missing","","Tue Mar 17 23:48:22 UTC 2026","passed","Tue Mar 17 23:48:22 UTC 2026","Product Endpoints > POST /api/products","products_test.spec.ts","",""
"","895","Admin status filter pending shows results","chromium","Tue Mar 17 23:49:15 UTC 2026","passed","Tue Mar 17 23:49:16 UTC 2026","Orders — Authenticated Admin","orders_test.spec.ts","",""
"","8","test_regular_user_cannot_update_status","tests","Tue Mar 17 23:48:23 UTC 2026","passed","Tue Mar 17 23:48:23 UTC 2026","TestUpdateOrderStatus","orders_test","",""
"Verify default pagination limit","46","testListProductsDefaultPaginationLimit","API Test Suite","Tue Mar 17 23:48:32 UTC 2026","passed","Tue Mar 17 23:48:32 UTC 2026","com.automationlab.tests.ProductTest","API Tests","com.automationlab.tests.ProductTest","testListProductsDefaultPaginationLimit"
"","30116","User Journey Tests","","Tue Mar 17 23:51:08 UTC 2026","passed","Tue Mar 17 23:51:39 UTC 2026","","JMeter Performance Tests","",""
"Order quantity exceeding available stock should fail.","9","test_create_order_exceeding_stock_returns_400","tests","Tue Mar 17 23:48:21 UTC 2026","passed","Tue Mar 17 23:48:21 UTC 2026","TestCreateOrder","orders_test","",""
"","326","status filter returns only orders matching that status","","Tue Mar 17 23:48:14 UTC 2026","passed","Tue Mar 17 23:48:14 UTC 2026","Order Endpoints > GET /api/orders","orders_test.spec.ts","",""
"","4","test_update_with_empty_body_returns_400","tests","Tue Mar 17 23:48:24 UTC 2026","passed","Tue Mar 17 23:48:24 UTC 2026","TestUpdateProduct","products_test","",""
"","30129","Order Tests","","Tue Mar 17 23:50:34 UTC 2026","passed","Tue Mar 17 23:51:04 UTC 2026","","JMeter Performance Tests","",""
"","849","Orders link navigates to orders page","chromium","Tue Mar 17 23:49:04 UTC 2026","passed","Tue Mar 17 23:49:05 UTC 2026","Navbar — Authenticated Admin","navbar_test.spec.ts","",""
"","38203","PATCH /api/orders/:id/status - unauthorized (non-admin)","","Tue Mar 17 23:51:02 UTC 2026","passed","Tue Mar 17 23:51:40 UTC 2026","","k6 Performance Tests","",""
"Verify created product returns ID","36","testCreateProductReturnsId","API Test Suite","Tue Mar 17 23:48:32 UTC 2026","passed","Tue Mar 17 23:48:32 UTC 2026","com.automationlab.tests.ProductTest","API Tests","com.automationlab.tests.ProductTest","testCreateProductReturnsId"
"Login page displays Sign In heading","579","loginPageDisplaysSignInHeading","SQA Automation Lab — Selenium UI Suite","Tue Mar 17 23:49:10 UTC 2026","passed","Tue Mar 17 23:49:11 UTC 2026","com.sqa.ui.tests.LoginTest","UI Tests","com.sqa.ui.tests.LoginTest","loginPageDisplaysSignInHeading"
"","39140","GET /health","","Tue Mar 17 23:48:14 UTC 2026","passed","Tue Mar 17 23:48:53 UTC 2026","","k6 Performance Tests","",""
"","490","Back to products link navigates to products page","chromium","Tue Mar 17 23:49:37 UTC 2026","passed","Tue Mar 17 23:49:37 UTC 2026","Product Detail — Unauthenticated","product_detail_test.spec.ts","",""
"","831","Dashboard link navigates to dashboard page","chromium","Tue Mar 17 23:49:11 UTC 2026","passed","Tue Mar 17 23:49:12 UTC 2026","Navbar — Authenticated Regular User","navbar_test.spec.ts","",""
"","765","Dashboard displays user email","chromium","Tue Mar 17 23:48:46 UTC 2026","passed","Tue Mar 17 23:48:46 UTC 2026","Dashboard — Authenticated Regular User","dashboard_test.spec.ts","",""
"","931","User can place order successfully","chromium","Tue Mar 17 23:49:40 UTC 2026","passed","Tue Mar 17 23:49:41 UTC 2026","Product Detail — Authenticated User","product_detail_test.spec.ts","",""
"","830","Dashboard displays user name","chromium","Tue Mar 17 23:48:40 UTC 2026","passed","Tue Mar 17 23:48:40 UTC 2026","Dashboard — Authenticated Admin","dashboard_test.spec.ts","",""
"After deletion, user should still exist but be inactive.","11","test_deleted_user_is_soft_deleted","tests","Tue Mar 17 23:48:25 UTC 2026","passed","Tue Mar 17 23:48:25 UTC 2026","TestDeleteUser","user_test","",""
"","246","returns HTTP 400 when name is missing","","Tue Mar 17 23:48:22 UTC 2026","passed","Tue Mar 17 23:48:22 UTC 2026","Product Endpoints > POST /api/products","products_test.spec.ts","",""
"","319","total_amount is calculated correctly","","Tue Mar 17 23:48:12 UTC 2026","passed","Tue Mar 17 23:48:12 UTC 2026","Order Endpoints > POST /api/orders","orders_test.spec.ts","",""
"Verify admin can soft delete product","41","testDeleteProduct","API Test Suite","Tue Mar 17 23:48:32 UTC 2026","passed","Tue Mar 17 23:48:32 UTC 2026","com.automationlab.tests.ProductTest","API Tests","com.automationlab.tests.ProductTest","testDeleteProduct"
"Non-existent email shows error message — AUT Bug A","972","nonExistentEmailShowsErrorMessage","SQA Automation Lab — Selenium UI Suite","Tue Mar 17 23:49:14 UTC 2026","failed","Tue Mar 17 23:49:15 UTC 2026","com.sqa.ui.tests.LoginTest","UI Tests","com.sqa.ui.tests.LoginTest","nonExistentEmailShowsErrorMessage"
"Product detail page displays stock status","343","productDetailPageDisplaysStockStatus","SQA Automation Lab — Selenium UI Suite","Tue Mar 17 23:52:40 UTC 2026","failed","Tue Mar 17 23:52:40 UTC 2026","com.sqa.ui.tests.ProductDetailTest","UI Tests","com.sqa.ui.tests.ProductDetailTest","productDetailPageDisplaysStockStatus"
"","4","test_list_products_respects_limit","tests","Tue Mar 17 23:48:24 UTC 2026","passed","Tue Mar 17 23:48:24 UTC 2026","TestListProducts","products_test","",""
"","325","returns only the authenticated users own orders","","Tue Mar 17 23:48:14 UTC 2026","passed","Tue Mar 17 23:48:14 UTC 2026","Order Endpoints > GET /api/orders","orders_test.spec.ts","",""
"Verify health endpoint returns environment information","53","testHealthEndpointEnvironment","API Test Suite","Tue Mar 17 23:48:25 UTC 2026","passed","Tue Mar 17 23:48:25 UTC 2026","com.automationlab.tests.HealthTest","API Tests","com.automationlab.tests.HealthTest","testHealthEndpointEnvironment"
"Sign out button is visible when authenticated","994","signOutButtonIsVisibleWhenAuthenticated","SQA Automation Lab — Selenium UI Suite","Tue Mar 17 23:55:55 UTC 2026","passed","Tue Mar 17 23:55:56 UTC 2026","com.sqa.ui.tests.NavigationTest","UI Tests","com.sqa.ui.tests.NavigationTest","signOutButtonIsVisibleWhenAuthenticated"
"Verify user can retrieve their own profile","43","testGetOwnUser","API Test Suite","Tue Mar 17 23:48:29 UTC 2026","passed","Tue Mar 17 23:48:29 UTC 2026","com.automationlab.tests.UserTest","API Tests","com.automationlab.tests.UserTest","testGetOwnUser"
"A user should not be able to cancel another user's order.","79","test_user_cannot_cancel_other_users_order","tests","Tue Mar 17 23:48:24 UTC 2026","passed","Tue Mar 17 23:48:24 UTC 2026","TestCancelOrder","orders_test","",""
"","3","test_get_nonexistent_user_returns_404","tests","Tue Mar 17 23:48:25 UTC 2026","passed","Tue Mar 17 23:48:25 UTC 2026","TestGetUser","user_test","",""
"Verify user can update their own profile","36","testUpdateOwnUser","API Test Suite","Tue Mar 17 23:48:30 UTC 2026","passed","Tue Mar 17 23:48:30 UTC 2026","com.automationlab.tests.UserTest","API Tests","com.automationlab.tests.UserTest","testUpdateOwnUser"
"Invalid email format shows validation error — AUT Bug B","1262","invalidEmailFormatShowsValidationError","SQA Automation Lab — Selenium UI Suite","Tue Mar 17 23:50:15 UTC 2026","passed","Tue Mar 17 23:50:17 UTC 2026","com.sqa.ui.tests.RegisterTest","UI Tests","com.sqa.ui.tests.RegisterTest","invalidEmailFormatShowsValidationError"
"**Risk:** Medium
**Confidence:** 2
**Instances:** 4

**Description:**
Web browser data loading may be possible, due to a Cross Origin Resource Sharing (CORS) misconfiguration on the web server.

**Solution:**
Ensure that sensitive data is not available in an unauthenticated manner (using IP address white-listing, for instance).Configure the ""Access-Control-Allow-Origin"" HTTP header to a more restrictive set of domains, or remove all CORS headers entirely, to allow the web browser to enforce the Same Origin Policy (SOP) in a more restrictive manner.","0","Cross-Domain Misconfiguration","","Tue Mar 17 23:49:31 UTC 2026","broken","Tue Mar 17 23:49:31 UTC 2026","","Security - ZAP API Scan","",""
"","3","test_create_product_with_negative_price_returns_400","tests","Tue Mar 17 23:48:24 UTC 2026","passed","Tue Mar 17 23:48:24 UTC 2026","TestCreateProduct","products_test","",""
"Verify create order fails with missing items","11","testCreateOrderMissingItems","API Test Suite","Tue Mar 17 23:48:34 UTC 2026","passed","Tue Mar 17 23:48:34 UTC 2026","com.automationlab.tests.OrderTest","API Tests","com.automationlab.tests.OrderTest","testCreateOrderMissingItems"
"","3","test_filter_with_no_results","tests","Tue Mar 17 23:48:24 UTC 2026","passed","Tue Mar 17 23:48:24 UTC 2026","TestFilterProducts","products_test","",""
"Valid registration redirects to dashboard page","1743","validRegistrationRedirectsToDashboardPage","SQA Automation Lab — Selenium UI Suite","Tue Mar 17 23:50:32 UTC 2026","passed","Tue Mar 17 23:50:34 UTC 2026","com.sqa.ui.tests.RegisterTest","UI Tests","com.sqa.ui.tests.RegisterTest","validRegistrationRedirectsToDashboardPage"
"","5","test_list_orders_pagination","tests","Tue Mar 17 23:48:22 UTC 2026","passed","Tue Mar 17 23:48:22 UTC 2026","TestListOrders","orders_test","",""
"Verify registration succeeds without first name (optional field)","102","testRegistrationMissingFirstName","API Test Suite","Tue Mar 17 23:48:27 UTC 2026","passed","Tue Mar 17 23:48:27 UTC 2026","com.automationlab.tests.AuthTest","API Tests","com.automationlab.tests.AuthTest","testRegistrationMissingFirstName"
"Verify admin can cancel any pending order","49","testAdminCancelAnyOrder","API Test Suite","Tue Mar 17 23:48:34 UTC 2026","passed","Tue Mar 17 23:48:34 UTC 2026","com.automationlab.tests.OrderTest","API Tests","com.automationlab.tests.OrderTest","testAdminCancelAnyOrder"
"","248","response body conforms to product schema on creation","","Tue Mar 17 23:48:21 UTC 2026","passed","Tue Mar 17 23:48:22 UTC 2026","Product Endpoints > POST /api/products","products_test.spec.ts","",""
"Verify non-admin cannot delete product","9","testDeleteProductNonAdmin","API Test Suite","Tue Mar 17 23:48:32 UTC 2026","passed","Tue Mar 17 23:48:32 UTC 2026","com.automationlab.tests.ProductTest","API Tests","com.automationlab.tests.ProductTest","testDeleteProductNonAdmin"
"","436","wrong password stays on login page","chromium","Tue Mar 17 23:48:53 UTC 2026","passed","Tue Mar 17 23:48:54 UTC 2026","Login","login_test.spec.ts","",""
"","311","admin can update any user","","Tue Mar 17 23:48:28 UTC 2026","passed","Tue Mar 17 23:48:28 UTC 2026","User Endpoints > PUT /api/users/:id","user_test.spec.ts","",""
"Register page displays Create Account heading","426","registerPageDisplaysCreateAccountHeading","SQA Automation Lab — Selenium UI Suite","Tue Mar 17 23:50:20 UTC 2026","passed","Tue Mar 17 23:50:20 UTC 2026","com.sqa.ui.tests.RegisterTest","UI Tests","com.sqa.ui.tests.RegisterTest","registerPageDisplaysCreateAccountHeading"
"","839","User pagination next button advances to page 2","chromium","Tue Mar 17 23:49:32 UTC 2026","passed","Tue Mar 17 23:49:33 UTC 2026","Orders — Authenticated User","orders_test.spec.ts","",""
"","3","test_root_returns_app_info","tests","Tue Mar 17 23:48:20 UTC 2026","passed","Tue Mar 17 23:48:20 UTC 2026","TestRootEndpoint","health_test","",""
"","1","setup","","Tue Mar 17 23:50:18 UTC 2026","passed","Tue Mar 17 23:50:18 UTC 2026","","k6 Performance Tests","",""
"","321","response contains order with items","","Tue Mar 17 23:48:11 UTC 2026","passed","Tue Mar 17 23:48:11 UTC 2026","Order Endpoints > POST /api/orders","orders_test.spec.ts","",""
"Verify admin can create a new product","56","testCreateProduct","API Test Suite","Tue Mar 17 23:48:31 UTC 2026","passed","Tue Mar 17 23:48:31 UTC 2026","com.automationlab.tests.ProductTest","API Tests","com.automationlab.tests.ProductTest","testCreateProduct"
"Verify registration fails with weak password","25","testRegistrationWeakPassword","API Test Suite","Tue Mar 17 23:48:27 UTC 2026","passed","Tue Mar 17 23:48:27 UTC 2026","com.automationlab.tests.AuthTest","API Tests","com.automationlab.tests.AuthTest","testRegistrationWeakPassword"
"","324","user can cancel a pending order and receives HTTP 200","","Tue Mar 17 23:48:18 UTC 2026","passed","Tue Mar 17 23:48:18 UTC 2026","Order Endpoints > DELETE /api/orders/:id","orders_test.spec.ts","",""
"Verify create order fails with negative quantity","12","testCreateOrderNegativeQuantity","API Test Suite","Tue Mar 17 23:48:34 UTC 2026","passed","Tue Mar 17 23:48:34 UTC 2026","com.automationlab.tests.OrderTest","API Tests","com.automationlab.tests.OrderTest","testCreateOrderNegativeQuantity"
"Verify admin can update any user","34","testAdminUpdateAnyUser","API Test Suite","Tue Mar 17 23:48:29 UTC 2026","passed","Tue Mar 17 23:48:29 UTC 2026","com.automationlab.tests.UserTest","API Tests","com.automationlab.tests.UserTest","testAdminUpdateAnyUser"
"","71","returns HTTP 200 with valid token","","Tue Mar 17 23:48:26 UTC 2026","passed","Tue Mar 17 23:48:26 UTC 2026","User Endpoints > GET /api/users","user_test.spec.ts","",""
"","2","test_health_includes_timestamp","tests","Tue Mar 17 23:48:20 UTC 2026","passed","Tue Mar 17 23:48:20 UTC 2026","TestHealthEndpoint","health_test","",""
"","77","returns HTTP 409 on duplicate email","","Tue Mar 17 23:48:09 UTC 2026","passed","Tue Mar 17 23:48:10 UTC 2026","Authentication Endpoints > POST /api/auth/register","auth_test.spec.ts","",""
"","373","Sign-in link navigates to login page","chromium","Tue Mar 17 23:48:59 UTC 2026","passed","Tue Mar 17 23:48:59 UTC 2026","Navbar — Unauthenticated","navbar_test.spec.ts","",""
"","2","test_404_response_includes_error_details","tests","Tue Mar 17 23:48:20 UTC 2026","passed","Tue Mar 17 23:48:20 UTC 2026","TestNotFound","health_test","",""
"","882","Admin orders page displays heading","chromium","Tue Mar 17 23:49:13 UTC 2026","passed","Tue Mar 17 23:49:14 UTC 2026","Orders — Authenticated Admin","orders_test.spec.ts","",""
"Verify anyone can list products without authentication","29","testListProductsPublic","API Test Suite","Tue Mar 17 23:48:33 UTC 2026","passed","Tue Mar 17 23:48:34 UTC 2026","com.automationlab.tests.ProductTest","API Tests","com.automationlab.tests.ProductTest","testListProductsPublic"
"","273","Invalid product id renders error state","chromium","Tue Mar 17 23:49:37 UTC 2026","passed","Tue Mar 17 23:49:38 UTC 2026","Product Detail — Unauthenticated","product_detail_test.spec.ts","",""
"","2","test_create_product_without_price_returns_400","tests","Tue Mar 17 23:48:24 UTC 2026","passed","Tue Mar 17 23:48:24 UTC 2026","TestCreateProduct","products_test","",""
"","3","test_register_without_password_returns_400","tests","Tue Mar 17 23:48:19 UTC 2026","passed","Tue Mar 17 23:48:19 UTC 2026","TestRegistration","auth_test","",""
"","913","User sees product cards","chromium","Tue Mar 17 23:49:51 UTC 2026","passed","Tue Mar 17 23:49:52 UTC 2026","Products — Authenticated User","products_test.spec.ts","",""
"","3","test_create_product_returns_id","tests","Tue Mar 17 23:48:24 UTC 2026","passed","Tue Mar 17 23:48:24 UTC 2026","TestCreateProduct","products_test","",""
"Verify invalid endpoint returns 404","19","testInvalidEndpoint","API Test Suite","Tue Mar 17 23:48:25 UTC 2026","passed","Tue Mar 17 23:48:25 UTC 2026","com.automationlab.tests.HealthTest","API Tests","com.automationlab.tests.HealthTest","testInvalidEndpoint"
"","66","test_register_with_minimum_fields","tests","Tue Mar 17 23:48:19 UTC 2026","passed","Tue Mar 17 23:48:19 UTC 2026","TestRegistration","auth_test","",""
"Verify pagination returns correct total count","38","testListProductsPaginationTotalCount","API Test Suite","Tue Mar 17 23:48:32 UTC 2026","passed","Tue Mar 17 23:48:32 UTC 2026","com.automationlab.tests.ProductTest","API Tests","com.automationlab.tests.ProductTest","testListProductsPaginationTotalCount"
"Verify user can list their own orders","29","testListUserOrders","API Test Suite","Tue Mar 17 23:48:35 UTC 2026","passed","Tue Mar 17 23:48:35 UTC 2026","com.automationlab.tests.OrderTest","API Tests","com.automationlab.tests.OrderTest","testListUserOrders"
"","915","Browse products link navigates to products page","chromium","Tue Mar 17 23:48:42 UTC 2026","passed","Tue Mar 17 23:48:43 UTC 2026","Dashboard — Authenticated Admin","dashboard_test.spec.ts","",""
"","6","content-type is application/json","","Tue Mar 17 23:48:11 UTC 2026","passed","Tue Mar 17 23:48:11 UTC 2026","Health Endpoints > GET /health","health_test.spec.ts","",""
"","11","test_admin_can_cancel_any_pending_order","tests","Tue Mar 17 23:48:23 UTC 2026","passed","Tue Mar 17 23:48:23 UTC 2026","TestCancelOrder","orders_test","",""
"","874","User orders page displays heading","chromium","Tue Mar 17 23:49:28 UTC 2026","passed","Tue Mar 17 23:49:28 UTC 2026","Orders — Authenticated User","orders_test.spec.ts","",""
"","806","valid credentials redirect to products page","chromium","Tue Mar 17 23:48:50 UTC 2026","passed","Tue Mar 17 23:48:51 UTC 2026","Login","login_test.spec.ts","",""
"","5","returns HTTP 401 without token","","Tue Mar 17 23:48:23 UTC 2026","passed","Tue Mar 17 23:48:23 UTC 2026","Product Endpoints > POST /api/products","products_test.spec.ts","",""
"","3","test_register_with_empty_body_returns_400","tests","Tue Mar 17 23:48:19 UTC 2026","passed","Tue Mar 17 23:48:19 UTC 2026","TestRegistration","auth_test","",""
"User should see their own orders.","11","test_list_own_orders","tests","Tue Mar 17 23:48:22 UTC 2026","passed","Tue Mar 17 23:48:22 UTC 2026","TestListOrders","orders_test","",""
"Verify product with zero stock can be created","59","testCreateProductZeroStock","API Test Suite","Tue Mar 17 23:48:32 UTC 2026","passed","Tue Mar 17 23:48:32 UTC 2026","com.automationlab.tests.ProductTest","API Tests","com.automationlab.tests.ProductTest","testCreateProductZeroStock"
"","10","test_update_with_invalid_status_returns_400","tests","Tue Mar 17 23:48:23 UTC 2026","passed","Tue Mar 17 23:48:23 UTC 2026","TestUpdateOrderStatus","orders_test","",""
"Verify empty category filter returns all products","25","testListProductsEmptyCategoryFilter","API Test Suite","Tue Mar 17 23:48:32 UTC 2026","passed","Tue Mar 17 23:48:32 UTC 2026","com.automationlab.tests.ProductTest","API Tests","com.automationlab.tests.ProductTest","testListProductsEmptyCategoryFilter"
"Verify root endpoint returns app information","94","testRootEndpoint","API Test Suite","Tue Mar 17 23:48:25 UTC 2026","passed","Tue Mar 17 23:48:25 UTC 2026","com.automationlab.tests.HealthTest","API Tests","com.automationlab.tests.HealthTest","testRootEndpoint"
"Verify update with invalid email format fails","22","testUpdateUserInvalidEmail","API Test Suite","Tue Mar 17 23:48:30 UTC 2026","passed","Tue Mar 17 23:48:30 UTC 2026","com.automationlab.tests.UserTest","API Tests","com.automationlab.tests.UserTest","testUpdateUserInvalidEmail"
"","518","non-existent email stays on login page","chromium","Tue Mar 17 23:48:54 UTC 2026","passed","Tue Mar 17 23:48:54 UTC 2026","Login","login_test.spec.ts","",""
"Orders page displays order cards","699","ordersPageDisplaysOrderCards","SQA Automation Lab — Selenium UI Suite","Tue Mar 17 23:53:09 UTC 2026","passed","Tue Mar 17 23:53:09 UTC 2026","com.sqa.ui.tests.OrdersTest","UI Tests","com.sqa.ui.tests.OrdersTest","ordersPageDisplaysOrderCards"
"Empty email shows validation error","1119","emptyEmailShowsValidationError","SQA Automation Lab — Selenium UI Suite","Tue Mar 17 23:49:41 UTC 2026","passed","Tue Mar 17 23:49:42 UTC 2026","com.sqa.ui.tests.RegisterTest","UI Tests","com.sqa.ui.tests.RegisterTest","emptyEmailShowsValidationError"
"","2","test_regular_user_cannot_delete_product","tests","Tue Mar 17 23:48:24 UTC 2026","passed","Tue Mar 17 23:48:24 UTC 2026","TestDeleteProduct","products_test","",""
"","76","page navigation does not return overlapping results","","Tue Mar 17 23:48:26 UTC 2026","passed","Tue Mar 17 23:48:27 UTC 2026","User Endpoints > GET /api/users","user_test.spec.ts","",""
"","344","stock is restored after order cancellation","","Tue Mar 17 23:48:18 UTC 2026","passed","Tue Mar 17 23:48:19 UTC 2026","Order Endpoints > DELETE /api/orders/:id","orders_test.spec.ts","",""
"","4","test_get_current_user","tests","Tue Mar 17 23:48:20 UTC 2026","passed","Tue Mar 17 23:48:20 UTC 2026","TestCurrentUser","auth_test","",""
"Sign in link is visible when unauthenticated","466","signInLinkIsVisibleWhenUnauthenticated","SQA Automation Lab — Selenium UI Suite","Tue Mar 17 23:55:39 UTC 2026","passed","Tue Mar 17 23:55:40 UTC 2026","com.sqa.ui.tests.NavigationTest","UI Tests","com.sqa.ui.tests.NavigationTest","signInLinkIsVisibleWhenUnauthenticated"
"","332","response body conforms to order schema","","Tue Mar 17 23:48:15 UTC 2026","passed","Tue Mar 17 23:48:15 UTC 2026","Order Endpoints > GET /api/orders/:id","orders_test.spec.ts","",""
"","2","test_root_lists_available_endpoints","tests","Tue Mar 17 23:48:20 UTC 2026","passed","Tue Mar 17 23:48:20 UTC 2026","TestRootEndpoint","health_test","",""
"","252","returns correct product data","","Tue Mar 17 23:48:20 UTC 2026","passed","Tue Mar 17 23:48:20 UTC 2026","Product Endpoints > GET /api/products/:id","products_test.spec.ts","",""
"Empty first name shows validation error — AUT Bug C","11330","emptyFirstNameShowsValidationError","SQA Automation Lab — Selenium UI Suite","Tue Mar 17 23:49:46 UTC 2026","failed","Tue Mar 17 23:49:57 UTC 2026","com.sqa.ui.tests.RegisterTest","UI Tests","com.sqa.ui.tests.RegisterTest","emptyFirstNameShowsValidationError"
"Verify create order fails with non-existent product","12","testCreateOrderNonExistentProduct","API Test Suite","Tue Mar 17 23:48:34 UTC 2026","passed","Tue Mar 17 23:48:34 UTC 2026","com.automationlab.tests.OrderTest","API Tests","com.automationlab.tests.OrderTest","testCreateOrderNonExistentProduct"
"Brand link navigates to products page","623","brandLinkNavigatesToProductsPage","SQA Automation Lab — Selenium UI Suite","Tue Mar 17 23:54:41 UTC 2026","passed","Tue Mar 17 23:54:42 UTC 2026","com.sqa.ui.tests.NavigationTest","UI Tests","com.sqa.ui.tests.NavigationTest","brandLinkNavigatesToProductsPage"
"Navbar is visible on products page","422","navbarIsVisibleOnProductsPage","SQA Automation Lab — Selenium UI Suite","Tue Mar 17 23:54:58 UTC 2026","passed","Tue Mar 17 23:54:59 UTC 2026","com.sqa.ui.tests.NavigationTest","UI Tests","com.sqa.ui.tests.NavigationTest","navbarIsVisibleOnProductsPage"
"","67","returns HTTP 401 without token","","Tue Mar 17 23:48:28 UTC 2026","passed","Tue Mar 17 23:48:28 UTC 2026","User Endpoints > PUT /api/users/:id","user_test.spec.ts","",""
"","784","Dashboard displays user role badge","chromium","Tue Mar 17 23:48:46 UTC 2026","passed","Tue Mar 17 23:48:47 UTC 2026","Dashboard — Authenticated Regular User","dashboard_test.spec.ts","",""
"","7","returns HTTP 401 without token","","Tue Mar 17 23:48:11 UTC 2026","passed","Tue Mar 17 23:48:11 UTC 2026","Authentication Endpoints > GET /api/auth/me","auth_test.spec.ts","",""
"","372","Brand link is visible","chromium","Tue Mar 17 23:48:55 UTC 2026","passed","Tue Mar 17 23:48:56 UTC 2026","Navbar — Unauthenticated","navbar_test.spec.ts","",""
"","5","returns HTTP 401 without token","","Tue Mar 17 23:48:14 UTC 2026","passed","Tue Mar 17 23:48:14 UTC 2026","Order Endpoints > GET /api/orders","orders_test.spec.ts","",""
"Duplicate email shows error message","1293","duplicateEmailShowsErrorMessage","SQA Automation Lab — Selenium UI Suite","Tue Mar 17 23:49:37 UTC 2026","passed","Tue Mar 17 23:49:38 UTC 2026","com.sqa.ui.tests.RegisterTest","UI Tests","com.sqa.ui.tests.RegisterTest","duplicateEmailShowsErrorMessage"
"After soft delete, product should not appear in public listing.","6","test_deleted_product_not_in_listing","tests","Tue Mar 17 23:48:24 UTC 2026","passed","Tue Mar 17 23:48:24 UTC 2026","TestDeleteProduct","products_test","",""
"","5","returns HTTP 200","","Tue Mar 17 23:48:11 UTC 2026","passed","Tue Mar 17 23:48:11 UTC 2026","Health Endpoints > GET /health","health_test.spec.ts","",""
"","39221","GET /api/users","","Tue Mar 17 23:49:36 UTC 2026","passed","Tue Mar 17 23:50:15 UTC 2026","","k6 Performance Tests","",""
"","38122","POST /api/products - admin","","Tue Mar 17 23:50:19 UTC 2026","passed","Tue Mar 17 23:50:57 UTC 2026","","k6 Performance Tests","",""
"","403","invalid email format stays on login page","chromium","Tue Mar 17 23:48:53 UTC 2026","passed","Tue Mar 17 23:48:53 UTC 2026","Login","login_test.spec.ts","",""
"","3","test_user_cannot_delete_other_user","tests","Tue Mar 17 23:48:25 UTC 2026","passed","Tue Mar 17 23:48:25 UTC 2026","TestDeleteUser","user_test","",""
"","289","Product detail page displays product name","chromium","Tue Mar 17 23:49:35 UTC 2026","passed","Tue Mar 17 23:49:36 UTC 2026","Product Detail — Unauthenticated","product_detail_test.spec.ts","",""
"","362","Register link is visible","chromium","Tue Mar 17 23:48:57 UTC 2026","passed","Tue Mar 17 23:48:57 UTC 2026","Navbar — Unauthenticated","navbar_test.spec.ts","",""
"","494","Mismatched passwords show validation error","chromium","Tue Mar 17 23:50:10 UTC 2026","passed","Tue Mar 17 23:50:11 UTC 2026","Register","register_test.spec.ts","",""
"Authenticated user can set quantity before ordering","1021","authenticatedUserCanSetQuantityBeforeOrdering","SQA Automation Lab — Selenium UI Suite","Tue Mar 17 23:51:42 UTC 2026","failed","Tue Mar 17 23:51:43 UTC 2026","com.sqa.ui.tests.ProductDetailTest","UI Tests","com.sqa.ui.tests.ProductDetailTest","authenticatedUserCanSetQuantityBeforeOrdering"
"","2","test_list_orders_without_auth_returns_401","tests","Tue Mar 17 23:48:22 UTC 2026","passed","Tue Mar 17 23:48:22 UTC 2026","TestListOrders","orders_test","",""
"","4","test_update_sets_updated_at","tests","Tue Mar 17 23:48:24 UTC 2026","passed","Tue Mar 17 23:48:24 UTC 2026","TestUpdateProduct","products_test","",""
"Verify new order has default pending status","25","testCreateOrderDefaultStatus","API Test Suite","Tue Mar 17 23:48:34 UTC 2026","passed","Tue Mar 17 23:48:34 UTC 2026","com.automationlab.tests.OrderTest","API Tests","com.automationlab.tests.OrderTest","testCreateOrderDefaultStatus"
"","69","returns HTTP 400 when items key is absent from body","","Tue Mar 17 23:48:13 UTC 2026","passed","Tue Mar 17 23:48:13 UTC 2026","Order Endpoints > POST /api/orders","orders_test.spec.ts","",""
"","38819","POST /api/auth/login - invalid credentials","","Tue Mar 17 23:48:56 UTC 2026","passed","Tue Mar 17 23:49:34 UTC 2026","","k6 Performance Tests","",""
"","7","returns HTTP 200","","Tue Mar 17 23:48:11 UTC 2026","passed","Tue Mar 17 23:48:11 UTC 2026","Health Endpoints > GET /","health_test.spec.ts","",""
"View All Orders link navigates to orders page","1509","viewAllOrdersLinkNavigatesToOrdersPage","SQA Automation Lab — Selenium UI Suite","Tue Mar 17 23:54:32 UTC 2026","passed","Tue Mar 17 23:54:34 UTC 2026","com.sqa.ui.tests.DashboardTest","UI Tests","com.sqa.ui.tests.DashboardTest","viewAllOrdersLinkNavigatesToOrdersPage"
"","327","admin can view any order","","Tue Mar 17 23:48:16 UTC 2026","passed","Tue Mar 17 23:48:16 UTC 2026","Order Endpoints > GET /api/orders/:id","orders_test.spec.ts","",""
"","285","Register page displays create account heading","chromium","Tue Mar 17 23:49:53 UTC 2026","passed","Tue Mar 17 23:49:53 UTC 2026","Register","register_test.spec.ts","",""
"Verify login fails with missing email","28","testLoginMissingEmail","API Test Suite","Tue Mar 17 23:48:26 UTC 2026","passed","Tue Mar 17 23:48:26 UTC 2026","com.automationlab.tests.AuthTest","API Tests","com.automationlab.tests.AuthTest","testLoginMissingEmail"
"","4","test_list_products_pagination_metadata","tests","Tue Mar 17 23:48:24 UTC 2026","passed","Tue Mar 17 23:48:24 UTC 2026","TestListProducts","products_test","",""
"","72","returns HTTP 200 with valid token","","Tue Mar 17 23:48:10 UTC 2026","passed","Tue Mar 17 23:48:10 UTC 2026","Authentication Endpoints > GET /api/auth/me","auth_test.spec.ts","",""
"","38205","POST /api/orders","","Tue Mar 17 23:51:00 UTC 2026","passed","Tue Mar 17 23:51:38 UTC 2026","","k6 Performance Tests","",""
"","12","page navigation does not return overlapping results","","Tue Mar 17 23:48:20 UTC 2026","passed","Tue Mar 17 23:48:20 UTC 2026","Product Endpoints > GET /api/products","products_test.spec.ts","",""
"Verify get user fails without authentication","16","testGetUserNoAuth","API Test Suite","Tue Mar 17 23:48:29 UTC 2026","passed","Tue Mar 17 23:48:29 UTC 2026","com.automationlab.tests.UserTest","API Tests","com.automationlab.tests.UserTest","testGetUserNoAuth"
"","351","returns HTTP 200 for own order","","Tue Mar 17 23:48:14 UTC 2026","passed","Tue Mar 17 23:48:15 UTC 2026","Order Endpoints > GET /api/orders/:id","orders_test.spec.ts","",""
"Invalid product ID renders error state","394","invalidProductIdRendersErrorState","SQA Automation Lab — Selenium UI Suite","Tue Mar 17 23:51:51 UTC 2026","passed","Tue Mar 17 23:51:52 UTC 2026","com.sqa.ui.tests.ProductDetailTest","UI Tests","com.sqa.ui.tests.ProductDetailTest","invalidProductIdRendersErrorState"
"","1","setup","","Tue Mar 17 23:51:00 UTC 2026","passed","Tue Mar 17 23:51:00 UTC 2026","","k6 Performance Tests","",""
"","75","returns HTTP 200 for authenticated user","","Tue Mar 17 23:48:13 UTC 2026","passed","Tue Mar 17 23:48:13 UTC 2026","Order Endpoints > GET /api/orders","orders_test.spec.ts","",""
"Verify product has all required fields","47","testGetProductRequiredFields","API Test Suite","Tue Mar 17 23:48:32 UTC 2026","passed","Tue Mar 17 23:48:32 UTC 2026","com.automationlab.tests.ProductTest","API Tests","com.automationlab.tests.ProductTest","testGetProductRequiredFields"
"Verify create product fails without authentication","27","testCreateProductNoAuth","API Test Suite","Tue Mar 17 23:48:32 UTC 2026","passed","Tue Mar 17 23:48:32 UTC 2026","com.automationlab.tests.ProductTest","API Tests","com.automationlab.tests.ProductTest","testCreateProductNoAuth"
"Product detail page displays category","356","productDetailPageDisplaysCategory","SQA Automation Lab — Selenium UI Suite","Tue Mar 17 23:52:28 UTC 2026","failed","Tue Mar 17 23:52:29 UTC 2026","com.sqa.ui.tests.ProductDetailTest","UI Tests","com.sqa.ui.tests.ProductDetailTest","productDetailPageDisplaysCategory"
"","280","updated product fields are returned in response","","Tue Mar 17 23:48:23 UTC 2026","passed","Tue Mar 17 23:48:23 UTC 2026","Product Endpoints > PUT /api/products/:id","products_test.spec.ts","",""
"Sign in link navigates to login page","637","signInLinkNavigatesToLoginPage","SQA Automation Lab — Selenium UI Suite","Tue Mar 17 23:50:28 UTC 2026","passed","Tue Mar 17 23:50:29 UTC 2026","com.sqa.ui.tests.RegisterTest","UI Tests","com.sqa.ui.tests.RegisterTest","signInLinkNavigatesToLoginPage"
"","38202","DELETE /api/orders/:id","","Tue Mar 17 23:51:03 UTC 2026","passed","Tue Mar 17 23:51:41 UTC 2026","","k6 Performance Tests","",""
"","3","test_login_without_email_returns_400","tests","Tue Mar 17 23:48:20 UTC 2026","passed","Tue Mar 17 23:48:20 UTC 2026","TestLogin","auth_test","",""
"Search returns filtered results","1201","searchReturnsFilteredResults","SQA Automation Lab — Selenium UI Suite","Tue Mar 17 23:51:28 UTC 2026","passed","Tue Mar 17 23:51:30 UTC 2026","com.sqa.ui.tests.ProductsTest","UI Tests","com.sqa.ui.tests.ProductsTest","searchReturnsFilteredResults"
"","340","Sign-in link navigates to login page","chromium","Tue Mar 17 23:50:11 UTC 2026","passed","Tue Mar 17 23:50:12 UTC 2026","Register","register_test.spec.ts","",""
"Empty last name shows validation error — AUT Bug C","11466","emptyLastNameShowsValidationError","SQA Automation Lab — Selenium UI Suite","Tue Mar 17 23:50:01 UTC 2026","failed","Tue Mar 17 23:50:12 UTC 2026","com.sqa.ui.tests.RegisterTest","UI Tests","com.sqa.ui.tests.RegisterTest","emptyLastNameShowsValidationError"
"Unauthenticated access to dashboard redirects to login","338","unauthenticatedAccessRedirectsToLogin","SQA Automation Lab — Selenium UI Suite","Tue Mar 17 23:54:29 UTC 2026","passed","Tue Mar 17 23:54:29 UTC 2026","com.sqa.ui.tests.DashboardTest","UI Tests","com.sqa.ui.tests.DashboardTest","unauthenticatedAccessRedirectsToLogin"
"","2","test_health_reports_healthy_status","tests","Tue Mar 17 23:48:20 UTC 2026","passed","Tue Mar 17 23:48:20 UTC 2026","TestHealthEndpoint","health_test","",""
"","29910","Health Tests","","Tue Mar 17 23:48:14 UTC 2026","passed","Tue Mar 17 23:48:44 UTC 2026","","JMeter Performance Tests","",""
"Verify authenticated user can create an order","70","testCreateOrder","API Test Suite","Tue Mar 17 23:48:35 UTC 2026","passed","Tue Mar 17 23:48:35 UTC 2026","com.automationlab.tests.OrderTest","API Tests","com.automationlab.tests.OrderTest","testCreateOrder"
"","2","test_regular_user_cannot_update_product","tests","Tue Mar 17 23:48:24 UTC 2026","passed","Tue Mar 17 23:48:24 UTC 2026","TestUpdateProduct","products_test","",""
"","6","test_cancel_nonexistent_order_returns_404","tests","Tue Mar 17 23:48:24 UTC 2026","passed","Tue Mar 17 23:48:24 UTC 2026","TestCancelOrder","orders_test","",""
"","786","Sign out button is visible","chromium","Tue Mar 17 23:49:06 UTC 2026","passed","Tue Mar 17 23:49:07 UTC 2026","Navbar — Authenticated Regular User","navbar_test.spec.ts","",""
"Verify orders list supports pagination","40","testListOrdersPagination","API Test Suite","Tue Mar 17 23:48:35 UTC 2026","passed","Tue Mar 17 23:48:35 UTC 2026","com.automationlab.tests.OrderTest","API Tests","com.automationlab.tests.OrderTest","testListOrdersPagination"
"","37984","Step 1: Register new user","","Tue Mar 17 23:51:42 UTC 2026","passed","Tue Mar 17 23:52:20 UTC 2026","","k6 Performance Tests","",""
"","71","returns HTTP 401 without token","","Tue Mar 17 23:48:29 UTC 2026","passed","Tue Mar 17 23:48:29 UTC 2026","User Endpoints > DELETE /api/users/:id","user_test.spec.ts","",""
"","71","response contains users array and pagination object","","Tue Mar 17 23:48:26 UTC 2026","passed","Tue Mar 17 23:48:26 UTC 2026","User Endpoints > GET /api/users","user_test.spec.ts","",""
"Authenticated user sees product cards","1632","authenticatedUserSeesProductCards","SQA Automation Lab — Selenium UI Suite","Tue Mar 17 23:50:52 UTC 2026","passed","Tue Mar 17 23:50:54 UTC 2026","com.sqa.ui.tests.ProductsTest","UI Tests","com.sqa.ui.tests.ProductsTest","authenticatedUserSeesProductCards"
"","38878","POST /api/auth/login - valid credentials","","Tue Mar 17 23:48:55 UTC 2026","passed","Tue Mar 17 23:49:34 UTC 2026","","k6 Performance Tests","",""
"","4","test_user_can_delete_own_account","tests","Tue Mar 17 23:48:25 UTC 2026","passed","Tue Mar 17 23:48:25 UTC 2026","TestDeleteUser","user_test","",""
"","960","Admin sees product cards","chromium","Tue Mar 17 23:49:48 UTC 2026","passed","Tue Mar 17 23:49:49 UTC 2026","Products — Authenticated Admin","products_test.spec.ts","",""
"","352","Sign-out button is not visible","chromium","Tue Mar 17 23:48:58 UTC 2026","passed","Tue Mar 17 23:48:58 UTC 2026","Navbar — Unauthenticated","navbar_test.spec.ts","",""
"","7","returns HTTP 400 for non-numeric product id","","Tue Mar 17 23:48:21 UTC 2026","passed","Tue Mar 17 23:48:21 UTC 2026","Product Endpoints > GET /api/products/:id","products_test.spec.ts","",""
"Verify create order fails with insufficient stock","16","testCreateOrderInsufficientStock","API Test Suite","Tue Mar 17 23:48:34 UTC 2026","passed","Tue Mar 17 23:48:34 UTC 2026","com.automationlab.tests.OrderTest","API Tests","com.automationlab.tests.OrderTest","testCreateOrderInsufficientStock"
"","250","response body conforms to product schema","","Tue Mar 17 23:48:20 UTC 2026","passed","Tue Mar 17 23:48:21 UTC 2026","Product Endpoints > GET /api/products/:id","products_test.spec.ts","",""
"","275","Product detail page displays category","chromium","Tue Mar 17 23:49:36 UTC 2026","passed","Tue Mar 17 23:49:36 UTC 2026","Product Detail — Unauthenticated","product_detail_test.spec.ts","",""
"Verify users list supports pagination","95","testListUsersPagination","API Test Suite","Tue Mar 17 23:48:29 UTC 2026","passed","Tue Mar 17 23:48:30 UTC 2026","com.automationlab.tests.UserTest","API Tests","com.automationlab.tests.UserTest","testListUsersPagination"
"","71","returns HTTP 200 when updating own user","","Tue Mar 17 23:48:28 UTC 2026","passed","Tue Mar 17 23:48:28 UTC 2026","User Endpoints > PUT /api/users/:id","user_test.spec.ts","",""
"","38110","GET /api/products/:id","","Tue Mar 17 23:50:19 UTC 2026","passed","Tue Mar 17 23:50:57 UTC 2026","","k6 Performance Tests","",""
"","2","test_create_order_without_auth_returns_401","tests","Tue Mar 17 23:48:21 UTC 2026","passed","Tue Mar 17 23:48:21 UTC 2026","TestCreateOrder","orders_test","",""
"","361","Products link is visible","chromium","Tue Mar 17 23:48:56 UTC 2026","passed","Tue Mar 17 23:48:56 UTC 2026","Navbar — Unauthenticated","navbar_test.spec.ts","",""
"","84","pagination metadata contains expected fields","","Tue Mar 17 23:48:14 UTC 2026","passed","Tue Mar 17 23:48:14 UTC 2026","Order Endpoints > GET /api/orders","orders_test.spec.ts","",""
"Verify root endpoint lists available endpoints","56","testRootEndpointListsEndpoints","API Test Suite","Tue Mar 17 23:48:25 UTC 2026","passed","Tue Mar 17 23:48:25 UTC 2026","com.automationlab.tests.HealthTest","API Tests","com.automationlab.tests.HealthTest","testRootEndpointListsEndpoints"
"","37983","Step 4: View product detail","","Tue Mar 17 23:51:45 UTC 2026","passed","Tue Mar 17 23:52:23 UTC 2026","","k6 Performance Tests","",""
"Verify products can be filtered by category","50","testListProductsByCategory","API Test Suite","Tue Mar 17 23:48:32 UTC 2026","passed","Tue Mar 17 23:48:32 UTC 2026","com.automationlab.tests.ProductTest","API Tests","com.automationlab.tests.ProductTest","testListProductsByCategory"
"Cancelling an order should return stock to the product.","18","test_cancel_restores_stock","tests","Tue Mar 17 23:48:23 UTC 2026","passed","Tue Mar 17 23:48:23 UTC 2026","TestCancelOrder","orders_test","",""
"","71","limit parameter is respected","","Tue Mar 17 23:48:26 UTC 2026","passed","Tue Mar 17 23:48:26 UTC 2026","User Endpoints > GET /api/users","user_test.spec.ts","",""
"Verify create product fails with missing price","11","testCreateProductMissingPrice","API Test Suite","Tue Mar 17 23:48:32 UTC 2026","passed","Tue Mar 17 23:48:32 UTC 2026","com.automationlab.tests.ProductTest","API Tests","com.automationlab.tests.ProductTest","testCreateProductMissingPrice"
"Verify get current user fails without token","32","testGetCurrentUserNoToken","API Test Suite","Tue Mar 17 23:48:26 UTC 2026","passed","Tue Mar 17 23:48:26 UTC 2026","com.automationlab.tests.AuthTest","API Tests","com.automationlab.tests.AuthTest","testGetCurrentUserNoToken"
"","515","Pagination prev button returns to page 1","chromium","Tue Mar 17 23:49:46 UTC 2026","passed","Tue Mar 17 23:49:47 UTC 2026","Products — Unauthenticated","products_test.spec.ts","",""
"","2","test_get_product_invalid_id_returns_400","tests","Tue Mar 17 23:48:24 UTC 2026","passed","Tue Mar 17 23:48:24 UTC 2026","TestGetProduct","products_test","",""
"","821","Dashboard page displays welcome heading","chromium","Tue Mar 17 23:48:45 UTC 2026","passed","Tue Mar 17 23:48:46 UTC 2026","Dashboard — Authenticated Regular User","dashboard_test.spec.ts","",""
"Verify user can cancel their own pending order","69","testCancelOwnOrder","API Test Suite","Tue Mar 17 23:48:34 UTC 2026","passed","Tue Mar 17 23:48:34 UTC 2026","com.automationlab.tests.OrderTest","API Tests","com.automationlab.tests.OrderTest","testCancelOwnOrder"
"","3","test_list_users_invalid_page_returns_400","tests","Tue Mar 17 23:48:24 UTC 2026","passed","Tue Mar 17 23:48:24 UTC 2026","TestListUsers","user_test","",""
"","3","test_regular_user_cannot_create_product","tests","Tue Mar 17 23:48:24 UTC 2026","passed","Tue Mar 17 23:48:24 UTC 2026","TestCreateProduct","products_test","",""
"","7","returns HTTP 400 for invalid email format","","Tue Mar 17 23:48:10 UTC 2026","passed","Tue Mar 17 23:48:10 UTC 2026","Authentication Endpoints > POST /api/auth/register","auth_test.spec.ts","",""
"","4","test_create_order_with_nonexistent_product_returns_404","tests","Tue Mar 17 23:48:21 UTC 2026","passed","Tue Mar 17 23:48:21 UTC 2026","TestCreateOrder","orders_test","",""
"","7","response body contains message field","","Tue Mar 17 23:48:11 UTC 2026","passed","Tue Mar 17 23:48:11 UTC 2026","Health Endpoints > GET /","health_test.spec.ts","",""
"Invalid email format shows validation error — AUT Bug B","933","invalidEmailFormatShowsValidationError","SQA Automation Lab — Selenium UI Suite","Tue Mar 17 23:49:06 UTC 2026","passed","Tue Mar 17 23:49:07 UTC 2026","com.sqa.ui.tests.LoginTest","UI Tests","com.sqa.ui.tests.LoginTest","invalidEmailFormatShowsValidationError"
"","877","Admin order error message shown on invalid product","chromium","Tue Mar 17 23:49:40 UTC 2026","passed","Tue Mar 17 23:49:40 UTC 2026","Product Detail — Authenticated Admin","product_detail_test.spec.ts","",""
"Valid registration renders authenticated navbar state","1844","validRegistrationRendersAuthenticatedNavbarState","SQA Automation Lab — Selenium UI Suite","Tue Mar 17 23:50:38 UTC 2026","passed","Tue Mar 17 23:50:39 UTC 2026","com.sqa.ui.tests.RegisterTest","UI Tests","com.sqa.ui.tests.RegisterTest","validRegistrationRendersAuthenticatedNavbarState"
"","3","test_delete_nonexistent_product_returns_404","tests","Tue Mar 17 23:48:24 UTC 2026","passed","Tue Mar 17 23:48:24 UTC 2026","TestDeleteProduct","products_test","",""
"","252","admin can soft delete a product and receives HTTP 200","","Tue Mar 17 23:48:25 UTC 2026","passed","Tue Mar 17 23:48:25 UTC 2026","Product Endpoints > DELETE /api/products/:id","products_test.spec.ts","",""
"","3","test_create_product_with_negative_stock_returns_400","tests","Tue Mar 17 23:48:24 UTC 2026","passed","Tue Mar 17 23:48:24 UTC 2026","TestCreateProduct","products_test","",""
"","9","test_create_order_with_single_item","tests","Tue Mar 17 23:48:20 UTC 2026","passed","Tue Mar 17 23:48:20 UTC 2026","TestCreateOrder","orders_test","",""
"","69","returns HTTP 400 for empty update body","","Tue Mar 17 23:48:28 UTC 2026","passed","Tue Mar 17 23:48:28 UTC 2026","User Endpoints > PUT /api/users/:id","user_test.spec.ts","",""
"Verify login fails with missing password","26","testLoginMissingPassword","API Test Suite","Tue Mar 17 23:48:26 UTC 2026","passed","Tue Mar 17 23:48:26 UTC 2026","com.automationlab.tests.AuthTest","API Tests","com.automationlab.tests.AuthTest","testLoginMissingPassword"
"Authenticated user visiting login page is redirected to dashboard — AUT Bug D","11745","authenticatedUserVisitingLoginIsRedirectedToDashboard","SQA Automation Lab — Selenium UI Suite","Tue Mar 17 23:48:41 UTC 2026","broken","Tue Mar 17 23:48:53 UTC 2026","com.sqa.ui.tests.LoginTest","UI Tests","com.sqa.ui.tests.LoginTest","authenticatedUserVisitingLoginIsRedirectedToDashboard"
"Products link is visible","481","productsLinkIsVisible","SQA Automation Lab — Selenium UI Suite","Tue Mar 17 23:55:15 UTC 2026","passed","Tue Mar 17 23:55:15 UTC 2026","com.sqa.ui.tests.NavigationTest","UI Tests","com.sqa.ui.tests.NavigationTest","productsLinkIsVisible"
"","6","test_filter_returns_metadata","tests","Tue Mar 17 23:48:24 UTC 2026","passed","Tue Mar 17 23:48:24 UTC 2026","TestFilterProducts","products_test","",""
"","3","test_list_products_returns_paginated_results","tests","Tue Mar 17 23:48:24 UTC 2026","passed","Tue Mar 17 23:48:24 UTC 2026","TestListProducts","products_test","",""
"","71","returns correct user data for own user","","Tue Mar 17 23:48:27 UTC 2026","passed","Tue Mar 17 23:48:27 UTC 2026","User Endpoints > GET /api/users/:id","user_test.spec.ts","",""
"","3","test_admin_can_view_any_user","tests","Tue Mar 17 23:48:25 UTC 2026","passed","Tue Mar 17 23:48:25 UTC 2026","TestGetUser","user_test","",""
"","5540","Empty first name shows validation error","chromium","Tue Mar 17 23:49:55 UTC 2026","failed","Tue Mar 17 23:50:00 UTC 2026","Register","register_test.spec.ts","",""
"","38816","GET /api/auth/me","","Tue Mar 17 23:48:56 UTC 2026","passed","Tue Mar 17 23:49:35 UTC 2026","","k6 Performance Tests","",""
"","70","returns HTTP 200 for own user","","Tue Mar 17 23:48:27 UTC 2026","passed","Tue Mar 17 23:48:27 UTC 2026","User Endpoints > GET /api/users/:id","user_test.spec.ts","",""
"","37984","Step 3: Browse products","","Tue Mar 17 23:51:44 UTC 2026","passed","Tue Mar 17 23:52:22 UTC 2026","","k6 Performance Tests","",""
"","84","response body conforms to paginated users schema","","Tue Mar 17 23:48:26 UTC 2026","passed","Tue Mar 17 23:48:26 UTC 2026","User Endpoints > GET /api/users","user_test.spec.ts","",""
"","4","test_update_nonexistent_order_returns_404","tests","Tue Mar 17 23:48:23 UTC 2026","passed","Tue Mar 17 23:48:23 UTC 2026","TestUpdateOrderStatus","orders_test","",""
"","934","Admin cancel order dismissed by user leaves order intact","chromium","Tue Mar 17 23:49:27 UTC 2026","passed","Tue Mar 17 23:49:28 UTC 2026","Orders — Authenticated Admin","orders_test.spec.ts","",""
"","5","returns HTTP 400 when password is missing","","Tue Mar 17 23:48:10 UTC 2026","passed","Tue Mar 17 23:48:10 UTC 2026","Authentication Endpoints > POST /api/auth/login","auth_test.spec.ts","",""
"Verify user cannot delete another user's account","12","testDeleteOtherUserForbidden","API Test Suite","Tue Mar 17 23:48:29 UTC 2026","passed","Tue Mar 17 23:48:29 UTC 2026","com.automationlab.tests.UserTest","API Tests","com.automationlab.tests.UserTest","testDeleteOtherUserForbidden"
"","542","Unauthenticated access redirects to login","chromium","Tue Mar 17 23:48:36 UTC 2026","passed","Tue Mar 17 23:48:37 UTC 2026","Dashboard — Unauthenticated","dashboard_test.spec.ts","",""
"","387","Sign in link is visible","chromium","Tue Mar 17 23:48:56 UTC 2026","passed","Tue Mar 17 23:48:56 UTC 2026","Navbar — Unauthenticated","navbar_test.spec.ts","",""
"Orders that have progressed past pending cannot be cancelled.","16","test_cannot_cancel_non_pending_order","tests","Tue Mar 17 23:48:24 UTC 2026","passed","Tue Mar 17 23:48:24 UTC 2026","TestCancelOrder","orders_test","",""
"","132","returns HTTP 401 for wrong password","","Tue Mar 17 23:48:10 UTC 2026","passed","Tue Mar 17 23:48:10 UTC 2026","Authentication Endpoints > POST /api/auth/login","auth_test.spec.ts","",""
"Verify user cannot cancel another user's order","51","testCancelOtherUserOrder","API Test Suite","Tue Mar 17 23:48:34 UTC 2026","passed","Tue Mar 17 23:48:34 UTC 2026","com.automationlab.tests.OrderTest","API Tests","com.automationlab.tests.OrderTest","testCancelOtherUserOrder"
"","897","User status filter pending shows results","chromium","Tue Mar 17 23:49:29 UTC 2026","passed","Tue Mar 17 23:49:30 UTC 2026","Orders — Authenticated User","orders_test.spec.ts","",""
"","4","test_get_product_by_id","tests","Tue Mar 17 23:48:24 UTC 2026","passed","Tue Mar 17 23:48:24 UTC 2026","TestGetProduct","products_test","",""
"","335","Unauthenticated place order redirects to login","chromium","Tue Mar 17 23:49:37 UTC 2026","passed","Tue Mar 17 23:49:37 UTC 2026","Product Detail — Unauthenticated","product_detail_test.spec.ts","",""
"","6","returns HTTP 403 with an invalid token","","Tue Mar 17 23:48:11 UTC 2026","passed","Tue Mar 17 23:48:11 UTC 2026","Authentication Endpoints > GET /api/auth/me","auth_test.spec.ts","",""
"","65","test_login_with_valid_credentials","tests","Tue Mar 17 23:48:19 UTC 2026","passed","Tue Mar 17 23:48:19 UTC 2026","TestLogin","auth_test","",""
"","3","test_get_nonexistent_order_returns_404","tests","Tue Mar 17 23:48:22 UTC 2026","passed","Tue Mar 17 23:48:22 UTC 2026","TestGetOrder","orders_test","",""
"","336","returns HTTP 401 without token","","Tue Mar 17 23:48:18 UTC 2026","passed","Tue Mar 17 23:48:18 UTC 2026","Order Endpoints > PATCH /api/orders/:id/status","orders_test.spec.ts","",""
"Orders link is visible when authenticated","1164","ordersLinkIsVisibleWhenAuthenticated","SQA Automation Lab — Selenium UI Suite","Tue Mar 17 23:55:06 UTC 2026","passed","Tue Mar 17 23:55:07 UTC 2026","com.sqa.ui.tests.NavigationTest","UI Tests","com.sqa.ui.tests.NavigationTest","ordersLinkIsVisibleWhenAuthenticated"
"","4","test_update_own_first_name","tests","Tue Mar 17 23:48:25 UTC 2026","passed","Tue Mar 17 23:48:25 UTC 2026","TestUpdateUser","user_test","",""
"","71","updated fields are returned in response","","Tue Mar 17 23:48:28 UTC 2026","passed","Tue Mar 17 23:48:28 UTC 2026","User Endpoints > PUT /api/users/:id","user_test.spec.ts","",""
"","4","test_register_duplicate_email_returns_409","tests","Tue Mar 17 23:48:19 UTC 2026","passed","Tue Mar 17 23:48:19 UTC 2026","TestRegistration","auth_test","",""
"Verify non-admin cannot update order status","11","testUpdateOrderStatusNonAdmin","API Test Suite","Tue Mar 17 23:48:35 UTC 2026","passed","Tue Mar 17 23:48:35 UTC 2026","com.automationlab.tests.OrderTest","API Tests","com.automationlab.tests.OrderTest","testUpdateOrderStatusNonAdmin"
"","4","test_current_user_includes_full_profile","tests","Tue Mar 17 23:48:20 UTC 2026","passed","Tue Mar 17 23:48:20 UTC 2026","TestCurrentUser","auth_test","",""
"Status filter pending shows only pending orders — AUT Bug C","856","statusFilterPendingShowsPendingOrders","SQA Automation Lab — Selenium UI Suite","Tue Mar 17 23:53:52 UTC 2026","passed","Tue Mar 17 23:53:53 UTC 2026","com.sqa.ui.tests.OrdersTest","UI Tests","com.sqa.ui.tests.OrdersTest","statusFilterPendingShowsPendingOrders"
"","39217","PUT /api/users/:id","","Tue Mar 17 23:49:38 UTC 2026","passed","Tue Mar 17 23:50:17 UTC 2026","","k6 Performance Tests","",""
"","30020","Auth Tests","","Tue Mar 17 23:48:49 UTC 2026","passed","Tue Mar 17 23:49:19 UTC 2026","","JMeter Performance Tests","",""
"","4","test_get_own_user_profile","tests","Tue Mar 17 23:48:24 UTC 2026","passed","Tue Mar 17 23:48:24 UTC 2026","TestGetUser","user_test","",""
"","39218","GET /api/users/:id - unauthorized (different user)","","Tue Mar 17 23:49:37 UTC 2026","passed","Tue Mar 17 23:50:16 UTC 2026","","k6 Performance Tests","",""
"","3","test_health_returns_200","tests","Tue Mar 17 23:48:20 UTC 2026","passed","Tue Mar 17 23:48:20 UTC 2026","TestHealthEndpoint","health_test","",""
"","804","valid login renders authenticated navbar state","chromium","Tue Mar 17 23:48:51 UTC 2026","passed","Tue Mar 17 23:48:52 UTC 2026","Login","login_test.spec.ts","",""
"Authenticated user can navigate to product detail","1372","authenticatedUserCanNavigateToProductDetail","SQA Automation Lab — Selenium UI Suite","Tue Mar 17 23:50:43 UTC 2026","passed","Tue Mar 17 23:50:44 UTC 2026","com.sqa.ui.tests.ProductsTest","UI Tests","com.sqa.ui.tests.ProductsTest","authenticatedUserCanNavigateToProductDetail"
"Verify products can be filtered by multiple criteria","25","testListProductsMultipleFilters","API Test Suite","Tue Mar 17 23:48:32 UTC 2026","passed","Tue Mar 17 23:48:32 UTC 2026","com.automationlab.tests.ProductTest","API Tests","com.automationlab.tests.ProductTest","testListProductsMultipleFilters"
"","318","returns HTTP 400 for quantity exceeding available stock","","Tue Mar 17 23:48:13 UTC 2026","passed","Tue Mar 17 23:48:13 UTC 2026","Order Endpoints > POST /api/orders","orders_test.spec.ts","",""
"","425","Search with no matches shows no products found message","chromium","Tue Mar 17 23:49:45 UTC 2026","passed","Tue Mar 17 23:49:45 UTC 2026","Products — Unauthenticated","products_test.spec.ts","",""
"","38887","POST /api/auth/register","","Tue Mar 17 23:48:54 UTC 2026","passed","Tue Mar 17 23:49:33 UTC 2026","","k6 Performance Tests","",""
"Verify get order fails without authentication","13","testGetOrderNoAuth","API Test Suite","Tue Mar 17 23:48:34 UTC 2026","passed","Tue Mar 17 23:48:34 UTC 2026","com.automationlab.tests.OrderTest","API Tests","com.automationlab.tests.OrderTest","testGetOrderNoAuth"
"Verify admin can update stock quantity","20","testUpdateProductStock","API Test Suite","Tue Mar 17 23:48:32 UTC 2026","passed","Tue Mar 17 23:48:32 UTC 2026","com.automationlab.tests.ProductTest","API Tests","com.automationlab.tests.ProductTest","testUpdateProductStock"
"Verify create product fails with missing name","16","testCreateProductMissingName","API Test Suite","Tue Mar 17 23:48:32 UTC 2026","passed","Tue Mar 17 23:48:32 UTC 2026","com.automationlab.tests.ProductTest","API Tests","com.automationlab.tests.ProductTest","testCreateProductMissingName"
"","334","admin can update order status and receives HTTP 200","","Tue Mar 17 23:48:16 UTC 2026","passed","Tue Mar 17 23:48:17 UTC 2026","Order Endpoints > PATCH /api/orders/:id/status","orders_test.spec.ts","",""
"","6","uptime is a positive number","","Tue Mar 17 23:48:11 UTC 2026","passed","Tue Mar 17 23:48:11 UTC 2026","Health Endpoints > GET /health","health_test.spec.ts","",""
"Verify product response includes timestamps","36","testGetProductIncludesTimestamps","API Test Suite","Tue Mar 17 23:48:32 UTC 2026","passed","Tue Mar 17 23:48:32 UTC 2026","com.automationlab.tests.ProductTest","API Tests","com.automationlab.tests.ProductTest","testGetProductIncludesTimestamps"
"Filter orders by status parameter.","3","test_filter_orders_by_status","tests","Tue Mar 17 23:48:22 UTC 2026","passed","Tue Mar 17 23:48:22 UTC 2026","TestListOrders","orders_test","",""
"","9","test_admin_can_update_status_to_delivered","tests","Tue Mar 17 23:48:23 UTC 2026","passed","Tue Mar 17 23:48:23 UTC 2026","TestUpdateOrderStatus","orders_test","",""
"**Risk:** Informational
**Confidence:** 3
**Instances:** 1

**Description:**
The given request has been identified as an authentication request. The 'Other Info' field contains a set of key=value lines which identify any relevant fields. If the request is in a context which has an Authentication Method set to ""Auto-Detect"" then this rule will change the authentication to match the request identified.

**Solution:**
This is an informational alert rather than a vulnerability and so there is nothing to fix.","0","Authentication Request Identified","","Tue Mar 17 23:49:31 UTC 2026","passed","Tue Mar 17 23:49:31 UTC 2026","","Security - ZAP API Scan","",""
"Verify user can soft delete their own account","126","testDeleteOwnUser","API Test Suite","Tue Mar 17 23:48:29 UTC 2026","passed","Tue Mar 17 23:48:29 UTC 2026","com.automationlab.tests.UserTest","API Tests","com.automationlab.tests.UserTest","testDeleteOwnUser"
"Attempt to update email to one already in use.","4","test_update_with_duplicate_email_returns_409","tests","Tue Mar 17 23:48:25 UTC 2026","passed","Tue Mar 17 23:48:25 UTC 2026","TestUpdateUser","user_test","",""
"Product detail page displays product price","351","productDetailPageDisplaysProductPrice","SQA Automation Lab — Selenium UI Suite","Tue Mar 17 23:52:36 UTC 2026","failed","Tue Mar 17 23:52:36 UTC 2026","com.sqa.ui.tests.ProductDetailTest","UI Tests","com.sqa.ui.tests.ProductDetailTest","productDetailPageDisplaysProductPrice"
"","5","returns HTTP 401 without token","","Tue Mar 17 23:48:11 UTC 2026","passed","Tue Mar 17 23:48:11 UTC 2026","Authentication Endpoints > POST /api/auth/logout","auth_test.spec.ts","",""
"","4","test_list_users_pagination_metadata","tests","Tue Mar 17 23:48:24 UTC 2026","passed","Tue Mar 17 23:48:24 UTC 2026","TestListUsers","user_test","",""
"","346","Dashboard link is not visible","chromium","Tue Mar 17 23:48:57 UTC 2026","passed","Tue Mar 17 23:48:58 UTC 2026","Navbar — Unauthenticated","navbar_test.spec.ts","",""
"Unauthenticated access to orders redirects to login — AUT Bug A","185","unauthenticatedAccessToOrdersRedirectsToLogin","SQA Automation Lab — Selenium UI Suite","Tue Mar 17 23:53:57 UTC 2026","passed","Tue Mar 17 23:53:57 UTC 2026","com.sqa.ui.tests.OrdersTest","UI Tests","com.sqa.ui.tests.OrdersTest","unauthenticatedAccessToOrdersRedirectsToLogin"
"","283","Product detail page displays stock status","chromium","Tue Mar 17 23:49:36 UTC 2026","passed","Tue Mar 17 23:49:37 UTC 2026","Product Detail — Unauthenticated","product_detail_test.spec.ts","",""
"Verify get non-existent product returns 404","11","testGetNonExistentProduct","API Test Suite","Tue Mar 17 23:48:32 UTC 2026","passed","Tue Mar 17 23:48:32 UTC 2026","com.automationlab.tests.ProductTest","API Tests","com.automationlab.tests.ProductTest","testGetNonExistentProduct"
"Orders link navigates to orders page","1085","ordersLinkNavigatesToOrdersPage","SQA Automation Lab — Selenium UI Suite","Tue Mar 17 23:55:10 UTC 2026","passed","Tue Mar 17 23:55:11 UTC 2026","com.sqa.ui.tests.NavigationTest","UI Tests","com.sqa.ui.tests.NavigationTest","ordersLinkNavigatesToOrdersPage"
"Register link navigates to register page","687","registerLinkNavigatesToRegisterPage","SQA Automation Lab — Selenium UI Suite","Tue Mar 17 23:49:19 UTC 2026","passed","Tue Mar 17 23:49:19 UTC 2026","com.sqa.ui.tests.LoginTest","UI Tests","com.sqa.ui.tests.LoginTest","registerLinkNavigatesToRegisterPage"
"","4","test_admin_can_update_any_user","tests","Tue Mar 17 23:48:25 UTC 2026","passed","Tue Mar 17 23:48:25 UTC 2026","TestUpdateUser","user_test","",""
"","276","Unauthenticated access to orders redirects to login","chromium","Tue Mar 17 23:49:13 UTC 2026","passed","Tue Mar 17 23:49:13 UTC 2026","Orders — Unauthenticated","orders_test.spec.ts","",""
"","2","test_invalid_route_returns_404","tests","Tue Mar 17 23:48:20 UTC 2026","passed","Tue Mar 17 23:48:20 UTC 2026","TestNotFound","health_test","",""
"Verify created product has default active status","15","testCreateProductDefaultActiveStatus","API Test Suite","Tue Mar 17 23:48:31 UTC 2026","passed","Tue Mar 17 23:48:32 UTC 2026","com.automationlab.tests.ProductTest","API Tests","com.automationlab.tests.ProductTest","testCreateProductDefaultActiveStatus"
"","39139","GET /","","Tue Mar 17 23:48:14 UTC 2026","passed","Tue Mar 17 23:48:54 UTC 2026","","k6 Performance Tests","",""
"","1031","Admin cancel order with confirmation removes order from pending list","chromium","Tue Mar 17 23:49:26 UTC 2026","passed","Tue Mar 17 23:49:27 UTC 2026","Orders — Authenticated Admin","orders_test.spec.ts","",""
"","773","authenticated user visiting login page is redirected to products","chromium","Tue Mar 17 23:48:55 UTC 2026","passed","Tue Mar 17 23:48:55 UTC 2026","Login","login_test.spec.ts","",""
"Verify registration fails with missing password","15","testRegistrationMissingPassword","API Test Suite","Tue Mar 17 23:48:27 UTC 2026","passed","Tue Mar 17 23:48:27 UTC 2026","com.automationlab.tests.AuthTest","API Tests","com.automationlab.tests.AuthTest","testRegistrationMissingPassword"
"Verify list users fails without authentication","39","testListUsersNoAuth","API Test Suite","Tue Mar 17 23:48:29 UTC 2026","passed","Tue Mar 17 23:48:29 UTC 2026","com.automationlab.tests.UserTest","API Tests","com.automationlab.tests.UserTest","testListUsersNoAuth"
"","7","category filter response includes filters metadata","","Tue Mar 17 23:48:20 UTC 2026","passed","Tue Mar 17 23:48:20 UTC 2026","Product Endpoints > GET /api/products","products_test.spec.ts","",""
"","348","updated status is returned in response","","Tue Mar 17 23:48:17 UTC 2026","passed","Tue Mar 17 23:48:17 UTC 2026","Order Endpoints > PATCH /api/orders/:id/status","orders_test.spec.ts","",""
"","7","test_list_users_page_navigation","tests","Tue Mar 17 23:48:24 UTC 2026","passed","Tue Mar 17 23:48:24 UTC 2026","TestListUsers","user_test","",""
"","2","test_get_current_user_without_token_returns_401","tests","Tue Mar 17 23:48:20 UTC 2026","passed","Tue Mar 17 23:48:20 UTC 2026","TestCurrentUser","auth_test","",""
"","898","User orders page displays order cards","chromium","Tue Mar 17 23:49:28 UTC 2026","passed","Tue Mar 17 23:49:29 UTC 2026","Orders — Authenticated User","orders_test.spec.ts","",""
"All returned products should be active.","4","test_list_products_only_returns_active","tests","Tue Mar 17 23:48:24 UTC 2026","passed","Tue Mar 17 23:48:24 UTC 2026","TestListProducts","products_test","",""
"","69","returns HTTP 403 for non-admin authenticated user","","Tue Mar 17 23:48:23 UTC 2026","passed","Tue Mar 17 23:48:23 UTC 2026","Product Endpoints > POST /api/products","products_test.spec.ts","",""
"Verify products can be searched by name","30","testSearchProducts","API Test Suite","Tue Mar 17 23:48:32 UTC 2026","passed","Tue Mar 17 23:48:32 UTC 2026","com.automationlab.tests.ProductTest","API Tests","com.automationlab.tests.ProductTest","testSearchProducts"
"","64","test_login_with_wrong_password_returns_401","tests","Tue Mar 17 23:48:20 UTC 2026","passed","Tue Mar 17 23:48:20 UTC 2026","TestLogin","auth_test","",""
"","250","admin can create a product and receives HTTP 201","","Tue Mar 17 23:48:21 UTC 2026","passed","Tue Mar 17 23:48:21 UTC 2026","Product Endpoints > POST /api/products","products_test.spec.ts","",""
"Verify get current user fails with invalid token","31","testGetCurrentUserInvalidToken","API Test Suite","Tue Mar 17 23:48:26 UTC 2026","passed","Tue Mar 17 23:48:26 UTC 2026","com.automationlab.tests.AuthTest","API Tests","com.automationlab.tests.AuthTest","testGetCurrentUserInvalidToken"
"Verify update with invalid status fails","12","testUpdateOrderInvalidStatus","API Test Suite","Tue Mar 17 23:48:35 UTC 2026","passed","Tue Mar 17 23:48:35 UTC 2026","com.automationlab.tests.OrderTest","API Tests","com.automationlab.tests.OrderTest","testUpdateOrderInvalidStatus"
"Empty password shows validation error","926","emptyPasswordShowsValidationError","SQA Automation Lab — Selenium UI Suite","Tue Mar 17 23:49:01 UTC 2026","passed","Tue Mar 17 23:49:02 UTC 2026","com.sqa.ui.tests.LoginTest","UI Tests","com.sqa.ui.tests.LoginTest","emptyPasswordShowsValidationError"
"","37982","Step 5: Create order","","Tue Mar 17 23:51:46 UTC 2026","passed","Tue Mar 17 23:52:24 UTC 2026","","k6 Performance Tests","",""
"Dashboard displays user name","1378","dashboardDisplaysUserName","SQA Automation Lab — Selenium UI Suite","Tue Mar 17 23:54:10 UTC 2026","passed","Tue Mar 17 23:54:11 UTC 2026","com.sqa.ui.tests.DashboardTest","UI Tests","com.sqa.ui.tests.DashboardTest","dashboardDisplaysUserName"
"Dashboard displays user email","1336","dashboardDisplaysUserEmail","SQA Automation Lab — Selenium UI Suite","Tue Mar 17 23:54:05 UTC 2026","passed","Tue Mar 17 23:54:06 UTC 2026","com.sqa.ui.tests.DashboardTest","UI Tests","com.sqa.ui.tests.DashboardTest","dashboardDisplaysUserEmail"
"","322","returns HTTP 400 for invalid status value","","Tue Mar 17 23:48:17 UTC 2026","passed","Tue Mar 17 23:48:17 UTC 2026","Order Endpoints > PATCH /api/orders/:id/status","orders_test.spec.ts","",""
"","4","test_combined_category_and_search","tests","Tue Mar 17 23:48:24 UTC 2026","passed","Tue Mar 17 23:48:24 UTC 2026","TestFilterProducts","products_test","",""
"Verify order can be created with multiple items","43","testCreateOrderMultipleItems","API Test Suite","Tue Mar 17 23:48:34 UTC 2026","passed","Tue Mar 17 23:48:34 UTC 2026","com.automationlab.tests.OrderTest","API Tests","com.automationlab.tests.OrderTest","testCreateOrderMultipleItems"
"Verify update product updates the updated_at timestamp","1045","testUpdateProductUpdatesTimestamp","API Test Suite","Tue Mar 17 23:48:32 UTC 2026","passed","Tue Mar 17 23:48:33 UTC 2026","com.automationlab.tests.ProductTest","API Tests","com.automationlab.tests.ProductTest","testUpdateProductUpdatesTimestamp"
"","3","test_list_users_without_auth_returns_401","tests","Tue Mar 17 23:48:24 UTC 2026","passed","Tue Mar 17 23:48:24 UTC 2026","TestListUsers","user_test","",""
"","313","soft deleted user has is_active set to false","","Tue Mar 17 23:48:29 UTC 2026","passed","Tue Mar 17 23:48:29 UTC 2026","User Endpoints > DELETE /api/users/:id","user_test.spec.ts","",""
"","5947","Admin status filter cancelled shows filtered results or empty state","chromium","Tue Mar 17 23:49:16 UTC 2026","failed","Tue Mar 17 23:49:22 UTC 2026","Orders — Authenticated Admin","orders_test.spec.ts","",""
"","261","returns HTTP 400 for empty update body","","Tue Mar 17 23:48:24 UTC 2026","passed","Tue Mar 17 23:48:24 UTC 2026","Product Endpoints > PUT /api/products/:id","products_test.spec.ts","",""
"","70","returns HTTP 401 without token","","Tue Mar 17 23:48:27 UTC 2026","passed","Tue Mar 17 23:48:28 UTC 2026","User Endpoints > GET /api/users/:id","user_test.spec.ts","",""
"","795","Orders link is visible","chromium","Tue Mar 17 23:49:07 UTC 2026","passed","Tue Mar 17 23:49:08 UTC 2026","Navbar — Authenticated Regular User","navbar_test.spec.ts","",""
"","133","response body conforms to auth response schema","","Tue Mar 17 23:48:10 UTC 2026","passed","Tue Mar 17 23:48:10 UTC 2026","Authentication Endpoints > POST /api/auth/login","auth_test.spec.ts","",""
"Stock should decrease after order creation.","9","test_create_order_reduces_stock","tests","Tue Mar 17 23:48:21 UTC 2026","passed","Tue Mar 17 23:48:21 UTC 2026","TestCreateOrder","orders_test","",""
"Verify pagination with custom page size","53","testListUsersCustomPageSize","API Test Suite","Tue Mar 17 23:48:29 UTC 2026","passed","Tue Mar 17 23:48:29 UTC 2026","com.automationlab.tests.UserTest","API Tests","com.automationlab.tests.UserTest","testListUsersCustomPageSize"
"Verify cancel order fails without authentication","14","testCancelOrderNoAuth","API Test Suite","Tue Mar 17 23:48:34 UTC 2026","passed","Tue Mar 17 23:48:34 UTC 2026","com.automationlab.tests.OrderTest","API Tests","com.automationlab.tests.OrderTest","testCancelOrderNoAuth"
"","10","test_admin_can_view_any_order","tests","Tue Mar 17 23:48:22 UTC 2026","passed","Tue Mar 17 23:48:22 UTC 2026","TestGetOrder","orders_test","",""
"","2","test_login_without_password_returns_400","tests","Tue Mar 17 23:48:20 UTC 2026","passed","Tue Mar 17 23:48:20 UTC 2026","TestLogin","auth_test","",""
"Dashboard link is not visible when unauthenticated","536","dashboardLinkIsNotVisibleWhenUnauthenticated","SQA Automation Lab — Selenium UI Suite","Tue Mar 17 23:54:45 UTC 2026","passed","Tue Mar 17 23:54:46 UTC 2026","com.sqa.ui.tests.NavigationTest","UI Tests","com.sqa.ui.tests.NavigationTest","dashboardLinkIsNotVisibleWhenUnauthenticated"
"","252","returns HTTP 401 without token","","Tue Mar 17 23:48:13 UTC 2026","passed","Tue Mar 17 23:48:13 UTC 2026","Order Endpoints > POST /api/orders","orders_test.spec.ts","",""
"","7","returns HTTP 401 for non-existent email","","Tue Mar 17 23:48:10 UTC 2026","passed","Tue Mar 17 23:48:10 UTC 2026","Authentication Endpoints > POST /api/auth/login","auth_test.spec.ts","",""
"Verify list orders fails without authentication","9","testListOrdersNoAuth","API Test Suite","Tue Mar 17 23:48:35 UTC 2026","passed","Tue Mar 17 23:48:35 UTC 2026","com.automationlab.tests.OrderTest","API Tests","com.automationlab.tests.OrderTest","testListOrdersNoAuth"
"Verify health endpoint response time is acceptable","54","testHealthEndpointResponseTime","API Test Suite","Tue Mar 17 23:48:25 UTC 2026","passed","Tue Mar 17 23:48:25 UTC 2026","com.automationlab.tests.HealthTest","API Tests","com.automationlab.tests.HealthTest","testHealthEndpointResponseTime"
"Verify health endpoint returns uptime information","60","testHealthEndpointUptime","API Test Suite","Tue Mar 17 23:48:25 UTC 2026","passed","Tue Mar 17 23:48:25 UTC 2026","com.automationlab.tests.HealthTest","API Tests","com.automationlab.tests.HealthTest","testHealthEndpointUptime"
"","134","returns HTTP 201 on successful registration","","Tue Mar 17 23:48:09 UTC 2026","passed","Tue Mar 17 23:48:09 UTC 2026","Authentication Endpoints > POST /api/auth/register","auth_test.spec.ts","",""
"","73","returns correct user data for the token owner","","Tue Mar 17 23:48:10 UTC 2026","passed","Tue Mar 17 23:48:11 UTC 2026","Authentication Endpoints > GET /api/auth/me","auth_test.spec.ts","",""
"Verify health check works with GET method","29","testHealthEndpointGetMethod","API Test Suite","Tue Mar 17 23:48:25 UTC 2026","passed","Tue Mar 17 23:48:25 UTC 2026","com.automationlab.tests.HealthTest","API Tests","com.automationlab.tests.HealthTest","testHealthEndpointGetMethod"
"Products page displays heading","547","productsPageDisplaysHeading","SQA Automation Lab — Selenium UI Suite","Tue Mar 17 23:51:20 UTC 2026","passed","Tue Mar 17 23:51:21 UTC 2026","com.sqa.ui.tests.ProductsTest","UI Tests","com.sqa.ui.tests.ProductsTest","productsPageDisplaysHeading"
"","869","User status filter cancelled shows filtered results or empty state","chromium","Tue Mar 17 23:49:30 UTC 2026","passed","Tue Mar 17 23:49:31 UTC 2026","Orders — Authenticated User","orders_test.spec.ts","",""
"Products listing should be accessible without authentication.","3","test_list_products_is_public","tests","Tue Mar 17 23:48:24 UTC 2026","passed","Tue Mar 17 23:48:24 UTC 2026","TestListProducts","products_test","",""
"","74","returns HTTP 200 with authentication","","Tue Mar 17 23:48:20 UTC 2026","passed","Tue Mar 17 23:48:20 UTC 2026","Product Endpoints > GET /api/products","products_test.spec.ts","",""
