"DESCRIPTION","DURATION IN MS","NAME","PARENT SUITE","START TIME","STATUS","STOP TIME","SUB SUITE","SUITE","TEST CLASS","TEST METHOD"
"Brand link is visible","10335","brandLinkIsVisible","SQA Automation Lab — Selenium UI Suite","Tue Mar 10 16:54:21 UTC 2026","broken","Tue Mar 10 16:54:32 UTC 2026","com.sqa.ui.tests.NavigationTest","UI Tests","com.sqa.ui.tests.NavigationTest","brandLinkIsVisible"
"","38493","Step 4: View product detail","","Tue Mar 10 16:47:31 UTC 2026","passed","Tue Mar 10 16:48:10 UTC 2026","","k6 Performance Tests","",""
"","4","test_update_nonexistent_product_returns_404","tests","Tue Mar 10 16:44:14 UTC 2026","passed","Tue Mar 10 16:44:14 UTC 2026","TestUpdateProduct","products_test","",""
"","141","response body conforms to auth response schema","","Tue Mar 10 16:43:51 UTC 2026","passed","Tue Mar 10 16:43:51 UTC 2026","Authentication Endpoints > POST /api/auth/login","auth_test.spec.ts","",""
"","5654","orders page displays order cards","chromium","Tue Mar 10 16:57:41 UTC 2026","failed","Tue Mar 10 16:57:47 UTC 2026","Orders","orders_test.spec.ts","",""
"","6","test_current_user_includes_full_profile","tests","Tue Mar 10 16:44:09 UTC 2026","passed","Tue Mar 10 16:44:09 UTC 2026","TestCurrentUser","auth_test","",""
"","328","stock is restored after order cancellation","","Tue Mar 10 16:43:59 UTC 2026","passed","Tue Mar 10 16:43:59 UTC 2026","Order Endpoints > DELETE /api/orders/:id","orders_test.spec.ts","",""
"","320","returns HTTP 200 for own order","","Tue Mar 10 16:43:55 UTC 2026","passed","Tue Mar 10 16:43:55 UTC 2026","Order Endpoints > GET /api/orders/:id","orders_test.spec.ts","",""
"Verify create order fails with empty items array","12","testCreateOrderEmptyItems","API Test Suite","Tue Mar 10 16:44:29 UTC 2026","passed","Tue Mar 10 16:44:29 UTC 2026","com.automationlab.tests.OrderTest","API Tests","com.automationlab.tests.OrderTest","testCreateOrderEmptyItems"
"Search returns filtered results","10551","searchReturnsFilteredResults","SQA Automation Lab — Selenium UI Suite","Tue Mar 10 16:51:04 UTC 2026","broken","Tue Mar 10 16:51:15 UTC 2026","com.sqa.ui.tests.ProductsTest","UI Tests","com.sqa.ui.tests.ProductsTest","searchReturnsFilteredResults"
"Verify registration fails with missing password","22","testRegistrationMissingPassword","API Test Suite","Tue Mar 10 16:44:21 UTC 2026","passed","Tue Mar 10 16:44:21 UTC 2026","com.automationlab.tests.AuthTest","API Tests","com.automationlab.tests.AuthTest","testRegistrationMissingPassword"
"Verify products can be filtered by category","36","testListProductsByCategory","API Test Suite","Tue Mar 10 16:44:26 UTC 2026","passed","Tue Mar 10 16:44:26 UTC 2026","com.automationlab.tests.ProductTest","API Tests","com.automationlab.tests.ProductTest","testListProductsByCategory"
"","5310","unauthenticated access redirects to login","chromium","Tue Mar 10 16:44:26 UTC 2026","failed","Tue Mar 10 16:44:31 UTC 2026","Dashboard — Unauthenticated","dashboard_test.spec.ts","",""
"","80","returns correct user data for the token owner","","Tue Mar 10 16:43:51 UTC 2026","passed","Tue Mar 10 16:43:51 UTC 2026","Authentication Endpoints > GET /api/auth/me","auth_test.spec.ts","",""
"","12","products in listing include expected fields","","Tue Mar 10 16:44:01 UTC 2026","passed","Tue Mar 10 16:44:01 UTC 2026","Product Endpoints > GET /api/products","products_test.spec.ts","",""
"","4","test_list_users_respects_limit","tests","Tue Mar 10 16:44:14 UTC 2026","passed","Tue Mar 10 16:44:14 UTC 2026","TestListUsers","user_test","",""
"Verify search is case-insensitive","64","testSearchProductsCaseInsensitive","API Test Suite","Tue Mar 10 16:44:27 UTC 2026","passed","Tue Mar 10 16:44:27 UTC 2026","com.automationlab.tests.ProductTest","API Tests","com.automationlab.tests.ProductTest","testSearchProductsCaseInsensitive"
"Verify admin can create a new product","70","testCreateProduct","API Test Suite","Tue Mar 10 16:44:26 UTC 2026","passed","Tue Mar 10 16:44:26 UTC 2026","com.automationlab.tests.ProductTest","API Tests","com.automationlab.tests.ProductTest","testCreateProduct"
"","244","creating with minimum fields returns 201 and stock defaults to zero","","Tue Mar 10 16:44:02 UTC 2026","passed","Tue Mar 10 16:44:02 UTC 2026","Product Endpoints > POST /api/products","products_test.spec.ts","",""
"","38110","POST /api/products - admin","","Tue Mar 10 16:46:06 UTC 2026","passed","Tue Mar 10 16:46:44 UTC 2026","","k6 Performance Tests","",""
"","38110","GET /api/products","","Tue Mar 10 16:46:05 UTC 2026","passed","Tue Mar 10 16:46:43 UTC 2026","","k6 Performance Tests","",""
"","3","test_root_returns_app_info","tests","Tue Mar 10 16:44:09 UTC 2026","passed","Tue Mar 10 16:44:09 UTC 2026","TestRootEndpoint","health_test","",""
"","30128","sign in link navigates to login page","chromium","Tue Mar 10 17:11:27 UTC 2026","broken","Tue Mar 10 17:11:57 UTC 2026","Register","register_test.spec.ts","",""
"Regular users should not be able to view other users' profiles.","4","test_user_cannot_view_other_user","tests","Tue Mar 10 16:44:14 UTC 2026","passed","Tue Mar 10 16:44:14 UTC 2026","TestGetUser","user_test","",""
"All returned products should be active.","5","test_list_products_only_returns_active","tests","Tue Mar 10 16:44:13 UTC 2026","passed","Tue Mar 10 16:44:13 UTC 2026","TestListProducts","products_test","",""
"Verify create order fails with missing items","14","testCreateOrderMissingItems","API Test Suite","Tue Mar 10 16:44:29 UTC 2026","passed","Tue Mar 10 16:44:29 UTC 2026","com.automationlab.tests.OrderTest","API Tests","com.automationlab.tests.OrderTest","testCreateOrderMissingItems"
"Verify registered user is active by default","244","testRegistrationDefaultActiveStatus","API Test Suite","Tue Mar 10 16:44:20 UTC 2026","passed","Tue Mar 10 16:44:21 UTC 2026","com.automationlab.tests.AuthTest","API Tests","com.automationlab.tests.AuthTest","testRegistrationDefaultActiveStatus"
"","248","returns HTTP 400 when price is missing","","Tue Mar 10 16:44:03 UTC 2026","passed","Tue Mar 10 16:44:03 UTC 2026","Product Endpoints > POST /api/products","products_test.spec.ts","",""
"After soft delete, product should not appear in public listing.","6","test_deleted_product_not_in_listing","tests","Tue Mar 10 16:44:14 UTC 2026","passed","Tue Mar 10 16:44:14 UTC 2026","TestDeleteProduct","products_test","",""
"Verify default pagination limit","45","testListUsersDefaultPaginationLimit","API Test Suite","Tue Mar 10 16:44:24 UTC 2026","passed","Tue Mar 10 16:44:24 UTC 2026","com.automationlab.tests.UserTest","API Tests","com.automationlab.tests.UserTest","testListUsersDefaultPaginationLimit"
"","4","test_list_users_returns_paginated_results","tests","Tue Mar 10 16:44:14 UTC 2026","passed","Tue Mar 10 16:44:14 UTC 2026","TestListUsers","user_test","",""
"Products page displays heading","10396","productsPageDisplaysHeading","SQA Automation Lab — Selenium UI Suite","Tue Mar 10 16:50:37 UTC 2026","broken","Tue Mar 10 16:50:47 UTC 2026","com.sqa.ui.tests.ProductsTest","UI Tests","com.sqa.ui.tests.ProductsTest","productsPageDisplaysHeading"
"Verify new order has default pending status","25","testCreateOrderDefaultStatus","API Test Suite","Tue Mar 10 16:44:29 UTC 2026","passed","Tue Mar 10 16:44:29 UTC 2026","com.automationlab.tests.OrderTest","API Tests","com.automationlab.tests.OrderTest","testCreateOrderDefaultStatus"
"","2","test_list_orders_without_auth_returns_401","tests","Tue Mar 10 16:44:11 UTC 2026","passed","Tue Mar 10 16:44:11 UTC 2026","TestListOrders","orders_test","",""
"Cancel order with confirmation removes order from pending list — AUT Bug C","0","cancelOrderWithConfirmationRemovesOrderFromPendingList","SQA Automation Lab — Selenium UI Suite","Tue Mar 10 16:52:30 UTC 2026","skipped","Tue Mar 10 16:52:30 UTC 2026","com.sqa.ui.tests.OrdersTest","UI Tests","com.sqa.ui.tests.OrdersTest","cancelOrderWithConfirmationRemovesOrderFromPendingList"
"","4","test_user_cannot_update_other_user","tests","Tue Mar 10 16:44:15 UTC 2026","passed","Tue Mar 10 16:44:15 UTC 2026","TestUpdateUser","user_test","",""
"","70","returns HTTP 409 when updating email to one already in use","","Tue Mar 10 16:44:09 UTC 2026","passed","Tue Mar 10 16:44:09 UTC 2026","User Endpoints > PUT /api/users/:id","user_test.spec.ts","",""
"Authenticated user can view products page","665","authenticatedUserCanViewProductsPage","SQA Automation Lab — Selenium UI Suite","Tue Mar 10 16:49:19 UTC 2026","broken","Tue Mar 10 16:49:20 UTC 2026","com.sqa.ui.tests.ProductsTest","UI Tests","com.sqa.ui.tests.ProductsTest","authenticatedUserCanViewProductsPage"
"","4","test_register_with_invalid_email_returns_400","tests","Tue Mar 10 16:44:08 UTC 2026","passed","Tue Mar 10 16:44:08 UTC 2026","TestRegistration","auth_test","",""
"Verify registration fails with invalid email format","27","testRegistrationInvalidEmail","API Test Suite","Tue Mar 10 16:44:21 UTC 2026","passed","Tue Mar 10 16:44:21 UTC 2026","com.automationlab.tests.AuthTest","API Tests","com.automationlab.tests.AuthTest","testRegistrationInvalidEmail"
"","249","partial update — stock quantity — is supported","","Tue Mar 10 16:44:04 UTC 2026","passed","Tue Mar 10 16:44:04 UTC 2026","Product Endpoints > PUT /api/products/:id","products_test.spec.ts","",""
"","4","test_filter_returns_metadata","tests","Tue Mar 10 16:44:13 UTC 2026","passed","Tue Mar 10 16:44:13 UTC 2026","TestFilterProducts","products_test","",""
"","5583","dashboard link is visible when authenticated","chromium","Tue Mar 10 16:55:45 UTC 2026","failed","Tue Mar 10 16:55:51 UTC 2026","Navigation — Authenticated","navigation_test.spec.ts","",""
"","11","test_admin_can_cancel_any_pending_order","tests","Tue Mar 10 16:44:13 UTC 2026","passed","Tue Mar 10 16:44:13 UTC 2026","TestCancelOrder","orders_test","",""
"","30140","non-existent email shows error message","chromium","Tue Mar 10 16:51:24 UTC 2026","broken","Tue Mar 10 16:51:54 UTC 2026","Login","login_test.spec.ts","",""
"","39798","GET /api/auth/me","","Tue Mar 10 16:44:42 UTC 2026","passed","Tue Mar 10 16:45:22 UTC 2026","","k6 Performance Tests","",""
"Non-existent email shows error message — AUT Bug A","10486","nonExistentEmailShowsErrorMessage","SQA Automation Lab — Selenium UI Suite","Tue Mar 10 16:45:47 UTC 2026","broken","Tue Mar 10 16:45:57 UTC 2026","com.sqa.ui.tests.LoginTest","UI Tests","com.sqa.ui.tests.LoginTest","nonExistentEmailShowsErrorMessage"
"","30081","product card link navigates to product detail page","chromium","Tue Mar 10 17:05:52 UTC 2026","broken","Tue Mar 10 17:06:22 UTC 2026","Products — Unauthenticated","products_test.spec.ts","",""
"","6","test_admin_can_update_product_name","tests","Tue Mar 10 16:44:14 UTC 2026","passed","Tue Mar 10 16:44:14 UTC 2026","TestUpdateProduct","products_test","",""
"","65","test_login_with_valid_credentials","tests","Tue Mar 10 16:44:09 UTC 2026","passed","Tue Mar 10 16:44:09 UTC 2026","TestLogin","auth_test","",""
"","2","test_health_includes_timestamp","tests","Tue Mar 10 16:44:09 UTC 2026","passed","Tue Mar 10 16:44:09 UTC 2026","TestHealthEndpoint","health_test","",""
"","6","content-type is application/json","","Tue Mar 10 16:43:51 UTC 2026","passed","Tue Mar 10 16:43:51 UTC 2026","Health Endpoints > GET /","health_test.spec.ts","",""
"","243","admin can create a product and receives HTTP 201","","Tue Mar 10 16:44:01 UTC 2026","passed","Tue Mar 10 16:44:02 UTC 2026","Product Endpoints > POST /api/products","products_test.spec.ts","",""
"Orders page displays order cards","3","ordersPageDisplaysOrderCards","SQA Automation Lab — Selenium UI Suite","Tue Mar 10 16:52:38 UTC 2026","skipped","Tue Mar 10 16:52:38 UTC 2026","com.sqa.ui.tests.OrdersTest","UI Tests","com.sqa.ui.tests.OrdersTest","ordersPageDisplaysOrderCards"
"","673","pagination next button advances to page 2","chromium","Tue Mar 10 16:58:51 UTC 2026","passed","Tue Mar 10 16:58:52 UTC 2026","Orders","orders_test.spec.ts","",""
"","11","test_update_with_invalid_status_returns_400","tests","Tue Mar 10 16:44:13 UTC 2026","passed","Tue Mar 10 16:44:13 UTC 2026","TestUpdateOrderStatus","orders_test","",""
"","30086","password shorter than 6 characters shows validation error","chromium","Tue Mar 10 17:10:24 UTC 2026","broken","Tue Mar 10 17:10:54 UTC 2026","Register","register_test.spec.ts","",""
"Verify products list only returns active products","52","testListOnlyActiveProducts","API Test Suite","Tue Mar 10 16:44:26 UTC 2026","passed","Tue Mar 10 16:44:26 UTC 2026","com.automationlab.tests.ProductTest","API Tests","com.automationlab.tests.ProductTest","testListOnlyActiveProducts"
"","4","test_list_products_respects_limit","tests","Tue Mar 10 16:44:13 UTC 2026","passed","Tue Mar 10 16:44:13 UTC 2026","TestListProducts","products_test","",""
"","38182","GET /api/orders","","Tue Mar 10 16:46:47 UTC 2026","passed","Tue Mar 10 16:47:26 UTC 2026","","k6 Performance Tests","",""
"Login page displays Sign In heading","10598","loginPageDisplaysSignInHeading","SQA Automation Lab — Selenium UI Suite","Tue Mar 10 16:45:33 UTC 2026","broken","Tue Mar 10 16:45:43 UTC 2026","com.sqa.ui.tests.LoginTest","UI Tests","com.sqa.ui.tests.LoginTest","loginPageDisplaysSignInHeading"
"Verify products list supports pagination","78","testListProductsPagination","API Test Suite","Tue Mar 10 16:44:26 UTC 2026","passed","Tue Mar 10 16:44:26 UTC 2026","com.automationlab.tests.ProductTest","API Tests","com.automationlab.tests.ProductTest","testListProductsPagination"
"","308","admin can delete any user","","Tue Mar 10 16:44:09 UTC 2026","passed","Tue Mar 10 16:44:09 UTC 2026","User Endpoints > DELETE /api/users/:id","user_test.spec.ts","",""
"","30084","wrong password shows error message","chromium","Tue Mar 10 16:50:53 UTC 2026","broken","Tue Mar 10 16:51:23 UTC 2026","Login","login_test.spec.ts","",""
"Filter orders by status parameter.","4","test_filter_orders_by_status","tests","Tue Mar 10 16:44:11 UTC 2026","passed","Tue Mar 10 16:44:11 UTC 2026","TestListOrders","orders_test","",""
"Cancel button exits edit mode without saving","663","cancelButtonExitsEditModeWithoutSaving","SQA Automation Lab — Selenium UI Suite","Tue Mar 10 16:52:59 UTC 2026","broken","Tue Mar 10 16:53:00 UTC 2026","com.sqa.ui.tests.DashboardTest","UI Tests","com.sqa.ui.tests.DashboardTest","cancelButtonExitsEditModeWithoutSaving"
"","5","test_update_own_first_name","tests","Tue Mar 10 16:44:14 UTC 2026","passed","Tue Mar 10 16:44:14 UTC 2026","TestUpdateUser","user_test","",""
"Orders link is not visible when unauthenticated","10330","ordersLinkIsNotVisibleWhenUnauthenticated","SQA Automation Lab — Selenium UI Suite","Tue Mar 10 16:55:27 UTC 2026","broken","Tue Mar 10 16:55:37 UTC 2026","com.sqa.ui.tests.NavigationTest","UI Tests","com.sqa.ui.tests.NavigationTest","ordersLinkIsNotVisibleWhenUnauthenticated"
"Cancel order dismissed by user leaves order intact — AUT Bug C","0","cancelOrderDismissedLeavesOrderIntact","SQA Automation Lab — Selenium UI Suite","Tue Mar 10 16:52:26 UTC 2026","skipped","Tue Mar 10 16:52:26 UTC 2026","com.sqa.ui.tests.OrdersTest","UI Tests","com.sqa.ui.tests.OrdersTest","cancelOrderDismissedLeavesOrderIntact"
"Invalid email format shows validation error — AUT Bug B","10527","invalidEmailFormatShowsValidationError","SQA Automation Lab — Selenium UI Suite","Tue Mar 10 16:45:19 UTC 2026","broken","Tue Mar 10 16:45:29 UTC 2026","com.sqa.ui.tests.LoginTest","UI Tests","com.sqa.ui.tests.LoginTest","invalidEmailFormatShowsValidationError"
"","5","test_product_fields_in_listing","tests","Tue Mar 10 16:44:13 UTC 2026","passed","Tue Mar 10 16:44:13 UTC 2026","TestListProducts","products_test","",""
"Verify product with zero stock can be created","34","testCreateProductZeroStock","API Test Suite","Tue Mar 10 16:44:26 UTC 2026","passed","Tue Mar 10 16:44:26 UTC 2026","com.automationlab.tests.ProductTest","API Tests","com.automationlab.tests.ProductTest","testCreateProductZeroStock"
"","4","test_create_product_with_negative_stock_returns_400","tests","Tue Mar 10 16:44:14 UTC 2026","passed","Tue Mar 10 16:44:14 UTC 2026","TestCreateProduct","products_test","",""
"Product detail page displays stock status","363","productDetailPageDisplaysStockStatus","SQA Automation Lab — Selenium UI Suite","Tue Mar 10 16:52:14 UTC 2026","failed","Tue Mar 10 16:52:14 UTC 2026","com.sqa.ui.tests.ProductDetailTest","UI Tests","com.sqa.ui.tests.ProductDetailTest","productDetailPageDisplaysStockStatus"
"","2","test_login_without_password_returns_400","tests","Tue Mar 10 16:44:09 UTC 2026","passed","Tue Mar 10 16:44:09 UTC 2026","TestLogin","auth_test","",""
"","5295","unauthenticated place order redirects to login","chromium","Tue Mar 10 17:01:31 UTC 2026","failed","Tue Mar 10 17:01:36 UTC 2026","Product Detail — Unauthenticated","product_detail_test.spec.ts","",""
"Orders link is visible when authenticated","10603","ordersLinkIsVisibleWhenAuthenticated","SQA Automation Lab — Selenium UI Suite","Tue Mar 10 16:55:38 UTC 2026","broken","Tue Mar 10 16:55:48 UTC 2026","com.sqa.ui.tests.NavigationTest","UI Tests","com.sqa.ui.tests.NavigationTest","ordersLinkIsVisibleWhenAuthenticated"
"Verify default pagination limit","52","testListProductsDefaultPaginationLimit","API Test Suite","Tue Mar 10 16:44:26 UTC 2026","passed","Tue Mar 10 16:44:26 UTC 2026","com.automationlab.tests.ProductTest","API Tests","com.automationlab.tests.ProductTest","testListProductsDefaultPaginationLimit"
"","30082","edit profile button reveals edit form","chromium","Tue Mar 10 16:45:00 UTC 2026","broken","Tue Mar 10 16:45:30 UTC 2026","Dashboard — Authenticated","dashboard_test.spec.ts","",""
"","140","returns HTTP 401 for wrong password","","Tue Mar 10 16:43:51 UTC 2026","passed","Tue Mar 10 16:43:51 UTC 2026","Authentication Endpoints > POST /api/auth/login","auth_test.spec.ts","",""
"Verify get non-existent order returns 404","14","testGetNonExistentOrder","API Test Suite","Tue Mar 10 16:44:29 UTC 2026","passed","Tue Mar 10 16:44:29 UTC 2026","com.automationlab.tests.OrderTest","API Tests","com.automationlab.tests.OrderTest","testGetNonExistentOrder"
"","4","test_get_own_user_profile","tests","Tue Mar 10 16:44:14 UTC 2026","passed","Tue Mar 10 16:44:14 UTC 2026","TestGetUser","user_test","",""
"Verify create product fails without authentication","14","testCreateProductNoAuth","API Test Suite","Tue Mar 10 16:44:26 UTC 2026","passed","Tue Mar 10 16:44:26 UTC 2026","com.automationlab.tests.ProductTest","API Tests","com.automationlab.tests.ProductTest","testCreateProductNoAuth"
"Verify get user fails without authentication","25","testGetUserNoAuth","API Test Suite","Tue Mar 10 16:44:23 UTC 2026","passed","Tue Mar 10 16:44:23 UTC 2026","com.automationlab.tests.UserTest","API Tests","com.automationlab.tests.UserTest","testGetUserNoAuth"
"","4","test_invalid_route_returns_404","tests","Tue Mar 10 16:44:09 UTC 2026","passed","Tue Mar 10 16:44:09 UTC 2026","TestNotFound","health_test","",""
"","30108","cancel order with confirmation removes order from pending list","chromium","Tue Mar 10 16:58:52 UTC 2026","broken","Tue Mar 10 16:59:22 UTC 2026","Orders","orders_test.spec.ts","",""
"","261","returns HTTP 400 for negative price","","Tue Mar 10 16:44:03 UTC 2026","passed","Tue Mar 10 16:44:03 UTC 2026","Product Endpoints > POST /api/products","products_test.spec.ts","",""
"","30098","cancel order dismissed by user leaves order intact","chromium","Tue Mar 10 16:59:23 UTC 2026","broken","Tue Mar 10 16:59:53 UTC 2026","Orders","orders_test.spec.ts","",""
"","313","returns HTTP 400 for quantity exceeding available stock","","Tue Mar 10 16:43:54 UTC 2026","passed","Tue Mar 10 16:43:54 UTC 2026","Order Endpoints > POST /api/orders","orders_test.spec.ts","",""
"","134","returns HTTP 403 or 404 when accessing another users data","","Tue Mar 10 16:44:08 UTC 2026","passed","Tue Mar 10 16:44:08 UTC 2026","User Endpoints > GET /api/users/:id","user_test.spec.ts","",""
"","4","test_delete_nonexistent_user_returns_404","tests","Tue Mar 10 16:44:15 UTC 2026","passed","Tue Mar 10 16:44:15 UTC 2026","TestDeleteUser","user_test","",""
"Back to products link navigates to products page","10464","backToProductsLinkNavigatesToProductsPage","SQA Automation Lab — Selenium UI Suite","Tue Mar 10 16:51:40 UTC 2026","broken","Tue Mar 10 16:51:50 UTC 2026","com.sqa.ui.tests.ProductDetailTest","UI Tests","com.sqa.ui.tests.ProductDetailTest","backToProductsLinkNavigatesToProductsPage"
"Products page displays product cards","10454","productsPageDisplaysProductCards","SQA Automation Lab — Selenium UI Suite","Tue Mar 10 16:50:50 UTC 2026","broken","Tue Mar 10 16:51:01 UTC 2026","com.sqa.ui.tests.ProductsTest","UI Tests","com.sqa.ui.tests.ProductsTest","productsPageDisplaysProductCards"
"","11","test_admin_can_view_any_order","tests","Tue Mar 10 16:44:12 UTC 2026","passed","Tue Mar 10 16:44:12 UTC 2026","TestGetOrder","orders_test","",""
"Verify delete non-existent product returns 404","17","testDeleteNonExistentProduct","API Test Suite","Tue Mar 10 16:44:26 UTC 2026","passed","Tue Mar 10 16:44:26 UTC 2026","com.automationlab.tests.ProductTest","API Tests","com.automationlab.tests.ProductTest","testDeleteNonExistentProduct"
"","7","test_create_order_returns_item_details","tests","Tue Mar 10 16:44:10 UTC 2026","passed","Tue Mar 10 16:44:10 UTC 2026","TestCreateOrder","orders_test","",""
"Dashboard link navigates to dashboard page","10619","dashboardLinkNavigatesToDashboardPage","SQA Automation Lab — Selenium UI Suite","Tue Mar 10 16:55:05 UTC 2026","broken","Tue Mar 10 16:55:16 UTC 2026","com.sqa.ui.tests.NavigationTest","UI Tests","com.sqa.ui.tests.NavigationTest","dashboardLinkNavigatesToDashboardPage"
"Product detail page displays product name","529","productDetailPageDisplaysProductName","SQA Automation Lab — Selenium UI Suite","Tue Mar 10 16:52:06 UTC 2026","failed","Tue Mar 10 16:52:06 UTC 2026","com.sqa.ui.tests.ProductDetailTest","UI Tests","com.sqa.ui.tests.ProductDetailTest","productDetailPageDisplaysProductName"
"Verify non-admin cannot delete product","11","testDeleteProductNonAdmin","API Test Suite","Tue Mar 10 16:44:26 UTC 2026","passed","Tue Mar 10 16:44:26 UTC 2026","com.automationlab.tests.ProductTest","API Tests","com.automationlab.tests.ProductTest","testDeleteProductNonAdmin"
"Verify get non-existent user returns 404","21","testGetNonExistentUser","API Test Suite","Tue Mar 10 16:44:23 UTC 2026","passed","Tue Mar 10 16:44:23 UTC 2026","com.automationlab.tests.UserTest","API Tests","com.automationlab.tests.UserTest","testGetNonExistentUser"
"Search with no matches shows no products found message","10474","searchWithNoMatchesShowsNoProductsFoundMessage","SQA Automation Lab — Selenium UI Suite","Tue Mar 10 16:51:18 UTC 2026","broken","Tue Mar 10 16:51:29 UTC 2026","com.sqa.ui.tests.ProductsTest","UI Tests","com.sqa.ui.tests.ProductsTest","searchWithNoMatchesShowsNoProductsFoundMessage"
"","38493","Step 3: Browse products","","Tue Mar 10 16:47:30 UTC 2026","passed","Tue Mar 10 16:48:09 UTC 2026","","k6 Performance Tests","",""
"","3","test_404_response_includes_error_details","tests","Tue Mar 10 16:44:09 UTC 2026","passed","Tue Mar 10 16:44:09 UTC 2026","TestNotFound","health_test","",""
"","5288","product detail page displays stock status","chromium","Tue Mar 10 17:00:53 UTC 2026","failed","Tue Mar 10 17:00:58 UTC 2026","Product Detail — Unauthenticated","product_detail_test.spec.ts","",""
"","304","admin can update any user","","Tue Mar 10 16:44:08 UTC 2026","passed","Tue Mar 10 16:44:09 UTC 2026","User Endpoints > PUT /api/users/:id","user_test.spec.ts","",""
"","4","test_register_without_email_returns_400","tests","Tue Mar 10 16:44:08 UTC 2026","passed","Tue Mar 10 16:44:08 UTC 2026","TestRegistration","auth_test","",""
"","2","test_regular_user_cannot_delete_product","tests","Tue Mar 10 16:44:14 UTC 2026","passed","Tue Mar 10 16:44:14 UTC 2026","TestDeleteProduct","products_test","",""
"Register link navigates to register page","10527","registerLinkNavigatesToRegisterPage","SQA Automation Lab — Selenium UI Suite","Tue Mar 10 16:46:01 UTC 2026","broken","Tue Mar 10 16:46:11 UTC 2026","com.sqa.ui.tests.LoginTest","UI Tests","com.sqa.ui.tests.LoginTest","registerLinkNavigatesToRegisterPage"
"Orders link navigates to orders page","10608","ordersLinkNavigatesToOrdersPage","SQA Automation Lab — Selenium UI Suite","Tue Mar 10 16:55:49 UTC 2026","broken","Tue Mar 10 16:56:00 UTC 2026","com.sqa.ui.tests.NavigationTest","UI Tests","com.sqa.ui.tests.NavigationTest","ordersLinkNavigatesToOrdersPage"
"Verify create product fails with missing price","18","testCreateProductMissingPrice","API Test Suite","Tue Mar 10 16:44:26 UTC 2026","passed","Tue Mar 10 16:44:26 UTC 2026","com.automationlab.tests.ProductTest","API Tests","com.automationlab.tests.ProductTest","testCreateProductMissingPrice"
"","575","sign in link is not visible when authenticated","chromium","Tue Mar 10 16:55:59 UTC 2026","passed","Tue Mar 10 16:55:59 UTC 2026","Navigation — Authenticated","navigation_test.spec.ts","",""
"","386","returns HTTP 403 for another users order","","Tue Mar 10 16:43:56 UTC 2026","passed","Tue Mar 10 16:43:56 UTC 2026","Order Endpoints > GET /api/orders/:id","orders_test.spec.ts","",""
"","30079","empty email shows validation error","chromium","Tue Mar 10 16:49:18 UTC 2026","broken","Tue Mar 10 16:49:49 UTC 2026","Login","login_test.spec.ts","",""
"Verify list orders fails without authentication","11","testListOrdersNoAuth","API Test Suite","Tue Mar 10 16:44:29 UTC 2026","passed","Tue Mar 10 16:44:29 UTC 2026","com.automationlab.tests.OrderTest","API Tests","com.automationlab.tests.OrderTest","testListOrdersNoAuth"
"","9","uptime is a positive number","","Tue Mar 10 16:43:51 UTC 2026","passed","Tue Mar 10 16:43:51 UTC 2026","Health Endpoints > GET /health","health_test.spec.ts","",""
"Verify health endpoint returns healthy status","50","testHealthEndpoint","API Test Suite","Tue Mar 10 16:44:19 UTC 2026","passed","Tue Mar 10 16:44:19 UTC 2026","com.automationlab.tests.HealthTest","API Tests","com.automationlab.tests.HealthTest","testHealthEndpoint"
"","71","limit parameter is respected","","Tue Mar 10 16:44:07 UTC 2026","passed","Tue Mar 10 16:44:07 UTC 2026","User Endpoints > GET /api/users","user_test.spec.ts","",""
"Valid login renders authenticated navbar state","10454","validLoginRendersAuthenticatedNavbarState","SQA Automation Lab — Selenium UI Suite","Tue Mar 10 16:46:28 UTC 2026","broken","Tue Mar 10 16:46:39 UTC 2026","com.sqa.ui.tests.LoginTest","UI Tests","com.sqa.ui.tests.LoginTest","validLoginRendersAuthenticatedNavbarState"
"**Risk:** Informational
**Confidence:** 3
**Instances:** 1

**Description:**
The given request has been identified as an authentication request. The 'Other Info' field contains a set of key=value lines which identify any relevant fields. If the request is in a context which has an Authentication Method set to ""Auto-Detect"" then this rule will change the authentication to match the request identified.

**Solution:**
This is an informational alert rather than a vulnerability and so there is nothing to fix.","0","Authentication Request Identified","","Tue Mar 10 16:45:04 UTC 2026","passed","Tue Mar 10 16:45:04 UTC 2026","","Security - ZAP API Scan","",""
"","30022","User Tests","","Tue Mar 10 16:59:02 UTC 2026","passed","Tue Mar 10 16:59:32 UTC 2026","","JMeter Performance Tests","",""
"","319","returns only the authenticated users own orders","","Tue Mar 10 16:43:54 UTC 2026","passed","Tue Mar 10 16:43:55 UTC 2026","Order Endpoints > GET /api/orders","orders_test.spec.ts","",""
"Authenticated user can navigate to product detail","707","authenticatedUserCanNavigateToProductDetail","SQA Automation Lab — Selenium UI Suite","Tue Mar 10 16:49:15 UTC 2026","broken","Tue Mar 10 16:49:16 UTC 2026","com.sqa.ui.tests.ProductsTest","UI Tests","com.sqa.ui.tests.ProductsTest","authenticatedUserCanNavigateToProductDetail"
"","3","test_list_users_invalid_page_returns_400","tests","Tue Mar 10 16:44:14 UTC 2026","passed","Tue Mar 10 16:44:14 UTC 2026","TestListUsers","user_test","",""
"Verify order can be created with multiple items","54","testCreateOrderMultipleItems","API Test Suite","Tue Mar 10 16:44:29 UTC 2026","passed","Tue Mar 10 16:44:29 UTC 2026","com.automationlab.tests.OrderTest","API Tests","com.automationlab.tests.OrderTest","testCreateOrderMultipleItems"
"","99","response body conforms to auth response schema","","Tue Mar 10 16:43:50 UTC 2026","passed","Tue Mar 10 16:43:50 UTC 2026","Authentication Endpoints > POST /api/auth/register","auth_test.spec.ts","",""
"","6","category filter response includes filters metadata","","Tue Mar 10 16:44:00 UTC 2026","passed","Tue Mar 10 16:44:00 UTC 2026","Product Endpoints > GET /api/products","products_test.spec.ts","",""
"","11","test_user_can_cancel_pending_order","tests","Tue Mar 10 16:44:13 UTC 2026","passed","Tue Mar 10 16:44:13 UTC 2026","TestCancelOrder","orders_test","",""
"Valid credentials redirect to products page","10494","validCredentialsRedirectToProductsPage","SQA Automation Lab — Selenium UI Suite","Tue Mar 10 16:46:15 UTC 2026","broken","Tue Mar 10 16:46:25 UTC 2026","com.sqa.ui.tests.LoginTest","UI Tests","com.sqa.ui.tests.LoginTest","validCredentialsRedirectToProductsPage"
"","468","register link is not visible when authenticated","chromium","Tue Mar 10 16:55:59 UTC 2026","passed","Tue Mar 10 16:56:00 UTC 2026","Navigation — Authenticated","navigation_test.spec.ts","",""
"","30085","search returns filtered results","chromium","Tue Mar 10 17:03:08 UTC 2026","broken","Tue Mar 10 17:03:38 UTC 2026","Products — Unauthenticated","products_test.spec.ts","",""
"","2","test_create_product_without_auth_returns_401","tests","Tue Mar 10 16:44:14 UTC 2026","passed","Tue Mar 10 16:44:14 UTC 2026","TestCreateProduct","products_test","",""
"","5322","products page displays heading","chromium","Tue Mar 10 17:02:55 UTC 2026","failed","Tue Mar 10 17:03:00 UTC 2026","Products — Unauthenticated","products_test.spec.ts","",""
"Create an order as admin, verify another user can't see it.","78","test_user_cannot_view_other_users_order","tests","Tue Mar 10 16:44:12 UTC 2026","passed","Tue Mar 10 16:44:12 UTC 2026","TestGetOrder","orders_test","",""
"","10","returns HTTP 400 when email is missing","","Tue Mar 10 16:43:50 UTC 2026","passed","Tue Mar 10 16:43:50 UTC 2026","Authentication Endpoints > POST /api/auth/register","auth_test.spec.ts","",""
"","4","test_admin_can_view_any_user","tests","Tue Mar 10 16:44:14 UTC 2026","passed","Tue Mar 10 16:44:14 UTC 2026","TestGetUser","user_test","",""
"Verify get non-existent product returns 404","12","testGetNonExistentProduct","API Test Suite","Tue Mar 10 16:44:26 UTC 2026","passed","Tue Mar 10 16:44:26 UTC 2026","com.automationlab.tests.ProductTest","API Tests","com.automationlab.tests.ProductTest","testGetNonExistentProduct"
"Verify authenticated user can list all users","44","testListUsers","API Test Suite","Tue Mar 10 16:44:25 UTC 2026","passed","Tue Mar 10 16:44:25 UTC 2026","com.automationlab.tests.UserTest","API Tests","com.automationlab.tests.UserTest","testListUsers"
"","3","test_register_with_short_password_returns_400","tests","Tue Mar 10 16:44:08 UTC 2026","passed","Tue Mar 10 16:44:08 UTC 2026","TestRegistration","auth_test","",""
"","5","returns HTTP 400 for non-numeric product id","","Tue Mar 10 16:44:01 UTC 2026","passed","Tue Mar 10 16:44:01 UTC 2026","Product Endpoints > GET /api/products/:id","products_test.spec.ts","",""
"","4","test_user_can_delete_own_account","tests","Tue Mar 10 16:44:15 UTC 2026","passed","Tue Mar 10 16:44:15 UTC 2026","TestDeleteUser","user_test","",""
"After deletion, user should still exist but be inactive.","7","test_deleted_user_is_soft_deleted","tests","Tue Mar 10 16:44:15 UTC 2026","passed","Tue Mar 10 16:44:15 UTC 2026","TestDeleteUser","user_test","",""
"","8","test_update_own_email","tests","Tue Mar 10 16:44:14 UTC 2026","passed","Tue Mar 10 16:44:14 UTC 2026","TestUpdateUser","user_test","",""
"","71","returns HTTP 200 with valid token","","Tue Mar 10 16:43:51 UTC 2026","passed","Tue Mar 10 16:43:51 UTC 2026","Authentication Endpoints > POST /api/auth/logout","auth_test.spec.ts","",""
"Pagination prev button returns to page 1 — AUT Bug E","10478","paginationPrevButtonReturnsToPAge1","SQA Automation Lab — Selenium UI Suite","Tue Mar 10 16:50:09 UTC 2026","broken","Tue Mar 10 16:50:20 UTC 2026","com.sqa.ui.tests.ProductsTest","UI Tests","com.sqa.ui.tests.ProductsTest","paginationPrevButtonReturnsToPAge1"
"","113","response contains token","","Tue Mar 10 16:43:50 UTC 2026","passed","Tue Mar 10 16:43:50 UTC 2026","Authentication Endpoints > POST /api/auth/register","auth_test.spec.ts","",""
"Verify delete non-existent user returns 404","22","testDeleteNonExistentUser","API Test Suite","Tue Mar 10 16:44:23 UTC 2026","passed","Tue Mar 10 16:44:23 UTC 2026","com.automationlab.tests.UserTest","API Tests","com.automationlab.tests.UserTest","testDeleteNonExistentUser"
"","68","returns HTTP 401 without token","","Tue Mar 10 16:44:09 UTC 2026","passed","Tue Mar 10 16:44:09 UTC 2026","User Endpoints > PUT /api/users/:id","user_test.spec.ts","",""
"","30132","empty password shows validation error","chromium","Tue Mar 10 16:49:50 UTC 2026","broken","Tue Mar 10 16:50:20 UTC 2026","Login","login_test.spec.ts","",""
"","38177","DELETE /api/orders/:id","","Tue Mar 10 16:46:49 UTC 2026","passed","Tue Mar 10 16:47:28 UTC 2026","","k6 Performance Tests","",""
"Verify product response includes timestamps","43","testGetProductIncludesTimestamps","API Test Suite","Tue Mar 10 16:44:26 UTC 2026","passed","Tue Mar 10 16:44:26 UTC 2026","com.automationlab.tests.ProductTest","API Tests","com.automationlab.tests.ProductTest","testGetProductIncludesTimestamps"
"Product detail page displays product price","337","productDetailPageDisplaysProductPrice","SQA Automation Lab — Selenium UI Suite","Tue Mar 10 16:52:10 UTC 2026","failed","Tue Mar 10 16:52:10 UTC 2026","com.sqa.ui.tests.ProductDetailTest","UI Tests","com.sqa.ui.tests.ProductDetailTest","productDetailPageDisplaysProductPrice"
"","74","pagination metadata contains expected fields","","Tue Mar 10 16:44:07 UTC 2026","passed","Tue Mar 10 16:44:07 UTC 2026","User Endpoints > GET /api/users","user_test.spec.ts","",""
"Sign in link navigates to login page","10324","signInLinkNavigatesToLoginPage","SQA Automation Lab — Selenium UI Suite","Tue Mar 10 16:57:17 UTC 2026","broken","Tue Mar 10 16:57:27 UTC 2026","com.sqa.ui.tests.NavigationTest","UI Tests","com.sqa.ui.tests.NavigationTest","signInLinkNavigatesToLoginPage"
"Verify root endpoint lists available endpoints","77","testRootEndpointListsEndpoints","API Test Suite","Tue Mar 10 16:44:19 UTC 2026","passed","Tue Mar 10 16:44:19 UTC 2026","com.automationlab.tests.HealthTest","API Tests","com.automationlab.tests.HealthTest","testRootEndpointListsEndpoints"
"Sign in link is not visible when authenticated","10620","signInLinkIsNotVisibleWhenAuthenticated","SQA Automation Lab — Selenium UI Suite","Tue Mar 10 16:56:55 UTC 2026","broken","Tue Mar 10 16:57:05 UTC 2026","com.sqa.ui.tests.NavigationTest","UI Tests","com.sqa.ui.tests.NavigationTest","signInLinkIsNotVisibleWhenAuthenticated"
"","38115","POST /api/products - unauthorized (non-admin)","","Tue Mar 10 16:46:07 UTC 2026","passed","Tue Mar 10 16:46:45 UTC 2026","","k6 Performance Tests","",""
"","6","returns HTTP 200","","Tue Mar 10 16:43:51 UTC 2026","passed","Tue Mar 10 16:43:51 UTC 2026","Health Endpoints > GET /health","health_test.spec.ts","",""
"","4","test_update_sets_updated_at","tests","Tue Mar 10 16:44:14 UTC 2026","passed","Tue Mar 10 16:44:14 UTC 2026","TestUpdateProduct","products_test","",""
"Order quantity exceeding available stock should fail.","9","test_create_order_exceeding_stock_returns_400","tests","Tue Mar 10 16:44:11 UTC 2026","passed","Tue Mar 10 16:44:11 UTC 2026","TestCreateOrder","orders_test","",""
"","30089","dashboard link navigates to dashboard page","chromium","Tue Mar 10 16:56:31 UTC 2026","broken","Tue Mar 10 16:57:01 UTC 2026","Navigation — Authenticated","navigation_test.spec.ts","",""
"","39853","POST /api/auth/register","","Tue Mar 10 16:44:41 UTC 2026","passed","Tue Mar 10 16:45:21 UTC 2026","","k6 Performance Tests","",""
"","5","test_admin_can_update_product_price","tests","Tue Mar 10 16:44:14 UTC 2026","passed","Tue Mar 10 16:44:14 UTC 2026","TestUpdateProduct","products_test","",""
"Verify users list supports pagination","53","testListUsersPagination","API Test Suite","Tue Mar 10 16:44:24 UTC 2026","passed","Tue Mar 10 16:44:24 UTC 2026","com.automationlab.tests.UserTest","API Tests","com.automationlab.tests.UserTest","testListUsersPagination"
"","4","test_logout_returns_success","tests","Tue Mar 10 16:44:09 UTC 2026","passed","Tue Mar 10 16:44:09 UTC 2026","TestLogout","auth_test","",""
"","7","returns HTTP 404 for non-existent product","","Tue Mar 10 16:44:01 UTC 2026","passed","Tue Mar 10 16:44:01 UTC 2026","Product Endpoints > GET /api/products/:id","products_test.spec.ts","",""
"Valid registration renders authenticated navbar state","10477","validRegistrationRendersAuthenticatedNavbarState","SQA Automation Lab — Selenium UI Suite","Tue Mar 10 16:49:01 UTC 2026","broken","Tue Mar 10 16:49:11 UTC 2026","com.sqa.ui.tests.RegisterTest","UI Tests","com.sqa.ui.tests.RegisterTest","validRegistrationRendersAuthenticatedNavbarState"
"Save with empty first name shows validation error","10601","saveWithEmptyFirstNameShowsValidationError","SQA Automation Lab — Selenium UI Suite","Tue Mar 10 16:53:26 UTC 2026","broken","Tue Mar 10 16:53:37 UTC 2026","com.sqa.ui.tests.DashboardTest","UI Tests","com.sqa.ui.tests.DashboardTest","saveWithEmptyFirstNameShowsValidationError"
"Dashboard link is visible when authenticated","10647","dashboardLinkIsVisibleWhenAuthenticated","SQA Automation Lab — Selenium UI Suite","Tue Mar 10 16:54:54 UTC 2026","broken","Tue Mar 10 16:55:05 UTC 2026","com.sqa.ui.tests.NavigationTest","UI Tests","com.sqa.ui.tests.NavigationTest","dashboardLinkIsVisibleWhenAuthenticated"
"Verify create order fails with insufficient stock","17","testCreateOrderInsufficientStock","API Test Suite","Tue Mar 10 16:44:29 UTC 2026","passed","Tue Mar 10 16:44:29 UTC 2026","com.automationlab.tests.OrderTest","API Tests","com.automationlab.tests.OrderTest","testCreateOrderInsufficientStock"
"","33","page navigation does not return overlapping results","","Tue Mar 10 16:44:00 UTC 2026","passed","Tue Mar 10 16:44:00 UTC 2026","Product Endpoints > GET /api/products","products_test.spec.ts","",""
"Empty first name shows validation error","10489","emptyFirstNameShowsValidationError","SQA Automation Lab — Selenium UI Suite","Tue Mar 10 16:47:24 UTC 2026","broken","Tue Mar 10 16:47:34 UTC 2026","com.sqa.ui.tests.RegisterTest","UI Tests","com.sqa.ui.tests.RegisterTest","emptyFirstNameShowsValidationError"
"","11","test_order_items_include_product_details","tests","Tue Mar 10 16:44:11 UTC 2026","passed","Tue Mar 10 16:44:11 UTC 2026","TestGetOrder","orders_test","",""
"Verify products can be filtered by multiple criteria","33","testListProductsMultipleFilters","API Test Suite","Tue Mar 10 16:44:26 UTC 2026","passed","Tue Mar 10 16:44:26 UTC 2026","com.automationlab.tests.ProductTest","API Tests","com.automationlab.tests.ProductTest","testListProductsMultipleFilters"
"Verify create order fails without authentication","10","testCreateOrderNoAuth","API Test Suite","Tue Mar 10 16:44:29 UTC 2026","passed","Tue Mar 10 16:44:29 UTC 2026","com.automationlab.tests.OrderTest","API Tests","com.automationlab.tests.OrderTest","testCreateOrderNoAuth"
"Status filter cancelled shows filtered results or empty state — AUT Bug C","0","statusFilterCancelledShowsFilteredResultsOrEmptyState","SQA Automation Lab — Selenium UI Suite","Tue Mar 10 16:52:47 UTC 2026","skipped","Tue Mar 10 16:52:47 UTC 2026","com.sqa.ui.tests.OrdersTest","UI Tests","com.sqa.ui.tests.OrdersTest","statusFilterCancelledShowsFilteredResultsOrEmptyState"
"Sign out button is not visible when unauthenticated","10339","signOutButtonIsNotVisibleWhenUnauthenticated","SQA Automation Lab — Selenium UI Suite","Tue Mar 10 16:57:38 UTC 2026","broken","Tue Mar 10 16:57:49 UTC 2026","com.sqa.ui.tests.NavigationTest","UI Tests","com.sqa.ui.tests.NavigationTest","signOutButtonIsNotVisibleWhenUnauthenticated"
"","2","test_list_users_without_auth_returns_401","tests","Tue Mar 10 16:44:14 UTC 2026","passed","Tue Mar 10 16:44:14 UTC 2026","TestListUsers","user_test","",""
"Verify health endpoint rejects POST method","26","testHealthEndpointRejectsPost","API Test Suite","Tue Mar 10 16:44:19 UTC 2026","passed","Tue Mar 10 16:44:19 UTC 2026","com.automationlab.tests.HealthTest","API Tests","com.automationlab.tests.HealthTest","testHealthEndpointRejectsPost"
"","73","returns HTTP 200 for authenticated user","","Tue Mar 10 16:43:54 UTC 2026","passed","Tue Mar 10 16:43:54 UTC 2026","Order Endpoints > GET /api/orders","orders_test.spec.ts","",""
"Verify health endpoint returns uptime information","55","testHealthEndpointUptime","API Test Suite","Tue Mar 10 16:44:19 UTC 2026","passed","Tue Mar 10 16:44:19 UTC 2026","com.automationlab.tests.HealthTest","API Tests","com.automationlab.tests.HealthTest","testHealthEndpointUptime"
"Verify non-admin cannot create product","15","testCreateProductNonAdmin","API Test Suite","Tue Mar 10 16:44:26 UTC 2026","passed","Tue Mar 10 16:44:26 UTC 2026","com.automationlab.tests.ProductTest","API Tests","com.automationlab.tests.ProductTest","testCreateProductNonAdmin"
"","39223","GET /api/users","","Tue Mar 10 16:45:23 UTC 2026","passed","Tue Mar 10 16:46:02 UTC 2026","","k6 Performance Tests","",""
"","30022","Product Tests","","Tue Mar 10 16:59:37 UTC 2026","passed","Tue Mar 10 17:00:07 UTC 2026","","JMeter Performance Tests","",""
"Products listing should be accessible without authentication.","5","test_list_products_is_public","tests","Tue Mar 10 16:44:13 UTC 2026","passed","Tue Mar 10 16:44:13 UTC 2026","TestListProducts","products_test","",""
"Verify orders can be filtered by status","38","testListOrdersByStatus","API Test Suite","Tue Mar 10 16:44:29 UTC 2026","passed","Tue Mar 10 16:44:29 UTC 2026","com.automationlab.tests.OrderTest","API Tests","com.automationlab.tests.OrderTest","testListOrdersByStatus"
"","5","test_list_orders_pagination","tests","Tue Mar 10 16:44:11 UTC 2026","passed","Tue Mar 10 16:44:11 UTC 2026","TestListOrders","orders_test","",""
"Order error message shown on API failure","643","orderErrorMessageShownOnApiFailure","SQA Automation Lab — Selenium UI Suite","Tue Mar 10 16:51:58 UTC 2026","broken","Tue Mar 10 16:51:58 UTC 2026","com.sqa.ui.tests.ProductDetailTest","UI Tests","com.sqa.ui.tests.ProductDetailTest","orderErrorMessageShownOnApiFailure"
"Verify update product fails without authentication","22","testUpdateProductNoAuth","API Test Suite","Tue Mar 10 16:44:27 UTC 2026","passed","Tue Mar 10 16:44:27 UTC 2026","com.automationlab.tests.ProductTest","API Tests","com.automationlab.tests.ProductTest","testUpdateProductNoAuth"
"","30094","save with empty first name shows validation error","chromium","Tue Mar 10 16:46:35 UTC 2026","broken","Tue Mar 10 16:47:05 UTC 2026","Dashboard — Authenticated","dashboard_test.spec.ts","",""
"","242","test_login_as_admin","tests","Tue Mar 10 16:44:09 UTC 2026","passed","Tue Mar 10 16:44:09 UTC 2026","TestLogin","auth_test","",""
"","4","test_combined_category_and_search","tests","Tue Mar 10 16:44:13 UTC 2026","passed","Tue Mar 10 16:44:13 UTC 2026","TestFilterProducts","products_test","",""
"Verify update with invalid status fails","17","testUpdateOrderInvalidStatus","API Test Suite","Tue Mar 10 16:44:29 UTC 2026","passed","Tue Mar 10 16:44:29 UTC 2026","com.automationlab.tests.OrderTest","API Tests","com.automationlab.tests.OrderTest","testUpdateOrderInvalidStatus"
"","1","setup","","Tue Mar 10 16:45:23 UTC 2026","passed","Tue Mar 10 16:45:23 UTC 2026","","k6 Performance Tests","",""
"","5595","dashboard displays user role","chromium","Tue Mar 10 16:44:47 UTC 2026","failed","Tue Mar 10 16:44:52 UTC 2026","Dashboard — Authenticated","dashboard_test.spec.ts","",""
"","30126","sign out button clears session and redirects to login","chromium","Tue Mar 10 16:47:37 UTC 2026","broken","Tue Mar 10 16:48:08 UTC 2026","Dashboard — Authenticated","dashboard_test.spec.ts","",""
"Verify create order fails with non-existent product","17","testCreateOrderNonExistentProduct","API Test Suite","Tue Mar 10 16:44:29 UTC 2026","passed","Tue Mar 10 16:44:29 UTC 2026","com.automationlab.tests.OrderTest","API Tests","com.automationlab.tests.OrderTest","testCreateOrderNonExistentProduct"
"","30091","duplicate email shows error message","chromium","Tue Mar 10 17:10:55 UTC 2026","broken","Tue Mar 10 17:11:25 UTC 2026","Register","register_test.spec.ts","",""
"","303","admin can retrieve any user","","Tue Mar 10 16:44:07 UTC 2026","passed","Tue Mar 10 16:44:08 UTC 2026","User Endpoints > GET /api/users/:id","user_test.spec.ts","",""
"","319","response body conforms to order schema","","Tue Mar 10 16:43:56 UTC 2026","passed","Tue Mar 10 16:43:56 UTC 2026","Order Endpoints > GET /api/orders/:id","orders_test.spec.ts","",""
"","5","test_update_nonexistent_order_returns_404","tests","Tue Mar 10 16:44:13 UTC 2026","passed","Tue Mar 10 16:44:13 UTC 2026","TestUpdateOrderStatus","orders_test","",""
"Sign out button is visible when authenticated","10582","signOutButtonIsVisibleWhenAuthenticated","SQA Automation Lab — Selenium UI Suite","Tue Mar 10 16:57:49 UTC 2026","broken","Tue Mar 10 16:58:00 UTC 2026","com.sqa.ui.tests.NavigationTest","UI Tests","com.sqa.ui.tests.NavigationTest","signOutButtonIsVisibleWhenAuthenticated"
"","75","returns HTTP 201 with minimum required fields — email and password only","","Tue Mar 10 16:43:50 UTC 2026","passed","Tue Mar 10 16:43:50 UTC 2026","Authentication Endpoints > POST /api/auth/register","auth_test.spec.ts","",""
"Verify update order status fails without authentication","13","testUpdateOrderStatusNoAuth","API Test Suite","Tue Mar 10 16:44:29 UTC 2026","passed","Tue Mar 10 16:44:29 UTC 2026","com.automationlab.tests.OrderTest","API Tests","com.automationlab.tests.OrderTest","testUpdateOrderStatusNoAuth"
"","4","test_list_products_returns_paginated_results","tests","Tue Mar 10 16:44:13 UTC 2026","passed","Tue Mar 10 16:44:13 UTC 2026","TestListProducts","products_test","",""
"","8","returns HTTP 200","","Tue Mar 10 16:43:51 UTC 2026","passed","Tue Mar 10 16:43:51 UTC 2026","Health Endpoints > GET /","health_test.spec.ts","",""
"","30090","brand link navigates to products page","chromium","Tue Mar 10 16:53:32 UTC 2026","broken","Tue Mar 10 16:54:03 UTC 2026","Navigation — Unauthenticated","navigation_test.spec.ts","",""
"","30087","clear button resets search results","chromium","Tue Mar 10 17:03:39 UTC 2026","broken","Tue Mar 10 17:04:09 UTC 2026","Products — Unauthenticated","products_test.spec.ts","",""
"","1","setup","","Tue Mar 10 16:46:05 UTC 2026","passed","Tue Mar 10 16:46:05 UTC 2026","","k6 Performance Tests","",""
"","6","response body conforms to health schema","","Tue Mar 10 16:43:51 UTC 2026","passed","Tue Mar 10 16:43:51 UTC 2026","Health Endpoints > GET /health","health_test.spec.ts","",""
"","30077","back to products link navigates to products page","chromium","Tue Mar 10 17:01:00 UTC 2026","broken","Tue Mar 10 17:01:30 UTC 2026","Product Detail — Unauthenticated","product_detail_test.spec.ts","",""
"","324","response contains order with items","","Tue Mar 10 16:43:52 UTC 2026","passed","Tue Mar 10 16:43:52 UTC 2026","Order Endpoints > POST /api/orders","orders_test.spec.ts","",""
"","248","updated product fields are returned in response","","Tue Mar 10 16:44:04 UTC 2026","passed","Tue Mar 10 16:44:04 UTC 2026","Product Endpoints > PUT /api/products/:id","products_test.spec.ts","",""
"","30138","cancel button exits edit mode without saving","chromium","Tue Mar 10 16:45:32 UTC 2026","broken","Tue Mar 10 16:46:02 UTC 2026","Dashboard — Authenticated","dashboard_test.spec.ts","",""
"Verify health endpoint response time is acceptable","49","testHealthEndpointResponseTime","API Test Suite","Tue Mar 10 16:44:19 UTC 2026","passed","Tue Mar 10 16:44:19 UTC 2026","com.automationlab.tests.HealthTest","API Tests","com.automationlab.tests.HealthTest","testHealthEndpointResponseTime"
"","3","test_regular_user_cannot_update_product","tests","Tue Mar 10 16:44:14 UTC 2026","passed","Tue Mar 10 16:44:14 UTC 2026","TestUpdateProduct","products_test","",""
"Verify health endpoint returns environment information","58","testHealthEndpointEnvironment","API Test Suite","Tue Mar 10 16:44:19 UTC 2026","passed","Tue Mar 10 16:44:19 UTC 2026","com.automationlab.tests.HealthTest","API Tests","com.automationlab.tests.HealthTest","testHealthEndpointEnvironment"
"","5279","product detail page displays product name","chromium","Tue Mar 10 17:00:33 UTC 2026","failed","Tue Mar 10 17:00:39 UTC 2026","Product Detail — Unauthenticated","product_detail_test.spec.ts","",""
"","316","new order status is pending","","Tue Mar 10 16:43:52 UTC 2026","passed","Tue Mar 10 16:43:52 UTC 2026","Order Endpoints > POST /api/orders","orders_test.spec.ts","",""
"Unauthenticated place order redirects to login","378","unauthenticatedPlaceOrderRedirectsToLogin","SQA Automation Lab — Selenium UI Suite","Tue Mar 10 16:52:17 UTC 2026","failed","Tue Mar 10 16:52:18 UTC 2026","com.sqa.ui.tests.ProductDetailTest","UI Tests","com.sqa.ui.tests.ProductDetailTest","unauthenticatedPlaceOrderRedirectsToLogin"
"Verify admin can get any order","29","testAdminGetAnyOrder","API Test Suite","Tue Mar 10 16:44:29 UTC 2026","passed","Tue Mar 10 16:44:29 UTC 2026","com.automationlab.tests.OrderTest","API Tests","com.automationlab.tests.OrderTest","testAdminGetAnyOrder"
"","4","test_create_order_without_items_returns_400","tests","Tue Mar 10 16:44:11 UTC 2026","passed","Tue Mar 10 16:44:11 UTC 2026","TestCreateOrder","orders_test","",""
"","39223","GET /api/users/:id - own user","","Tue Mar 10 16:45:24 UTC 2026","passed","Tue Mar 10 16:46:03 UTC 2026","","k6 Performance Tests","",""
"","239","returns HTTP 404 for non-existent product","","Tue Mar 10 16:44:06 UTC 2026","passed","Tue Mar 10 16:44:06 UTC 2026","Product Endpoints > DELETE /api/products/:id","products_test.spec.ts","",""
"","10","test_admin_can_update_status_to_shipped","tests","Tue Mar 10 16:44:12 UTC 2026","passed","Tue Mar 10 16:44:12 UTC 2026","TestUpdateOrderStatus","orders_test","",""
"","30096","save with empty last name shows validation error","chromium","Tue Mar 10 16:47:06 UTC 2026","broken","Tue Mar 10 16:47:36 UTC 2026","Dashboard — Authenticated","dashboard_test.spec.ts","",""
"","3","test_create_order_with_zero_quantity_returns_400","tests","Tue Mar 10 16:44:11 UTC 2026","passed","Tue Mar 10 16:44:11 UTC 2026","TestCreateOrder","orders_test","",""
"","4","test_admin_can_create_product","tests","Tue Mar 10 16:44:13 UTC 2026","passed","Tue Mar 10 16:44:13 UTC 2026","TestCreateProduct","products_test","",""
"","241","response contains created product data","","Tue Mar 10 16:44:02 UTC 2026","passed","Tue Mar 10 16:44:02 UTC 2026","Product Endpoints > POST /api/products","products_test.spec.ts","",""
"","3","test_regular_user_cannot_create_product","tests","Tue Mar 10 16:44:14 UTC 2026","passed","Tue Mar 10 16:44:14 UTC 2026","TestCreateProduct","products_test","",""
"Pagination next button advances to page 2","0","paginationNextButtonAdvancesToPage2","SQA Automation Lab — Selenium UI Suite","Tue Mar 10 16:52:43 UTC 2026","skipped","Tue Mar 10 16:52:43 UTC 2026","com.sqa.ui.tests.OrdersTest","UI Tests","com.sqa.ui.tests.OrdersTest","paginationNextButtonAdvancesToPage2"
"","324","order item details include product_id, quantity, and price","","Tue Mar 10 16:43:53 UTC 2026","passed","Tue Mar 10 16:43:53 UTC 2026","Order Endpoints > POST /api/orders","orders_test.spec.ts","",""
"","30093","status filter cancelled shows filtered results or empty state","chromium","Tue Mar 10 16:58:20 UTC 2026","broken","Tue Mar 10 16:58:50 UTC 2026","Orders","orders_test.spec.ts","",""
"","316","admin can view any order","","Tue Mar 10 16:43:56 UTC 2026","passed","Tue Mar 10 16:43:57 UTC 2026","Order Endpoints > GET /api/orders/:id","orders_test.spec.ts","",""
"","10","response contains products array and pagination object","","Tue Mar 10 16:44:00 UTC 2026","passed","Tue Mar 10 16:44:00 UTC 2026","Product Endpoints > GET /api/products","products_test.spec.ts","",""
"Verify anyone can get product details without authentication","43","testGetProductPublic","API Test Suite","Tue Mar 10 16:44:26 UTC 2026","passed","Tue Mar 10 16:44:26 UTC 2026","com.automationlab.tests.ProductTest","API Tests","com.automationlab.tests.ProductTest","testGetProductPublic"
"Verify admin can update order status","25","testUpdateOrderStatus","API Test Suite","Tue Mar 10 16:44:29 UTC 2026","passed","Tue Mar 10 16:44:29 UTC 2026","com.automationlab.tests.OrderTest","API Tests","com.automationlab.tests.OrderTest","testUpdateOrderStatus"
"Wrong password shows error message — AUT Bug A","10589","wrongPasswordShowsErrorMessage","SQA Automation Lab — Selenium UI Suite","Tue Mar 10 16:46:42 UTC 2026","broken","Tue Mar 10 16:46:53 UTC 2026","com.sqa.ui.tests.LoginTest","UI Tests","com.sqa.ui.tests.LoginTest","wrongPasswordShowsErrorMessage"
"","10","returns HTTP 200 without authentication","","Tue Mar 10 16:44:00 UTC 2026","passed","Tue Mar 10 16:44:00 UTC 2026","Product Endpoints > GET /api/products","products_test.spec.ts","",""
"Authenticated user can place order successfully","699","authenticatedUserCanPlaceOrderSuccessfully","SQA Automation Lab — Selenium UI Suite","Tue Mar 10 16:51:32 UTC 2026","broken","Tue Mar 10 16:51:33 UTC 2026","com.sqa.ui.tests.ProductDetailTest","UI Tests","com.sqa.ui.tests.ProductDetailTest","authenticatedUserCanPlaceOrderSuccessfully"
"","3","test_get_current_user_with_invalid_token_returns_403","tests","Tue Mar 10 16:44:09 UTC 2026","passed","Tue Mar 10 16:44:09 UTC 2026","TestCurrentUser","auth_test","",""
"Save with valid names updates profile and shows success message","10591","saveWithValidNamesUpdatesProfileAndShowsSuccessMessage","SQA Automation Lab — Selenium UI Suite","Tue Mar 10 16:53:48 UTC 2026","broken","Tue Mar 10 16:53:59 UTC 2026","com.sqa.ui.tests.DashboardTest","UI Tests","com.sqa.ui.tests.DashboardTest","saveWithValidNamesUpdatesProfileAndShowsSuccessMessage"
"Verify user can update multiple fields simultaneously","67","testUpdateMultipleFields","API Test Suite","Tue Mar 10 16:44:24 UTC 2026","passed","Tue Mar 10 16:44:24 UTC 2026","com.automationlab.tests.UserTest","API Tests","com.automationlab.tests.UserTest","testUpdateMultipleFields"
"","8","test_list_products_page_navigation","tests","Tue Mar 10 16:44:13 UTC 2026","passed","Tue Mar 10 16:44:13 UTC 2026","TestListProducts","products_test","",""
"Verify delete product fails without authentication","11","testDeleteProductNoAuth","API Test Suite","Tue Mar 10 16:44:26 UTC 2026","passed","Tue Mar 10 16:44:26 UTC 2026","com.automationlab.tests.ProductTest","API Tests","com.automationlab.tests.ProductTest","testDeleteProductNoAuth"
"Products link is visible","10331","productsLinkIsVisible","SQA Automation Lab — Selenium UI Suite","Tue Mar 10 16:56:00 UTC 2026","broken","Tue Mar 10 16:56:10 UTC 2026","com.sqa.ui.tests.NavigationTest","UI Tests","com.sqa.ui.tests.NavigationTest","productsLinkIsVisible"
"","66","test_register_with_minimum_fields","tests","Tue Mar 10 16:44:08 UTC 2026","passed","Tue Mar 10 16:44:08 UTC 2026","TestRegistration","auth_test","",""
"Verify update user fails without authentication","20","testUpdateUserNoAuth","API Test Suite","Tue Mar 10 16:44:24 UTC 2026","passed","Tue Mar 10 16:44:24 UTC 2026","com.automationlab.tests.UserTest","API Tests","com.automationlab.tests.UserTest","testUpdateUserNoAuth"
"Navbar is visible on products page","10322","navbarIsVisibleOnProductsPage","SQA Automation Lab — Selenium UI Suite","Tue Mar 10 16:55:16 UTC 2026","broken","Tue Mar 10 16:55:26 UTC 2026","com.sqa.ui.tests.NavigationTest","UI Tests","com.sqa.ui.tests.NavigationTest","navbarIsVisibleOnProductsPage"
"","8","returns HTTP 401 without token","","Tue Mar 10 16:43:51 UTC 2026","passed","Tue Mar 10 16:43:51 UTC 2026","Authentication Endpoints > POST /api/auth/logout","auth_test.spec.ts","",""
"","132","returns HTTP 403 or 404 when deleting another users account","","Tue Mar 10 16:44:10 UTC 2026","passed","Tue Mar 10 16:44:10 UTC 2026","User Endpoints > DELETE /api/users/:id","user_test.spec.ts","",""
"Verify order calculates correct total amount","32","testOrderCalculatesTotalAmount","API Test Suite","Tue Mar 10 16:44:29 UTC 2026","passed","Tue Mar 10 16:44:29 UTC 2026","com.automationlab.tests.OrderTest","API Tests","com.automationlab.tests.OrderTest","testOrderCalculatesTotalAmount"
"Save with empty last name shows validation error","10601","saveWithEmptyLastNameShowsValidationError","SQA Automation Lab — Selenium UI Suite","Tue Mar 10 16:53:37 UTC 2026","broken","Tue Mar 10 16:53:48 UTC 2026","com.sqa.ui.tests.DashboardTest","UI Tests","com.sqa.ui.tests.DashboardTest","saveWithEmptyLastNameShowsValidationError"
"Unauthenticated access to dashboard redirects to login","10172","unauthenticatedAccessRedirectsToLogin","SQA Automation Lab — Selenium UI Suite","Tue Mar 10 16:54:11 UTC 2026","broken","Tue Mar 10 16:54:21 UTC 2026","com.sqa.ui.tests.DashboardTest","UI Tests","com.sqa.ui.tests.DashboardTest","unauthenticatedAccessRedirectsToLogin"
"","30136","valid registration redirects to products page","chromium","Tue Mar 10 17:07:15 UTC 2026","broken","Tue Mar 10 17:07:45 UTC 2026","Register","register_test.spec.ts","",""
"","4","test_register_duplicate_email_returns_409","tests","Tue Mar 10 16:44:08 UTC 2026","passed","Tue Mar 10 16:44:08 UTC 2026","TestRegistration","auth_test","",""
"","30087","save with valid names updates profile and shows success message","chromium","Tue Mar 10 16:46:03 UTC 2026","broken","Tue Mar 10 16:46:33 UTC 2026","Dashboard — Authenticated","dashboard_test.spec.ts","",""
"Status filter pending shows only pending orders — AUT Bug C","0","statusFilterPendingShowsPendingOrders","SQA Automation Lab — Selenium UI Suite","Tue Mar 10 16:52:51 UTC 2026","skipped","Tue Mar 10 16:52:51 UTC 2026","com.sqa.ui.tests.OrdersTest","UI Tests","com.sqa.ui.tests.OrdersTest","statusFilterPendingShowsPendingOrders"
"Verify create product fails with negative stock","20","testCreateProductNegativeStock","API Test Suite","Tue Mar 10 16:44:26 UTC 2026","passed","Tue Mar 10 16:44:26 UTC 2026","com.automationlab.tests.ProductTest","API Tests","com.automationlab.tests.ProductTest","testCreateProductNegativeStock"
"Register link is not visible when authenticated","10624","registerLinkIsNotVisibleWhenAuthenticated","SQA Automation Lab — Selenium UI Suite","Tue Mar 10 16:56:22 UTC 2026","broken","Tue Mar 10 16:56:32 UTC 2026","com.sqa.ui.tests.NavigationTest","UI Tests","com.sqa.ui.tests.NavigationTest","registerLinkIsNotVisibleWhenAuthenticated"
"","4","test_create_order_with_empty_items_returns_400","tests","Tue Mar 10 16:44:10 UTC 2026","passed","Tue Mar 10 16:44:10 UTC 2026","TestCreateOrder","orders_test","",""
"","30085","authenticated user visiting login page is redirected to products","chromium","Tue Mar 10 16:52:27 UTC 2026","broken","Tue Mar 10 16:52:57 UTC 2026","Login","login_test.spec.ts","",""
"","10","test_create_order_with_single_item","tests","Tue Mar 10 16:44:10 UTC 2026","passed","Tue Mar 10 16:44:10 UTC 2026","TestCreateOrder","orders_test","",""
"Verify non-admin cannot update product","21","testUpdateProductNonAdmin","API Test Suite","Tue Mar 10 16:44:27 UTC 2026","passed","Tue Mar 10 16:44:27 UTC 2026","com.automationlab.tests.ProductTest","API Tests","com.automationlab.tests.ProductTest","testUpdateProductNonAdmin"
"","30085","invalid email format shows validation error","chromium","Tue Mar 10 17:09:52 UTC 2026","broken","Tue Mar 10 17:10:22 UTC 2026","Register","register_test.spec.ts","",""
"","4","test_create_product_without_name_returns_400","tests","Tue Mar 10 16:44:14 UTC 2026","passed","Tue Mar 10 16:44:14 UTC 2026","TestCreateProduct","products_test","",""
"Sign in link is visible when unauthenticated","10309","signInLinkIsVisibleWhenUnauthenticated","SQA Automation Lab — Selenium UI Suite","Tue Mar 10 16:57:06 UTC 2026","broken","Tue Mar 10 16:57:16 UTC 2026","com.sqa.ui.tests.NavigationTest","UI Tests","com.sqa.ui.tests.NavigationTest","signInLinkIsVisibleWhenUnauthenticated"
"Sign in link navigates to login page","10444","signInLinkNavigatesToLoginPage","SQA Automation Lab — Selenium UI Suite","Tue Mar 10 16:48:33 UTC 2026","broken","Tue Mar 10 16:48:44 UTC 2026","com.sqa.ui.tests.RegisterTest","UI Tests","com.sqa.ui.tests.RegisterTest","signInLinkNavigatesToLoginPage"
"","30079","valid registration renders authenticated navbar state","chromium","Tue Mar 10 17:07:46 UTC 2026","broken","Tue Mar 10 17:08:16 UTC 2026","Register","register_test.spec.ts","",""
"Clear button resets search results","10445","clearButtonResetsSearchResults","SQA Automation Lab — Selenium UI Suite","Tue Mar 10 16:49:41 UTC 2026","broken","Tue Mar 10 16:49:52 UTC 2026","com.sqa.ui.tests.ProductsTest","UI Tests","com.sqa.ui.tests.ProductsTest","clearButtonResetsSearchResults"
"Verify registration succeeds without last name (optional field)","108","testRegistrationMissingLastName","API Test Suite","Tue Mar 10 16:44:21 UTC 2026","passed","Tue Mar 10 16:44:21 UTC 2026","com.automationlab.tests.AuthTest","API Tests","com.automationlab.tests.AuthTest","testRegistrationMissingLastName"
"","3","test_delete_nonexistent_product_returns_404","tests","Tue Mar 10 16:44:14 UTC 2026","passed","Tue Mar 10 16:44:14 UTC 2026","TestDeleteProduct","products_test","",""
"","143","returns HTTP 200 on successful login","","Tue Mar 10 16:43:50 UTC 2026","passed","Tue Mar 10 16:43:50 UTC 2026","Authentication Endpoints > POST /api/auth/login","auth_test.spec.ts","",""
"Verify password is not returned in registration response","134","testRegistrationDoesNotReturnPassword","API Test Suite","Tue Mar 10 16:44:21 UTC 2026","passed","Tue Mar 10 16:44:21 UTC 2026","com.automationlab.tests.AuthTest","API Tests","com.automationlab.tests.AuthTest","testRegistrationDoesNotReturnPassword"
"","79","returns HTTP 200 with authentication","","Tue Mar 10 16:44:00 UTC 2026","passed","Tue Mar 10 16:44:00 UTC 2026","Product Endpoints > GET /api/products","products_test.spec.ts","",""
"","317","returns HTTP 400 for invalid status value","","Tue Mar 10 16:43:57 UTC 2026","passed","Tue Mar 10 16:43:58 UTC 2026","Order Endpoints > PATCH /api/orders/:id/status","orders_test.spec.ts","",""
"","27","limit parameter is respected","","Tue Mar 10 16:44:00 UTC 2026","passed","Tue Mar 10 16:44:00 UTC 2026","Product Endpoints > GET /api/products","products_test.spec.ts","",""
"","241","returns HTTP 400 for negative stock quantity","","Tue Mar 10 16:44:03 UTC 2026","passed","Tue Mar 10 16:44:03 UTC 2026","Product Endpoints > POST /api/products","products_test.spec.ts","",""
"","386","returns HTTP 403 for non-admin authenticated user","","Tue Mar 10 16:44:05 UTC 2026","passed","Tue Mar 10 16:44:05 UTC 2026","Product Endpoints > PUT /api/products/:id","products_test.spec.ts","",""
"Verify product with decimal price is created correctly","35","testCreateProductDecimalPrice","API Test Suite","Tue Mar 10 16:44:26 UTC 2026","passed","Tue Mar 10 16:44:26 UTC 2026","com.automationlab.tests.ProductTest","API Tests","com.automationlab.tests.ProductTest","testCreateProductDecimalPrice"
"","243","returns HTTP 401 without token","","Tue Mar 10 16:44:06 UTC 2026","passed","Tue Mar 10 16:44:07 UTC 2026","Product Endpoints > DELETE /api/products/:id","products_test.spec.ts","",""
"","5583","dashboard page displays heading","chromium","Tue Mar 10 16:44:33 UTC 2026","failed","Tue Mar 10 16:44:38 UTC 2026","Dashboard — Authenticated","dashboard_test.spec.ts","",""
"","5557","sign out button is visible when authenticated","chromium","Tue Mar 10 16:55:52 UTC 2026","failed","Tue Mar 10 16:55:57 UTC 2026","Navigation — Authenticated","navigation_test.spec.ts","",""
"","5675","orders page displays heading","chromium","Tue Mar 10 16:57:34 UTC 2026","failed","Tue Mar 10 16:57:40 UTC 2026","Orders","orders_test.spec.ts","",""
"Verify user can update their own profile","30","testUpdateOwnUser","API Test Suite","Tue Mar 10 16:44:24 UTC 2026","passed","Tue Mar 10 16:44:24 UTC 2026","com.automationlab.tests.UserTest","API Tests","com.automationlab.tests.UserTest","testUpdateOwnUser"
"Pagination next button advances to page 2 — AUT Bug E","10406","paginationNextButtonAdvancesToPage2","SQA Automation Lab — Selenium UI Suite","Tue Mar 10 16:49:55 UTC 2026","broken","Tue Mar 10 16:50:06 UTC 2026","com.sqa.ui.tests.ProductsTest","UI Tests","com.sqa.ui.tests.ProductsTest","paginationNextButtonAdvancesToPage2"
"","3","test_get_user_invalid_id_returns_400","tests","Tue Mar 10 16:44:14 UTC 2026","passed","Tue Mar 10 16:44:14 UTC 2026","TestGetUser","user_test","",""
"","30089","status filter pending shows only pending orders","chromium","Tue Mar 10 16:57:48 UTC 2026","broken","Tue Mar 10 16:58:18 UTC 2026","Orders","orders_test.spec.ts","",""
"","248","returns HTTP 401 without token","","Tue Mar 10 16:44:05 UTC 2026","passed","Tue Mar 10 16:44:05 UTC 2026","Product Endpoints > PUT /api/products/:id","products_test.spec.ts","",""
"","9","returns HTTP 400 when email is missing","","Tue Mar 10 16:43:51 UTC 2026","passed","Tue Mar 10 16:43:51 UTC 2026","Authentication Endpoints > POST /api/auth/login","auth_test.spec.ts","",""
"Verify logout fails without token","15","testLogoutNoToken","API Test Suite","Tue Mar 10 16:44:20 UTC 2026","passed","Tue Mar 10 16:44:20 UTC 2026","com.automationlab.tests.AuthTest","API Tests","com.automationlab.tests.AuthTest","testLogoutNoToken"
"","30129","invalid email format shows validation error","chromium","Tue Mar 10 16:50:21 UTC 2026","broken","Tue Mar 10 16:50:52 UTC 2026","Login","login_test.spec.ts","",""
"","4","test_create_product_with_minimum_fields","tests","Tue Mar 10 16:44:13 UTC 2026","passed","Tue Mar 10 16:44:13 UTC 2026","TestCreateProduct","products_test","",""
"","9","test_admin_can_update_status_to_delivered","tests","Tue Mar 10 16:44:12 UTC 2026","passed","Tue Mar 10 16:44:12 UTC 2026","TestUpdateOrderStatus","orders_test","",""
"Register link is visible when unauthenticated","10313","registerLinkIsVisibleWhenUnauthenticated","SQA Automation Lab — Selenium UI Suite","Tue Mar 10 16:56:33 UTC 2026","broken","Tue Mar 10 16:56:43 UTC 2026","com.sqa.ui.tests.NavigationTest","UI Tests","com.sqa.ui.tests.NavigationTest","registerLinkIsVisibleWhenUnauthenticated"
"","11","test_regular_user_cannot_update_status","tests","Tue Mar 10 16:44:12 UTC 2026","passed","Tue Mar 10 16:44:12 UTC 2026","TestUpdateOrderStatus","orders_test","",""
"Verify orders list supports pagination","56","testListOrdersPagination","API Test Suite","Tue Mar 10 16:44:29 UTC 2026","passed","Tue Mar 10 16:44:29 UTC 2026","com.automationlab.tests.OrderTest","API Tests","com.automationlab.tests.OrderTest","testListOrdersPagination"
"Verify list users fails without authentication","15","testListUsersNoAuth","API Test Suite","Tue Mar 10 16:44:24 UTC 2026","passed","Tue Mar 10 16:44:24 UTC 2026","com.automationlab.tests.UserTest","API Tests","com.automationlab.tests.UserTest","testListUsersNoAuth"
"Verify admin can cancel any pending order","57","testAdminCancelAnyOrder","API Test Suite","Tue Mar 10 16:44:29 UTC 2026","passed","Tue Mar 10 16:44:29 UTC 2026","com.automationlab.tests.OrderTest","API Tests","com.automationlab.tests.OrderTest","testAdminCancelAnyOrder"
"","7","test_get_current_user","tests","Tue Mar 10 16:44:09 UTC 2026","passed","Tue Mar 10 16:44:09 UTC 2026","TestCurrentUser","auth_test","",""
"","71","response body conforms to paginated users schema","","Tue Mar 10 16:44:07 UTC 2026","passed","Tue Mar 10 16:44:07 UTC 2026","User Endpoints > GET /api/users","user_test.spec.ts","",""
"Verify get current user fails with invalid token","28","testGetCurrentUserInvalidToken","API Test Suite","Tue Mar 10 16:44:20 UTC 2026","passed","Tue Mar 10 16:44:20 UTC 2026","com.automationlab.tests.AuthTest","API Tests","com.automationlab.tests.AuthTest","testGetCurrentUserInvalidToken"
"","320","returns HTTP 201 on successful order creation","","Tue Mar 10 16:43:51 UTC 2026","passed","Tue Mar 10 16:43:52 UTC 2026","Order Endpoints > POST /api/orders","orders_test.spec.ts","",""
"","135","returns HTTP 403 or 404 when updating another users data","","Tue Mar 10 16:44:09 UTC 2026","passed","Tue Mar 10 16:44:09 UTC 2026","User Endpoints > PUT /api/users/:id","user_test.spec.ts","",""
"Verify user cannot cancel another user's order","51","testCancelOtherUserOrder","API Test Suite","Tue Mar 10 16:44:29 UTC 2026","passed","Tue Mar 10 16:44:29 UTC 2026","com.automationlab.tests.OrderTest","API Tests","com.automationlab.tests.OrderTest","testCancelOtherUserOrder"
"","38492","Step 6: Check order status","","Tue Mar 10 16:47:33 UTC 2026","passed","Tue Mar 10 16:48:12 UTC 2026","","k6 Performance Tests","",""
"","248","returns HTTP 400 when name is missing","","Tue Mar 10 16:44:02 UTC 2026","passed","Tue Mar 10 16:44:03 UTC 2026","Product Endpoints > POST /api/products","products_test.spec.ts","",""
"","2","test_root_returns_200","tests","Tue Mar 10 16:44:09 UTC 2026","passed","Tue Mar 10 16:44:09 UTC 2026","TestRootEndpoint","health_test","",""
"Verify user can cancel their own pending order","50","testCancelOwnOrder","API Test Suite","Tue Mar 10 16:44:29 UTC 2026","passed","Tue Mar 10 16:44:29 UTC 2026","com.automationlab.tests.OrderTest","API Tests","com.automationlab.tests.OrderTest","testCancelOwnOrder"
"","187","sign out button is not visible when unauthenticated","chromium","Tue Mar 10 16:53:32 UTC 2026","passed","Tue Mar 10 16:53:32 UTC 2026","Navigation — Unauthenticated","navigation_test.spec.ts","",""
"","64","test_login_returns_user_info","tests","Tue Mar 10 16:44:09 UTC 2026","passed","Tue Mar 10 16:44:09 UTC 2026","TestLogin","auth_test","",""
"Verify pagination returns correct total count","52","testListUsersPaginationTotalCount","API Test Suite","Tue Mar 10 16:44:24 UTC 2026","passed","Tue Mar 10 16:44:24 UTC 2026","com.automationlab.tests.UserTest","API Tests","com.automationlab.tests.UserTest","testListUsersPaginationTotalCount"
"Authenticated user sees product cards","685","authenticatedUserSeesProductCards","SQA Automation Lab — Selenium UI Suite","Tue Mar 10 16:49:23 UTC 2026","broken","Tue Mar 10 16:49:24 UTC 2026","com.sqa.ui.tests.ProductsTest","UI Tests","com.sqa.ui.tests.ProductsTest","authenticatedUserSeesProductCards"
"","78","page navigation does not return overlapping results","","Tue Mar 10 16:44:07 UTC 2026","passed","Tue Mar 10 16:44:07 UTC 2026","User Endpoints > GET /api/users","user_test.spec.ts","",""
"","240","returns HTTP 404 for non-existent user","","Tue Mar 10 16:44:08 UTC 2026","passed","Tue Mar 10 16:44:08 UTC 2026","User Endpoints > GET /api/users/:id","user_test.spec.ts","",""
"","38495","Step 1: Register new user","","Tue Mar 10 16:47:28 UTC 2026","passed","Tue Mar 10 16:48:07 UTC 2026","","k6 Performance Tests","",""
"Verify multiple consecutive health checks return consistent status","244","testHealthEndpointConsistency","API Test Suite","Tue Mar 10 16:44:19 UTC 2026","passed","Tue Mar 10 16:44:19 UTC 2026","com.automationlab.tests.HealthTest","API Tests","com.automationlab.tests.HealthTest","testHealthEndpointConsistency"
"","11","test_status_update_changes_updated_at","tests","Tue Mar 10 16:44:12 UTC 2026","passed","Tue Mar 10 16:44:12 UTC 2026","TestUpdateOrderStatus","orders_test","",""
"","4","test_order_fields_in_listing","tests","Tue Mar 10 16:44:11 UTC 2026","passed","Tue Mar 10 16:44:11 UTC 2026","TestListOrders","orders_test","",""
"Search should find products by name substring.","5","test_search_by_name","tests","Tue Mar 10 16:44:13 UTC 2026","passed","Tue Mar 10 16:44:13 UTC 2026","TestFilterProducts","products_test","",""
"","4","test_get_nonexistent_user_returns_404","tests","Tue Mar 10 16:44:14 UTC 2026","passed","Tue Mar 10 16:44:14 UTC 2026","TestGetUser","user_test","",""
"Verify admin can update product details","86","testUpdateProduct","API Test Suite","Tue Mar 10 16:44:27 UTC 2026","passed","Tue Mar 10 16:44:27 UTC 2026","com.automationlab.tests.ProductTest","API Tests","com.automationlab.tests.ProductTest","testUpdateProduct"
"","38180","GET /api/orders/:id","","Tue Mar 10 16:46:48 UTC 2026","passed","Tue Mar 10 16:47:26 UTC 2026","","k6 Performance Tests","",""
"","4","test_login_with_nonexistent_email_returns_401","tests","Tue Mar 10 16:44:09 UTC 2026","passed","Tue Mar 10 16:44:09 UTC 2026","TestLogin","auth_test","",""
"","324","status filter returns only orders matching that status","","Tue Mar 10 16:43:55 UTC 2026","passed","Tue Mar 10 16:43:55 UTC 2026","Order Endpoints > GET /api/orders","orders_test.spec.ts","",""
"","4","test_get_user_returns_full_profile","tests","Tue Mar 10 16:44:14 UTC 2026","passed","Tue Mar 10 16:44:14 UTC 2026","TestGetUser","user_test","",""
"","71","response contains users array and pagination object","","Tue Mar 10 16:44:07 UTC 2026","passed","Tue Mar 10 16:44:07 UTC 2026","User Endpoints > GET /api/users","user_test.spec.ts","",""
"","8","status field value is ok","","Tue Mar 10 16:43:51 UTC 2026","passed","Tue Mar 10 16:43:51 UTC 2026","Health Endpoints > GET /health","health_test.spec.ts","",""
"Verify registered user has default role of 'user'","130","testRegistrationDefaultRole","API Test Suite","Tue Mar 10 16:44:21 UTC 2026","passed","Tue Mar 10 16:44:21 UTC 2026","com.automationlab.tests.AuthTest","API Tests","com.automationlab.tests.AuthTest","testRegistrationDefaultRole"
"","30131","empty first name shows validation error","chromium","Tue Mar 10 17:08:18 UTC 2026","broken","Tue Mar 10 17:08:48 UTC 2026","Register","register_test.spec.ts","",""
"Verify users list only returns active users","103","testListOnlyActiveUsers","API Test Suite","Tue Mar 10 16:44:23 UTC 2026","passed","Tue Mar 10 16:44:24 UTC 2026","com.automationlab.tests.UserTest","API Tests","com.automationlab.tests.UserTest","testListOnlyActiveUsers"
"","5290","register link is visible when unauthenticated","chromium","Tue Mar 10 16:53:25 UTC 2026","failed","Tue Mar 10 16:53:30 UTC 2026","Navigation — Unauthenticated","navigation_test.spec.ts","",""
"","307","soft deleted user has is_active set to false","","Tue Mar 10 16:44:09 UTC 2026","passed","Tue Mar 10 16:44:10 UTC 2026","User Endpoints > DELETE /api/users/:id","user_test.spec.ts","",""
"Empty password shows validation error","10509","emptyPasswordShowsValidationError","SQA Automation Lab — Selenium UI Suite","Tue Mar 10 16:45:05 UTC 2026","broken","Tue Mar 10 16:45:15 UTC 2026","com.sqa.ui.tests.LoginTest","UI Tests","com.sqa.ui.tests.LoginTest","emptyPasswordShowsValidationError"
"Verify user can get their own order details","38","testGetOwnOrder","API Test Suite","Tue Mar 10 16:44:29 UTC 2026","passed","Tue Mar 10 16:44:29 UTC 2026","com.automationlab.tests.OrderTest","API Tests","com.automationlab.tests.OrderTest","testGetOwnOrder"
"","7","test_list_users_page_navigation","tests","Tue Mar 10 16:44:14 UTC 2026","passed","Tue Mar 10 16:44:14 UTC 2026","TestListUsers","user_test","",""
"","7","test_filter_with_no_results","tests","Tue Mar 10 16:44:13 UTC 2026","passed","Tue Mar 10 16:44:13 UTC 2026","TestFilterProducts","products_test","",""
"Verify login fails with non-existent email","35","testLoginNonExistentEmail","API Test Suite","Tue Mar 10 16:44:20 UTC 2026","passed","Tue Mar 10 16:44:20 UTC 2026","com.automationlab.tests.AuthTest","API Tests","com.automationlab.tests.AuthTest","testLoginNonExistentEmail"
"","245","returns HTTP 400 for empty update body","","Tue Mar 10 16:44:04 UTC 2026","passed","Tue Mar 10 16:44:05 UTC 2026","Product Endpoints > PUT /api/products/:id","products_test.spec.ts","",""
"","335","returns HTTP 401 without token","","Tue Mar 10 16:43:59 UTC 2026","passed","Tue Mar 10 16:43:59 UTC 2026","Order Endpoints > DELETE /api/orders/:id","orders_test.spec.ts","",""
"","4","test_create_product_with_negative_price_returns_400","tests","Tue Mar 10 16:44:14 UTC 2026","passed","Tue Mar 10 16:44:14 UTC 2026","TestCreateProduct","products_test","",""
"Verify order response includes timestamps","27","testGetOrderIncludesTimestamps","API Test Suite","Tue Mar 10 16:44:29 UTC 2026","passed","Tue Mar 10 16:44:29 UTC 2026","com.automationlab.tests.OrderTest","API Tests","com.automationlab.tests.OrderTest","testGetOrderIncludesTimestamps"
"Verify user has correct role field","36","testGetUserRole","API Test Suite","Tue Mar 10 16:44:23 UTC 2026","passed","Tue Mar 10 16:44:23 UTC 2026","com.automationlab.tests.UserTest","API Tests","com.automationlab.tests.UserTest","testGetUserRole"
"Verify update non-existent product returns 404","34","testUpdateNonExistentProduct","API Test Suite","Tue Mar 10 16:44:27 UTC 2026","passed","Tue Mar 10 16:44:27 UTC 2026","com.automationlab.tests.ProductTest","API Tests","com.automationlab.tests.ProductTest","testUpdateNonExistentProduct"
"","5326","register page displays create account heading","chromium","Tue Mar 10 17:07:08 UTC 2026","failed","Tue Mar 10 17:07:14 UTC 2026","Register","register_test.spec.ts","",""
"","5281","product detail page displays product price","chromium","Tue Mar 10 17:00:40 UTC 2026","failed","Tue Mar 10 17:00:45 UTC 2026","Product Detail — Unauthenticated","product_detail_test.spec.ts","",""
"Verify successful user registration with valid data","120","testSuccessfulRegistration","API Test Suite","Tue Mar 10 16:44:22 UTC 2026","passed","Tue Mar 10 16:44:22 UTC 2026","com.automationlab.tests.AuthTest","API Tests","com.automationlab.tests.AuthTest","testSuccessfulRegistration"
"","241","returns HTTP 404 for non-existent product","","Tue Mar 10 16:44:05 UTC 2026","passed","Tue Mar 10 16:44:05 UTC 2026","Product Endpoints > PUT /api/products/:id","products_test.spec.ts","",""
"","70","returns HTTP 200 for own user","","Tue Mar 10 16:44:07 UTC 2026","passed","Tue Mar 10 16:44:07 UTC 2026","User Endpoints > GET /api/users/:id","user_test.spec.ts","",""
"","64","test_login_with_wrong_password_returns_401","tests","Tue Mar 10 16:44:09 UTC 2026","passed","Tue Mar 10 16:44:09 UTC 2026","TestLogin","auth_test","",""
"","38178","PATCH /api/orders/:id/status - admin","","Tue Mar 10 16:46:48 UTC 2026","passed","Tue Mar 10 16:47:27 UTC 2026","","k6 Performance Tests","",""
"","320","updated status is returned in response","","Tue Mar 10 16:43:57 UTC 2026","passed","Tue Mar 10 16:43:57 UTC 2026","Order Endpoints > PATCH /api/orders/:id/status","orders_test.spec.ts","",""
"Verify delete user fails without authentication","12","testDeleteUserNoAuth","API Test Suite","Tue Mar 10 16:44:23 UTC 2026","passed","Tue Mar 10 16:44:23 UTC 2026","com.automationlab.tests.UserTest","API Tests","com.automationlab.tests.UserTest","testDeleteUserNoAuth"
"","72","updated fields are returned in response","","Tue Mar 10 16:44:08 UTC 2026","passed","Tue Mar 10 16:44:08 UTC 2026","User Endpoints > PUT /api/users/:id","user_test.spec.ts","",""
"","30033","User Journey Tests","","Tue Mar 10 17:00:48 UTC 2026","passed","Tue Mar 10 17:01:18 UTC 2026","","JMeter Performance Tests","",""
"","73","returns HTTP 400 or 404 for non-existent product","","Tue Mar 10 16:43:54 UTC 2026","passed","Tue Mar 10 16:43:54 UTC 2026","Order Endpoints > POST /api/orders","orders_test.spec.ts","",""
"","30094","valid login renders authenticated navbar state","chromium","Tue Mar 10 16:48:47 UTC 2026","broken","Tue Mar 10 16:49:17 UTC 2026","Login","login_test.spec.ts","",""
"","3","test_create_order_without_auth_returns_401","tests","Tue Mar 10 16:44:10 UTC 2026","passed","Tue Mar 10 16:44:10 UTC 2026","TestCreateOrder","orders_test","",""
"","29908","Health Tests","","Tue Mar 10 16:57:52 UTC 2026","passed","Tue Mar 10 16:58:22 UTC 2026","","JMeter Performance Tests","",""
"Verify successful login with valid credentials","326","testSuccessfulLogin","API Test Suite","Tue Mar 10 16:44:22 UTC 2026","passed","Tue Mar 10 16:44:22 UTC 2026","com.automationlab.tests.AuthTest","API Tests","com.automationlab.tests.AuthTest","testSuccessfulLogin"
"","14","category filter returns only products from that category","","Tue Mar 10 16:44:00 UTC 2026","passed","Tue Mar 10 16:44:00 UTC 2026","Product Endpoints > GET /api/products","products_test.spec.ts","",""
"Valid registration redirects to products page","10428","validRegistrationRedirectsToProductsPage","SQA Automation Lab — Selenium UI Suite","Tue Mar 10 16:48:47 UTC 2026","broken","Tue Mar 10 16:48:58 UTC 2026","com.sqa.ui.tests.RegisterTest","UI Tests","com.sqa.ui.tests.RegisterTest","validRegistrationRedirectsToProductsPage"
"","246","response body conforms to product schema","","Tue Mar 10 16:44:01 UTC 2026","passed","Tue Mar 10 16:44:01 UTC 2026","Product Endpoints > GET /api/products/:id","products_test.spec.ts","",""
"","9","response body conforms to paginated products schema","","Tue Mar 10 16:44:00 UTC 2026","passed","Tue Mar 10 16:44:00 UTC 2026","Product Endpoints > GET /api/products","products_test.spec.ts","",""
"","5296","pagination next button advances to page 2","chromium","Tue Mar 10 17:05:14 UTC 2026","failed","Tue Mar 10 17:05:19 UTC 2026","Products — Unauthenticated","products_test.spec.ts","",""
"Verify get order fails without authentication","10","testGetOrderNoAuth","API Test Suite","Tue Mar 10 16:44:29 UTC 2026","passed","Tue Mar 10 16:44:29 UTC 2026","com.automationlab.tests.OrderTest","API Tests","com.automationlab.tests.OrderTest","testGetOrderNoAuth"
"All status filter options are selectable — AUT Bug C","0","allStatusFilterOptionsAreSelectable","SQA Automation Lab — Selenium UI Suite","Tue Mar 10 16:52:22 UTC 2026","skipped","Tue Mar 10 16:52:22 UTC 2026","com.sqa.ui.tests.OrdersTest","UI Tests","com.sqa.ui.tests.OrdersTest","allStatusFilterOptionsAreSelectable"
"Verify health check works with GET method","20","testHealthEndpointGetMethod","API Test Suite","Tue Mar 10 16:44:19 UTC 2026","passed","Tue Mar 10 16:44:19 UTC 2026","com.automationlab.tests.HealthTest","API Tests","com.automationlab.tests.HealthTest","testHealthEndpointGetMethod"
"","30013","Order Tests","","Tue Mar 10 17:00:13 UTC 2026","passed","Tue Mar 10 17:00:43 UTC 2026","","JMeter Performance Tests","",""
"","4","test_update_own_last_name","tests","Tue Mar 10 16:44:14 UTC 2026","passed","Tue Mar 10 16:44:14 UTC 2026","TestUpdateUser","user_test","",""
"","4","test_filter_by_category","tests","Tue Mar 10 16:44:13 UTC 2026","passed","Tue Mar 10 16:44:13 UTC 2026","TestFilterProducts","products_test","",""
"Verify user cannot delete another user's account","13","testDeleteOtherUserForbidden","API Test Suite","Tue Mar 10 16:44:23 UTC 2026","passed","Tue Mar 10 16:44:23 UTC 2026","com.automationlab.tests.UserTest","API Tests","com.automationlab.tests.UserTest","testDeleteOtherUserForbidden"
"","183","dashboard link is not visible when unauthenticated","chromium","Tue Mar 10 16:53:32 UTC 2026","passed","Tue Mar 10 16:53:32 UTC 2026","Navigation — Unauthenticated","navigation_test.spec.ts","",""
"","321","admin can update order status and receives HTTP 200","","Tue Mar 10 16:43:57 UTC 2026","passed","Tue Mar 10 16:43:57 UTC 2026","Order Endpoints > PATCH /api/orders/:id/status","orders_test.spec.ts","",""
"Verify create order fails with zero quantity","15","testCreateOrderZeroQuantity","API Test Suite","Tue Mar 10 16:44:29 UTC 2026","passed","Tue Mar 10 16:44:29 UTC 2026","com.automationlab.tests.OrderTest","API Tests","com.automationlab.tests.OrderTest","testCreateOrderZeroQuantity"
"","38115","DELETE /api/products/:id","","Tue Mar 10 16:46:08 UTC 2026","passed","Tue Mar 10 16:46:46 UTC 2026","","k6 Performance Tests","",""
"","3","test_list_users_limit_exceeds_max_returns_400","tests","Tue Mar 10 16:44:14 UTC 2026","passed","Tue Mar 10 16:44:14 UTC 2026","TestListUsers","user_test","",""
"Verify user can list their own orders","28","testListUserOrders","API Test Suite","Tue Mar 10 16:44:29 UTC 2026","passed","Tue Mar 10 16:44:29 UTC 2026","com.automationlab.tests.OrderTest","API Tests","com.automationlab.tests.OrderTest","testListUserOrders"
"","5330","products page displays product cards","chromium","Tue Mar 10 17:03:01 UTC 2026","failed","Tue Mar 10 17:03:07 UTC 2026","Products — Unauthenticated","products_test.spec.ts","",""
"","3","test_get_product_by_id","tests","Tue Mar 10 16:44:13 UTC 2026","passed","Tue Mar 10 16:44:13 UTC 2026","TestGetProduct","products_test","",""
"Verify user can soft delete their own account","139","testDeleteOwnUser","API Test Suite","Tue Mar 10 16:44:23 UTC 2026","passed","Tue Mar 10 16:44:23 UTC 2026","com.automationlab.tests.UserTest","API Tests","com.automationlab.tests.UserTest","testDeleteOwnUser"
"","5277","products link is visible","chromium","Tue Mar 10 16:53:12 UTC 2026","failed","Tue Mar 10 16:53:17 UTC 2026","Navigation — Unauthenticated","navigation_test.spec.ts","",""
"Verify pagination with custom page size","62","testListUsersCustomPageSize","API Test Suite","Tue Mar 10 16:44:24 UTC 2026","passed","Tue Mar 10 16:44:24 UTC 2026","com.automationlab.tests.UserTest","API Tests","com.automationlab.tests.UserTest","testListUsersCustomPageSize"
"Verify user can retrieve their own profile","48","testGetOwnUser","API Test Suite","Tue Mar 10 16:44:23 UTC 2026","passed","Tue Mar 10 16:44:23 UTC 2026","com.automationlab.tests.UserTest","API Tests","com.automationlab.tests.UserTest","testGetOwnUser"
"Verify authenticated user can retrieve their own profile","66","testGetCurrentUser","API Test Suite","Tue Mar 10 16:44:20 UTC 2026","passed","Tue Mar 10 16:44:20 UTC 2026","com.automationlab.tests.AuthTest","API Tests","com.automationlab.tests.AuthTest","testGetCurrentUser"
"","5600","authenticated user sees product cards","chromium","Tue Mar 10 17:06:30 UTC 2026","failed","Tue Mar 10 17:06:36 UTC 2026","Products — Authenticated","products_test.spec.ts","",""
"","5261","sign in link is visible when unauthenticated","chromium","Tue Mar 10 16:53:18 UTC 2026","failed","Tue Mar 10 16:53:24 UTC 2026","Navigation — Unauthenticated","navigation_test.spec.ts","",""
"Authenticated user can set quantity before ordering","674","authenticatedUserCanSetQuantityBeforeOrdering","SQA Automation Lab — Selenium UI Suite","Tue Mar 10 16:51:36 UTC 2026","broken","Tue Mar 10 16:51:37 UTC 2026","com.sqa.ui.tests.ProductDetailTest","UI Tests","com.sqa.ui.tests.ProductDetailTest","authenticatedUserCanSetQuantityBeforeOrdering"
"","145","response contains token","","Tue Mar 10 16:43:50 UTC 2026","passed","Tue Mar 10 16:43:51 UTC 2026","Authentication Endpoints > POST /api/auth/login","auth_test.spec.ts","",""
"","70","returns HTTP 401 without token","","Tue Mar 10 16:44:08 UTC 2026","passed","Tue Mar 10 16:44:08 UTC 2026","User Endpoints > GET /api/users/:id","user_test.spec.ts","",""
"Verify login fails with missing password","27","testLoginMissingPassword","API Test Suite","Tue Mar 10 16:44:20 UTC 2026","passed","Tue Mar 10 16:44:20 UTC 2026","com.automationlab.tests.AuthTest","API Tests","com.automationlab.tests.AuthTest","testLoginMissingPassword"
"","38184","POST /api/orders","","Tue Mar 10 16:46:47 UTC 2026","passed","Tue Mar 10 16:47:25 UTC 2026","","k6 Performance Tests","",""
"","30088","empty last name shows validation error","chromium","Tue Mar 10 17:08:49 UTC 2026","broken","Tue Mar 10 17:09:19 UTC 2026","Register","register_test.spec.ts","",""
"","2","test_health_reports_healthy_status","tests","Tue Mar 10 16:44:09 UTC 2026","passed","Tue Mar 10 16:44:09 UTC 2026","TestHealthEndpoint","health_test","",""
"Edit profile button reveals edit form","671","editProfileButtonRevealsEditForm","SQA Automation Lab — Selenium UI Suite","Tue Mar 10 16:53:20 UTC 2026","broken","Tue Mar 10 16:53:21 UTC 2026","com.sqa.ui.tests.DashboardTest","UI Tests","com.sqa.ui.tests.DashboardTest","editProfileButtonRevealsEditForm"
"","39220","PUT /api/users/:id","","Tue Mar 10 16:45:25 UTC 2026","passed","Tue Mar 10 16:46:04 UTC 2026","","k6 Performance Tests","",""
"","39125","GET /health","","Tue Mar 10 16:44:00 UTC 2026","passed","Tue Mar 10 16:44:39 UTC 2026","","k6 Performance Tests","",""
"Register page displays Create Account heading","10426","registerPageDisplaysCreateAccountHeading","SQA Automation Lab — Selenium UI Suite","Tue Mar 10 16:48:06 UTC 2026","broken","Tue Mar 10 16:48:16 UTC 2026","com.sqa.ui.tests.RegisterTest","UI Tests","com.sqa.ui.tests.RegisterTest","registerPageDisplaysCreateAccountHeading"
"","268","admin can soft delete a product and receives HTTP 200","","Tue Mar 10 16:44:05 UTC 2026","passed","Tue Mar 10 16:44:06 UTC 2026","Product Endpoints > DELETE /api/products/:id","products_test.spec.ts","",""
"","5580","orders link is visible when authenticated","chromium","Tue Mar 10 16:55:38 UTC 2026","failed","Tue Mar 10 16:55:44 UTC 2026","Navigation — Authenticated","navigation_test.spec.ts","",""
"Product detail page displays category","347","productDetailPageDisplaysCategory","SQA Automation Lab — Selenium UI Suite","Tue Mar 10 16:52:02 UTC 2026","failed","Tue Mar 10 16:52:02 UTC 2026","com.sqa.ui.tests.ProductDetailTest","UI Tests","com.sqa.ui.tests.ProductDetailTest","productDetailPageDisplaysCategory"
"Brand link navigates to products page","10327","brandLinkNavigatesToProductsPage","SQA Automation Lab — Selenium UI Suite","Tue Mar 10 16:54:32 UTC 2026","broken","Tue Mar 10 16:54:43 UTC 2026","com.sqa.ui.tests.NavigationTest","UI Tests","com.sqa.ui.tests.NavigationTest","brandLinkNavigatesToProductsPage"
"","39222","GET /api/users/:id - unauthorized (different user)","","Tue Mar 10 16:45:24 UTC 2026","passed","Tue Mar 10 16:46:03 UTC 2026","","k6 Performance Tests","",""
"","9","response body contains message field","","Tue Mar 10 16:43:51 UTC 2026","passed","Tue Mar 10 16:43:51 UTC 2026","Health Endpoints > GET /","health_test.spec.ts","",""
"","275","orders link is not visible when unauthenticated","chromium","Tue Mar 10 16:53:32 UTC 2026","passed","Tue Mar 10 16:53:32 UTC 2026","Navigation — Unauthenticated","navigation_test.spec.ts","",""
"","30089","category filter returns filtered results","chromium","Tue Mar 10 17:04:42 UTC 2026","broken","Tue Mar 10 17:05:12 UTC 2026","Products — Unauthenticated","products_test.spec.ts","",""
"No auth should be required for viewing a single product.","2","test_get_product_is_public","tests","Tue Mar 10 16:44:13 UTC 2026","passed","Tue Mar 10 16:44:13 UTC 2026","TestGetProduct","products_test","",""
"","320","user can cancel a pending order and receives HTTP 200","","Tue Mar 10 16:43:58 UTC 2026","passed","Tue Mar 10 16:43:59 UTC 2026","Order Endpoints > DELETE /api/orders/:id","orders_test.spec.ts","",""
"Verify registration returns user ID","134","testRegistrationReturnsUserId","API Test Suite","Tue Mar 10 16:44:21 UTC 2026","passed","Tue Mar 10 16:44:21 UTC 2026","com.automationlab.tests.AuthTest","API Tests","com.automationlab.tests.AuthTest","testRegistrationReturnsUserId"
"","68","test_register_returns_user_details","tests","Tue Mar 10 16:44:08 UTC 2026","passed","Tue Mar 10 16:44:08 UTC 2026","TestRegistration","auth_test","",""
"","30082","search with no matches shows no products found message","chromium","Tue Mar 10 17:04:11 UTC 2026","broken","Tue Mar 10 17:04:41 UTC 2026","Products — Unauthenticated","products_test.spec.ts","",""
"","3","test_health_includes_uptime","tests","Tue Mar 10 16:44:09 UTC 2026","passed","Tue Mar 10 16:44:09 UTC 2026","TestHealthEndpoint","health_test","",""
"Verify create order fails with negative quantity","25","testCreateOrderNegativeQuantity","API Test Suite","Tue Mar 10 16:44:29 UTC 2026","passed","Tue Mar 10 16:44:29 UTC 2026","com.automationlab.tests.OrderTest","API Tests","com.automationlab.tests.OrderTest","testCreateOrderNegativeQuantity"
"Verify product has all required fields","55","testGetProductRequiredFields","API Test Suite","Tue Mar 10 16:44:26 UTC 2026","passed","Tue Mar 10 16:44:26 UTC 2026","com.automationlab.tests.ProductTest","API Tests","com.automationlab.tests.ProductTest","testGetProductRequiredFields"
"Verify admin can soft delete any user","134","testAdminDeleteAnyUser","API Test Suite","Tue Mar 10 16:44:23 UTC 2026","passed","Tue Mar 10 16:44:23 UTC 2026","com.automationlab.tests.UserTest","API Tests","com.automationlab.tests.UserTest","testAdminDeleteAnyUser"
"Authenticated user visiting login page is redirected to products — AUT Bug D","10743","authenticatedUserVisitingLoginIsRedirectedToProducts","SQA Automation Lab — Selenium UI Suite","Tue Mar 10 16:44:36 UTC 2026","broken","Tue Mar 10 16:44:47 UTC 2026","com.sqa.ui.tests.LoginTest","UI Tests","com.sqa.ui.tests.LoginTest","authenticatedUserVisitingLoginIsRedirectedToProducts"
"","5278","product detail page displays category","chromium","Tue Mar 10 17:00:47 UTC 2026","failed","Tue Mar 10 17:00:52 UTC 2026","Product Detail — Unauthenticated","product_detail_test.spec.ts","",""
"","5315","invalid product id renders error state","chromium","Tue Mar 10 17:01:38 UTC 2026","failed","Tue Mar 10 17:01:43 UTC 2026","Product Detail — Unauthenticated","product_detail_test.spec.ts","",""
"","381","returns HTTP 403 when cancelling another users order","","Tue Mar 10 16:43:59 UTC 2026","passed","Tue Mar 10 16:44:00 UTC 2026","Order Endpoints > DELETE /api/orders/:id","orders_test.spec.ts","",""
"A user should not be able to cancel another user's order.","78","test_user_cannot_cancel_other_users_order","tests","Tue Mar 10 16:44:13 UTC 2026","passed","Tue Mar 10 16:44:13 UTC 2026","TestCancelOrder","orders_test","",""
"","1","setup","","Tue Mar 10 16:46:47 UTC 2026","passed","Tue Mar 10 16:46:47 UTC 2026","","k6 Performance Tests","",""
"","73","returns HTTP 200 when soft deleting own account","","Tue Mar 10 16:44:09 UTC 2026","passed","Tue Mar 10 16:44:09 UTC 2026","User Endpoints > DELETE /api/users/:id","user_test.spec.ts","",""
"","30076","products link navigates to products page","chromium","Tue Mar 10 16:54:04 UTC 2026","broken","Tue Mar 10 16:54:34 UTC 2026","Navigation — Unauthenticated","navigation_test.spec.ts","",""
"","39803","POST /api/auth/login - invalid credentials","","Tue Mar 10 16:44:42 UTC 2026","passed","Tue Mar 10 16:45:22 UTC 2026","","k6 Performance Tests","",""
"Get order detail should include item breakdown.","12","test_get_order_with_items","tests","Tue Mar 10 16:44:11 UTC 2026","passed","Tue Mar 10 16:44:11 UTC 2026","TestGetOrder","orders_test","",""
"","0","setUpOrders","SQA Automation Lab — Selenium UI Suite","Tue Mar 10 16:52:55 UTC 2026","broken","Tue Mar 10 16:52:55 UTC 2026","com.sqa.ui.tests.OrdersTest","UI Tests","com.sqa.ui.tests.OrdersTest","setUpOrders"
"Verify cancel order fails without authentication","12","testCancelOrderNoAuth","API Test Suite","Tue Mar 10 16:44:29 UTC 2026","passed","Tue Mar 10 16:44:29 UTC 2026","com.automationlab.tests.OrderTest","API Tests","com.automationlab.tests.OrderTest","testCancelOrderNoAuth"
"Cancelling an order should return stock to the product.","35","test_cancel_restores_stock","tests","Tue Mar 10 16:44:13 UTC 2026","passed","Tue Mar 10 16:44:13 UTC 2026","TestCancelOrder","orders_test","",""
"Verify created product has default active status","17","testCreateProductDefaultActiveStatus","API Test Suite","Tue Mar 10 16:44:26 UTC 2026","passed","Tue Mar 10 16:44:26 UTC 2026","com.automationlab.tests.ProductTest","API Tests","com.automationlab.tests.ProductTest","testCreateProductDefaultActiveStatus"
"Verify login fails with missing email","26","testLoginMissingEmail","API Test Suite","Tue Mar 10 16:44:20 UTC 2026","passed","Tue Mar 10 16:44:20 UTC 2026","com.automationlab.tests.AuthTest","API Tests","com.automationlab.tests.AuthTest","testLoginMissingEmail"
"**Risk:** Informational
**Confidence:** 2
**Instances:** 3

**Description:**
Check for differences in response based on fuzzed User Agent (eg. mobile sites, access as a Search Engine Crawler). Compares the response statuscode and the hashcode of the response body with the original response.

**Solution:**
","0","User Agent Fuzzer","","Tue Mar 10 16:45:04 UTC 2026","passed","Tue Mar 10 16:45:04 UTC 2026","","Security - ZAP API Scan","",""
"","39846","POST /api/auth/login - valid credentials","","Tue Mar 10 16:44:41 UTC 2026","passed","Tue Mar 10 16:45:21 UTC 2026","","k6 Performance Tests","",""
"","30137","all status filter options are selectable","chromium","Tue Mar 10 17:00:02 UTC 2026","broken","Tue Mar 10 17:00:32 UTC 2026","Orders","orders_test.spec.ts","",""
"","3","test_admin_can_delete_product","tests","Tue Mar 10 16:44:14 UTC 2026","passed","Tue Mar 10 16:44:14 UTC 2026","TestDeleteProduct","products_test","",""
"","5577","dashboard displays user name","chromium","Tue Mar 10 16:44:53 UTC 2026","failed","Tue Mar 10 16:44:59 UTC 2026","Dashboard — Authenticated","dashboard_test.spec.ts","",""
"","6","response body contains endpoints field","","Tue Mar 10 16:43:51 UTC 2026","passed","Tue Mar 10 16:43:51 UTC 2026","Health Endpoints > GET /","health_test.spec.ts","",""
"Verify non-admin cannot update order status","10","testUpdateOrderStatusNonAdmin","API Test Suite","Tue Mar 10 16:44:29 UTC 2026","passed","Tue Mar 10 16:44:29 UTC 2026","com.automationlab.tests.OrderTest","API Tests","com.automationlab.tests.OrderTest","testUpdateOrderStatusNonAdmin"
"Verify login fails with incorrect password","271","testLoginIncorrectPassword","API Test Suite","Tue Mar 10 16:44:20 UTC 2026","passed","Tue Mar 10 16:44:20 UTC 2026","com.automationlab.tests.AuthTest","API Tests","com.automationlab.tests.AuthTest","testLoginIncorrectPassword"
"","70","returns HTTP 200 when updating own user","","Tue Mar 10 16:44:08 UTC 2026","passed","Tue Mar 10 16:44:08 UTC 2026","User Endpoints > PUT /api/users/:id","user_test.spec.ts","",""
"Orders page displays heading","1","ordersPageDisplaysHeading","SQA Automation Lab — Selenium UI Suite","Tue Mar 10 16:52:34 UTC 2026","skipped","Tue Mar 10 16:52:34 UTC 2026","com.sqa.ui.tests.OrdersTest","UI Tests","com.sqa.ui.tests.OrdersTest","ordersPageDisplaysHeading"
"","3","test_login_without_email_returns_400","tests","Tue Mar 10 16:44:09 UTC 2026","passed","Tue Mar 10 16:44:09 UTC 2026","TestLogin","auth_test","",""
"","312","returns HTTP 401 without token","","Tue Mar 10 16:43:58 UTC 2026","passed","Tue Mar 10 16:43:58 UTC 2026","Order Endpoints > PATCH /api/orders/:id/status","orders_test.spec.ts","",""
"","3","test_list_users_excludes_passwords","tests","Tue Mar 10 16:44:14 UTC 2026","passed","Tue Mar 10 16:44:14 UTC 2026","TestListUsers","user_test","",""
"Duplicate email shows error message","10525","duplicateEmailShowsErrorMessage","SQA Automation Lab — Selenium UI Suite","Tue Mar 10 16:46:56 UTC 2026","broken","Tue Mar 10 16:47:06 UTC 2026","com.sqa.ui.tests.RegisterTest","UI Tests","com.sqa.ui.tests.RegisterTest","duplicateEmailShowsErrorMessage"
"","242","response body conforms to product schema on creation","","Tue Mar 10 16:44:02 UTC 2026","passed","Tue Mar 10 16:44:02 UTC 2026","Product Endpoints > POST /api/products","products_test.spec.ts","",""
"","30075","register link navigates to register page","chromium","Tue Mar 10 16:51:56 UTC 2026","broken","Tue Mar 10 16:52:26 UTC 2026","Login","login_test.spec.ts","",""
"Verify update product updates the updated_at timestamp","1062","testUpdateProductUpdatesTimestamp","API Test Suite","Tue Mar 10 16:44:27 UTC 2026","passed","Tue Mar 10 16:44:28 UTC 2026","com.automationlab.tests.ProductTest","API Tests","com.automationlab.tests.ProductTest","testUpdateProductUpdatesTimestamp"
"","10","returns HTTP 400 for password shorter than minimum length","","Tue Mar 10 16:43:50 UTC 2026","passed","Tue Mar 10 16:43:50 UTC 2026","Authentication Endpoints > POST /api/auth/register","auth_test.spec.ts","",""
"Verify pagination returns correct total count","66","testListProductsPaginationTotalCount","API Test Suite","Tue Mar 10 16:44:26 UTC 2026","passed","Tue Mar 10 16:44:27 UTC 2026","com.automationlab.tests.ProductTest","API Tests","com.automationlab.tests.ProductTest","testListProductsPaginationTotalCount"
"Orders that have progressed past pending cannot be cancelled.","12","test_cannot_cancel_non_pending_order","tests","Tue Mar 10 16:44:13 UTC 2026","passed","Tue Mar 10 16:44:13 UTC 2026","TestCancelOrder","orders_test","",""
"","30134","authenticated user can place order successfully","chromium","Tue Mar 10 17:01:44 UTC 2026","broken","Tue Mar 10 17:02:15 UTC 2026","Product Detail — Authenticated","product_detail_test.spec.ts","",""
"","76","pagination metadata contains expected fields","","Tue Mar 10 16:43:55 UTC 2026","passed","Tue Mar 10 16:43:55 UTC 2026","Order Endpoints > GET /api/orders","orders_test.spec.ts","",""
"Verify admin can soft delete product","57","testDeleteProduct","API Test Suite","Tue Mar 10 16:44:26 UTC 2026","passed","Tue Mar 10 16:44:26 UTC 2026","com.automationlab.tests.ProductTest","API Tests","com.automationlab.tests.ProductTest","testDeleteProduct"
"Sign out clears session and redirects to login","10607","signOutClearsSessionAndRedirectsToLogin","SQA Automation Lab — Selenium UI Suite","Tue Mar 10 16:54:00 UTC 2026","broken","Tue Mar 10 16:54:10 UTC 2026","com.sqa.ui.tests.DashboardTest","UI Tests","com.sqa.ui.tests.DashboardTest","signOutClearsSessionAndRedirectsToLogin"
"","69","returns HTTP 401 without token","","Tue Mar 10 16:44:10 UTC 2026","passed","Tue Mar 10 16:44:10 UTC 2026","User Endpoints > DELETE /api/users/:id","user_test.spec.ts","",""
"","245","returns HTTP 200 for existing product","","Tue Mar 10 16:44:01 UTC 2026","passed","Tue Mar 10 16:44:01 UTC 2026","Product Endpoints > GET /api/products/:id","products_test.spec.ts","",""
"","67","test_register_does_not_return_password","tests","Tue Mar 10 16:44:08 UTC 2026","passed","Tue Mar 10 16:44:08 UTC 2026","TestRegistration","auth_test","",""
"","247","admin can update a product and receives HTTP 200","","Tue Mar 10 16:44:03 UTC 2026","passed","Tue Mar 10 16:44:04 UTC 2026","Product Endpoints > PUT /api/products/:id","products_test.spec.ts","",""
"","4","test_user_cannot_delete_other_user","tests","Tue Mar 10 16:44:15 UTC 2026","passed","Tue Mar 10 16:44:15 UTC 2026","TestDeleteUser","user_test","",""
"","5","test_list_products_pagination_metadata","tests","Tue Mar 10 16:44:13 UTC 2026","passed","Tue Mar 10 16:44:13 UTC 2026","TestListProducts","products_test","",""
"","8","returns HTTP 400 when password is missing","","Tue Mar 10 16:43:51 UTC 2026","passed","Tue Mar 10 16:43:51 UTC 2026","Authentication Endpoints > POST /api/auth/login","auth_test.spec.ts","",""
"","70","returns HTTP 400 for empty items array","","Tue Mar 10 16:43:53 UTC 2026","passed","Tue Mar 10 16:43:53 UTC 2026","Order Endpoints > POST /api/orders","orders_test.spec.ts","",""
"","5","returns HTTP 401 without token","","Tue Mar 10 16:43:55 UTC 2026","passed","Tue Mar 10 16:43:55 UTC 2026","Order Endpoints > GET /api/orders","orders_test.spec.ts","",""
"","2","test_root_lists_available_endpoints","tests","Tue Mar 10 16:44:09 UTC 2026","passed","Tue Mar 10 16:44:09 UTC 2026","TestRootEndpoint","health_test","",""
"","251","returns correct product data","","Tue Mar 10 16:44:01 UTC 2026","passed","Tue Mar 10 16:44:01 UTC 2026","Product Endpoints > GET /api/products/:id","products_test.spec.ts","",""
"Sign out button clears session and redirects to login","10590","signOutButtonClearsSessionAndRedirectsToLogin","SQA Automation Lab — Selenium UI Suite","Tue Mar 10 16:57:27 UTC 2026","broken","Tue Mar 10 16:57:38 UTC 2026","com.sqa.ui.tests.NavigationTest","UI Tests","com.sqa.ui.tests.NavigationTest","signOutButtonClearsSessionAndRedirectsToLogin"
"Verify user only sees their own orders","56","testListOrdersOnlyOwnOrders","API Test Suite","Tue Mar 10 16:44:29 UTC 2026","passed","Tue Mar 10 16:44:29 UTC 2026","com.automationlab.tests.OrderTest","API Tests","com.automationlab.tests.OrderTest","testListOrdersOnlyOwnOrders"
"Invalid product ID renders error state","390","invalidProductIdRendersErrorState","SQA Automation Lab — Selenium UI Suite","Tue Mar 10 16:51:54 UTC 2026","failed","Tue Mar 10 16:51:54 UTC 2026","com.sqa.ui.tests.ProductDetailTest","UI Tests","com.sqa.ui.tests.ProductDetailTest","invalidProductIdRendersErrorState"
"Verify registration fails with missing email","18","testRegistrationMissingEmail","API Test Suite","Tue Mar 10 16:44:21 UTC 2026","passed","Tue Mar 10 16:44:21 UTC 2026","com.automationlab.tests.AuthTest","API Tests","com.automationlab.tests.AuthTest","testRegistrationMissingEmail"
"","317","returns HTTP 403 for non-admin authenticated user","","Tue Mar 10 16:43:58 UTC 2026","passed","Tue Mar 10 16:43:58 UTC 2026","Order Endpoints > PATCH /api/orders/:id/status","orders_test.spec.ts","",""
"","7","environment field is a non-empty string","","Tue Mar 10 16:43:51 UTC 2026","passed","Tue Mar 10 16:43:51 UTC 2026","Health Endpoints > GET /health","health_test.spec.ts","",""
"Verify created product returns ID","42","testCreateProductReturnsId","API Test Suite","Tue Mar 10 16:44:26 UTC 2026","passed","Tue Mar 10 16:44:26 UTC 2026","com.automationlab.tests.ProductTest","API Tests","com.automationlab.tests.ProductTest","testCreateProductReturnsId"
"","69","returns HTTP 400 for invalid page parameter","","Tue Mar 10 16:44:07 UTC 2026","passed","Tue Mar 10 16:44:07 UTC 2026","User Endpoints > GET /api/users","user_test.spec.ts","",""
"Verify authenticated user can create an order","46","testCreateOrder","API Test Suite","Tue Mar 10 16:44:30 UTC 2026","passed","Tue Mar 10 16:44:30 UTC 2026","com.automationlab.tests.OrderTest","API Tests","com.automationlab.tests.OrderTest","testCreateOrder"
"Verify order includes item details","49","testOrderIncludesItemDetails","API Test Suite","Tue Mar 10 16:44:29 UTC 2026","passed","Tue Mar 10 16:44:29 UTC 2026","com.automationlab.tests.OrderTest","API Tests","com.automationlab.tests.OrderTest","testOrderIncludesItemDetails"
"","5","returns HTTP 401 without token","","Tue Mar 10 16:44:07 UTC 2026","passed","Tue Mar 10 16:44:07 UTC 2026","User Endpoints > GET /api/users","user_test.spec.ts","",""
"","5717","order error message shown on API failure","chromium","Tue Mar 10 17:02:47 UTC 2026","failed","Tue Mar 10 17:02:53 UTC 2026","Product Detail — Authenticated","product_detail_test.spec.ts","",""
"","309","returns HTTP 403 for non-admin authenticated user","","Tue Mar 10 16:44:06 UTC 2026","passed","Tue Mar 10 16:44:06 UTC 2026","Product Endpoints > DELETE /api/products/:id","products_test.spec.ts","",""
"","2","test_register_with_empty_body_returns_400","tests","Tue Mar 10 16:44:08 UTC 2026","passed","Tue Mar 10 16:44:08 UTC 2026","TestRegistration","auth_test","",""
"Verify update user updates the updated_at timestamp","1080","testUpdateUserUpdatesTimestamp","API Test Suite","Tue Mar 10 16:44:24 UTC 2026","passed","Tue Mar 10 16:44:25 UTC 2026","com.automationlab.tests.UserTest","API Tests","com.automationlab.tests.UserTest","testUpdateUserUpdatesTimestamp"
"","7","content-type is application/json","","Tue Mar 10 16:43:51 UTC 2026","passed","Tue Mar 10 16:43:51 UTC 2026","Health Endpoints > GET /health","health_test.spec.ts","",""
"Verify user cannot update another user's profile","14","testUpdateOtherUserForbidden","API Test Suite","Tue Mar 10 16:44:24 UTC 2026","passed","Tue Mar 10 16:44:24 UTC 2026","com.automationlab.tests.UserTest","API Tests","com.automationlab.tests.UserTest","testUpdateOtherUserForbidden"
"Category filter returns filtered results — AUT Bug C","10468","categoryFilterReturnsFilteredResults","SQA Automation Lab — Selenium UI Suite","Tue Mar 10 16:49:27 UTC 2026","broken","Tue Mar 10 16:49:38 UTC 2026","com.sqa.ui.tests.ProductsTest","UI Tests","com.sqa.ui.tests.ProductsTest","categoryFilterReturnsFilteredResults"
"","5","returns HTTP 401 without token","","Tue Mar 10 16:44:03 UTC 2026","passed","Tue Mar 10 16:44:03 UTC 2026","Product Endpoints > POST /api/products","products_test.spec.ts","",""
"Verify registration fails with weak password","19","testRegistrationWeakPassword","API Test Suite","Tue Mar 10 16:44:21 UTC 2026","passed","Tue Mar 10 16:44:21 UTC 2026","com.automationlab.tests.AuthTest","API Tests","com.automationlab.tests.AuthTest","testRegistrationWeakPassword"
"","78","returns correct user data for own user","","Tue Mar 10 16:44:07 UTC 2026","passed","Tue Mar 10 16:44:07 UTC 2026","User Endpoints > GET /api/users/:id","user_test.spec.ts","",""
"","5578","dashboard displays user email","chromium","Tue Mar 10 16:44:40 UTC 2026","failed","Tue Mar 10 16:44:45 UTC 2026","Dashboard — Authenticated","dashboard_test.spec.ts","",""
"","30125","sign out button clears session and redirects to login","chromium","Tue Mar 10 16:57:03 UTC 2026","broken","Tue Mar 10 16:57:33 UTC 2026","Navigation — Authenticated","navigation_test.spec.ts","",""
"","5655","unauthenticated access to orders redirects to login","chromium","Tue Mar 10 16:59:55 UTC 2026","failed","Tue Mar 10 17:00:00 UTC 2026","Orders","orders_test.spec.ts","",""
"","30104","empty email shows validation error","chromium","Tue Mar 10 17:09:21 UTC 2026","broken","Tue Mar 10 17:09:51 UTC 2026","Register","register_test.spec.ts","",""
"Verify admin can update any user","32","testAdminUpdateAnyUser","API Test Suite","Tue Mar 10 16:44:23 UTC 2026","passed","Tue Mar 10 16:44:23 UTC 2026","com.automationlab.tests.UserTest","API Tests","com.automationlab.tests.UserTest","testAdminUpdateAnyUser"
"","18","returns HTTP 403 with an invalid token","","Tue Mar 10 16:43:51 UTC 2026","passed","Tue Mar 10 16:43:51 UTC 2026","Authentication Endpoints > GET /api/auth/me","auth_test.spec.ts","",""
"Verify registration fails with duplicate email","45","testRegistrationDuplicateEmail","API Test Suite","Tue Mar 10 16:44:21 UTC 2026","passed","Tue Mar 10 16:44:21 UTC 2026","com.automationlab.tests.AuthTest","API Tests","com.automationlab.tests.AuthTest","testRegistrationDuplicateEmail"
"","81","password field is not included in user response object","","Tue Mar 10 16:43:50 UTC 2026","passed","Tue Mar 10 16:43:50 UTC 2026","Authentication Endpoints > POST /api/auth/register","auth_test.spec.ts","",""
"Verify products can be searched by name","62","testSearchProducts","API Test Suite","Tue Mar 10 16:44:27 UTC 2026","passed","Tue Mar 10 16:44:27 UTC 2026","com.automationlab.tests.ProductTest","API Tests","com.automationlab.tests.ProductTest","testSearchProducts"
"Verify JWT token contains required claims","299","testTokenStructure","API Test Suite","Tue Mar 10 16:44:21 UTC 2026","passed","Tue Mar 10 16:44:22 UTC 2026","com.automationlab.tests.AuthTest","API Tests","com.automationlab.tests.AuthTest","testTokenStructure"
"Verify update with invalid email format fails","18","testUpdateUserInvalidEmail","API Test Suite","Tue Mar 10 16:44:24 UTC 2026","passed","Tue Mar 10 16:44:24 UTC 2026","com.automationlab.tests.UserTest","API Tests","com.automationlab.tests.UserTest","testUpdateUserInvalidEmail"
"","5289","brand link is visible","chromium","Tue Mar 10 16:53:05 UTC 2026","failed","Tue Mar 10 16:53:11 UTC 2026","Navigation — Unauthenticated","navigation_test.spec.ts","",""
"","4","test_register_without_password_returns_400","tests","Tue Mar 10 16:44:08 UTC 2026","passed","Tue Mar 10 16:44:08 UTC 2026","TestRegistration","auth_test","",""
"","10","test_admin_can_update_status_to_processing","tests","Tue Mar 10 16:44:12 UTC 2026","passed","Tue Mar 10 16:44:12 UTC 2026","TestUpdateOrderStatus","orders_test","",""
"","5612","authenticated user can view products page","chromium","Tue Mar 10 17:06:23 UTC 2026","failed","Tue Mar 10 17:06:29 UTC 2026","Products — Authenticated","products_test.spec.ts","",""
"Empty email shows validation error","10532","emptyEmailShowsValidationError","SQA Automation Lab — Selenium UI Suite","Tue Mar 10 16:44:51 UTC 2026","broken","Tue Mar 10 16:45:01 UTC 2026","com.sqa.ui.tests.LoginTest","UI Tests","com.sqa.ui.tests.LoginTest","emptyEmailShowsValidationError"
"","5","test_health_returns_200","tests","Tue Mar 10 16:44:09 UTC 2026","passed","Tue Mar 10 16:44:09 UTC 2026","TestHealthEndpoint","health_test","",""
"","3","test_create_product_without_price_returns_400","tests","Tue Mar 10 16:44:14 UTC 2026","passed","Tue Mar 10 16:44:14 UTC 2026","TestCreateProduct","products_test","",""
"","39123","GET /","","Tue Mar 10 16:44:01 UTC 2026","passed","Tue Mar 10 16:44:40 UTC 2026","","k6 Performance Tests","",""
"Verify password is not included in user response","20","testGetUserDoesNotReturnPassword","API Test Suite","Tue Mar 10 16:44:23 UTC 2026","passed","Tue Mar 10 16:44:23 UTC 2026","com.automationlab.tests.UserTest","API Tests","com.automationlab.tests.UserTest","testGetUserDoesNotReturnPassword"
"Verify invalid endpoint returns 404","51","testInvalidEndpoint","API Test Suite","Tue Mar 10 16:44:19 UTC 2026","passed","Tue Mar 10 16:44:19 UTC 2026","com.automationlab.tests.HealthTest","API Tests","com.automationlab.tests.HealthTest","testInvalidEndpoint"
"","5332","login page displays sign in heading","chromium","Tue Mar 10 16:48:09 UTC 2026","failed","Tue Mar 10 16:48:14 UTC 2026","Login","login_test.spec.ts","",""
"Verify anyone can list products without authentication","46","testListProductsPublic","API Test Suite","Tue Mar 10 16:44:28 UTC 2026","passed","Tue Mar 10 16:44:28 UTC 2026","com.automationlab.tests.ProductTest","API Tests","com.automationlab.tests.ProductTest","testListProductsPublic"
"","38110","GET /api/products/:id","","Tue Mar 10 16:46:06 UTC 2026","passed","Tue Mar 10 16:46:44 UTC 2026","","k6 Performance Tests","",""
"","3","test_get_nonexistent_product_returns_404","tests","Tue Mar 10 16:44:13 UTC 2026","passed","Tue Mar 10 16:44:13 UTC 2026","TestGetProduct","products_test","",""
"User should see their own orders.","11","test_list_own_orders","tests","Tue Mar 10 16:44:11 UTC 2026","passed","Tue Mar 10 16:44:11 UTC 2026","TestListOrders","orders_test","",""
"","5","returns HTTP 401 without token","","Tue Mar 10 16:43:56 UTC 2026","passed","Tue Mar 10 16:43:56 UTC 2026","Order Endpoints > GET /api/orders/:id","orders_test.spec.ts","",""
"","3","test_cancel_nonexistent_order_returns_404","tests","Tue Mar 10 16:44:13 UTC 2026","passed","Tue Mar 10 16:44:13 UTC 2026","TestCancelOrder","orders_test","",""
"","30090","valid credentials redirect to products page","chromium","Tue Mar 10 16:48:16 UTC 2026","broken","Tue Mar 10 16:48:46 UTC 2026","Login","login_test.spec.ts","",""
"","3","test_logout_without_token_returns_401","tests","Tue Mar 10 16:44:09 UTC 2026","passed","Tue Mar 10 16:44:09 UTC 2026","TestLogout","auth_test","",""
"Verify admin can update stock quantity","40","testUpdateProductStock","API Test Suite","Tue Mar 10 16:44:27 UTC 2026","passed","Tue Mar 10 16:44:27 UTC 2026","com.automationlab.tests.ProductTest","API Tests","com.automationlab.tests.ProductTest","testUpdateProductStock"
"","104","test_register_new_user","tests","Tue Mar 10 16:44:08 UTC 2026","passed","Tue Mar 10 16:44:08 UTC 2026","TestRegistration","auth_test","",""
"","30102","authenticated user can set quantity before ordering","chromium","Tue Mar 10 17:02:16 UTC 2026","broken","Tue Mar 10 17:02:46 UTC 2026","Product Detail — Authenticated","product_detail_test.spec.ts","",""
"Dashboard displays user name","659","dashboardDisplaysUserName","SQA Automation Lab — Selenium UI Suite","Tue Mar 10 16:53:07 UTC 2026","broken","Tue Mar 10 16:53:08 UTC 2026","com.sqa.ui.tests.DashboardTest","UI Tests","com.sqa.ui.tests.DashboardTest","dashboardDisplaysUserName"
"Dashboard page displays heading","704","dashboardPageDisplaysHeading","SQA Automation Lab — Selenium UI Suite","Tue Mar 10 16:53:16 UTC 2026","broken","Tue Mar 10 16:53:16 UTC 2026","com.sqa.ui.tests.DashboardTest","UI Tests","com.sqa.ui.tests.DashboardTest","dashboardPageDisplaysHeading"
"","320","response contains order with items array","","Tue Mar 10 16:43:55 UTC 2026","passed","Tue Mar 10 16:43:56 UTC 2026","Order Endpoints > GET /api/orders/:id","orders_test.spec.ts","",""
"Verify root endpoint returns app information","73","testRootEndpoint","API Test Suite","Tue Mar 10 16:44:19 UTC 2026","passed","Tue Mar 10 16:44:19 UTC 2026","com.automationlab.tests.HealthTest","API Tests","com.automationlab.tests.HealthTest","testRootEndpoint"
"","38114","PUT /api/products/:id","","Tue Mar 10 16:46:07 UTC 2026","passed","Tue Mar 10 16:46:45 UTC 2026","","k6 Performance Tests","",""
"","10","returns HTTP 400 when password is missing","","Tue Mar 10 16:43:50 UTC 2026","passed","Tue Mar 10 16:43:50 UTC 2026","Authentication Endpoints > POST /api/auth/register","auth_test.spec.ts","",""
"","6","returns HTTP 401 without token","","Tue Mar 10 16:43:51 UTC 2026","passed","Tue Mar 10 16:43:51 UTC 2026","Authentication Endpoints > GET /api/auth/me","auth_test.spec.ts","",""
"","246","returns HTTP 401 without token","","Tue Mar 10 16:43:53 UTC 2026","passed","Tue Mar 10 16:43:53 UTC 2026","Order Endpoints > POST /api/orders","orders_test.spec.ts","",""
"Attempt to update email to one already in use.","4","test_update_with_duplicate_email_returns_409","tests","Tue Mar 10 16:44:15 UTC 2026","passed","Tue Mar 10 16:44:15 UTC 2026","TestUpdateUser","user_test","",""
"","83","response contains orders array and pagination object","","Tue Mar 10 16:43:54 UTC 2026","passed","Tue Mar 10 16:43:54 UTC 2026","Order Endpoints > GET /api/orders","orders_test.spec.ts","",""
"Verify registration succeeds without first name (optional field)","115","testRegistrationMissingFirstName","API Test Suite","Tue Mar 10 16:44:21 UTC 2026","passed","Tue Mar 10 16:44:21 UTC 2026","com.automationlab.tests.AuthTest","API Tests","com.automationlab.tests.AuthTest","testRegistrationMissingFirstName"
"","4","test_admin_can_delete_any_user","tests","Tue Mar 10 16:44:15 UTC 2026","passed","Tue Mar 10 16:44:15 UTC 2026","TestDeleteUser","user_test","",""
"","4","test_list_users_pagination_metadata","tests","Tue Mar 10 16:44:14 UTC 2026","passed","Tue Mar 10 16:44:14 UTC 2026","TestListUsers","user_test","",""
"","30064","authenticated user can navigate to product detail","chromium","Tue Mar 10 17:06:37 UTC 2026","broken","Tue Mar 10 17:07:07 UTC 2026","Products — Authenticated","products_test.spec.ts","",""
"","38178","PATCH /api/orders/:id/status - unauthorized (non-admin)","","Tue Mar 10 16:46:49 UTC 2026","passed","Tue Mar 10 16:47:27 UTC 2026","","k6 Performance Tests","",""
"","10","returns HTTP 401 for non-existent email","","Tue Mar 10 16:43:51 UTC 2026","passed","Tue Mar 10 16:43:51 UTC 2026","Authentication Endpoints > POST /api/auth/login","auth_test.spec.ts","",""
"","4","test_update_with_empty_body_returns_400","tests","Tue Mar 10 16:44:14 UTC 2026","passed","Tue Mar 10 16:44:14 UTC 2026","TestUpdateProduct","products_test","",""
"","356","returns HTTP 400 when cancelling a non-pending order","","Tue Mar 10 16:44:00 UTC 2026","passed","Tue Mar 10 16:44:00 UTC 2026","Order Endpoints > DELETE /api/orders/:id","orders_test.spec.ts","",""
"**Risk:** Medium
**Confidence:** 2
**Instances:** 4

**Description:**
Web browser data loading may be possible, due to a Cross Origin Resource Sharing (CORS) misconfiguration on the web server.

**Solution:**
Ensure that sensitive data is not available in an unauthenticated manner (using IP address white-listing, for instance).Configure the ""Access-Control-Allow-Origin"" HTTP header to a more restrictive set of domains, or remove all CORS headers entirely, to allow the web browser to enforce the Same Origin Policy (SOP) in a more restrictive manner.","0","Cross-Domain Misconfiguration","","Tue Mar 10 16:45:04 UTC 2026","broken","Tue Mar 10 16:45:04 UTC 2026","","Security - ZAP API Scan","",""
"Invalid email format shows validation error — AUT Bug B","10535","invalidEmailFormatShowsValidationError","SQA Automation Lab — Selenium UI Suite","Tue Mar 10 16:47:52 UTC 2026","broken","Tue Mar 10 16:48:02 UTC 2026","com.sqa.ui.tests.RegisterTest","UI Tests","com.sqa.ui.tests.RegisterTest","invalidEmailFormatShowsValidationError"
"Verify create product fails with negative price","18","testCreateProductNegativePrice","API Test Suite","Tue Mar 10 16:44:26 UTC 2026","passed","Tue Mar 10 16:44:26 UTC 2026","com.automationlab.tests.ProductTest","API Tests","com.automationlab.tests.ProductTest","testCreateProductNegativePrice"
"","75","user objects in response do not expose password field","","Tue Mar 10 16:44:07 UTC 2026","passed","Tue Mar 10 16:44:07 UTC 2026","User Endpoints > GET /api/users","user_test.spec.ts","",""
"","3","test_create_product_returns_id","tests","Tue Mar 10 16:44:13 UTC 2026","passed","Tue Mar 10 16:44:13 UTC 2026","TestCreateProduct","products_test","",""
"Verify authenticated user can logout","30","testLogout","API Test Suite","Tue Mar 10 16:44:20 UTC 2026","passed","Tue Mar 10 16:44:20 UTC 2026","com.automationlab.tests.AuthTest","API Tests","com.automationlab.tests.AuthTest","testLogout"
"","73","returns HTTP 400 for empty update body","","Tue Mar 10 16:44:09 UTC 2026","passed","Tue Mar 10 16:44:09 UTC 2026","User Endpoints > PUT /api/users/:id","user_test.spec.ts","",""
"","91","returns HTTP 400 when items key is absent from body","","Tue Mar 10 16:43:53 UTC 2026","passed","Tue Mar 10 16:43:54 UTC 2026","Order Endpoints > POST /api/orders","orders_test.spec.ts","",""
"","82","returns HTTP 200 with valid token","","Tue Mar 10 16:43:51 UTC 2026","passed","Tue Mar 10 16:43:51 UTC 2026","Authentication Endpoints > GET /api/auth/me","auth_test.spec.ts","",""
"Dashboard displays user role","650","dashboardDisplaysUserRole","SQA Automation Lab — Selenium UI Suite","Tue Mar 10 16:53:11 UTC 2026","broken","Tue Mar 10 16:53:12 UTC 2026","com.sqa.ui.tests.DashboardTest","UI Tests","com.sqa.ui.tests.DashboardTest","dashboardDisplaysUserRole"
"","5","test_create_order_with_nonexistent_product_returns_404","tests","Tue Mar 10 16:44:11 UTC 2026","passed","Tue Mar 10 16:44:11 UTC 2026","TestCreateOrder","orders_test","",""
"","4","test_list_users_returns_200","tests","Tue Mar 10 16:44:14 UTC 2026","passed","Tue Mar 10 16:44:14 UTC 2026","TestListUsers","user_test","",""
"","9","search parameter returns HTTP 200","","Tue Mar 10 16:44:00 UTC 2026","passed","Tue Mar 10 16:44:00 UTC 2026","Product Endpoints > GET /api/products","products_test.spec.ts","",""
"","5","test_admin_can_update_stock","tests","Tue Mar 10 16:44:14 UTC 2026","passed","Tue Mar 10 16:44:14 UTC 2026","TestUpdateProduct","products_test","",""
"","39219","DELETE /api/users/:id","","Tue Mar 10 16:45:25 UTC 2026","passed","Tue Mar 10 16:46:04 UTC 2026","","k6 Performance Tests","",""
"","71","returns HTTP 404 for non-existent order","","Tue Mar 10 16:43:56 UTC 2026","passed","Tue Mar 10 16:43:56 UTC 2026","Order Endpoints > GET /api/orders/:id","orders_test.spec.ts","",""
"","13","returns HTTP 400 for invalid email format","","Tue Mar 10 16:43:50 UTC 2026","passed","Tue Mar 10 16:43:50 UTC 2026","Authentication Endpoints > POST /api/auth/register","auth_test.spec.ts","",""
"Unauthenticated access to orders redirects to login — AUT Bug A","1","unauthenticatedAccessToOrdersRedirectsToLogin","SQA Automation Lab — Selenium UI Suite","Tue Mar 10 16:52:55 UTC 2026","skipped","Tue Mar 10 16:52:55 UTC 2026","com.sqa.ui.tests.OrdersTest","UI Tests","com.sqa.ui.tests.OrdersTest","unauthenticatedAccessToOrdersRedirectsToLogin"
"Verify users list does not include passwords","45","testListUsersDoesNotReturnPasswords","API Test Suite","Tue Mar 10 16:44:24 UTC 2026","passed","Tue Mar 10 16:44:24 UTC 2026","com.automationlab.tests.UserTest","API Tests","com.automationlab.tests.UserTest","testListUsersDoesNotReturnPasswords"
"Empty email shows validation error","10652","emptyEmailShowsValidationError","SQA Automation Lab — Selenium UI Suite","Tue Mar 10 16:47:10 UTC 2026","broken","Tue Mar 10 16:47:21 UTC 2026","com.sqa.ui.tests.RegisterTest","UI Tests","com.sqa.ui.tests.RegisterTest","emptyEmailShowsValidationError"
"Product card link navigates to product detail page","10435","productCardLinkNavigatesToProductDetailPage","SQA Automation Lab — Selenium UI Suite","Tue Mar 10 16:50:23 UTC 2026","broken","Tue Mar 10 16:50:33 UTC 2026","com.sqa.ui.tests.ProductsTest","UI Tests","com.sqa.ui.tests.ProductsTest","productCardLinkNavigatesToProductDetailPage"
"","9","pagination metadata contains expected fields","","Tue Mar 10 16:44:00 UTC 2026","passed","Tue Mar 10 16:44:00 UTC 2026","Product Endpoints > GET /api/products","products_test.spec.ts","",""
"Register link navigates to register page","10322","registerLinkNavigatesToRegisterPage","SQA Automation Lab — Selenium UI Suite","Tue Mar 10 16:56:44 UTC 2026","broken","Tue Mar 10 16:56:54 UTC 2026","com.sqa.ui.tests.NavigationTest","UI Tests","com.sqa.ui.tests.NavigationTest","registerLinkNavigatesToRegisterPage"
"","38494","Step 2: Login","","Tue Mar 10 16:47:29 UTC 2026","passed","Tue Mar 10 16:48:08 UTC 2026","","k6 Performance Tests","",""
"Verify empty category filter returns all products","34","testListProductsEmptyCategoryFilter","API Test Suite","Tue Mar 10 16:44:26 UTC 2026","passed","Tue Mar 10 16:44:26 UTC 2026","com.automationlab.tests.ProductTest","API Tests","com.automationlab.tests.ProductTest","testListProductsEmptyCategoryFilter"
"Verify get current user fails without token","28","testGetCurrentUserNoToken","API Test Suite","Tue Mar 10 16:44:20 UTC 2026","passed","Tue Mar 10 16:44:20 UTC 2026","com.automationlab.tests.AuthTest","API Tests","com.automationlab.tests.AuthTest","testGetCurrentUserNoToken"
"","5282","navbar is visible on products page","chromium","Tue Mar 10 16:52:59 UTC 2026","failed","Tue Mar 10 16:53:04 UTC 2026","Navigation — Unauthenticated","navigation_test.spec.ts","",""
"Verify admin can retrieve any user","27","testAdminGetAnyUser","API Test Suite","Tue Mar 10 16:44:23 UTC 2026","passed","Tue Mar 10 16:44:23 UTC 2026","com.automationlab.tests.UserTest","API Tests","com.automationlab.tests.UserTest","testAdminGetAnyUser"
"","5","test_admin_can_update_any_user","tests","Tue Mar 10 16:44:15 UTC 2026","passed","Tue Mar 10 16:44:15 UTC 2026","TestUpdateUser","user_test","",""
"","2","test_health_includes_environment","tests","Tue Mar 10 16:44:09 UTC 2026","passed","Tue Mar 10 16:44:09 UTC 2026","TestHealthEndpoint","health_test","",""
"","72","returns HTTP 403 for non-admin authenticated user","","Tue Mar 10 16:44:03 UTC 2026","passed","Tue Mar 10 16:44:03 UTC 2026","Product Endpoints > POST /api/products","products_test.spec.ts","",""
"","38493","Step 5: Create order","","Tue Mar 10 16:47:32 UTC 2026","passed","Tue Mar 10 16:48:11 UTC 2026","","k6 Performance Tests","",""
"Products link navigates to products page","10316","productsLinkNavigatesToProductsPage","SQA Automation Lab — Selenium UI Suite","Tue Mar 10 16:56:11 UTC 2026","broken","Tue Mar 10 16:56:21 UTC 2026","com.sqa.ui.tests.NavigationTest","UI Tests","com.sqa.ui.tests.NavigationTest","productsLinkNavigatesToProductsPage"
"Dashboard displays user email","660","dashboardDisplaysUserEmail","SQA Automation Lab — Selenium UI Suite","Tue Mar 10 16:53:03 UTC 2026","broken","Tue Mar 10 16:53:04 UTC 2026","com.sqa.ui.tests.DashboardTest","UI Tests","com.sqa.ui.tests.DashboardTest","dashboardDisplaysUserEmail"
"","30116","orders link navigates to orders page","chromium","Tue Mar 10 16:56:00 UTC 2026","broken","Tue Mar 10 16:56:30 UTC 2026","Navigation — Authenticated","navigation_test.spec.ts","",""
"","30099","register link navigates to register page","chromium","Tue Mar 10 16:55:07 UTC 2026","broken","Tue Mar 10 16:55:37 UTC 2026","Navigation — Unauthenticated","navigation_test.spec.ts","",""
"Empty last name shows validation error","10494","emptyLastNameShowsValidationError","SQA Automation Lab — Selenium UI Suite","Tue Mar 10 16:47:38 UTC 2026","broken","Tue Mar 10 16:47:48 UTC 2026","com.sqa.ui.tests.RegisterTest","UI Tests","com.sqa.ui.tests.RegisterTest","emptyLastNameShowsValidationError"
"","30083","pagination prev button returns to page 1","chromium","Tue Mar 10 17:05:20 UTC 2026","broken","Tue Mar 10 17:05:50 UTC 2026","Products — Unauthenticated","products_test.spec.ts","",""
"","30106","sign in link navigates to login page","chromium","Tue Mar 10 16:54:35 UTC 2026","broken","Tue Mar 10 16:55:05 UTC 2026","Navigation — Unauthenticated","navigation_test.spec.ts","",""
"Verify user response includes timestamps","50","testGetUserIncludesTimestamps","API Test Suite","Tue Mar 10 16:44:23 UTC 2026","passed","Tue Mar 10 16:44:23 UTC 2026","com.automationlab.tests.UserTest","API Tests","com.automationlab.tests.UserTest","testGetUserIncludesTimestamps"
"Stock should decrease after order creation.","9","test_create_order_reduces_stock","tests","Tue Mar 10 16:44:10 UTC 2026","passed","Tue Mar 10 16:44:10 UTC 2026","TestCreateOrder","orders_test","",""
"","4","test_update_with_empty_body_returns_400","tests","Tue Mar 10 16:44:15 UTC 2026","passed","Tue Mar 10 16:44:15 UTC 2026","TestUpdateUser","user_test","",""
"Create two products and order both.","17","test_create_order_with_multiple_items","tests","Tue Mar 10 16:44:10 UTC 2026","passed","Tue Mar 10 16:44:10 UTC 2026","TestCreateOrder","orders_test","",""
"Password shorter than 6 characters shows validation error","10573","shortPasswordShowsValidationError","SQA Automation Lab — Selenium UI Suite","Tue Mar 10 16:48:20 UTC 2026","broken","Tue Mar 10 16:48:30 UTC 2026","com.sqa.ui.tests.RegisterTest","UI Tests","com.sqa.ui.tests.RegisterTest","shortPasswordShowsValidationError"
"ILIKE search should be case-insensitive.","9","test_search_is_case_insensitive","tests","Tue Mar 10 16:44:13 UTC 2026","passed","Tue Mar 10 16:44:13 UTC 2026","TestFilterProducts","products_test","",""
"","2","test_get_product_invalid_id_returns_400","tests","Tue Mar 10 16:44:13 UTC 2026","passed","Tue Mar 10 16:44:13 UTC 2026","TestGetProduct","products_test","",""
"","144","returns HTTP 201 on successful registration","","Tue Mar 10 16:43:49 UTC 2026","passed","Tue Mar 10 16:43:49 UTC 2026","Authentication Endpoints > POST /api/auth/register","auth_test.spec.ts","",""
"Verify create product fails with missing name","17","testCreateProductMissingName","API Test Suite","Tue Mar 10 16:44:26 UTC 2026","passed","Tue Mar 10 16:44:26 UTC 2026","com.automationlab.tests.ProductTest","API Tests","com.automationlab.tests.ProductTest","testCreateProductMissingName"
"Verify user cannot get another user's order","34","testGetOtherUserOrder","API Test Suite","Tue Mar 10 16:44:29 UTC 2026","passed","Tue Mar 10 16:44:29 UTC 2026","com.automationlab.tests.OrderTest","API Tests","com.automationlab.tests.OrderTest","testGetOtherUserOrder"
"Dashboard link is not visible when unauthenticated","10314","dashboardLinkIsNotVisibleWhenUnauthenticated","SQA Automation Lab — Selenium UI Suite","Tue Mar 10 16:54:43 UTC 2026","broken","Tue Mar 10 16:54:53 UTC 2026","com.sqa.ui.tests.NavigationTest","UI Tests","com.sqa.ui.tests.NavigationTest","dashboardLinkIsNotVisibleWhenUnauthenticated"
"","72","returns HTTP 200 with valid token","","Tue Mar 10 16:44:07 UTC 2026","passed","Tue Mar 10 16:44:07 UTC 2026","User Endpoints > GET /api/users","user_test.spec.ts","",""
"","30075","Auth Tests","","Tue Mar 10 16:58:27 UTC 2026","passed","Tue Mar 10 16:58:57 UTC 2026","","JMeter Performance Tests","",""
"","3","test_get_nonexistent_order_returns_404","tests","Tue Mar 10 16:44:12 UTC 2026","passed","Tue Mar 10 16:44:12 UTC 2026","TestGetOrder","orders_test","",""
"","97","returns HTTP 409 on duplicate email","","Tue Mar 10 16:43:50 UTC 2026","passed","Tue Mar 10 16:43:50 UTC 2026","Authentication Endpoints > POST /api/auth/register","auth_test.spec.ts","",""
"","315","total_amount is calculated correctly","","Tue Mar 10 16:43:52 UTC 2026","passed","Tue Mar 10 16:43:53 UTC 2026","Order Endpoints > POST /api/orders","orders_test.spec.ts","",""
"","3","test_get_current_user_without_token_returns_401","tests","Tue Mar 10 16:44:09 UTC 2026","passed","Tue Mar 10 16:44:09 UTC 2026","TestCurrentUser","auth_test","",""
