"DESCRIPTION","DURATION IN MS","NAME","PARENT SUITE","START TIME","STATUS","STOP TIME","SUB SUITE","SUITE","TEST CLASS","TEST METHOD"
"","1046","User all status filter options are selectable","chromium","Mon Apr 06 16:08:43 UTC 2026","passed","Mon Apr 06 16:08:45 UTC 2026","Orders — Authenticated User","orders_test.spec.ts","",""
"Verify user cannot get another user's order","41","testGetOtherUserOrder","API Test Suite","Mon Apr 06 16:07:58 UTC 2026","passed","Mon Apr 06 16:07:58 UTC 2026","com.automationlab.tests.OrderTest","API Tests","com.automationlab.tests.OrderTest","testGetOtherUserOrder"
"Orders page displays heading","762","ordersPageDisplaysHeading","SQA Automation Lab — Selenium UI Suite","Mon Apr 06 16:11:47 UTC 2026","passed","Mon Apr 06 16:11:48 UTC 2026","com.sqa.ui.tests.OrdersTest","UI Tests","com.sqa.ui.tests.OrdersTest","ordersPageDisplaysHeading"
"","530","Duplicate email shows error message","chromium","Mon Apr 06 16:09:23 UTC 2026","passed","Mon Apr 06 16:09:24 UTC 2026","Register","register_test.spec.ts","",""
"Verify anyone can get product details without authentication","50","testGetProductPublic","API Test Suite","Mon Apr 06 16:07:55 UTC 2026","passed","Mon Apr 06 16:07:55 UTC 2026","com.automationlab.tests.ProductTest","API Tests","com.automationlab.tests.ProductTest","testGetProductPublic"
"","458","empty email stays on login page","chromium","Mon Apr 06 16:08:11 UTC 2026","passed","Mon Apr 06 16:08:11 UTC 2026","Login","login_test.spec.ts","",""
"","766","Sign in link is not visible","chromium","Mon Apr 06 16:08:21 UTC 2026","passed","Mon Apr 06 16:08:22 UTC 2026","Navbar — Authenticated Admin","navbar_test.spec.ts","",""
"","3","test_list_users_limit_exceeds_max_returns_400","tests","Mon Apr 06 16:07:53 UTC 2026","passed","Mon Apr 06 16:07:53 UTC 2026","TestListUsers","user_test","",""
"","5","returns HTTP 401 without token","","Mon Apr 06 16:07:35 UTC 2026","passed","Mon Apr 06 16:07:35 UTC 2026","Product Endpoints > POST /api/products","products_test.spec.ts","",""
"","252","returns HTTP 401 without token","","Mon Apr 06 16:07:25 UTC 2026","passed","Mon Apr 06 16:07:25 UTC 2026","Order Endpoints > POST /api/orders","orders_test.spec.ts","",""
"","768","Dashboard link is visible","chromium","Mon Apr 06 16:08:27 UTC 2026","passed","Mon Apr 06 16:08:28 UTC 2026","Navbar — Authenticated Regular User","navbar_test.spec.ts","",""
"","402","Brand link navigates to products page","chromium","Mon Apr 06 16:08:17 UTC 2026","passed","Mon Apr 06 16:08:17 UTC 2026","Navbar — Unauthenticated","navbar_test.spec.ts","",""
"","2","test_health_includes_environment","tests","Mon Apr 06 16:07:48 UTC 2026","passed","Mon Apr 06 16:07:48 UTC 2026","TestHealthEndpoint","health_test","",""
"","5539","Empty first name shows validation error","chromium","Mon Apr 06 16:09:07 UTC 2026","failed","Mon Apr 06 16:09:13 UTC 2026","Register","register_test.spec.ts","",""
"","5","returns HTTP 401 without token","","Mon Apr 06 16:07:39 UTC 2026","passed","Mon Apr 06 16:07:39 UTC 2026","User Endpoints > GET /api/users","user_test.spec.ts","",""
"","7","content-type is application/json","","Mon Apr 06 16:07:23 UTC 2026","passed","Mon Apr 06 16:07:23 UTC 2026","Health Endpoints > GET /health","health_test.spec.ts","",""
"","38923","POST /api/auth/login - valid credentials","","Mon Apr 06 16:08:09 UTC 2026","passed","Mon Apr 06 16:08:48 UTC 2026","","k6 Performance Tests","",""
"","522","non-existent email stays on login page","chromium","Mon Apr 06 16:08:13 UTC 2026","passed","Mon Apr 06 16:08:13 UTC 2026","Login","login_test.spec.ts","",""
"Verify users list does not include passwords","51","testListUsersDoesNotReturnPasswords","API Test Suite","Mon Apr 06 16:07:53 UTC 2026","passed","Mon Apr 06 16:07:53 UTC 2026","com.automationlab.tests.UserTest","API Tests","com.automationlab.tests.UserTest","testListUsersDoesNotReturnPasswords"
"","5","test_admin_can_update_product_price","tests","Mon Apr 06 16:07:52 UTC 2026","passed","Mon Apr 06 16:07:52 UTC 2026","TestUpdateProduct","products_test","",""
"","3","test_create_product_without_auth_returns_401","tests","Mon Apr 06 16:07:52 UTC 2026","passed","Mon Apr 06 16:07:52 UTC 2026","TestCreateProduct","products_test","",""
"Verify non-admin cannot delete product","14","testDeleteProductNonAdmin","API Test Suite","Mon Apr 06 16:07:55 UTC 2026","passed","Mon Apr 06 16:07:55 UTC 2026","com.automationlab.tests.ProductTest","API Tests","com.automationlab.tests.ProductTest","testDeleteProductNonAdmin"
"Search should find products by name substring.","6","test_search_by_name","tests","Mon Apr 06 16:07:52 UTC 2026","passed","Mon Apr 06 16:07:52 UTC 2026","TestFilterProducts","products_test","",""
"Browse Products link navigates to products page","1756","browseProductsLinkNavigatesToProductsPage","SQA Automation Lab — Selenium UI Suite","Mon Apr 06 16:12:14 UTC 2026","passed","Mon Apr 06 16:12:16 UTC 2026","com.sqa.ui.tests.DashboardTest","UI Tests","com.sqa.ui.tests.DashboardTest","browseProductsLinkNavigatesToProductsPage"
"","250","response contains created product data","","Mon Apr 06 16:07:33 UTC 2026","passed","Mon Apr 06 16:07:34 UTC 2026","Product Endpoints > POST /api/products","products_test.spec.ts","",""
"","5","test_create_product_with_minimum_fields","tests","Mon Apr 06 16:07:52 UTC 2026","passed","Mon Apr 06 16:07:52 UTC 2026","TestCreateProduct","products_test","",""
"","391","returns HTTP 403 for another users order","","Mon Apr 06 16:07:28 UTC 2026","passed","Mon Apr 06 16:07:28 UTC 2026","Order Endpoints > GET /api/orders/:id","orders_test.spec.ts","",""
"","184","returns HTTP 200 on successful login","","Mon Apr 06 16:07:22 UTC 2026","passed","Mon Apr 06 16:07:22 UTC 2026","Authentication Endpoints > POST /api/auth/login","auth_test.spec.ts","",""
"","81","response body conforms to auth response schema","","Mon Apr 06 16:07:22 UTC 2026","passed","Mon Apr 06 16:07:22 UTC 2026","Authentication Endpoints > POST /api/auth/register","auth_test.spec.ts","",""
"Invalid email format shows validation error — AUT Bug B","1583","invalidEmailFormatShowsValidationError","SQA Automation Lab — Selenium UI Suite","Mon Apr 06 16:09:30 UTC 2026","passed","Mon Apr 06 16:09:31 UTC 2026","com.sqa.ui.tests.RegisterTest","UI Tests","com.sqa.ui.tests.RegisterTest","invalidEmailFormatShowsValidationError"
"Empty last name shows validation error — AUT Bug C","11417","emptyLastNameShowsValidationError","SQA Automation Lab — Selenium UI Suite","Mon Apr 06 16:09:15 UTC 2026","failed","Mon Apr 06 16:09:27 UTC 2026","com.sqa.ui.tests.RegisterTest","UI Tests","com.sqa.ui.tests.RegisterTest","emptyLastNameShowsValidationError"
"Verify admin can soft delete any user","147","testAdminDeleteAnyUser","API Test Suite","Mon Apr 06 16:07:52 UTC 2026","passed","Mon Apr 06 16:07:52 UTC 2026","com.automationlab.tests.UserTest","API Tests","com.automationlab.tests.UserTest","testAdminDeleteAnyUser"
"Verify order response includes timestamps","77","testGetOrderIncludesTimestamps","API Test Suite","Mon Apr 06 16:07:58 UTC 2026","passed","Mon Apr 06 16:07:58 UTC 2026","com.automationlab.tests.OrderTest","API Tests","com.automationlab.tests.OrderTest","testGetOrderIncludesTimestamps"
"","133","response contains token","","Mon Apr 06 16:07:22 UTC 2026","passed","Mon Apr 06 16:07:22 UTC 2026","Authentication Endpoints > POST /api/auth/login","auth_test.spec.ts","",""
"","5","test_list_users_excludes_passwords","tests","Mon Apr 06 16:07:53 UTC 2026","passed","Mon Apr 06 16:07:53 UTC 2026","TestListUsers","user_test","",""
"","350","Dashboard link is not visible","chromium","Mon Apr 06 16:08:16 UTC 2026","passed","Mon Apr 06 16:08:17 UTC 2026","Navbar — Unauthenticated","navbar_test.spec.ts","",""
"","898","Orders link navigates to orders page","chromium","Mon Apr 06 16:08:30 UTC 2026","passed","Mon Apr 06 16:08:30 UTC 2026","Navbar — Authenticated Regular User","navbar_test.spec.ts","",""
"Verify created product returns ID","38","testCreateProductReturnsId","API Test Suite","Mon Apr 06 16:07:55 UTC 2026","passed","Mon Apr 06 16:07:55 UTC 2026","com.automationlab.tests.ProductTest","API Tests","com.automationlab.tests.ProductTest","testCreateProductReturnsId"
"Verify pagination returns correct total count","51","testListUsersPaginationTotalCount","API Test Suite","Mon Apr 06 16:07:53 UTC 2026","passed","Mon Apr 06 16:07:53 UTC 2026","com.automationlab.tests.UserTest","API Tests","com.automationlab.tests.UserTest","testListUsersPaginationTotalCount"
"","69","returns HTTP 201 with minimum required fields — email and password only","","Mon Apr 06 16:07:22 UTC 2026","passed","Mon Apr 06 16:07:22 UTC 2026","Authentication Endpoints > POST /api/auth/register","auth_test.spec.ts","",""
"","89","user objects in response do not expose password field","","Mon Apr 06 16:07:39 UTC 2026","passed","Mon Apr 06 16:07:39 UTC 2026","User Endpoints > GET /api/users","user_test.spec.ts","",""
"Dashboard link is visible when authenticated","1050","dashboardLinkIsVisibleWhenAuthenticated","SQA Automation Lab — Selenium UI Suite","Mon Apr 06 16:13:02 UTC 2026","passed","Mon Apr 06 16:13:03 UTC 2026","com.sqa.ui.tests.NavigationTest","UI Tests","com.sqa.ui.tests.NavigationTest","dashboardLinkIsVisibleWhenAuthenticated"
"**Risk:** Informational
**Confidence:** 2
**Instances:** 3

**Description:**
Check for differences in response based on fuzzed User Agent (eg. mobile sites, access as a Search Engine Crawler). Compares the response statuscode and the hashcode of the response body with the original response.

**Solution:**
","0","User Agent Fuzzer","","Mon Apr 06 16:09:09 UTC 2026","passed","Mon Apr 06 16:09:09 UTC 2026","","Security - ZAP API Scan","",""
"Authenticated user can place order successfully","1490","authenticatedUserCanPlaceOrderSuccessfully","SQA Automation Lab — Selenium UI Suite","Mon Apr 06 16:10:50 UTC 2026","passed","Mon Apr 06 16:10:52 UTC 2026","com.sqa.ui.tests.ProductDetailTest","UI Tests","com.sqa.ui.tests.ProductDetailTest","authenticatedUserCanPlaceOrderSuccessfully"
"Order quantity exceeding available stock should fail.","11","test_create_order_exceeding_stock_returns_400","tests","Mon Apr 06 16:07:49 UTC 2026","passed","Mon Apr 06 16:07:49 UTC 2026","TestCreateOrder","orders_test","",""
"","853","User pagination next button advances to page 2","chromium","Mon Apr 06 16:08:45 UTC 2026","passed","Mon Apr 06 16:08:45 UTC 2026","Orders — Authenticated User","orders_test.spec.ts","",""
"","349","returns HTTP 403 for non-admin authenticated user","","Mon Apr 06 16:07:30 UTC 2026","passed","Mon Apr 06 16:07:30 UTC 2026","Order Endpoints > PATCH /api/orders/:id/status","orders_test.spec.ts","",""
"Verify update with invalid email format fails","19","testUpdateUserInvalidEmail","API Test Suite","Mon Apr 06 16:07:53 UTC 2026","passed","Mon Apr 06 16:07:53 UTC 2026","com.automationlab.tests.UserTest","API Tests","com.automationlab.tests.UserTest","testUpdateUserInvalidEmail"
"Verify create order fails without authentication","9","testCreateOrderNoAuth","API Test Suite","Mon Apr 06 16:07:58 UTC 2026","passed","Mon Apr 06 16:07:58 UTC 2026","com.automationlab.tests.OrderTest","API Tests","com.automationlab.tests.OrderTest","testCreateOrderNoAuth"
"","4","test_current_user_includes_full_profile","tests","Mon Apr 06 16:07:48 UTC 2026","passed","Mon Apr 06 16:07:48 UTC 2026","TestCurrentUser","auth_test","",""
"","908","Admin can view products page","chromium","Mon Apr 06 16:08:59 UTC 2026","passed","Mon Apr 06 16:09:00 UTC 2026","Products — Authenticated Admin","products_test.spec.ts","",""
"","889","User can set quantity before ordering","chromium","Mon Apr 06 16:08:53 UTC 2026","passed","Mon Apr 06 16:08:54 UTC 2026","Product Detail — Authenticated User","product_detail_test.spec.ts","",""
"Verify pagination with custom page size","65","testListUsersCustomPageSize","API Test Suite","Mon Apr 06 16:07:52 UTC 2026","passed","Mon Apr 06 16:07:52 UTC 2026","com.automationlab.tests.UserTest","API Tests","com.automationlab.tests.UserTest","testListUsersCustomPageSize"
"Verify create order fails with non-existent product","19","testCreateOrderNonExistentProduct","API Test Suite","Mon Apr 06 16:07:58 UTC 2026","passed","Mon Apr 06 16:07:58 UTC 2026","com.automationlab.tests.OrderTest","API Tests","com.automationlab.tests.OrderTest","testCreateOrderNonExistentProduct"
"Verify delete product fails without authentication","14","testDeleteProductNoAuth","API Test Suite","Mon Apr 06 16:07:55 UTC 2026","passed","Mon Apr 06 16:07:55 UTC 2026","com.automationlab.tests.ProductTest","API Tests","com.automationlab.tests.ProductTest","testDeleteProductNoAuth"
"","4","test_get_nonexistent_user_returns_404","tests","Mon Apr 06 16:07:53 UTC 2026","passed","Mon Apr 06 16:07:53 UTC 2026","TestGetUser","user_test","",""
"","253","updated product fields are returned in response","","Mon Apr 06 16:07:36 UTC 2026","passed","Mon Apr 06 16:07:36 UTC 2026","Product Endpoints > PUT /api/products/:id","products_test.spec.ts","",""
"Empty email shows validation error","1026","emptyEmailShowsValidationError","SQA Automation Lab — Selenium UI Suite","Mon Apr 06 16:08:11 UTC 2026","passed","Mon Apr 06 16:08:12 UTC 2026","com.sqa.ui.tests.LoginTest","UI Tests","com.sqa.ui.tests.LoginTest","emptyEmailShowsValidationError"
"","38095","POST /api/products - unauthorized (non-admin)","","Mon Apr 06 16:09:34 UTC 2026","passed","Mon Apr 06 16:10:12 UTC 2026","","k6 Performance Tests","",""
"","4","test_get_user_returns_full_profile","tests","Mon Apr 06 16:07:53 UTC 2026","passed","Mon Apr 06 16:07:53 UTC 2026","TestGetUser","user_test","",""
"Verify user cannot cancel another user's order","45","testCancelOtherUserOrder","API Test Suite","Mon Apr 06 16:07:57 UTC 2026","passed","Mon Apr 06 16:07:57 UTC 2026","com.automationlab.tests.OrderTest","API Tests","com.automationlab.tests.OrderTest","testCancelOtherUserOrder"
"User should see their own orders.","12","test_list_own_orders","tests","Mon Apr 06 16:07:50 UTC 2026","passed","Mon Apr 06 16:07:50 UTC 2026","TestListOrders","orders_test","",""
"","68","test_register_does_not_return_password","tests","Mon Apr 06 16:07:47 UTC 2026","passed","Mon Apr 06 16:07:47 UTC 2026","TestRegistration","auth_test","",""
"Verify create order fails with empty items array","16","testCreateOrderEmptyItems","API Test Suite","Mon Apr 06 16:07:57 UTC 2026","passed","Mon Apr 06 16:07:58 UTC 2026","com.automationlab.tests.OrderTest","API Tests","com.automationlab.tests.OrderTest","testCreateOrderEmptyItems"
"","73","returns HTTP 200 with authentication","","Mon Apr 06 16:07:32 UTC 2026","passed","Mon Apr 06 16:07:32 UTC 2026","Product Endpoints > GET /api/products","products_test.spec.ts","",""
"","913","Sign-in link is not visible","chromium","Mon Apr 06 16:08:28 UTC 2026","passed","Mon Apr 06 16:08:29 UTC 2026","Navbar — Authenticated Regular User","navbar_test.spec.ts","",""
"","3","test_register_with_empty_body_returns_400","tests","Mon Apr 06 16:07:47 UTC 2026","passed","Mon Apr 06 16:07:47 UTC 2026","TestRegistration","auth_test","",""
"","75","returns HTTP 200 for authenticated user","","Mon Apr 06 16:07:26 UTC 2026","passed","Mon Apr 06 16:07:26 UTC 2026","Order Endpoints > GET /api/orders","orders_test.spec.ts","",""
"Verify registration fails with invalid email format","31","testRegistrationInvalidEmail","API Test Suite","Mon Apr 06 16:07:50 UTC 2026","passed","Mon Apr 06 16:07:50 UTC 2026","com.automationlab.tests.AuthTest","API Tests","com.automationlab.tests.AuthTest","testRegistrationInvalidEmail"
"Verify admin can get any order","30","testAdminGetAnyOrder","API Test Suite","Mon Apr 06 16:07:57 UTC 2026","passed","Mon Apr 06 16:07:57 UTC 2026","com.automationlab.tests.OrderTest","API Tests","com.automationlab.tests.OrderTest","testAdminGetAnyOrder"
"Verify login fails with missing password","16","testLoginMissingPassword","API Test Suite","Mon Apr 06 16:07:49 UTC 2026","passed","Mon Apr 06 16:07:49 UTC 2026","com.automationlab.tests.AuthTest","API Tests","com.automationlab.tests.AuthTest","testLoginMissingPassword"
"","9","test_admin_can_update_status_to_shipped","tests","Mon Apr 06 16:07:51 UTC 2026","passed","Mon Apr 06 16:07:51 UTC 2026","TestUpdateOrderStatus","orders_test","",""
"","39132","GET /","","Mon Apr 06 16:07:29 UTC 2026","passed","Mon Apr 06 16:08:08 UTC 2026","","k6 Performance Tests","",""
"","392","Category filter returns filtered results","chromium","Mon Apr 06 16:08:57 UTC 2026","passed","Mon Apr 06 16:08:58 UTC 2026","Products — Unauthenticated","products_test.spec.ts","",""
"Unauthenticated place order redirects to login","393","unauthenticatedPlaceOrderRedirectsToLogin","SQA Automation Lab — Selenium UI Suite","Mon Apr 06 16:11:27 UTC 2026","failed","Mon Apr 06 16:11:28 UTC 2026","com.sqa.ui.tests.ProductDetailTest","UI Tests","com.sqa.ui.tests.ProductDetailTest","unauthenticatedPlaceOrderRedirectsToLogin"
"Verify registered user has default role of 'user'","106","testRegistrationDefaultRole","API Test Suite","Mon Apr 06 16:07:50 UTC 2026","passed","Mon Apr 06 16:07:50 UTC 2026","com.automationlab.tests.AuthTest","API Tests","com.automationlab.tests.AuthTest","testRegistrationDefaultRole"
"","93","test_register_new_user","tests","Mon Apr 06 16:07:47 UTC 2026","passed","Mon Apr 06 16:07:47 UTC 2026","TestRegistration","auth_test","",""
"","330","returns HTTP 201 on successful order creation","","Mon Apr 06 16:07:23 UTC 2026","passed","Mon Apr 06 16:07:23 UTC 2026","Order Endpoints > POST /api/orders","orders_test.spec.ts","",""
"","3","test_create_product_without_name_returns_400","tests","Mon Apr 06 16:07:52 UTC 2026","passed","Mon Apr 06 16:07:52 UTC 2026","TestCreateProduct","products_test","",""
"Verify successful user registration with valid data","165","testSuccessfulRegistration","API Test Suite","Mon Apr 06 16:07:51 UTC 2026","passed","Mon Apr 06 16:07:51 UTC 2026","com.automationlab.tests.AuthTest","API Tests","com.automationlab.tests.AuthTest","testSuccessfulRegistration"
"","332","returns HTTP 200 for own order","","Mon Apr 06 16:07:27 UTC 2026","passed","Mon Apr 06 16:07:27 UTC 2026","Order Endpoints > GET /api/orders/:id","orders_test.spec.ts","",""
"Verify admin can update stock quantity","28","testUpdateProductStock","API Test Suite","Mon Apr 06 16:07:56 UTC 2026","passed","Mon Apr 06 16:07:56 UTC 2026","com.automationlab.tests.ProductTest","API Tests","com.automationlab.tests.ProductTest","testUpdateProductStock"
"Verify list users fails without authentication","17","testListUsersNoAuth","API Test Suite","Mon Apr 06 16:07:53 UTC 2026","passed","Mon Apr 06 16:07:53 UTC 2026","com.automationlab.tests.UserTest","API Tests","com.automationlab.tests.UserTest","testListUsersNoAuth"
"","247","returns HTTP 404 for non-existent product","","Mon Apr 06 16:07:36 UTC 2026","passed","Mon Apr 06 16:07:37 UTC 2026","Product Endpoints > PUT /api/products/:id","products_test.spec.ts","",""
"","927","User sees product cards","chromium","Mon Apr 06 16:09:04 UTC 2026","passed","Mon Apr 06 16:09:04 UTC 2026","Products — Authenticated User","products_test.spec.ts","",""
"","345","updated status is returned in response","","Mon Apr 06 16:07:29 UTC 2026","passed","Mon Apr 06 16:07:29 UTC 2026","Order Endpoints > PATCH /api/orders/:id/status","orders_test.spec.ts","",""
"Verify health endpoint returns uptime information","57","testHealthEndpointUptime","API Test Suite","Mon Apr 06 16:07:48 UTC 2026","passed","Mon Apr 06 16:07:48 UTC 2026","com.automationlab.tests.HealthTest","API Tests","com.automationlab.tests.HealthTest","testHealthEndpointUptime"
"Navbar is visible on products page","506","navbarIsVisibleOnProductsPage","SQA Automation Lab — Selenium UI Suite","Mon Apr 06 16:13:11 UTC 2026","passed","Mon Apr 06 16:13:11 UTC 2026","com.sqa.ui.tests.NavigationTest","UI Tests","com.sqa.ui.tests.NavigationTest","navbarIsVisibleOnProductsPage"
"Verify registration fails with duplicate email","65","testRegistrationDuplicateEmail","API Test Suite","Mon Apr 06 16:07:50 UTC 2026","passed","Mon Apr 06 16:07:50 UTC 2026","com.automationlab.tests.AuthTest","API Tests","com.automationlab.tests.AuthTest","testRegistrationDuplicateEmail"
"All returned products should be active.","6","test_list_products_only_returns_active","tests","Mon Apr 06 16:07:52 UTC 2026","passed","Mon Apr 06 16:07:52 UTC 2026","TestListProducts","products_test","",""
"","7","test_admin_can_update_product_name","tests","Mon Apr 06 16:07:52 UTC 2026","passed","Mon Apr 06 16:07:52 UTC 2026","TestUpdateProduct","products_test","",""
"","844","Sign-out clears session and redirects to login","chromium","Mon Apr 06 16:08:31 UTC 2026","passed","Mon Apr 06 16:08:32 UTC 2026","Navbar — Authenticated Regular User","navbar_test.spec.ts","",""
"","1000","Admin cancel order with confirmation removes order from pending list","chromium","Mon Apr 06 16:08:38 UTC 2026","passed","Mon Apr 06 16:08:39 UTC 2026","Orders — Authenticated Admin","orders_test.spec.ts","",""
"Verify successful login with valid credentials","304","testSuccessfulLogin","API Test Suite","Mon Apr 06 16:07:51 UTC 2026","passed","Mon Apr 06 16:07:51 UTC 2026","com.automationlab.tests.AuthTest","API Tests","com.automationlab.tests.AuthTest","testSuccessfulLogin"
"","396","returns HTTP 403 when cancelling another users order","","Mon Apr 06 16:07:31 UTC 2026","passed","Mon Apr 06 16:07:32 UTC 2026","Order Endpoints > DELETE /api/orders/:id","orders_test.spec.ts","",""
"","4","test_update_with_empty_body_returns_400","tests","Mon Apr 06 16:07:53 UTC 2026","passed","Mon Apr 06 16:07:53 UTC 2026","TestUpdateUser","user_test","",""
"Valid registration redirects to dashboard page","2109","validRegistrationRedirectsToDashboardPage","SQA Automation Lab — Selenium UI Suite","Mon Apr 06 16:09:47 UTC 2026","passed","Mon Apr 06 16:09:49 UTC 2026","com.sqa.ui.tests.RegisterTest","UI Tests","com.sqa.ui.tests.RegisterTest","validRegistrationRedirectsToDashboardPage"
"","4","test_filter_with_no_results","tests","Mon Apr 06 16:07:52 UTC 2026","passed","Mon Apr 06 16:07:52 UTC 2026","TestFilterProducts","products_test","",""
"","38879","GET /api/auth/me","","Mon Apr 06 16:08:11 UTC 2026","passed","Mon Apr 06 16:08:49 UTC 2026","","k6 Performance Tests","",""
"","353","Products page displays product cards","chromium","Mon Apr 06 16:08:56 UTC 2026","passed","Mon Apr 06 16:08:56 UTC 2026","Products — Unauthenticated","products_test.spec.ts","",""
"","74","returns HTTP 400 or 404 for non-existent product","","Mon Apr 06 16:07:25 UTC 2026","passed","Mon Apr 06 16:07:25 UTC 2026","Order Endpoints > POST /api/orders","orders_test.spec.ts","",""
"Valid login renders authenticated navbar state","1590","validLoginRendersAuthenticatedNavbarState","SQA Automation Lab — Selenium UI Suite","Mon Apr 06 16:08:42 UTC 2026","passed","Mon Apr 06 16:08:43 UTC 2026","com.sqa.ui.tests.LoginTest","UI Tests","com.sqa.ui.tests.LoginTest","validLoginRendersAuthenticatedNavbarState"
"Product detail page displays product price","349","productDetailPageDisplaysProductPrice","SQA Automation Lab — Selenium UI Suite","Mon Apr 06 16:11:20 UTC 2026","failed","Mon Apr 06 16:11:20 UTC 2026","com.sqa.ui.tests.ProductDetailTest","UI Tests","com.sqa.ui.tests.ProductDetailTest","productDetailPageDisplaysProductPrice"
"","3","test_user_cannot_update_other_user","tests","Mon Apr 06 16:07:53 UTC 2026","passed","Mon Apr 06 16:07:53 UTC 2026","TestUpdateUser","user_test","",""
"","2","test_health_includes_timestamp","tests","Mon Apr 06 16:07:48 UTC 2026","passed","Mon Apr 06 16:07:48 UTC 2026","TestHealthEndpoint","health_test","",""
"","29877","Health Tests","","Mon Apr 06 16:09:30 UTC 2026","passed","Mon Apr 06 16:10:00 UTC 2026","","JMeter Performance Tests","",""
"","5","test_list_orders_pagination","tests","Mon Apr 06 16:07:50 UTC 2026","passed","Mon Apr 06 16:07:50 UTC 2026","TestListOrders","orders_test","",""
"Verify create product fails with negative price","15","testCreateProductNegativePrice","API Test Suite","Mon Apr 06 16:07:55 UTC 2026","passed","Mon Apr 06 16:07:55 UTC 2026","com.automationlab.tests.ProductTest","API Tests","com.automationlab.tests.ProductTest","testCreateProductNegativePrice"
"Verify user cannot update another user's profile","18","testUpdateOtherUserForbidden","API Test Suite","Mon Apr 06 16:07:53 UTC 2026","passed","Mon Apr 06 16:07:53 UTC 2026","com.automationlab.tests.UserTest","API Tests","com.automationlab.tests.UserTest","testUpdateOtherUserForbidden"
"","2","test_health_reports_healthy_status","tests","Mon Apr 06 16:07:48 UTC 2026","passed","Mon Apr 06 16:07:48 UTC 2026","TestHealthEndpoint","health_test","",""
"","38491","Step 4: View product detail","","Mon Apr 06 16:10:59 UTC 2026","passed","Mon Apr 06 16:11:38 UTC 2026","","k6 Performance Tests","",""
"","989","Admin can navigate to product detail","chromium","Mon Apr 06 16:09:02 UTC 2026","passed","Mon Apr 06 16:09:03 UTC 2026","Products — Authenticated Admin","products_test.spec.ts","",""
"","822","Sign out button is visible","chromium","Mon Apr 06 16:08:19 UTC 2026","passed","Mon Apr 06 16:08:20 UTC 2026","Navbar — Authenticated Admin","navbar_test.spec.ts","",""
"","247","returns HTTP 404 for non-existent user","","Mon Apr 06 16:07:39 UTC 2026","passed","Mon Apr 06 16:07:40 UTC 2026","User Endpoints > GET /api/users/:id","user_test.spec.ts","",""
"","136","returns HTTP 403 or 404 when updating another users data","","Mon Apr 06 16:07:41 UTC 2026","passed","Mon Apr 06 16:07:41 UTC 2026","User Endpoints > PUT /api/users/:id","user_test.spec.ts","",""
"","71","returns HTTP 400 for empty update body","","Mon Apr 06 16:07:41 UTC 2026","passed","Mon Apr 06 16:07:41 UTC 2026","User Endpoints > PUT /api/users/:id","user_test.spec.ts","",""
"","38490","Step 3: Browse products","","Mon Apr 06 16:10:58 UTC 2026","passed","Mon Apr 06 16:11:37 UTC 2026","","k6 Performance Tests","",""
"Verify health endpoint rejects POST method","36","testHealthEndpointRejectsPost","API Test Suite","Mon Apr 06 16:07:48 UTC 2026","passed","Mon Apr 06 16:07:48 UTC 2026","com.automationlab.tests.HealthTest","API Tests","com.automationlab.tests.HealthTest","testHealthEndpointRejectsPost"
"Search returns filtered results","1223","searchReturnsFilteredResults","SQA Automation Lab — Selenium UI Suite","Mon Apr 06 16:10:41 UTC 2026","passed","Mon Apr 06 16:10:43 UTC 2026","com.sqa.ui.tests.ProductsTest","UI Tests","com.sqa.ui.tests.ProductsTest","searchReturnsFilteredResults"
"Verify get non-existent product returns 404","19","testGetNonExistentProduct","API Test Suite","Mon Apr 06 16:07:55 UTC 2026","passed","Mon Apr 06 16:07:55 UTC 2026","com.automationlab.tests.ProductTest","API Tests","com.automationlab.tests.ProductTest","testGetNonExistentProduct"
"After soft delete, product should not appear in public listing.","6","test_deleted_product_not_in_listing","tests","Mon Apr 06 16:07:52 UTC 2026","passed","Mon Apr 06 16:07:52 UTC 2026","TestDeleteProduct","products_test","",""
"","337","status filter returns only orders matching that status","","Mon Apr 06 16:07:26 UTC 2026","passed","Mon Apr 06 16:07:26 UTC 2026","Order Endpoints > GET /api/orders","orders_test.spec.ts","",""
"Verify product response includes timestamps","45","testGetProductIncludesTimestamps","API Test Suite","Mon Apr 06 16:07:55 UTC 2026","passed","Mon Apr 06 16:07:55 UTC 2026","com.automationlab.tests.ProductTest","API Tests","com.automationlab.tests.ProductTest","testGetProductIncludesTimestamps"
"","8","response contains products array and pagination object","","Mon Apr 06 16:07:32 UTC 2026","passed","Mon Apr 06 16:07:32 UTC 2026","Product Endpoints > GET /api/products","products_test.spec.ts","",""
"","70","password field is not included in user response object","","Mon Apr 06 16:07:22 UTC 2026","passed","Mon Apr 06 16:07:22 UTC 2026","Authentication Endpoints > POST /api/auth/register","auth_test.spec.ts","",""
"","810","Dashboard displays admin role badge","chromium","Mon Apr 06 16:07:59 UTC 2026","passed","Mon Apr 06 16:08:00 UTC 2026","Dashboard — Authenticated Admin","dashboard_test.spec.ts","",""
"","2","test_list_orders_without_auth_returns_401","tests","Mon Apr 06 16:07:50 UTC 2026","passed","Mon Apr 06 16:07:50 UTC 2026","TestListOrders","orders_test","",""
"Verify list orders fails without authentication","13","testListOrdersNoAuth","API Test Suite","Mon Apr 06 16:07:58 UTC 2026","passed","Mon Apr 06 16:07:58 UTC 2026","com.automationlab.tests.OrderTest","API Tests","com.automationlab.tests.OrderTest","testListOrdersNoAuth"
"Verify order calculates correct total amount","30","testOrderCalculatesTotalAmount","API Test Suite","Mon Apr 06 16:07:58 UTC 2026","passed","Mon Apr 06 16:07:58 UTC 2026","com.automationlab.tests.OrderTest","API Tests","com.automationlab.tests.OrderTest","testOrderCalculatesTotalAmount"
"Verify product has all required fields","64","testGetProductRequiredFields","API Test Suite","Mon Apr 06 16:07:55 UTC 2026","passed","Mon Apr 06 16:07:55 UTC 2026","com.automationlab.tests.ProductTest","API Tests","com.automationlab.tests.ProductTest","testGetProductRequiredFields"
"Verify registered user is active by default","237","testRegistrationDefaultActiveStatus","API Test Suite","Mon Apr 06 16:07:49 UTC 2026","passed","Mon Apr 06 16:07:50 UTC 2026","com.automationlab.tests.AuthTest","API Tests","com.automationlab.tests.AuthTest","testRegistrationDefaultActiveStatus"
"Verify create order fails with negative quantity","11","testCreateOrderNegativeQuantity","API Test Suite","Mon Apr 06 16:07:58 UTC 2026","passed","Mon Apr 06 16:07:58 UTC 2026","com.automationlab.tests.OrderTest","API Tests","com.automationlab.tests.OrderTest","testCreateOrderNegativeQuantity"
"Status filter cancelled shows filtered results or empty state — AUT Bug C","828","statusFilterCancelledShowsFilteredResultsOrEmptyState","SQA Automation Lab — Selenium UI Suite","Mon Apr 06 16:12:01 UTC 2026","passed","Mon Apr 06 16:12:02 UTC 2026","com.sqa.ui.tests.OrdersTest","UI Tests","com.sqa.ui.tests.OrdersTest","statusFilterCancelledShowsFilteredResultsOrEmptyState"
"Verify admin can update product details","42","testUpdateProduct","API Test Suite","Mon Apr 06 16:07:56 UTC 2026","passed","Mon Apr 06 16:07:56 UTC 2026","com.automationlab.tests.ProductTest","API Tests","com.automationlab.tests.ProductTest","testUpdateProduct"
"","38086","GET /api/products/:id","","Mon Apr 06 16:09:33 UTC 2026","passed","Mon Apr 06 16:10:11 UTC 2026","","k6 Performance Tests","",""
"","400","Unauthenticated access redirects to login","chromium","Mon Apr 06 16:07:56 UTC 2026","passed","Mon Apr 06 16:07:56 UTC 2026","Dashboard — Unauthenticated","dashboard_test.spec.ts","",""
"All status filter options are selectable — AUT Bug C","1327","allStatusFilterOptionsAreSelectable","SQA Automation Lab — Selenium UI Suite","Mon Apr 06 16:11:32 UTC 2026","passed","Mon Apr 06 16:11:33 UTC 2026","com.sqa.ui.tests.OrdersTest","UI Tests","com.sqa.ui.tests.OrdersTest","allStatusFilterOptionsAreSelectable"
"Get order detail should include item breakdown.","11","test_get_order_with_items","tests","Mon Apr 06 16:07:50 UTC 2026","passed","Mon Apr 06 16:07:50 UTC 2026","TestGetOrder","orders_test","",""
"**Risk:** Informational
**Confidence:** 3
**Instances:** 1

**Description:**
The given request has been identified as an authentication request. The 'Other Info' field contains a set of key=value lines which identify any relevant fields. If the request is in a context which has an Authentication Method set to ""Auto-Detect"" then this rule will change the authentication to match the request identified.

**Solution:**
This is an informational alert rather than a vulnerability and so there is nothing to fix.","0","Authentication Request Identified","","Mon Apr 06 16:09:09 UTC 2026","passed","Mon Apr 06 16:09:09 UTC 2026","","Security - ZAP API Scan","",""
"","1","setup","","Mon Apr 06 16:09:33 UTC 2026","passed","Mon Apr 06 16:09:33 UTC 2026","","k6 Performance Tests","",""
"","70","returns HTTP 200 when soft deleting own account","","Mon Apr 06 16:07:41 UTC 2026","passed","Mon Apr 06 16:07:41 UTC 2026","User Endpoints > DELETE /api/users/:id","user_test.spec.ts","",""
"","327","user can cancel a pending order and receives HTTP 200","","Mon Apr 06 16:07:30 UTC 2026","passed","Mon Apr 06 16:07:31 UTC 2026","Order Endpoints > DELETE /api/orders/:id","orders_test.spec.ts","",""
"","3","test_get_current_user_with_invalid_token_returns_403","tests","Mon Apr 06 16:07:48 UTC 2026","passed","Mon Apr 06 16:07:48 UTC 2026","TestCurrentUser","auth_test","",""
"Verify user can get their own order details","49","testGetOwnOrder","API Test Suite","Mon Apr 06 16:07:58 UTC 2026","passed","Mon Apr 06 16:07:58 UTC 2026","com.automationlab.tests.OrderTest","API Tests","com.automationlab.tests.OrderTest","testGetOwnOrder"
"","332","response contains order with items array","","Mon Apr 06 16:07:27 UTC 2026","passed","Mon Apr 06 16:07:27 UTC 2026","Order Endpoints > GET /api/orders/:id","orders_test.spec.ts","",""
"","4","test_admin_can_delete_any_user","tests","Mon Apr 06 16:07:54 UTC 2026","passed","Mon Apr 06 16:07:54 UTC 2026","TestDeleteUser","user_test","",""
"No auth should be required for viewing a single product.","6","test_get_product_is_public","tests","Mon Apr 06 16:07:52 UTC 2026","passed","Mon Apr 06 16:07:52 UTC 2026","TestGetProduct","products_test","",""
"","250","creating with minimum fields returns 201 and stock defaults to zero","","Mon Apr 06 16:07:34 UTC 2026","passed","Mon Apr 06 16:07:34 UTC 2026","Product Endpoints > POST /api/products","products_test.spec.ts","",""
"Verify user response includes timestamps","44","testGetUserIncludesTimestamps","API Test Suite","Mon Apr 06 16:07:52 UTC 2026","passed","Mon Apr 06 16:07:52 UTC 2026","com.automationlab.tests.UserTest","API Tests","com.automationlab.tests.UserTest","testGetUserIncludesTimestamps"
"Verify update order status fails without authentication","27","testUpdateOrderStatusNoAuth","API Test Suite","Mon Apr 06 16:07:58 UTC 2026","passed","Mon Apr 06 16:07:58 UTC 2026","com.automationlab.tests.OrderTest","API Tests","com.automationlab.tests.OrderTest","testUpdateOrderStatusNoAuth"
"","8","returns HTTP 400 for password shorter than minimum length","","Mon Apr 06 16:07:22 UTC 2026","passed","Mon Apr 06 16:07:22 UTC 2026","Authentication Endpoints > POST /api/auth/register","auth_test.spec.ts","",""
"","4","test_login_with_nonexistent_email_returns_401","tests","Mon Apr 06 16:07:48 UTC 2026","passed","Mon Apr 06 16:07:48 UTC 2026","TestLogin","auth_test","",""
"Filter orders by status parameter.","5","test_filter_orders_by_status","tests","Mon Apr 06 16:07:50 UTC 2026","passed","Mon Apr 06 16:07:50 UTC 2026","TestListOrders","orders_test","",""
"","6","returns HTTP 200","","Mon Apr 06 16:07:23 UTC 2026","passed","Mon Apr 06 16:07:23 UTC 2026","Health Endpoints > GET /health","health_test.spec.ts","",""
"","38489","Step 2: Login","","Mon Apr 06 16:10:57 UTC 2026","passed","Mon Apr 06 16:11:36 UTC 2026","","k6 Performance Tests","",""
"Verify health endpoint returns environment information","41","testHealthEndpointEnvironment","API Test Suite","Mon Apr 06 16:07:48 UTC 2026","passed","Mon Apr 06 16:07:48 UTC 2026","com.automationlab.tests.HealthTest","API Tests","com.automationlab.tests.HealthTest","testHealthEndpointEnvironment"
"","73","returns HTTP 200 with valid token","","Mon Apr 06 16:07:23 UTC 2026","passed","Mon Apr 06 16:07:23 UTC 2026","Authentication Endpoints > GET /api/auth/me","auth_test.spec.ts","",""
"Product detail page displays category","432","productDetailPageDisplaysCategory","SQA Automation Lab — Selenium UI Suite","Mon Apr 06 16:11:12 UTC 2026","failed","Mon Apr 06 16:11:12 UTC 2026","com.sqa.ui.tests.ProductDetailTest","UI Tests","com.sqa.ui.tests.ProductDetailTest","productDetailPageDisplaysCategory"
"","70","returns HTTP 400 when items key is absent from body","","Mon Apr 06 16:07:25 UTC 2026","passed","Mon Apr 06 16:07:25 UTC 2026","Order Endpoints > POST /api/orders","orders_test.spec.ts","",""
"","8","category filter response includes filters metadata","","Mon Apr 06 16:07:32 UTC 2026","passed","Mon Apr 06 16:07:32 UTC 2026","Product Endpoints > GET /api/products","products_test.spec.ts","",""
"","5","test_list_users_returns_200","tests","Mon Apr 06 16:07:53 UTC 2026","passed","Mon Apr 06 16:07:53 UTC 2026","TestListUsers","user_test","",""
"Verify root endpoint lists available endpoints","89","testRootEndpointListsEndpoints","API Test Suite","Mon Apr 06 16:07:48 UTC 2026","passed","Mon Apr 06 16:07:48 UTC 2026","com.automationlab.tests.HealthTest","API Tests","com.automationlab.tests.HealthTest","testRootEndpointListsEndpoints"
"","38490","Step 6: Check order status","","Mon Apr 06 16:11:01 UTC 2026","passed","Mon Apr 06 16:11:40 UTC 2026","","k6 Performance Tests","",""
"","69","returns HTTP 400 for empty items array","","Mon Apr 06 16:07:25 UTC 2026","passed","Mon Apr 06 16:07:25 UTC 2026","Order Endpoints > POST /api/orders","orders_test.spec.ts","",""
"","884","User status filter pending shows results","chromium","Mon Apr 06 16:08:42 UTC 2026","passed","Mon Apr 06 16:08:43 UTC 2026","Orders — Authenticated User","orders_test.spec.ts","",""
"","336","Unauthenticated place order redirects to login","chromium","Mon Apr 06 16:08:49 UTC 2026","passed","Mon Apr 06 16:08:49 UTC 2026","Product Detail — Unauthenticated","product_detail_test.spec.ts","",""
"Products link navigates to products page","619","productsLinkNavigatesToProductsPage","SQA Automation Lab — Selenium UI Suite","Mon Apr 06 16:13:31 UTC 2026","passed","Mon Apr 06 16:13:31 UTC 2026","com.sqa.ui.tests.NavigationTest","UI Tests","com.sqa.ui.tests.NavigationTest","productsLinkNavigatesToProductsPage"
"","4","test_get_nonexistent_product_returns_404","tests","Mon Apr 06 16:07:52 UTC 2026","passed","Mon Apr 06 16:07:52 UTC 2026","TestGetProduct","products_test","",""
"","529","Clear button resets search results","chromium","Mon Apr 06 16:08:56 UTC 2026","passed","Mon Apr 06 16:08:57 UTC 2026","Products — Unauthenticated","products_test.spec.ts","",""
"**Risk:** Medium
**Confidence:** 2
**Instances:** 4

**Description:**
Web browser data loading may be possible, due to a Cross Origin Resource Sharing (CORS) misconfiguration on the web server.

**Solution:**
Ensure that sensitive data is not available in an unauthenticated manner (using IP address white-listing, for instance).Configure the ""Access-Control-Allow-Origin"" HTTP header to a more restrictive set of domains, or remove all CORS headers entirely, to allow the web browser to enforce the Same Origin Policy (SOP) in a more restrictive manner.","0","Cross-Domain Misconfiguration","","Mon Apr 06 16:09:09 UTC 2026","broken","Mon Apr 06 16:09:09 UTC 2026","","Security - ZAP API Scan","",""
"Sign in link is not visible when authenticated","965","signInLinkIsNotVisibleWhenAuthenticated","SQA Automation Lab — Selenium UI Suite","Mon Apr 06 16:13:46 UTC 2026","passed","Mon Apr 06 16:13:47 UTC 2026","com.sqa.ui.tests.NavigationTest","UI Tests","com.sqa.ui.tests.NavigationTest","signInLinkIsNotVisibleWhenAuthenticated"
"","39194","GET /api/users/:id - own user","","Mon Apr 06 16:08:51 UTC 2026","passed","Mon Apr 06 16:09:30 UTC 2026","","k6 Performance Tests","",""
"Verify get current user fails without token","23","testGetCurrentUserNoToken","API Test Suite","Mon Apr 06 16:07:49 UTC 2026","passed","Mon Apr 06 16:07:49 UTC 2026","com.automationlab.tests.AuthTest","API Tests","com.automationlab.tests.AuthTest","testGetCurrentUserNoToken"
"","73","returns HTTP 200 with valid token","","Mon Apr 06 16:07:38 UTC 2026","passed","Mon Apr 06 16:07:38 UTC 2026","User Endpoints > GET /api/users","user_test.spec.ts","",""
"Verify invalid endpoint returns 404","34","testInvalidEndpoint","API Test Suite","Mon Apr 06 16:07:48 UTC 2026","passed","Mon Apr 06 16:07:48 UTC 2026","com.automationlab.tests.HealthTest","API Tests","com.automationlab.tests.HealthTest","testInvalidEndpoint"
"","252","admin can update a product and receives HTTP 200","","Mon Apr 06 16:07:35 UTC 2026","passed","Mon Apr 06 16:07:35 UTC 2026","Product Endpoints > PUT /api/products/:id","products_test.spec.ts","",""
"","321","total_amount is calculated correctly","","Mon Apr 06 16:07:24 UTC 2026","passed","Mon Apr 06 16:07:24 UTC 2026","Order Endpoints > POST /api/orders","orders_test.spec.ts","",""
"Verify pagination returns correct total count","31","testListProductsPaginationTotalCount","API Test Suite","Mon Apr 06 16:07:55 UTC 2026","passed","Mon Apr 06 16:07:55 UTC 2026","com.automationlab.tests.ProductTest","API Tests","com.automationlab.tests.ProductTest","testListProductsPaginationTotalCount"
"Pagination prev button returns to page 1 — AUT Bug E","1114","paginationPrevButtonReturnsToPAge1","SQA Automation Lab — Selenium UI Suite","Mon Apr 06 16:10:24 UTC 2026","passed","Mon Apr 06 16:10:25 UTC 2026","com.sqa.ui.tests.ProductsTest","UI Tests","com.sqa.ui.tests.ProductsTest","paginationPrevButtonReturnsToPAge1"
"","12","test_update_with_invalid_status_returns_400","tests","Mon Apr 06 16:07:51 UTC 2026","passed","Mon Apr 06 16:07:51 UTC 2026","TestUpdateOrderStatus","orders_test","",""
"","3","test_regular_user_cannot_update_product","tests","Mon Apr 06 16:07:52 UTC 2026","passed","Mon Apr 06 16:07:52 UTC 2026","TestUpdateProduct","products_test","",""
"View All Orders link navigates to orders page","1482","viewAllOrdersLinkNavigatesToOrdersPage","SQA Automation Lab — Selenium UI Suite","Mon Apr 06 16:12:46 UTC 2026","passed","Mon Apr 06 16:12:47 UTC 2026","com.sqa.ui.tests.DashboardTest","UI Tests","com.sqa.ui.tests.DashboardTest","viewAllOrdersLinkNavigatesToOrdersPage"
"Verify health check works with GET method","26","testHealthEndpointGetMethod","API Test Suite","Mon Apr 06 16:07:48 UTC 2026","passed","Mon Apr 06 16:07:48 UTC 2026","com.automationlab.tests.HealthTest","API Tests","com.automationlab.tests.HealthTest","testHealthEndpointGetMethod"
"Sign in link navigates to login page","674","signInLinkNavigatesToLoginPage","SQA Automation Lab — Selenium UI Suite","Mon Apr 06 16:09:43 UTC 2026","passed","Mon Apr 06 16:09:44 UTC 2026","com.sqa.ui.tests.RegisterTest","UI Tests","com.sqa.ui.tests.RegisterTest","signInLinkNavigatesToLoginPage"
"Verify user can update multiple fields simultaneously","62","testUpdateMultipleFields","API Test Suite","Mon Apr 06 16:07:53 UTC 2026","passed","Mon Apr 06 16:07:53 UTC 2026","com.automationlab.tests.UserTest","API Tests","com.automationlab.tests.UserTest","testUpdateMultipleFields"
"Verify update non-existent product returns 404","14","testUpdateNonExistentProduct","API Test Suite","Mon Apr 06 16:07:56 UTC 2026","passed","Mon Apr 06 16:07:56 UTC 2026","com.automationlab.tests.ProductTest","API Tests","com.automationlab.tests.ProductTest","testUpdateNonExistentProduct"
"","894","User status filter cancelled shows filtered results or empty state","chromium","Mon Apr 06 16:08:43 UTC 2026","passed","Mon Apr 06 16:08:43 UTC 2026","Orders — Authenticated User","orders_test.spec.ts","",""
"","402","invalid email format stays on login page","chromium","Mon Apr 06 16:08:12 UTC 2026","passed","Mon Apr 06 16:08:12 UTC 2026","Login","login_test.spec.ts","",""
"Verify non-admin cannot update order status","15","testUpdateOrderStatusNonAdmin","API Test Suite","Mon Apr 06 16:07:58 UTC 2026","passed","Mon Apr 06 16:07:58 UTC 2026","com.automationlab.tests.OrderTest","API Tests","com.automationlab.tests.OrderTest","testUpdateOrderStatusNonAdmin"
"","7","environment field is a non-empty string","","Mon Apr 06 16:07:23 UTC 2026","passed","Mon Apr 06 16:07:23 UTC 2026","Health Endpoints > GET /health","health_test.spec.ts","",""
"","9","products in listing include expected fields","","Mon Apr 06 16:07:32 UTC 2026","passed","Mon Apr 06 16:07:32 UTC 2026","Product Endpoints > GET /api/products","products_test.spec.ts","",""
"Verify user only sees their own orders","42","testListOrdersOnlyOwnOrders","API Test Suite","Mon Apr 06 16:07:58 UTC 2026","passed","Mon Apr 06 16:07:58 UTC 2026","com.automationlab.tests.OrderTest","API Tests","com.automationlab.tests.OrderTest","testListOrdersOnlyOwnOrders"
"Regular users should not be able to view other users' profiles.","4","test_user_cannot_view_other_user","tests","Mon Apr 06 16:07:53 UTC 2026","passed","Mon Apr 06 16:07:53 UTC 2026","TestGetUser","user_test","",""
"","65","test_login_returns_user_info","tests","Mon Apr 06 16:07:47 UTC 2026","passed","Mon Apr 06 16:07:47 UTC 2026","TestLogin","auth_test","",""
"","843","Admin orders page displays heading","chromium","Mon Apr 06 16:08:32 UTC 2026","passed","Mon Apr 06 16:08:33 UTC 2026","Orders — Authenticated Admin","orders_test.spec.ts","",""
"","78","returns HTTP 409 on duplicate email","","Mon Apr 06 16:07:22 UTC 2026","passed","Mon Apr 06 16:07:22 UTC 2026","Authentication Endpoints > POST /api/auth/register","auth_test.spec.ts","",""
"","7","test_filter_returns_metadata","tests","Mon Apr 06 16:07:52 UTC 2026","passed","Mon Apr 06 16:07:52 UTC 2026","TestFilterProducts","products_test","",""
"","324","returns HTTP 400 for invalid status value","","Mon Apr 06 16:07:29 UTC 2026","passed","Mon Apr 06 16:07:30 UTC 2026","Order Endpoints > PATCH /api/orders/:id/status","orders_test.spec.ts","",""
"Verify delete non-existent product returns 404","20","testDeleteNonExistentProduct","API Test Suite","Mon Apr 06 16:07:55 UTC 2026","passed","Mon Apr 06 16:07:55 UTC 2026","com.automationlab.tests.ProductTest","API Tests","com.automationlab.tests.ProductTest","testDeleteNonExistentProduct"
"","828","Admin orders page displays order cards","chromium","Mon Apr 06 16:08:33 UTC 2026","passed","Mon Apr 06 16:08:34 UTC 2026","Orders — Authenticated Admin","orders_test.spec.ts","",""
"Sign in link navigates to login page","705","signInLinkNavigatesToLoginPage","SQA Automation Lab — Selenium UI Suite","Mon Apr 06 16:13:54 UTC 2026","passed","Mon Apr 06 16:13:55 UTC 2026","com.sqa.ui.tests.NavigationTest","UI Tests","com.sqa.ui.tests.NavigationTest","signInLinkNavigatesToLoginPage"
"","4","test_create_product_returns_id","tests","Mon Apr 06 16:07:52 UTC 2026","passed","Mon Apr 06 16:07:52 UTC 2026","TestCreateProduct","products_test","",""
"","13","test_create_order_with_single_item","tests","Mon Apr 06 16:07:48 UTC 2026","passed","Mon Apr 06 16:07:48 UTC 2026","TestCreateOrder","orders_test","",""
"","68","test_register_returns_user_details","tests","Mon Apr 06 16:07:47 UTC 2026","passed","Mon Apr 06 16:07:47 UTC 2026","TestRegistration","auth_test","",""
"","136","returns HTTP 403 or 404 when deleting another users account","","Mon Apr 06 16:07:42 UTC 2026","passed","Mon Apr 06 16:07:42 UTC 2026","User Endpoints > DELETE /api/users/:id","user_test.spec.ts","",""
"","2","test_health_returns_200","tests","Mon Apr 06 16:07:48 UTC 2026","passed","Mon Apr 06 16:07:48 UTC 2026","TestHealthEndpoint","health_test","",""
"","322","returns HTTP 401 without token","","Mon Apr 06 16:07:31 UTC 2026","passed","Mon Apr 06 16:07:31 UTC 2026","Order Endpoints > DELETE /api/orders/:id","orders_test.spec.ts","",""
"","6","test_get_product_by_id","tests","Mon Apr 06 16:07:52 UTC 2026","passed","Mon Apr 06 16:07:52 UTC 2026","TestGetProduct","products_test","",""
"Empty email shows validation error","1256","emptyEmailShowsValidationError","SQA Automation Lab — Selenium UI Suite","Mon Apr 06 16:08:56 UTC 2026","passed","Mon Apr 06 16:08:57 UTC 2026","com.sqa.ui.tests.RegisterTest","UI Tests","com.sqa.ui.tests.RegisterTest","emptyEmailShowsValidationError"
"","796","Dashboard displays user role badge","chromium","Mon Apr 06 16:08:05 UTC 2026","passed","Mon Apr 06 16:08:06 UTC 2026","Dashboard — Authenticated Regular User","dashboard_test.spec.ts","",""
"Unauthenticated access to orders redirects to login — AUT Bug A","231","unauthenticatedAccessToOrdersRedirectsToLogin","SQA Automation Lab — Selenium UI Suite","Mon Apr 06 16:12:11 UTC 2026","passed","Mon Apr 06 16:12:11 UTC 2026","com.sqa.ui.tests.OrdersTest","UI Tests","com.sqa.ui.tests.OrdersTest","unauthenticatedAccessToOrdersRedirectsToLogin"
"","843","Admin order error message shown on invalid product","chromium","Mon Apr 06 16:08:52 UTC 2026","passed","Mon Apr 06 16:08:52 UTC 2026","Product Detail — Authenticated Admin","product_detail_test.spec.ts","",""
"","313","admin can update any user","","Mon Apr 06 16:07:40 UTC 2026","passed","Mon Apr 06 16:07:40 UTC 2026","User Endpoints > PUT /api/users/:id","user_test.spec.ts","",""
"","3","test_create_order_without_items_returns_400","tests","Mon Apr 06 16:07:49 UTC 2026","passed","Mon Apr 06 16:07:49 UTC 2026","TestCreateOrder","orders_test","",""
"","850","Recent orders section displays order rows","chromium","Mon Apr 06 16:08:00 UTC 2026","passed","Mon Apr 06 16:08:01 UTC 2026","Dashboard — Authenticated Admin","dashboard_test.spec.ts","",""
"Verify login fails with missing email","26","testLoginMissingEmail","API Test Suite","Mon Apr 06 16:07:49 UTC 2026","passed","Mon Apr 06 16:07:49 UTC 2026","com.automationlab.tests.AuthTest","API Tests","com.automationlab.tests.AuthTest","testLoginMissingEmail"
"","76","pagination metadata contains expected fields","","Mon Apr 06 16:07:26 UTC 2026","passed","Mon Apr 06 16:07:27 UTC 2026","Order Endpoints > GET /api/orders","orders_test.spec.ts","",""
"","842","Sign-out clears session and redirects to login","chromium","Mon Apr 06 16:08:25 UTC 2026","passed","Mon Apr 06 16:08:25 UTC 2026","Navbar — Authenticated Admin","navbar_test.spec.ts","",""
"Verify health endpoint response time is acceptable","34","testHealthEndpointResponseTime","API Test Suite","Mon Apr 06 16:07:48 UTC 2026","passed","Mon Apr 06 16:07:48 UTC 2026","com.automationlab.tests.HealthTest","API Tests","com.automationlab.tests.HealthTest","testHealthEndpointResponseTime"
"","163","returns HTTP 401 for wrong password","","Mon Apr 06 16:07:22 UTC 2026","passed","Mon Apr 06 16:07:23 UTC 2026","Authentication Endpoints > POST /api/auth/login","auth_test.spec.ts","",""
"Authenticated user can navigate to product detail","1798","authenticatedUserCanNavigateToProductDetail","SQA Automation Lab — Selenium UI Suite","Mon Apr 06 16:09:57 UTC 2026","passed","Mon Apr 06 16:09:59 UTC 2026","com.sqa.ui.tests.ProductsTest","UI Tests","com.sqa.ui.tests.ProductsTest","authenticatedUserCanNavigateToProductDetail"
"Verify user can soft delete their own account","138","testDeleteOwnUser","API Test Suite","Mon Apr 06 16:07:52 UTC 2026","passed","Mon Apr 06 16:07:52 UTC 2026","com.automationlab.tests.UserTest","API Tests","com.automationlab.tests.UserTest","testDeleteOwnUser"
"","333","admin can update order status and receives HTTP 200","","Mon Apr 06 16:07:28 UTC 2026","passed","Mon Apr 06 16:07:29 UTC 2026","Order Endpoints > PATCH /api/orders/:id/status","orders_test.spec.ts","",""
"","5","test_delete_nonexistent_user_returns_404","tests","Mon Apr 06 16:07:54 UTC 2026","passed","Mon Apr 06 16:07:54 UTC 2026","TestDeleteUser","user_test","",""
"Verify update product updates the updated_at timestamp","1058","testUpdateProductUpdatesTimestamp","API Test Suite","Mon Apr 06 16:07:56 UTC 2026","passed","Mon Apr 06 16:07:57 UTC 2026","com.automationlab.tests.ProductTest","API Tests","com.automationlab.tests.ProductTest","testUpdateProductUpdatesTimestamp"
"","7","status field value is ok","","Mon Apr 06 16:07:23 UTC 2026","passed","Mon Apr 06 16:07:23 UTC 2026","Health Endpoints > GET /health","health_test.spec.ts","",""
"Verify products can be filtered by multiple criteria","32","testListProductsMultipleFilters","API Test Suite","Mon Apr 06 16:07:55 UTC 2026","passed","Mon Apr 06 16:07:55 UTC 2026","com.automationlab.tests.ProductTest","API Tests","com.automationlab.tests.ProductTest","testListProductsMultipleFilters"
"","85","response contains token","","Mon Apr 06 16:07:21 UTC 2026","passed","Mon Apr 06 16:07:21 UTC 2026","Authentication Endpoints > POST /api/auth/register","auth_test.spec.ts","",""
"Verify get order fails without authentication","12","testGetOrderNoAuth","API Test Suite","Mon Apr 06 16:07:58 UTC 2026","passed","Mon Apr 06 16:07:58 UTC 2026","com.automationlab.tests.OrderTest","API Tests","com.automationlab.tests.OrderTest","testGetOrderNoAuth"
"","78","limit parameter is respected","","Mon Apr 06 16:07:39 UTC 2026","passed","Mon Apr 06 16:07:39 UTC 2026","User Endpoints > GET /api/users","user_test.spec.ts","",""
"","4","test_update_nonexistent_order_returns_404","tests","Mon Apr 06 16:07:51 UTC 2026","passed","Mon Apr 06 16:07:51 UTC 2026","TestUpdateOrderStatus","orders_test","",""
"","955","User cancel order with confirmation removes order from pending list","chromium","Mon Apr 06 16:08:45 UTC 2026","passed","Mon Apr 06 16:08:46 UTC 2026","Orders — Authenticated User","orders_test.spec.ts","",""
"","250","response body conforms to product schema on creation","","Mon Apr 06 16:07:34 UTC 2026","passed","Mon Apr 06 16:07:34 UTC 2026","Product Endpoints > POST /api/products","products_test.spec.ts","",""
"","314","returns HTTP 403 for non-admin authenticated user","","Mon Apr 06 16:07:38 UTC 2026","passed","Mon Apr 06 16:07:38 UTC 2026","Product Endpoints > DELETE /api/products/:id","products_test.spec.ts","",""
"Unauthenticated access to dashboard redirects to login","401","unauthenticatedAccessRedirectsToLogin","SQA Automation Lab — Selenium UI Suite","Mon Apr 06 16:12:42 UTC 2026","passed","Mon Apr 06 16:12:42 UTC 2026","com.sqa.ui.tests.DashboardTest","UI Tests","com.sqa.ui.tests.DashboardTest","unauthenticatedAccessRedirectsToLogin"
"","39194","GET /api/users","","Mon Apr 06 16:08:51 UTC 2026","passed","Mon Apr 06 16:09:30 UTC 2026","","k6 Performance Tests","",""
"","815","Register link is not visible","chromium","Mon Apr 06 16:08:29 UTC 2026","passed","Mon Apr 06 16:08:29 UTC 2026","Navbar — Authenticated Regular User","navbar_test.spec.ts","",""
"Verify delete non-existent user returns 404","22","testDeleteNonExistentUser","API Test Suite","Mon Apr 06 16:07:52 UTC 2026","passed","Mon Apr 06 16:07:52 UTC 2026","com.automationlab.tests.UserTest","API Tests","com.automationlab.tests.UserTest","testDeleteNonExistentUser"
"Verify user can retrieve their own profile","36","testGetOwnUser","API Test Suite","Mon Apr 06 16:07:52 UTC 2026","passed","Mon Apr 06 16:07:52 UTC 2026","com.automationlab.tests.UserTest","API Tests","com.automationlab.tests.UserTest","testGetOwnUser"
"","253","returns HTTP 401 without token","","Mon Apr 06 16:07:38 UTC 2026","passed","Mon Apr 06 16:07:38 UTC 2026","Product Endpoints > DELETE /api/products/:id","products_test.spec.ts","",""
"","782","Orders link is visible","chromium","Mon Apr 06 16:08:26 UTC 2026","passed","Mon Apr 06 16:08:27 UTC 2026","Navbar — Authenticated Regular User","navbar_test.spec.ts","",""
"","5","returns HTTP 400 when email is missing","","Mon Apr 06 16:07:23 UTC 2026","passed","Mon Apr 06 16:07:23 UTC 2026","Authentication Endpoints > POST /api/auth/login","auth_test.spec.ts","",""
"","934","Browse products link navigates to products page","chromium","Mon Apr 06 16:08:06 UTC 2026","passed","Mon Apr 06 16:08:07 UTC 2026","Dashboard — Authenticated Regular User","dashboard_test.spec.ts","",""
"","310","admin can delete any user","","Mon Apr 06 16:07:41 UTC 2026","passed","Mon Apr 06 16:07:41 UTC 2026","User Endpoints > DELETE /api/users/:id","user_test.spec.ts","",""
"","74","pagination metadata contains expected fields","","Mon Apr 06 16:07:39 UTC 2026","passed","Mon Apr 06 16:07:39 UTC 2026","User Endpoints > GET /api/users","user_test.spec.ts","",""
"","6","returns HTTP 400 when password is missing","","Mon Apr 06 16:07:23 UTC 2026","passed","Mon Apr 06 16:07:23 UTC 2026","Authentication Endpoints > POST /api/auth/login","auth_test.spec.ts","",""
"","4","returns HTTP 400 for non-numeric product id","","Mon Apr 06 16:07:33 UTC 2026","passed","Mon Apr 06 16:07:33 UTC 2026","Product Endpoints > GET /api/products/:id","products_test.spec.ts","",""
"Verify authenticated user can create an order","68","testCreateOrder","API Test Suite","Mon Apr 06 16:07:58 UTC 2026","passed","Mon Apr 06 16:07:58 UTC 2026","com.automationlab.tests.OrderTest","API Tests","com.automationlab.tests.OrderTest","testCreateOrder"
"","71","returns HTTP 200 when updating own user","","Mon Apr 06 16:07:40 UTC 2026","passed","Mon Apr 06 16:07:40 UTC 2026","User Endpoints > PUT /api/users/:id","user_test.spec.ts","",""
"Verify create product fails with missing name","28","testCreateProductMissingName","API Test Suite","Mon Apr 06 16:07:55 UTC 2026","passed","Mon Apr 06 16:07:55 UTC 2026","com.automationlab.tests.ProductTest","API Tests","com.automationlab.tests.ProductTest","testCreateProductMissingName"
"","329","admin can view any order","","Mon Apr 06 16:07:28 UTC 2026","passed","Mon Apr 06 16:07:28 UTC 2026","Order Endpoints > GET /api/orders/:id","orders_test.spec.ts","",""
"","253","admin can soft delete a product and receives HTTP 200","","Mon Apr 06 16:07:37 UTC 2026","passed","Mon Apr 06 16:07:37 UTC 2026","Product Endpoints > DELETE /api/products/:id","products_test.spec.ts","",""
"","8","returns HTTP 400 for invalid email format","","Mon Apr 06 16:07:22 UTC 2026","passed","Mon Apr 06 16:07:22 UTC 2026","Authentication Endpoints > POST /api/auth/register","auth_test.spec.ts","",""
"","325","order item details include product_id, quantity, and price","","Mon Apr 06 16:07:24 UTC 2026","passed","Mon Apr 06 16:07:25 UTC 2026","Order Endpoints > POST /api/orders","orders_test.spec.ts","",""
"","305","Product detail page displays stock status","chromium","Mon Apr 06 16:08:48 UTC 2026","passed","Mon Apr 06 16:08:49 UTC 2026","Product Detail — Unauthenticated","product_detail_test.spec.ts","",""
"","5","test_list_products_pagination_metadata","tests","Mon Apr 06 16:07:52 UTC 2026","passed","Mon Apr 06 16:07:52 UTC 2026","TestListProducts","products_test","",""
"Verify orders can be filtered by status","37","testListOrdersByStatus","API Test Suite","Mon Apr 06 16:07:58 UTC 2026","passed","Mon Apr 06 16:07:58 UTC 2026","com.automationlab.tests.OrderTest","API Tests","com.automationlab.tests.OrderTest","testListOrdersByStatus"
"Non-existent email shows error message — AUT Bug A","1211","nonExistentEmailShowsErrorMessage","SQA Automation Lab — Selenium UI Suite","Mon Apr 06 16:08:28 UTC 2026","failed","Mon Apr 06 16:08:30 UTC 2026","com.sqa.ui.tests.LoginTest","UI Tests","com.sqa.ui.tests.LoginTest","nonExistentEmailShowsErrorMessage"
"","265","returns HTTP 401 without token","","Mon Apr 06 16:07:37 UTC 2026","passed","Mon Apr 06 16:07:37 UTC 2026","Product Endpoints > PUT /api/products/:id","products_test.spec.ts","",""
"","5","response body contains endpoints field","","Mon Apr 06 16:07:23 UTC 2026","passed","Mon Apr 06 16:07:23 UTC 2026","Health Endpoints > GET /","health_test.spec.ts","",""
"","247","returns HTTP 400 for negative stock quantity","","Mon Apr 06 16:07:35 UTC 2026","passed","Mon Apr 06 16:07:35 UTC 2026","Product Endpoints > POST /api/products","products_test.spec.ts","",""
"Verify default pagination limit","49","testListUsersDefaultPaginationLimit","API Test Suite","Mon Apr 06 16:07:52 UTC 2026","passed","Mon Apr 06 16:07:53 UTC 2026","com.automationlab.tests.UserTest","API Tests","com.automationlab.tests.UserTest","testListUsersDefaultPaginationLimit"
"","323","returns HTTP 403 for non-admin authenticated user","","Mon Apr 06 16:07:37 UTC 2026","passed","Mon Apr 06 16:07:37 UTC 2026","Product Endpoints > PUT /api/products/:id","products_test.spec.ts","",""
"Verify JWT token contains required claims","289","testTokenStructure","API Test Suite","Mon Apr 06 16:07:50 UTC 2026","passed","Mon Apr 06 16:07:51 UTC 2026","com.automationlab.tests.AuthTest","API Tests","com.automationlab.tests.AuthTest","testTokenStructure"
"","806","Orders link is visible","chromium","Mon Apr 06 16:08:20 UTC 2026","passed","Mon Apr 06 16:08:20 UTC 2026","Navbar — Authenticated Admin","navbar_test.spec.ts","",""
"","4","test_list_users_returns_paginated_results","tests","Mon Apr 06 16:07:53 UTC 2026","passed","Mon Apr 06 16:07:53 UTC 2026","TestListUsers","user_test","",""
"Verify get current user fails with invalid token","28","testGetCurrentUserInvalidToken","API Test Suite","Mon Apr 06 16:07:49 UTC 2026","passed","Mon Apr 06 16:07:49 UTC 2026","com.automationlab.tests.AuthTest","API Tests","com.automationlab.tests.AuthTest","testGetCurrentUserInvalidToken"
"","335","register link navigates to register page","chromium","Mon Apr 06 16:08:13 UTC 2026","passed","Mon Apr 06 16:08:13 UTC 2026","Login","login_test.spec.ts","",""
"Verify user cannot delete another user's account","20","testDeleteOtherUserForbidden","API Test Suite","Mon Apr 06 16:07:52 UTC 2026","passed","Mon Apr 06 16:07:52 UTC 2026","com.automationlab.tests.UserTest","API Tests","com.automationlab.tests.UserTest","testDeleteOtherUserForbidden"
"","811","Sign-out redirects to login page","chromium","Mon Apr 06 16:08:08 UTC 2026","passed","Mon Apr 06 16:08:09 UTC 2026","Dashboard — Authenticated Regular User","dashboard_test.spec.ts","",""
"","38149","PATCH /api/orders/:id/status - unauthorized (non-admin)","","Mon Apr 06 16:10:16 UTC 2026","passed","Mon Apr 06 16:10:55 UTC 2026","","k6 Performance Tests","",""
"","962","Admin can place order successfully","chromium","Mon Apr 06 16:08:50 UTC 2026","passed","Mon Apr 06 16:08:51 UTC 2026","Product Detail — Authenticated Admin","product_detail_test.spec.ts","",""
"Orders that have progressed past pending cannot be cancelled.","18","test_cannot_cancel_non_pending_order","tests","Mon Apr 06 16:07:52 UTC 2026","passed","Mon Apr 06 16:07:52 UTC 2026","TestCancelOrder","orders_test","",""
"Status filter pending shows only pending orders — AUT Bug C","824","statusFilterPendingShowsPendingOrders","SQA Automation Lab — Selenium UI Suite","Mon Apr 06 16:12:06 UTC 2026","passed","Mon Apr 06 16:12:07 UTC 2026","com.sqa.ui.tests.OrdersTest","UI Tests","com.sqa.ui.tests.OrdersTest","statusFilterPendingShowsPendingOrders"
"Pagination next button advances to page 2","697","paginationNextButtonAdvancesToPage2","SQA Automation Lab — Selenium UI Suite","Mon Apr 06 16:11:56 UTC 2026","passed","Mon Apr 06 16:11:57 UTC 2026","com.sqa.ui.tests.OrdersTest","UI Tests","com.sqa.ui.tests.OrdersTest","paginationNextButtonAdvancesToPage2"
"Invalid email format shows validation error — AUT Bug B","1075","invalidEmailFormatShowsValidationError","SQA Automation Lab — Selenium UI Suite","Mon Apr 06 16:08:20 UTC 2026","passed","Mon Apr 06 16:08:21 UTC 2026","com.sqa.ui.tests.LoginTest","UI Tests","com.sqa.ui.tests.LoginTest","invalidEmailFormatShowsValidationError"
"Verify password is not included in user response","15","testGetUserDoesNotReturnPassword","API Test Suite","Mon Apr 06 16:07:52 UTC 2026","passed","Mon Apr 06 16:07:52 UTC 2026","com.automationlab.tests.UserTest","API Tests","com.automationlab.tests.UserTest","testGetUserDoesNotReturnPassword"
"Verify users list supports pagination","54","testListUsersPagination","API Test Suite","Mon Apr 06 16:07:53 UTC 2026","passed","Mon Apr 06 16:07:53 UTC 2026","com.automationlab.tests.UserTest","API Tests","com.automationlab.tests.UserTest","testListUsersPagination"
"Attempt to update email to one already in use.","5","test_update_with_duplicate_email_returns_409","tests","Mon Apr 06 16:07:53 UTC 2026","passed","Mon Apr 06 16:07:53 UTC 2026","TestUpdateUser","user_test","",""
"Verify order includes item details","73","testOrderIncludesItemDetails","API Test Suite","Mon Apr 06 16:07:58 UTC 2026","passed","Mon Apr 06 16:07:58 UTC 2026","com.automationlab.tests.OrderTest","API Tests","com.automationlab.tests.OrderTest","testOrderIncludesItemDetails"
"","3","test_login_without_password_returns_400","tests","Mon Apr 06 16:07:48 UTC 2026","passed","Mon Apr 06 16:07:48 UTC 2026","TestLogin","auth_test","",""
"","828","User order error message shown on invalid product","chromium","Mon Apr 06 16:08:54 UTC 2026","passed","Mon Apr 06 16:08:55 UTC 2026","Product Detail — Authenticated User","product_detail_test.spec.ts","",""
"","345","Sign-in link navigates to login page","chromium","Mon Apr 06 16:09:24 UTC 2026","passed","Mon Apr 06 16:09:24 UTC 2026","Register","register_test.spec.ts","",""
"Valid credentials redirect to dashboard","1592","validCredentialsRedirectToDashboard","SQA Automation Lab — Selenium UI Suite","Mon Apr 06 16:08:37 UTC 2026","passed","Mon Apr 06 16:08:39 UTC 2026","com.sqa.ui.tests.LoginTest","UI Tests","com.sqa.ui.tests.LoginTest","validCredentialsRedirectToDashboard"
"","14","returns HTTP 400 when password is missing","","Mon Apr 06 16:07:22 UTC 2026","passed","Mon Apr 06 16:07:22 UTC 2026","Authentication Endpoints > POST /api/auth/register","auth_test.spec.ts","",""
"Verify authenticated user can retrieve their own profile","51","testGetCurrentUser","API Test Suite","Mon Apr 06 16:07:49 UTC 2026","passed","Mon Apr 06 16:07:49 UTC 2026","com.automationlab.tests.AuthTest","API Tests","com.automationlab.tests.AuthTest","testGetCurrentUser"
"","402","Register link is visible","chromium","Mon Apr 06 16:08:16 UTC 2026","passed","Mon Apr 06 16:08:16 UTC 2026","Navbar — Unauthenticated","navbar_test.spec.ts","",""
"","4","test_admin_can_update_any_user","tests","Mon Apr 06 16:07:53 UTC 2026","passed","Mon Apr 06 16:07:53 UTC 2026","TestUpdateUser","user_test","",""
"","73","returns HTTP 200 with valid token","","Mon Apr 06 16:07:23 UTC 2026","passed","Mon Apr 06 16:07:23 UTC 2026","Authentication Endpoints > POST /api/auth/logout","auth_test.spec.ts","",""
"","3","test_create_product_without_price_returns_400","tests","Mon Apr 06 16:07:52 UTC 2026","passed","Mon Apr 06 16:07:52 UTC 2026","TestCreateProduct","products_test","",""
"","4","test_list_products_returns_paginated_results","tests","Mon Apr 06 16:07:52 UTC 2026","passed","Mon Apr 06 16:07:52 UTC 2026","TestListProducts","products_test","",""
"Verify products can be searched by name","26","testSearchProducts","API Test Suite","Mon Apr 06 16:07:55 UTC 2026","passed","Mon Apr 06 16:07:55 UTC 2026","com.automationlab.tests.ProductTest","API Tests","com.automationlab.tests.ProductTest","testSearchProducts"
"Verify registration fails with weak password","20","testRegistrationWeakPassword","API Test Suite","Mon Apr 06 16:07:50 UTC 2026","passed","Mon Apr 06 16:07:50 UTC 2026","com.automationlab.tests.AuthTest","API Tests","com.automationlab.tests.AuthTest","testRegistrationWeakPassword"
"","30132","Order Tests","","Mon Apr 06 16:11:50 UTC 2026","passed","Mon Apr 06 16:12:20 UTC 2026","","JMeter Performance Tests","",""
"","864","User orders page displays heading","chromium","Mon Apr 06 16:08:40 UTC 2026","passed","Mon Apr 06 16:08:41 UTC 2026","Orders — Authenticated User","orders_test.spec.ts","",""
"","39194","GET /api/users/:id - unauthorized (different user)","","Mon Apr 06 16:08:52 UTC 2026","passed","Mon Apr 06 16:09:31 UTC 2026","","k6 Performance Tests","",""
"","12","test_order_items_include_product_details","tests","Mon Apr 06 16:07:50 UTC 2026","passed","Mon Apr 06 16:07:50 UTC 2026","TestGetOrder","orders_test","",""
"After deletion, user should still exist but be inactive.","13","test_deleted_user_is_soft_deleted","tests","Mon Apr 06 16:07:54 UTC 2026","passed","Mon Apr 06 16:07:54 UTC 2026","TestDeleteUser","user_test","",""
"Register page displays Create Account heading","525","registerPageDisplaysCreateAccountHeading","SQA Automation Lab — Selenium UI Suite","Mon Apr 06 16:09:35 UTC 2026","passed","Mon Apr 06 16:09:35 UTC 2026","com.sqa.ui.tests.RegisterTest","UI Tests","com.sqa.ui.tests.RegisterTest","registerPageDisplaysCreateAccountHeading"
"","966","Browse products link navigates to products page","chromium","Mon Apr 06 16:08:01 UTC 2026","passed","Mon Apr 06 16:08:02 UTC 2026","Dashboard — Authenticated Admin","dashboard_test.spec.ts","",""
"Verify get user fails without authentication","13","testGetUserNoAuth","API Test Suite","Mon Apr 06 16:07:52 UTC 2026","passed","Mon Apr 06 16:07:52 UTC 2026","com.automationlab.tests.UserTest","API Tests","com.automationlab.tests.UserTest","testGetUserNoAuth"
"","5","test_list_users_pagination_metadata","tests","Mon Apr 06 16:07:53 UTC 2026","passed","Mon Apr 06 16:07:53 UTC 2026","TestListUsers","user_test","",""
"Verify get non-existent user returns 404","17","testGetNonExistentUser","API Test Suite","Mon Apr 06 16:07:52 UTC 2026","passed","Mon Apr 06 16:07:52 UTC 2026","com.automationlab.tests.UserTest","API Tests","com.automationlab.tests.UserTest","testGetNonExistentUser"
"","325","returns only the authenticated users own orders","","Mon Apr 06 16:07:26 UTC 2026","passed","Mon Apr 06 16:07:26 UTC 2026","Order Endpoints > GET /api/orders","orders_test.spec.ts","",""
"","858","Sign-out redirects to login page","chromium","Mon Apr 06 16:08:03 UTC 2026","passed","Mon Apr 06 16:08:04 UTC 2026","Dashboard — Authenticated Admin","dashboard_test.spec.ts","",""
"Verify registration succeeds without last name (optional field)","101","testRegistrationMissingLastName","API Test Suite","Mon Apr 06 16:07:50 UTC 2026","passed","Mon Apr 06 16:07:50 UTC 2026","com.automationlab.tests.AuthTest","API Tests","com.automationlab.tests.AuthTest","testRegistrationMissingLastName"
"","941","View all orders link navigates to orders page","chromium","Mon Apr 06 16:08:02 UTC 2026","passed","Mon Apr 06 16:08:03 UTC 2026","Dashboard — Authenticated Admin","dashboard_test.spec.ts","",""
"","5","test_update_own_first_name","tests","Mon Apr 06 16:07:53 UTC 2026","passed","Mon Apr 06 16:07:53 UTC 2026","TestUpdateUser","user_test","",""
"","72","response contains users array and pagination object","","Mon Apr 06 16:07:38 UTC 2026","passed","Mon Apr 06 16:07:38 UTC 2026","User Endpoints > GET /api/users","user_test.spec.ts","",""
"","944","Admin cancel order dismissed by user leaves order intact","chromium","Mon Apr 06 16:08:39 UTC 2026","passed","Mon Apr 06 16:08:40 UTC 2026","Orders — Authenticated Admin","orders_test.spec.ts","",""
"","39194","DELETE /api/users/:id","","Mon Apr 06 16:08:53 UTC 2026","passed","Mon Apr 06 16:09:32 UTC 2026","","k6 Performance Tests","",""
"","1","setup","","Mon Apr 06 16:08:51 UTC 2026","passed","Mon Apr 06 16:08:51 UTC 2026","","k6 Performance Tests","",""
"Sign out button is not visible when unauthenticated","419","signOutButtonIsNotVisibleWhenUnauthenticated","SQA Automation Lab — Selenium UI Suite","Mon Apr 06 16:14:03 UTC 2026","passed","Mon Apr 06 16:14:03 UTC 2026","com.sqa.ui.tests.NavigationTest","UI Tests","com.sqa.ui.tests.NavigationTest","signOutButtonIsNotVisibleWhenUnauthenticated"
"","68","returns HTTP 401 without token","","Mon Apr 06 16:07:41 UTC 2026","passed","Mon Apr 06 16:07:41 UTC 2026","User Endpoints > PUT /api/users/:id","user_test.spec.ts","",""
"","9","test_admin_can_update_status_to_processing","tests","Mon Apr 06 16:07:50 UTC 2026","passed","Mon Apr 06 16:07:50 UTC 2026","TestUpdateOrderStatus","orders_test","",""
"","38153","POST /api/orders","","Mon Apr 06 16:10:14 UTC 2026","passed","Mon Apr 06 16:10:53 UTC 2026","","k6 Performance Tests","",""
"","2","test_404_response_includes_error_details","tests","Mon Apr 06 16:07:48 UTC 2026","passed","Mon Apr 06 16:07:48 UTC 2026","TestNotFound","health_test","",""
"","4","test_admin_can_create_product","tests","Mon Apr 06 16:07:52 UTC 2026","passed","Mon Apr 06 16:07:52 UTC 2026","TestCreateProduct","products_test","",""
"","87","page navigation does not return overlapping results","","Mon Apr 06 16:07:39 UTC 2026","passed","Mon Apr 06 16:07:39 UTC 2026","User Endpoints > GET /api/users","user_test.spec.ts","",""
"Verify create order fails with zero quantity","18","testCreateOrderZeroQuantity","API Test Suite","Mon Apr 06 16:07:58 UTC 2026","passed","Mon Apr 06 16:07:58 UTC 2026","com.automationlab.tests.OrderTest","API Tests","com.automationlab.tests.OrderTest","testCreateOrderZeroQuantity"
"","626","Empty email shows validation error","chromium","Mon Apr 06 16:09:21 UTC 2026","passed","Mon Apr 06 16:09:22 UTC 2026","Register","register_test.spec.ts","",""
"","4","test_combined_category_and_search","tests","Mon Apr 06 16:07:52 UTC 2026","passed","Mon Apr 06 16:07:52 UTC 2026","TestFilterProducts","products_test","",""
"Verify user has correct role field","34","testGetUserRole","API Test Suite","Mon Apr 06 16:07:52 UTC 2026","passed","Mon Apr 06 16:07:52 UTC 2026","com.automationlab.tests.UserTest","API Tests","com.automationlab.tests.UserTest","testGetUserRole"
"Stock should decrease after order creation.","10","test_create_order_reduces_stock","tests","Mon Apr 06 16:07:49 UTC 2026","passed","Mon Apr 06 16:07:49 UTC 2026","TestCreateOrder","orders_test","",""
"","7","returns HTTP 200 without authentication","","Mon Apr 06 16:07:32 UTC 2026","passed","Mon Apr 06 16:07:32 UTC 2026","Product Endpoints > GET /api/products","products_test.spec.ts","",""
"Authenticated user can view products page","1432","authenticatedUserCanViewProductsPage","SQA Automation Lab — Selenium UI Suite","Mon Apr 06 16:10:02 UTC 2026","passed","Mon Apr 06 16:10:03 UTC 2026","com.sqa.ui.tests.ProductsTest","UI Tests","com.sqa.ui.tests.ProductsTest","authenticatedUserCanViewProductsPage"
"","242","test_login_as_admin","tests","Mon Apr 06 16:07:47 UTC 2026","passed","Mon Apr 06 16:07:47 UTC 2026","TestLogin","auth_test","",""
"","927","User cancel order dismissed by user leaves order intact","chromium","Mon Apr 06 16:08:46 UTC 2026","passed","Mon Apr 06 16:08:47 UTC 2026","Orders — Authenticated User","orders_test.spec.ts","",""
"Verify delete user fails without authentication","12","testDeleteUserNoAuth","API Test Suite","Mon Apr 06 16:07:52 UTC 2026","passed","Mon Apr 06 16:07:52 UTC 2026","com.automationlab.tests.UserTest","API Tests","com.automationlab.tests.UserTest","testDeleteUserNoAuth"
"","3","test_create_product_with_negative_stock_returns_400","tests","Mon Apr 06 16:07:52 UTC 2026","passed","Mon Apr 06 16:07:52 UTC 2026","TestCreateProduct","products_test","",""
"","14","returns HTTP 400 when email is missing","","Mon Apr 06 16:07:22 UTC 2026","passed","Mon Apr 06 16:07:22 UTC 2026","Authentication Endpoints > POST /api/auth/register","auth_test.spec.ts","",""
"Verify created product has default active status","18","testCreateProductDefaultActiveStatus","API Test Suite","Mon Apr 06 16:07:55 UTC 2026","passed","Mon Apr 06 16:07:55 UTC 2026","com.automationlab.tests.ProductTest","API Tests","com.automationlab.tests.ProductTest","testCreateProductDefaultActiveStatus"
"","888","Admin status filter cancelled shows filtered results or empty state","chromium","Mon Apr 06 16:08:35 UTC 2026","passed","Mon Apr 06 16:08:36 UTC 2026","Orders — Authenticated Admin","orders_test.spec.ts","",""
"","5","test_update_own_last_name","tests","Mon Apr 06 16:07:53 UTC 2026","passed","Mon Apr 06 16:07:53 UTC 2026","TestUpdateUser","user_test","",""
"Cancel order with confirmation removes order from pending list — AUT Bug C","939","cancelOrderWithConfirmationRemovesOrderFromPendingList","SQA Automation Lab — Selenium UI Suite","Mon Apr 06 16:11:42 UTC 2026","passed","Mon Apr 06 16:11:43 UTC 2026","com.sqa.ui.tests.OrdersTest","UI Tests","com.sqa.ui.tests.OrdersTest","cancelOrderWithConfirmationRemovesOrderFromPendingList"
"","4","test_product_fields_in_listing","tests","Mon Apr 06 16:07:52 UTC 2026","passed","Mon Apr 06 16:07:52 UTC 2026","TestListProducts","products_test","",""
"","272","Register page displays create account heading","chromium","Mon Apr 06 16:09:05 UTC 2026","passed","Mon Apr 06 16:09:06 UTC 2026","Register","register_test.spec.ts","",""
"Verify update product fails without authentication","13","testUpdateProductNoAuth","API Test Suite","Mon Apr 06 16:07:56 UTC 2026","passed","Mon Apr 06 16:07:56 UTC 2026","com.automationlab.tests.ProductTest","API Tests","com.automationlab.tests.ProductTest","testUpdateProductNoAuth"
"Sign out button is visible when authenticated","1011","signOutButtonIsVisibleWhenAuthenticated","SQA Automation Lab — Selenium UI Suite","Mon Apr 06 16:14:06 UTC 2026","passed","Mon Apr 06 16:14:07 UTC 2026","com.sqa.ui.tests.NavigationTest","UI Tests","com.sqa.ui.tests.NavigationTest","signOutButtonIsVisibleWhenAuthenticated"
"","38149","PATCH /api/orders/:id/status - admin","","Mon Apr 06 16:10:16 UTC 2026","passed","Mon Apr 06 16:10:54 UTC 2026","","k6 Performance Tests","",""
"Verify update with invalid status fails","13","testUpdateOrderInvalidStatus","API Test Suite","Mon Apr 06 16:07:58 UTC 2026","passed","Mon Apr 06 16:07:58 UTC 2026","com.automationlab.tests.OrderTest","API Tests","com.automationlab.tests.OrderTest","testUpdateOrderInvalidStatus"
"","7","search parameter returns HTTP 200","","Mon Apr 06 16:07:32 UTC 2026","passed","Mon Apr 06 16:07:32 UTC 2026","Product Endpoints > GET /api/products","products_test.spec.ts","",""
"Dashboard link is not visible when unauthenticated","465","dashboardLinkIsNotVisibleWhenUnauthenticated","SQA Automation Lab — Selenium UI Suite","Mon Apr 06 16:12:58 UTC 2026","passed","Mon Apr 06 16:12:59 UTC 2026","com.sqa.ui.tests.NavigationTest","UI Tests","com.sqa.ui.tests.NavigationTest","dashboardLinkIsNotVisibleWhenUnauthenticated"
"Verify products can be filtered by category","53","testListProductsByCategory","API Test Suite","Mon Apr 06 16:07:55 UTC 2026","passed","Mon Apr 06 16:07:55 UTC 2026","com.automationlab.tests.ProductTest","API Tests","com.automationlab.tests.ProductTest","testListProductsByCategory"
"","858","User orders page displays order cards","chromium","Mon Apr 06 16:08:41 UTC 2026","passed","Mon Apr 06 16:08:42 UTC 2026","Orders — Authenticated User","orders_test.spec.ts","",""
"","322","response contains order with items","","Mon Apr 06 16:07:23 UTC 2026","passed","Mon Apr 06 16:07:24 UTC 2026","Order Endpoints > POST /api/orders","orders_test.spec.ts","",""
"","920","User can view products page","chromium","Mon Apr 06 16:09:03 UTC 2026","passed","Mon Apr 06 16:09:04 UTC 2026","Products — Authenticated User","products_test.spec.ts","",""
"","4","test_register_without_password_returns_400","tests","Mon Apr 06 16:07:47 UTC 2026","passed","Mon Apr 06 16:07:47 UTC 2026","TestRegistration","auth_test","",""
"","254","returns correct product data","","Mon Apr 06 16:07:33 UTC 2026","passed","Mon Apr 06 16:07:33 UTC 2026","Product Endpoints > GET /api/products/:id","products_test.spec.ts","",""
"Verify products list supports pagination","67","testListProductsPagination","API Test Suite","Mon Apr 06 16:07:55 UTC 2026","passed","Mon Apr 06 16:07:55 UTC 2026","com.automationlab.tests.ProductTest","API Tests","com.automationlab.tests.ProductTest","testListProductsPagination"
"Empty first name shows validation error — AUT Bug C","11488","emptyFirstNameShowsValidationError","SQA Automation Lab — Selenium UI Suite","Mon Apr 06 16:09:01 UTC 2026","failed","Mon Apr 06 16:09:12 UTC 2026","com.sqa.ui.tests.RegisterTest","UI Tests","com.sqa.ui.tests.RegisterTest","emptyFirstNameShowsValidationError"
"","356","Products link is visible","chromium","Mon Apr 06 16:08:15 UTC 2026","passed","Mon Apr 06 16:08:15 UTC 2026","Navbar — Unauthenticated","navbar_test.spec.ts","",""
"","38490","Step 5: Create order","","Mon Apr 06 16:11:00 UTC 2026","passed","Mon Apr 06 16:11:39 UTC 2026","","k6 Performance Tests","",""
"","38491","Step 1: Register new user","","Mon Apr 06 16:10:56 UTC 2026","passed","Mon Apr 06 16:11:35 UTC 2026","","k6 Performance Tests","",""
"","72","response body conforms to paginated users schema","","Mon Apr 06 16:07:38 UTC 2026","passed","Mon Apr 06 16:07:39 UTC 2026","User Endpoints > GET /api/users","user_test.spec.ts","",""
"","890","Admin status filter pending shows results","chromium","Mon Apr 06 16:08:34 UTC 2026","passed","Mon Apr 06 16:08:35 UTC 2026","Orders — Authenticated Admin","orders_test.spec.ts","",""
"Invalid product ID renders error state","339","invalidProductIdRendersErrorState","SQA Automation Lab — Selenium UI Suite","Mon Apr 06 16:11:04 UTC 2026","failed","Mon Apr 06 16:11:04 UTC 2026","com.sqa.ui.tests.ProductDetailTest","UI Tests","com.sqa.ui.tests.ProductDetailTest","invalidProductIdRendersErrorState"
"","38093","POST /api/products - admin","","Mon Apr 06 16:09:34 UTC 2026","passed","Mon Apr 06 16:10:12 UTC 2026","","k6 Performance Tests","",""
"","12","page navigation does not return overlapping results","","Mon Apr 06 16:07:32 UTC 2026","passed","Mon Apr 06 16:07:32 UTC 2026","Product Endpoints > GET /api/products","products_test.spec.ts","",""
"Verify admin can soft delete product","48","testDeleteProduct","API Test Suite","Mon Apr 06 16:07:55 UTC 2026","passed","Mon Apr 06 16:07:55 UTC 2026","com.automationlab.tests.ProductTest","API Tests","com.automationlab.tests.ProductTest","testDeleteProduct"
"","12","category filter returns only products from that category","","Mon Apr 06 16:07:32 UTC 2026","passed","Mon Apr 06 16:07:32 UTC 2026","Product Endpoints > GET /api/products","products_test.spec.ts","",""
"","10","test_admin_can_update_status_to_delivered","tests","Mon Apr 06 16:07:51 UTC 2026","passed","Mon Apr 06 16:07:51 UTC 2026","TestUpdateOrderStatus","orders_test","",""
"","356","Sign-in link navigates to login page","chromium","Mon Apr 06 16:08:18 UTC 2026","passed","Mon Apr 06 16:08:18 UTC 2026","Navbar — Unauthenticated","navbar_test.spec.ts","",""
"Verify authenticated user can list all users","45","testListUsers","API Test Suite","Mon Apr 06 16:07:54 UTC 2026","passed","Mon Apr 06 16:07:54 UTC 2026","com.automationlab.tests.UserTest","API Tests","com.automationlab.tests.UserTest","testListUsers"
"Wrong password shows error message — AUT Bug A","1180","wrongPasswordShowsErrorMessage","SQA Automation Lab — Selenium UI Suite","Mon Apr 06 16:08:46 UTC 2026","failed","Mon Apr 06 16:08:48 UTC 2026","com.sqa.ui.tests.LoginTest","UI Tests","com.sqa.ui.tests.LoginTest","wrongPasswordShowsErrorMessage"
"Register link navigates to register page","653","registerLinkNavigatesToRegisterPage","SQA Automation Lab — Selenium UI Suite","Mon Apr 06 16:13:42 UTC 2026","passed","Mon Apr 06 16:13:43 UTC 2026","com.sqa.ui.tests.NavigationTest","UI Tests","com.sqa.ui.tests.NavigationTest","registerLinkNavigatesToRegisterPage"
"","4","test_register_with_invalid_email_returns_400","tests","Mon Apr 06 16:07:47 UTC 2026","passed","Mon Apr 06 16:07:47 UTC 2026","TestRegistration","auth_test","",""
"Product detail page displays product name","341","productDetailPageDisplaysProductName","SQA Automation Lab — Selenium UI Suite","Mon Apr 06 16:11:16 UTC 2026","failed","Mon Apr 06 16:11:16 UTC 2026","com.sqa.ui.tests.ProductDetailTest","UI Tests","com.sqa.ui.tests.ProductDetailTest","productDetailPageDisplaysProductName"
"","3","test_create_order_with_zero_quantity_returns_400","tests","Mon Apr 06 16:07:50 UTC 2026","passed","Mon Apr 06 16:07:50 UTC 2026","TestCreateOrder","orders_test","",""
"Verify password is not returned in registration response","153","testRegistrationDoesNotReturnPassword","API Test Suite","Mon Apr 06 16:07:50 UTC 2026","passed","Mon Apr 06 16:07:50 UTC 2026","com.automationlab.tests.AuthTest","API Tests","com.automationlab.tests.AuthTest","testRegistrationDoesNotReturnPassword"
"Verify login fails with non-existent email","18","testLoginNonExistentEmail","API Test Suite","Mon Apr 06 16:07:49 UTC 2026","passed","Mon Apr 06 16:07:49 UTC 2026","com.automationlab.tests.AuthTest","API Tests","com.automationlab.tests.AuthTest","testLoginNonExistentEmail"
"","342","Sign-out button is not visible","chromium","Mon Apr 06 16:08:17 UTC 2026","passed","Mon Apr 06 16:08:17 UTC 2026","Navbar — Unauthenticated","navbar_test.spec.ts","",""
"","370","Register link navigates to register page","chromium","Mon Apr 06 16:08:18 UTC 2026","passed","Mon Apr 06 16:08:19 UTC 2026","Navbar — Unauthenticated","navbar_test.spec.ts","",""
"","72","returns HTTP 400 for invalid page parameter","","Mon Apr 06 16:07:39 UTC 2026","passed","Mon Apr 06 16:07:39 UTC 2026","User Endpoints > GET /api/users","user_test.spec.ts","",""
"Verify admin can update order status","24","testUpdateOrderStatus","API Test Suite","Mon Apr 06 16:07:58 UTC 2026","passed","Mon Apr 06 16:07:58 UTC 2026","com.automationlab.tests.OrderTest","API Tests","com.automationlab.tests.OrderTest","testUpdateOrderStatus"
"Dashboard link navigates to dashboard page","1113","dashboardLinkNavigatesToDashboardPage","SQA Automation Lab — Selenium UI Suite","Mon Apr 06 16:13:06 UTC 2026","passed","Mon Apr 06 16:13:08 UTC 2026","com.sqa.ui.tests.NavigationTest","UI Tests","com.sqa.ui.tests.NavigationTest","dashboardLinkNavigatesToDashboardPage"
"Verify non-admin cannot create product","17","testCreateProductNonAdmin","API Test Suite","Mon Apr 06 16:07:55 UTC 2026","passed","Mon Apr 06 16:07:55 UTC 2026","com.automationlab.tests.ProductTest","API Tests","com.automationlab.tests.ProductTest","testCreateProductNonAdmin"
"Verify create product fails with missing price","18","testCreateProductMissingPrice","API Test Suite","Mon Apr 06 16:07:55 UTC 2026","passed","Mon Apr 06 16:07:55 UTC 2026","com.automationlab.tests.ProductTest","API Tests","com.automationlab.tests.ProductTest","testCreateProductMissingPrice"
"","30041","Auth Tests","","Mon Apr 06 16:10:05 UTC 2026","passed","Mon Apr 06 16:10:35 UTC 2026","","JMeter Performance Tests","",""
"","39133","GET /health","","Mon Apr 06 16:07:28 UTC 2026","passed","Mon Apr 06 16:08:07 UTC 2026","","k6 Performance Tests","",""
"Dashboard page displays heading","1556","dashboardPageDisplaysHeading","SQA Automation Lab — Selenium UI Suite","Mon Apr 06 16:12:33 UTC 2026","passed","Mon Apr 06 16:12:34 UTC 2026","com.sqa.ui.tests.DashboardTest","UI Tests","com.sqa.ui.tests.DashboardTest","dashboardPageDisplaysHeading"
"","13","test_user_can_cancel_pending_order","tests","Mon Apr 06 16:07:51 UTC 2026","passed","Mon Apr 06 16:07:51 UTC 2026","TestCancelOrder","orders_test","",""
"Valid registration renders authenticated navbar state","2182","validRegistrationRendersAuthenticatedNavbarState","SQA Automation Lab — Selenium UI Suite","Mon Apr 06 16:09:52 UTC 2026","passed","Mon Apr 06 16:09:54 UTC 2026","com.sqa.ui.tests.RegisterTest","UI Tests","com.sqa.ui.tests.RegisterTest","validRegistrationRendersAuthenticatedNavbarState"
"","405","Brand link is visible","chromium","Mon Apr 06 16:08:14 UTC 2026","passed","Mon Apr 06 16:08:15 UTC 2026","Navbar — Unauthenticated","navbar_test.spec.ts","",""
"Orders link navigates to orders page","1290","ordersLinkNavigatesToOrdersPage","SQA Automation Lab — Selenium UI Suite","Mon Apr 06 16:13:22 UTC 2026","passed","Mon Apr 06 16:13:24 UTC 2026","com.sqa.ui.tests.NavigationTest","UI Tests","com.sqa.ui.tests.NavigationTest","ordersLinkNavigatesToOrdersPage"
"","3","test_invalid_route_returns_404","tests","Mon Apr 06 16:07:48 UTC 2026","passed","Mon Apr 06 16:07:48 UTC 2026","TestNotFound","health_test","",""
"","251","response body conforms to product schema","","Mon Apr 06 16:07:33 UTC 2026","passed","Mon Apr 06 16:07:33 UTC 2026","Product Endpoints > GET /api/products/:id","products_test.spec.ts","",""
"","262","Unauthenticated access to orders redirects to login","chromium","Mon Apr 06 16:08:32 UTC 2026","passed","Mon Apr 06 16:08:32 UTC 2026","Orders — Unauthenticated","orders_test.spec.ts","",""
"","253","partial update — stock quantity — is supported","","Mon Apr 06 16:07:36 UTC 2026","passed","Mon Apr 06 16:07:36 UTC 2026","Product Endpoints > PUT /api/products/:id","products_test.spec.ts","",""
"","3","test_login_without_email_returns_400","tests","Mon Apr 06 16:07:48 UTC 2026","passed","Mon Apr 06 16:07:48 UTC 2026","TestLogin","auth_test","",""
"Verify products list only returns active products","44","testListOnlyActiveProducts","API Test Suite","Mon Apr 06 16:07:55 UTC 2026","passed","Mon Apr 06 16:07:55 UTC 2026","com.automationlab.tests.ProductTest","API Tests","com.automationlab.tests.ProductTest","testListOnlyActiveProducts"
"","770","Sign out button is visible","chromium","Mon Apr 06 16:08:25 UTC 2026","passed","Mon Apr 06 16:08:26 UTC 2026","Navbar — Authenticated Regular User","navbar_test.spec.ts","",""
"","5","content-type is application/json","","Mon Apr 06 16:07:23 UTC 2026","passed","Mon Apr 06 16:07:23 UTC 2026","Health Endpoints > GET /","health_test.spec.ts","",""
"","70","returns HTTP 403 for non-admin authenticated user","","Mon Apr 06 16:07:35 UTC 2026","passed","Mon Apr 06 16:07:35 UTC 2026","Product Endpoints > POST /api/products","products_test.spec.ts","",""
"Brand link is visible","617","brandLinkIsVisible","SQA Automation Lab — Selenium UI Suite","Mon Apr 06 16:12:50 UTC 2026","passed","Mon Apr 06 16:12:51 UTC 2026","com.sqa.ui.tests.NavigationTest","UI Tests","com.sqa.ui.tests.NavigationTest","brandLinkIsVisible"
"Dashboard displays user name","1463","dashboardDisplaysUserName","SQA Automation Lab — Selenium UI Suite","Mon Apr 06 16:12:24 UTC 2026","passed","Mon Apr 06 16:12:25 UTC 2026","com.sqa.ui.tests.DashboardTest","UI Tests","com.sqa.ui.tests.DashboardTest","dashboardDisplaysUserName"
"","340","Products page displays heading","chromium","Mon Apr 06 16:08:55 UTC 2026","passed","Mon Apr 06 16:08:55 UTC 2026","Products — Unauthenticated","products_test.spec.ts","",""
"Verify create order fails with insufficient stock","25","testCreateOrderInsufficientStock","API Test Suite","Mon Apr 06 16:07:58 UTC 2026","passed","Mon Apr 06 16:07:58 UTC 2026","com.automationlab.tests.OrderTest","API Tests","com.automationlab.tests.OrderTest","testCreateOrderInsufficientStock"
"","4","test_order_fields_in_listing","tests","Mon Apr 06 16:07:50 UTC 2026","passed","Mon Apr 06 16:07:50 UTC 2026","TestListOrders","orders_test","",""
"Verify logout fails without token","28","testLogoutNoToken","API Test Suite","Mon Apr 06 16:07:49 UTC 2026","passed","Mon Apr 06 16:07:49 UTC 2026","com.automationlab.tests.AuthTest","API Tests","com.automationlab.tests.AuthTest","testLogoutNoToken"
"","131","response body conforms to auth response schema","","Mon Apr 06 16:07:22 UTC 2026","passed","Mon Apr 06 16:07:22 UTC 2026","Authentication Endpoints > POST /api/auth/login","auth_test.spec.ts","",""
"","4","test_delete_nonexistent_product_returns_404","tests","Mon Apr 06 16:07:53 UTC 2026","passed","Mon Apr 06 16:07:53 UTC 2026","TestDeleteProduct","products_test","",""
"Verify default pagination limit","53","testListProductsDefaultPaginationLimit","API Test Suite","Mon Apr 06 16:07:55 UTC 2026","passed","Mon Apr 06 16:07:55 UTC 2026","com.automationlab.tests.ProductTest","API Tests","com.automationlab.tests.ProductTest","testListProductsDefaultPaginationLimit"
"","886","Orders link navigates to orders page","chromium","Mon Apr 06 16:08:23 UTC 2026","passed","Mon Apr 06 16:08:24 UTC 2026","Navbar — Authenticated Admin","navbar_test.spec.ts","",""
"","7","limit parameter is respected","","Mon Apr 06 16:07:32 UTC 2026","passed","Mon Apr 06 16:07:32 UTC 2026","Product Endpoints > GET /api/products","products_test.spec.ts","",""
"","3","test_get_current_user_without_token_returns_401","tests","Mon Apr 06 16:07:48 UTC 2026","passed","Mon Apr 06 16:07:48 UTC 2026","TestCurrentUser","auth_test","",""
"Cancelling an order should return stock to the product.","20","test_cancel_restores_stock","tests","Mon Apr 06 16:07:51 UTC 2026","passed","Mon Apr 06 16:07:51 UTC 2026","TestCancelOrder","orders_test","",""
"Empty password shows validation error","985","emptyPasswordShowsValidationError","SQA Automation Lab — Selenium UI Suite","Mon Apr 06 16:08:16 UTC 2026","passed","Mon Apr 06 16:08:17 UTC 2026","com.sqa.ui.tests.LoginTest","UI Tests","com.sqa.ui.tests.LoginTest","emptyPasswordShowsValidationError"
"Login page displays Sign In heading","531","loginPageDisplaysSignInHeading","SQA Automation Lab — Selenium UI Suite","Mon Apr 06 16:08:24 UTC 2026","passed","Mon Apr 06 16:08:25 UTC 2026","com.sqa.ui.tests.LoginTest","UI Tests","com.sqa.ui.tests.LoginTest","loginPageDisplaysSignInHeading"
"","30079","User Tests","","Mon Apr 06 16:10:40 UTC 2026","passed","Mon Apr 06 16:11:10 UTC 2026","","JMeter Performance Tests","",""
"","38884","POST /api/auth/login - invalid credentials","","Mon Apr 06 16:08:10 UTC 2026","passed","Mon Apr 06 16:08:49 UTC 2026","","k6 Performance Tests","",""
"Dashboard displays user role","1414","dashboardDisplaysUserRole","SQA Automation Lab — Selenium UI Suite","Mon Apr 06 16:12:28 UTC 2026","passed","Mon Apr 06 16:12:30 UTC 2026","com.sqa.ui.tests.DashboardTest","UI Tests","com.sqa.ui.tests.DashboardTest","dashboardDisplaysUserRole"
"","9","test_list_users_page_navigation","tests","Mon Apr 06 16:07:53 UTC 2026","passed","Mon Apr 06 16:07:53 UTC 2026","TestListUsers","user_test","",""
"","251","admin can create a product and receives HTTP 201","","Mon Apr 06 16:07:33 UTC 2026","passed","Mon Apr 06 16:07:33 UTC 2026","Product Endpoints > POST /api/products","products_test.spec.ts","",""
"Products listing should be accessible without authentication.","5","test_list_products_is_public","tests","Mon Apr 06 16:07:52 UTC 2026","passed","Mon Apr 06 16:07:52 UTC 2026","TestListProducts","products_test","",""
"","3","test_user_cannot_delete_other_user","tests","Mon Apr 06 16:07:54 UTC 2026","passed","Mon Apr 06 16:07:54 UTC 2026","TestDeleteUser","user_test","",""
"","522","Invalid email format shows validation error","chromium","Mon Apr 06 16:09:22 UTC 2026","passed","Mon Apr 06 16:09:22 UTC 2026","Register","register_test.spec.ts","",""
"Order error message shown on API failure","878","orderErrorMessageShownOnApiFailure","SQA Automation Lab — Selenium UI Suite","Mon Apr 06 16:11:08 UTC 2026","failed","Mon Apr 06 16:11:09 UTC 2026","com.sqa.ui.tests.ProductDetailTest","UI Tests","com.sqa.ui.tests.ProductDetailTest","orderErrorMessageShownOnApiFailure"
"Verify admin can create a new product","68","testCreateProduct","API Test Suite","Mon Apr 06 16:07:54 UTC 2026","passed","Mon Apr 06 16:07:55 UTC 2026","com.automationlab.tests.ProductTest","API Tests","com.automationlab.tests.ProductTest","testCreateProduct"
"","762","Register link is not visible","chromium","Mon Apr 06 16:08:22 UTC 2026","passed","Mon Apr 06 16:08:23 UTC 2026","Navbar — Authenticated Admin","navbar_test.spec.ts","",""
"","3","test_list_users_without_auth_returns_401","tests","Mon Apr 06 16:07:53 UTC 2026","passed","Mon Apr 06 16:07:53 UTC 2026","TestListUsers","user_test","",""
"","6","test_create_order_returns_item_details","tests","Mon Apr 06 16:07:49 UTC 2026","passed","Mon Apr 06 16:07:49 UTC 2026","TestCreateOrder","orders_test","",""
"Verify product with decimal price is created correctly","38","testCreateProductDecimalPrice","API Test Suite","Mon Apr 06 16:07:55 UTC 2026","passed","Mon Apr 06 16:07:55 UTC 2026","com.automationlab.tests.ProductTest","API Tests","com.automationlab.tests.ProductTest","testCreateProductDecimalPrice"
"","492","Password shorter than 6 characters shows validation error","chromium","Mon Apr 06 16:09:22 UTC 2026","passed","Mon Apr 06 16:09:23 UTC 2026","Register","register_test.spec.ts","",""
"","484","wrong password stays on login page","chromium","Mon Apr 06 16:08:12 UTC 2026","passed","Mon Apr 06 16:08:13 UTC 2026","Login","login_test.spec.ts","",""
"Pagination next button advances to page 2 — AUT Bug E","1280","paginationNextButtonAdvancesToPage2","SQA Automation Lab — Selenium UI Suite","Mon Apr 06 16:10:20 UTC 2026","passed","Mon Apr 06 16:10:21 UTC 2026","com.sqa.ui.tests.ProductsTest","UI Tests","com.sqa.ui.tests.ProductsTest","paginationNextButtonAdvancesToPage2"
"Dashboard displays user email","1796","dashboardDisplaysUserEmail","SQA Automation Lab — Selenium UI Suite","Mon Apr 06 16:12:19 UTC 2026","passed","Mon Apr 06 16:12:20 UTC 2026","com.sqa.ui.tests.DashboardTest","UI Tests","com.sqa.ui.tests.DashboardTest","dashboardDisplaysUserEmail"
"","4","test_update_nonexistent_product_returns_404","tests","Mon Apr 06 16:07:52 UTC 2026","passed","Mon Apr 06 16:07:52 UTC 2026","TestUpdateProduct","products_test","",""
"","4","test_update_with_empty_body_returns_400","tests","Mon Apr 06 16:07:52 UTC 2026","passed","Mon Apr 06 16:07:52 UTC 2026","TestUpdateProduct","products_test","",""
"","38087","GET /api/products","","Mon Apr 06 16:09:33 UTC 2026","passed","Mon Apr 06 16:10:11 UTC 2026","","k6 Performance Tests","",""
"Search with no matches shows no products found message","1442","searchWithNoMatchesShowsNoProductsFoundMessage","SQA Automation Lab — Selenium UI Suite","Mon Apr 06 16:10:46 UTC 2026","passed","Mon Apr 06 16:10:47 UTC 2026","com.sqa.ui.tests.ProductsTest","UI Tests","com.sqa.ui.tests.ProductsTest","searchWithNoMatchesShowsNoProductsFoundMessage"
"","73","returns correct user data for own user","","Mon Apr 06 16:07:39 UTC 2026","passed","Mon Apr 06 16:07:39 UTC 2026","User Endpoints > GET /api/users/:id","user_test.spec.ts","",""
"","6","test_get_current_user","tests","Mon Apr 06 16:07:48 UTC 2026","passed","Mon Apr 06 16:07:48 UTC 2026","TestCurrentUser","auth_test","",""
"","6","response body contains message field","","Mon Apr 06 16:07:23 UTC 2026","passed","Mon Apr 06 16:07:23 UTC 2026","Health Endpoints > GET /","health_test.spec.ts","",""
"Verify update user fails without authentication","20","testUpdateUserNoAuth","API Test Suite","Mon Apr 06 16:07:53 UTC 2026","passed","Mon Apr 06 16:07:53 UTC 2026","com.automationlab.tests.UserTest","API Tests","com.automationlab.tests.UserTest","testUpdateUserNoAuth"
"Authenticated user sees product cards","1396","authenticatedUserSeesProductCards","SQA Automation Lab — Selenium UI Suite","Mon Apr 06 16:10:07 UTC 2026","passed","Mon Apr 06 16:10:08 UTC 2026","com.sqa.ui.tests.ProductsTest","UI Tests","com.sqa.ui.tests.ProductsTest","authenticatedUserSeesProductCards"
"Sign in link is visible when unauthenticated","457","signInLinkIsVisibleWhenUnauthenticated","SQA Automation Lab — Selenium UI Suite","Mon Apr 06 16:13:50 UTC 2026","passed","Mon Apr 06 16:13:51 UTC 2026","com.sqa.ui.tests.NavigationTest","UI Tests","com.sqa.ui.tests.NavigationTest","signInLinkIsVisibleWhenUnauthenticated"
"Cancel order dismissed by user leaves order intact — AUT Bug C","997","cancelOrderDismissedLeavesOrderIntact","SQA Automation Lab — Selenium UI Suite","Mon Apr 06 16:11:37 UTC 2026","passed","Mon Apr 06 16:11:38 UTC 2026","com.sqa.ui.tests.OrdersTest","UI Tests","com.sqa.ui.tests.OrdersTest","cancelOrderDismissedLeavesOrderIntact"
"","419","Search with no matches shows no products found message","chromium","Mon Apr 06 16:08:57 UTC 2026","passed","Mon Apr 06 16:08:57 UTC 2026","Products — Unauthenticated","products_test.spec.ts","",""
"","856","Admin can set quantity before ordering","chromium","Mon Apr 06 16:08:51 UTC 2026","passed","Mon Apr 06 16:08:52 UTC 2026","Product Detail — Authenticated Admin","product_detail_test.spec.ts","",""
"","4","test_user_can_delete_own_account","tests","Mon Apr 06 16:07:54 UTC 2026","passed","Mon Apr 06 16:07:54 UTC 2026","TestDeleteUser","user_test","",""
"","587","Valid registration redirects to dashboard page","chromium","Mon Apr 06 16:09:06 UTC 2026","passed","Mon Apr 06 16:09:06 UTC 2026","Register","register_test.spec.ts","",""
"Verify user can list their own orders","33","testListUserOrders","API Test Suite","Mon Apr 06 16:07:58 UTC 2026","passed","Mon Apr 06 16:07:58 UTC 2026","com.automationlab.tests.OrderTest","API Tests","com.automationlab.tests.OrderTest","testListUserOrders"
"","30109","User Journey Tests","","Mon Apr 06 16:12:25 UTC 2026","passed","Mon Apr 06 16:12:55 UTC 2026","","JMeter Performance Tests","",""
"","30018","Product Tests","","Mon Apr 06 16:11:15 UTC 2026","passed","Mon Apr 06 16:11:45 UTC 2026","","JMeter Performance Tests","",""
"","38150","DELETE /api/orders/:id","","Mon Apr 06 16:10:17 UTC 2026","passed","Mon Apr 06 16:10:55 UTC 2026","","k6 Performance Tests","",""
"","71","returns HTTP 401 without token","","Mon Apr 06 16:07:42 UTC 2026","passed","Mon Apr 06 16:07:42 UTC 2026","User Endpoints > DELETE /api/users/:id","user_test.spec.ts","",""
"","70","returns HTTP 401 without token","","Mon Apr 06 16:07:40 UTC 2026","passed","Mon Apr 06 16:07:40 UTC 2026","User Endpoints > GET /api/users/:id","user_test.spec.ts","",""
"","258","returns HTTP 200 for existing product","","Mon Apr 06 16:07:32 UTC 2026","passed","Mon Apr 06 16:07:33 UTC 2026","Product Endpoints > GET /api/products/:id","products_test.spec.ts","",""
"","6","uptime is a positive number","","Mon Apr 06 16:07:23 UTC 2026","passed","Mon Apr 06 16:07:23 UTC 2026","Health Endpoints > GET /health","health_test.spec.ts","",""
"Verify user can cancel their own pending order","44","testCancelOwnOrder","API Test Suite","Mon Apr 06 16:07:57 UTC 2026","passed","Mon Apr 06 16:07:57 UTC 2026","com.automationlab.tests.OrderTest","API Tests","com.automationlab.tests.OrderTest","testCancelOwnOrder"
"","9","test_admin_can_view_any_order","tests","Mon Apr 06 16:07:50 UTC 2026","passed","Mon Apr 06 16:07:50 UTC 2026","TestGetOrder","orders_test","",""
"","2","test_create_order_without_auth_returns_401","tests","Mon Apr 06 16:07:49 UTC 2026","passed","Mon Apr 06 16:07:49 UTC 2026","TestCreateOrder","orders_test","",""
"","11","test_admin_can_cancel_any_pending_order","tests","Mon Apr 06 16:07:52 UTC 2026","passed","Mon Apr 06 16:07:52 UTC 2026","TestCancelOrder","orders_test","",""
"","5","returns HTTP 401 without token","","Mon Apr 06 16:07:28 UTC 2026","passed","Mon Apr 06 16:07:28 UTC 2026","Order Endpoints > GET /api/orders/:id","orders_test.spec.ts","",""
"","312","admin can retrieve any user","","Mon Apr 06 16:07:39 UTC 2026","passed","Mon Apr 06 16:07:39 UTC 2026","User Endpoints > GET /api/users/:id","user_test.spec.ts","",""
"Verify registration fails with missing password","15","testRegistrationMissingPassword","API Test Suite","Mon Apr 06 16:07:50 UTC 2026","passed","Mon Apr 06 16:07:50 UTC 2026","com.automationlab.tests.AuthTest","API Tests","com.automationlab.tests.AuthTest","testRegistrationMissingPassword"
"Products page displays heading","956","productsPageDisplaysHeading","SQA Automation Lab — Selenium UI Suite","Mon Apr 06 16:10:33 UTC 2026","passed","Mon Apr 06 16:10:34 UTC 2026","com.sqa.ui.tests.ProductsTest","UI Tests","com.sqa.ui.tests.ProductsTest","productsPageDisplaysHeading"
"","6","returns HTTP 401 without token","","Mon Apr 06 16:07:23 UTC 2026","passed","Mon Apr 06 16:07:23 UTC 2026","Authentication Endpoints > GET /api/auth/me","auth_test.spec.ts","",""
"Verify update user updates the updated_at timestamp","1075","testUpdateUserUpdatesTimestamp","API Test Suite","Mon Apr 06 16:07:53 UTC 2026","passed","Mon Apr 06 16:07:54 UTC 2026","com.automationlab.tests.UserTest","API Tests","com.automationlab.tests.UserTest","testUpdateUserUpdatesTimestamp"
"","841","View all orders link navigates to orders page","chromium","Mon Apr 06 16:08:07 UTC 2026","passed","Mon Apr 06 16:08:08 UTC 2026","Dashboard — Authenticated Regular User","dashboard_test.spec.ts","",""
"","7","response body conforms to health schema","","Mon Apr 06 16:07:23 UTC 2026","passed","Mon Apr 06 16:07:23 UTC 2026","Health Endpoints > GET /health","health_test.spec.ts","",""
"Create two products and order both.","125","test_create_order_with_multiple_items","tests","Mon Apr 06 16:07:48 UTC 2026","passed","Mon Apr 06 16:07:49 UTC 2026","TestCreateOrder","orders_test","",""
"Verify login fails with incorrect password","266","testLoginIncorrectPassword","API Test Suite","Mon Apr 06 16:07:49 UTC 2026","passed","Mon Apr 06 16:07:49 UTC 2026","com.automationlab.tests.AuthTest","API Tests","com.automationlab.tests.AuthTest","testLoginIncorrectPassword"
"Verify create product fails with negative stock","17","testCreateProductNegativeStock","API Test Suite","Mon Apr 06 16:07:55 UTC 2026","passed","Mon Apr 06 16:07:55 UTC 2026","com.automationlab.tests.ProductTest","API Tests","com.automationlab.tests.ProductTest","testCreateProductNegativeStock"
"Verify create product fails without authentication","14","testCreateProductNoAuth","API Test Suite","Mon Apr 06 16:07:55 UTC 2026","passed","Mon Apr 06 16:07:55 UTC 2026","com.automationlab.tests.ProductTest","API Tests","com.automationlab.tests.ProductTest","testCreateProductNoAuth"
"Category filter returns filtered results — AUT Bug C","1100","categoryFilterReturnsFilteredResults","SQA Automation Lab — Selenium UI Suite","Mon Apr 06 16:10:11 UTC 2026","passed","Mon Apr 06 16:10:12 UTC 2026","com.sqa.ui.tests.ProductsTest","UI Tests","com.sqa.ui.tests.ProductsTest","categoryFilterReturnsFilteredResults"
"","832","Dashboard displays user name","chromium","Mon Apr 06 16:07:58 UTC 2026","passed","Mon Apr 06 16:07:59 UTC 2026","Dashboard — Authenticated Admin","dashboard_test.spec.ts","",""
"","64","test_login_with_valid_credentials","tests","Mon Apr 06 16:07:47 UTC 2026","passed","Mon Apr 06 16:07:47 UTC 2026","TestLogin","auth_test","",""
"","292","login page displays sign in heading","chromium","Mon Apr 06 16:08:09 UTC 2026","passed","Mon Apr 06 16:08:09 UTC 2026","Login","login_test.spec.ts","",""
"Recent orders table displays when orders exist","1605","recentOrdersTableDisplaysWhenOrdersExist","SQA Automation Lab — Selenium UI Suite","Mon Apr 06 16:12:37 UTC 2026","passed","Mon Apr 06 16:12:39 UTC 2026","com.sqa.ui.tests.DashboardTest","UI Tests","com.sqa.ui.tests.DashboardTest","recentOrdersTableDisplaysWhenOrdersExist"
"Products page displays product cards","1018","productsPageDisplaysProductCards","SQA Automation Lab — Selenium UI Suite","Mon Apr 06 16:10:37 UTC 2026","passed","Mon Apr 06 16:10:38 UTC 2026","com.sqa.ui.tests.ProductsTest","UI Tests","com.sqa.ui.tests.ProductsTest","productsPageDisplaysProductCards"
"Verify create order fails with missing items","15","testCreateOrderMissingItems","API Test Suite","Mon Apr 06 16:07:58 UTC 2026","passed","Mon Apr 06 16:07:58 UTC 2026","com.automationlab.tests.OrderTest","API Tests","com.automationlab.tests.OrderTest","testCreateOrderMissingItems"
"","5689","Empty last name shows validation error","chromium","Mon Apr 06 16:09:14 UTC 2026","failed","Mon Apr 06 16:09:20 UTC 2026","Register","register_test.spec.ts","",""
"","66","test_register_with_minimum_fields","tests","Mon Apr 06 16:07:47 UTC 2026","passed","Mon Apr 06 16:07:47 UTC 2026","TestRegistration","auth_test","",""
"Orders link is not visible when unauthenticated","482","ordersLinkIsNotVisibleWhenUnauthenticated","SQA Automation Lab — Selenium UI Suite","Mon Apr 06 16:13:15 UTC 2026","passed","Mon Apr 06 16:13:15 UTC 2026","com.sqa.ui.tests.NavigationTest","UI Tests","com.sqa.ui.tests.NavigationTest","ordersLinkIsNotVisibleWhenUnauthenticated"
"","8","test_cancel_nonexistent_order_returns_404","tests","Mon Apr 06 16:07:52 UTC 2026","passed","Mon Apr 06 16:07:52 UTC 2026","TestCancelOrder","orders_test","",""
"Create an order as admin, verify another user can't see it.","79","test_user_cannot_view_other_users_order","tests","Mon Apr 06 16:07:50 UTC 2026","passed","Mon Apr 06 16:07:50 UTC 2026","TestGetOrder","orders_test","",""
"","970","User can navigate to product detail","chromium","Mon Apr 06 16:09:05 UTC 2026","passed","Mon Apr 06 16:09:05 UTC 2026","Products — Authenticated User","products_test.spec.ts","",""
"","911","valid login renders authenticated navbar state","chromium","Mon Apr 06 16:08:10 UTC 2026","passed","Mon Apr 06 16:08:11 UTC 2026","Login","login_test.spec.ts","",""
"","73","response contains orders array and pagination object","","Mon Apr 06 16:07:26 UTC 2026","passed","Mon Apr 06 16:07:26 UTC 2026","Order Endpoints > GET /api/orders","orders_test.spec.ts","",""
"","351","response body conforms to order schema","","Mon Apr 06 16:07:27 UTC 2026","passed","Mon Apr 06 16:07:28 UTC 2026","Order Endpoints > GET /api/orders/:id","orders_test.spec.ts","",""
"","818","Dashboard link navigates to dashboard page","chromium","Mon Apr 06 16:08:24 UTC 2026","passed","Mon Apr 06 16:08:24 UTC 2026","Navbar — Authenticated Admin","navbar_test.spec.ts","",""
"","6","test_update_sets_updated_at","tests","Mon Apr 06 16:07:52 UTC 2026","passed","Mon Apr 06 16:07:52 UTC 2026","TestUpdateProduct","products_test","",""
"","5","test_filter_by_category","tests","Mon Apr 06 16:07:52 UTC 2026","passed","Mon Apr 06 16:07:52 UTC 2026","TestFilterProducts","products_test","",""
"","433","Products link navigates to products page","chromium","Mon Apr 06 16:08:17 UTC 2026","passed","Mon Apr 06 16:08:18 UTC 2026","Navbar — Unauthenticated","navbar_test.spec.ts","",""
"","4","test_get_nonexistent_order_returns_404","tests","Mon Apr 06 16:07:50 UTC 2026","passed","Mon Apr 06 16:07:50 UTC 2026","TestGetOrder","orders_test","",""
"","247","returns HTTP 404 for non-existent product","","Mon Apr 06 16:07:37 UTC 2026","passed","Mon Apr 06 16:07:38 UTC 2026","Product Endpoints > DELETE /api/products/:id","products_test.spec.ts","",""
"","499","Pagination next button advances to page 2","chromium","Mon Apr 06 16:08:58 UTC 2026","passed","Mon Apr 06 16:08:58 UTC 2026","Products — Unauthenticated","products_test.spec.ts","",""
"","4","test_admin_can_update_stock","tests","Mon Apr 06 16:07:52 UTC 2026","passed","Mon Apr 06 16:07:52 UTC 2026","TestUpdateProduct","products_test","",""
"","38092","DELETE /api/products/:id","","Mon Apr 06 16:09:35 UTC 2026","passed","Mon Apr 06 16:10:13 UTC 2026","","k6 Performance Tests","",""
"Orders link is visible when authenticated","1010","ordersLinkIsVisibleWhenAuthenticated","SQA Automation Lab — Selenium UI Suite","Mon Apr 06 16:13:18 UTC 2026","passed","Mon Apr 06 16:13:19 UTC 2026","com.sqa.ui.tests.NavigationTest","UI Tests","com.sqa.ui.tests.NavigationTest","ordersLinkIsVisibleWhenAuthenticated"
"","348","Orders link is not visible","chromium","Mon Apr 06 16:08:16 UTC 2026","passed","Mon Apr 06 16:08:16 UTC 2026","Navbar — Unauthenticated","navbar_test.spec.ts","",""
"","315","soft deleted user has is_active set to false","","Mon Apr 06 16:07:41 UTC 2026","passed","Mon Apr 06 16:07:42 UTC 2026","User Endpoints > DELETE /api/users/:id","user_test.spec.ts","",""
"","9","test_list_products_page_navigation","tests","Mon Apr 06 16:07:52 UTC 2026","passed","Mon Apr 06 16:07:52 UTC 2026","TestListProducts","products_test","",""
"","499","Back to products link navigates to products page","chromium","Mon Apr 06 16:08:49 UTC 2026","passed","Mon Apr 06 16:08:49 UTC 2026","Product Detail — Unauthenticated","product_detail_test.spec.ts","",""
"","261","returns HTTP 400 for empty update body","","Mon Apr 06 16:07:36 UTC 2026","passed","Mon Apr 06 16:07:36 UTC 2026","Product Endpoints > PUT /api/products/:id","products_test.spec.ts","",""
"Verify admin can retrieve any user","31","testAdminGetAnyUser","API Test Suite","Mon Apr 06 16:07:52 UTC 2026","passed","Mon Apr 06 16:07:52 UTC 2026","com.automationlab.tests.UserTest","API Tests","com.automationlab.tests.UserTest","testAdminGetAnyUser"
"","264","Invalid product id renders error state","chromium","Mon Apr 06 16:08:49 UTC 2026","passed","Mon Apr 06 16:08:50 UTC 2026","Product Detail — Unauthenticated","product_detail_test.spec.ts","",""
"","813","valid credentials redirect to products page","chromium","Mon Apr 06 16:08:09 UTC 2026","passed","Mon Apr 06 16:08:10 UTC 2026","Login","login_test.spec.ts","",""
"","345","stock is restored after order cancellation","","Mon Apr 06 16:07:31 UTC 2026","passed","Mon Apr 06 16:07:31 UTC 2026","Order Endpoints > DELETE /api/orders/:id","orders_test.spec.ts","",""
"Brand link navigates to products page","945","brandLinkNavigatesToProductsPage","SQA Automation Lab — Selenium UI Suite","Mon Apr 06 16:12:54 UTC 2026","passed","Mon Apr 06 16:12:55 UTC 2026","com.sqa.ui.tests.NavigationTest","UI Tests","com.sqa.ui.tests.NavigationTest","brandLinkNavigatesToProductsPage"
"","38093","PUT /api/products/:id","","Mon Apr 06 16:09:35 UTC 2026","passed","Mon Apr 06 16:10:13 UTC 2026","","k6 Performance Tests","",""
"","1","setup","","Mon Apr 06 16:10:14 UTC 2026","passed","Mon Apr 06 16:10:14 UTC 2026","","k6 Performance Tests","",""
"","2","test_root_returns_app_info","tests","Mon Apr 06 16:07:48 UTC 2026","passed","Mon Apr 06 16:07:48 UTC 2026","TestRootEndpoint","health_test","",""
"","247","returns HTTP 400 for negative price","","Mon Apr 06 16:07:35 UTC 2026","passed","Mon Apr 06 16:07:35 UTC 2026","Product Endpoints > POST /api/products","products_test.spec.ts","",""
"Clear button resets search results","1170","clearButtonResetsSearchResults","SQA Automation Lab — Selenium UI Suite","Mon Apr 06 16:10:16 UTC 2026","passed","Mon Apr 06 16:10:17 UTC 2026","com.sqa.ui.tests.ProductsTest","UI Tests","com.sqa.ui.tests.ProductsTest","clearButtonResetsSearchResults"
"Duplicate email shows error message","1562","duplicateEmailShowsErrorMessage","SQA Automation Lab — Selenium UI Suite","Mon Apr 06 16:08:51 UTC 2026","passed","Mon Apr 06 16:08:53 UTC 2026","com.sqa.ui.tests.RegisterTest","UI Tests","com.sqa.ui.tests.RegisterTest","duplicateEmailShowsErrorMessage"
"","3","test_create_order_with_empty_items_returns_400","tests","Mon Apr 06 16:07:49 UTC 2026","passed","Mon Apr 06 16:07:49 UTC 2026","TestCreateOrder","orders_test","",""
"","602","Valid registration renders authenticated navbar state","chromium","Mon Apr 06 16:09:06 UTC 2026","passed","Mon Apr 06 16:09:07 UTC 2026","Register","register_test.spec.ts","",""
"","74","returns correct user data for the token owner","","Mon Apr 06 16:07:23 UTC 2026","passed","Mon Apr 06 16:07:23 UTC 2026","Authentication Endpoints > GET /api/auth/me","auth_test.spec.ts","",""
"Verify multiple consecutive health checks return consistent status","277","testHealthEndpointConsistency","API Test Suite","Mon Apr 06 16:07:48 UTC 2026","passed","Mon Apr 06 16:07:48 UTC 2026","com.automationlab.tests.HealthTest","API Tests","com.automationlab.tests.HealthTest","testHealthEndpointConsistency"
"Product detail page displays stock status","402","productDetailPageDisplaysStockStatus","SQA Automation Lab — Selenium UI Suite","Mon Apr 06 16:11:24 UTC 2026","passed","Mon Apr 06 16:11:24 UTC 2026","com.sqa.ui.tests.ProductDetailTest","UI Tests","com.sqa.ui.tests.ProductDetailTest","productDetailPageDisplaysStockStatus"
"","786","authenticated user visiting login page is redirected to products","chromium","Mon Apr 06 16:08:13 UTC 2026","passed","Mon Apr 06 16:08:14 UTC 2026","Login","login_test.spec.ts","",""
"","64","test_login_with_wrong_password_returns_401","tests","Mon Apr 06 16:07:48 UTC 2026","passed","Mon Apr 06 16:07:48 UTC 2026","TestLogin","auth_test","",""
"Verify search is case-insensitive","25","testSearchProductsCaseInsensitive","API Test Suite","Mon Apr 06 16:07:55 UTC 2026","passed","Mon Apr 06 16:07:56 UTC 2026","com.automationlab.tests.ProductTest","API Tests","com.automationlab.tests.ProductTest","testSearchProductsCaseInsensitive"
"","38928","POST /api/auth/register","","Mon Apr 06 16:08:09 UTC 2026","passed","Mon Apr 06 16:08:48 UTC 2026","","k6 Performance Tests","",""
"","859","Admin pagination next button advances to page 2","chromium","Mon Apr 06 16:08:37 UTC 2026","passed","Mon Apr 06 16:08:38 UTC 2026","Orders — Authenticated Admin","orders_test.spec.ts","",""
"","421","empty password stays on login page","chromium","Mon Apr 06 16:08:11 UTC 2026","passed","Mon Apr 06 16:08:12 UTC 2026","Login","login_test.spec.ts","",""
"","7","response body conforms to paginated products schema","","Mon Apr 06 16:07:32 UTC 2026","passed","Mon Apr 06 16:07:32 UTC 2026","Product Endpoints > GET /api/products","products_test.spec.ts","",""
"","141","returns HTTP 403 or 404 when accessing another users data","","Mon Apr 06 16:07:40 UTC 2026","passed","Mon Apr 06 16:07:40 UTC 2026","User Endpoints > GET /api/users/:id","user_test.spec.ts","",""
"Orders page displays order cards","357","ordersPageDisplaysOrderCards","SQA Automation Lab — Selenium UI Suite","Mon Apr 06 16:11:52 UTC 2026","passed","Mon Apr 06 16:11:52 UTC 2026","com.sqa.ui.tests.OrdersTest","UI Tests","com.sqa.ui.tests.OrdersTest","ordersPageDisplaysOrderCards"
"","4","test_admin_can_delete_product","tests","Mon Apr 06 16:07:52 UTC 2026","passed","Mon Apr 06 16:07:52 UTC 2026","TestDeleteProduct","products_test","",""
"","799","Dashboard displays user email","chromium","Mon Apr 06 16:08:04 UTC 2026","passed","Mon Apr 06 16:08:05 UTC 2026","Dashboard — Authenticated Regular User","dashboard_test.spec.ts","",""
"","3","test_root_lists_available_endpoints","tests","Mon Apr 06 16:07:48 UTC 2026","passed","Mon Apr 06 16:07:48 UTC 2026","TestRootEndpoint","health_test","",""
"","3","test_logout_without_token_returns_401","tests","Mon Apr 06 16:07:48 UTC 2026","passed","Mon Apr 06 16:07:48 UTC 2026","TestLogout","auth_test","",""
"Products link is visible","507","productsLinkIsVisible","SQA Automation Lab — Selenium UI Suite","Mon Apr 06 16:13:27 UTC 2026","passed","Mon Apr 06 16:13:27 UTC 2026","com.sqa.ui.tests.NavigationTest","UI Tests","com.sqa.ui.tests.NavigationTest","productsLinkIsVisible"
"","5","returns HTTP 401 without token","","Mon Apr 06 16:07:23 UTC 2026","passed","Mon Apr 06 16:07:23 UTC 2026","Authentication Endpoints > POST /api/auth/logout","auth_test.spec.ts","",""
"Verify order can be created with multiple items","69","testCreateOrderMultipleItems","API Test Suite","Mon Apr 06 16:07:58 UTC 2026","passed","Mon Apr 06 16:07:58 UTC 2026","com.automationlab.tests.OrderTest","API Tests","com.automationlab.tests.OrderTest","testCreateOrderMultipleItems"
"","5","test_list_products_respects_limit","tests","Mon Apr 06 16:07:52 UTC 2026","passed","Mon Apr 06 16:07:52 UTC 2026","TestListProducts","products_test","",""
"","1028","Admin all status filter options are selectable","chromium","Mon Apr 06 16:08:36 UTC 2026","passed","Mon Apr 06 16:08:37 UTC 2026","Orders — Authenticated Admin","orders_test.spec.ts","",""
"","281","Product detail page displays category","chromium","Mon Apr 06 16:08:48 UTC 2026","passed","Mon Apr 06 16:08:48 UTC 2026","Product Detail — Unauthenticated","product_detail_test.spec.ts","",""
"Register link navigates to register page","758","registerLinkNavigatesToRegisterPage","SQA Automation Lab — Selenium UI Suite","Mon Apr 06 16:08:33 UTC 2026","passed","Mon Apr 06 16:08:34 UTC 2026","com.sqa.ui.tests.LoginTest","UI Tests","com.sqa.ui.tests.LoginTest","registerLinkNavigatesToRegisterPage"
"","321","new order status is pending","","Mon Apr 06 16:07:24 UTC 2026","passed","Mon Apr 06 16:07:24 UTC 2026","Order Endpoints > POST /api/orders","orders_test.spec.ts","",""
"","3","test_list_users_invalid_page_returns_400","tests","Mon Apr 06 16:07:53 UTC 2026","passed","Mon Apr 06 16:07:53 UTC 2026","TestListUsers","user_test","",""
"","764","Dashboard link is visible","chromium","Mon Apr 06 16:08:20 UTC 2026","passed","Mon Apr 06 16:08:21 UTC 2026","Navbar — Authenticated Admin","navbar_test.spec.ts","",""
"","3","test_create_product_with_negative_price_returns_400","tests","Mon Apr 06 16:07:52 UTC 2026","passed","Mon Apr 06 16:07:52 UTC 2026","TestCreateProduct","products_test","",""
"","468","Search returns filtered results","chromium","Mon Apr 06 16:08:56 UTC 2026","passed","Mon Apr 06 16:08:56 UTC 2026","Products — Unauthenticated","products_test.spec.ts","",""
"","38153","GET /api/orders","","Mon Apr 06 16:10:15 UTC 2026","passed","Mon Apr 06 16:10:53 UTC 2026","","k6 Performance Tests","",""
"","833","Dashboard page displays welcome heading","chromium","Mon Apr 06 16:08:04 UTC 2026","passed","Mon Apr 06 16:08:04 UTC 2026","Dashboard — Authenticated Regular User","dashboard_test.spec.ts","",""
"","913","User can place order successfully","chromium","Mon Apr 06 16:08:52 UTC 2026","passed","Mon Apr 06 16:08:53 UTC 2026","Product Detail — Authenticated User","product_detail_test.spec.ts","",""
"","288","Product detail page displays product name","chromium","Mon Apr 06 16:08:47 UTC 2026","passed","Mon Apr 06 16:08:48 UTC 2026","Product Detail — Unauthenticated","product_detail_test.spec.ts","",""
"Verify admin can update any user","42","testAdminUpdateAnyUser","API Test Suite","Mon Apr 06 16:07:52 UTC 2026","passed","Mon Apr 06 16:07:52 UTC 2026","com.automationlab.tests.UserTest","API Tests","com.automationlab.tests.UserTest","testAdminUpdateAnyUser"
"","4","test_get_own_user_profile","tests","Mon Apr 06 16:07:53 UTC 2026","passed","Mon Apr 06 16:07:53 UTC 2026","TestGetUser","user_test","",""
"","10","test_status_update_changes_updated_at","tests","Mon Apr 06 16:07:51 UTC 2026","passed","Mon Apr 06 16:07:51 UTC 2026","TestUpdateOrderStatus","orders_test","",""
"Verify non-admin cannot update product","15","testUpdateProductNonAdmin","API Test Suite","Mon Apr 06 16:07:56 UTC 2026","passed","Mon Apr 06 16:07:56 UTC 2026","com.automationlab.tests.ProductTest","API Tests","com.automationlab.tests.ProductTest","testUpdateProductNonAdmin"
"","3","test_get_product_invalid_id_returns_400","tests","Mon Apr 06 16:07:52 UTC 2026","passed","Mon Apr 06 16:07:52 UTC 2026","TestGetProduct","products_test","",""
"","73","updated fields are returned in response","","Mon Apr 06 16:07:40 UTC 2026","passed","Mon Apr 06 16:07:40 UTC 2026","User Endpoints > PUT /api/users/:id","user_test.spec.ts","",""
"Register link is not visible when authenticated","990","registerLinkIsNotVisibleWhenAuthenticated","SQA Automation Lab — Selenium UI Suite","Mon Apr 06 16:13:35 UTC 2026","passed","Mon Apr 06 16:13:36 UTC 2026","com.sqa.ui.tests.NavigationTest","UI Tests","com.sqa.ui.tests.NavigationTest","registerLinkIsNotVisibleWhenAuthenticated"
"Verify user can update their own profile","39","testUpdateOwnUser","API Test Suite","Mon Apr 06 16:07:53 UTC 2026","passed","Mon Apr 06 16:07:53 UTC 2026","com.automationlab.tests.UserTest","API Tests","com.automationlab.tests.UserTest","testUpdateOwnUser"
"Password shorter than 6 characters shows validation error","1284","shortPasswordShowsValidationError","SQA Automation Lab — Selenium UI Suite","Mon Apr 06 16:09:38 UTC 2026","passed","Mon Apr 06 16:09:40 UTC 2026","com.sqa.ui.tests.RegisterTest","UI Tests","com.sqa.ui.tests.RegisterTest","shortPasswordShowsValidationError"
"","72","returns HTTP 200 for own user","","Mon Apr 06 16:07:39 UTC 2026","passed","Mon Apr 06 16:07:39 UTC 2026","User Endpoints > GET /api/users/:id","user_test.spec.ts","",""
"","246","returns HTTP 400 when name is missing","","Mon Apr 06 16:07:34 UTC 2026","passed","Mon Apr 06 16:07:34 UTC 2026","Product Endpoints > POST /api/products","products_test.spec.ts","",""
"Verify anyone can list products without authentication","46","testListProductsPublic","API Test Suite","Mon Apr 06 16:07:57 UTC 2026","passed","Mon Apr 06 16:07:57 UTC 2026","com.automationlab.tests.ProductTest","API Tests","com.automationlab.tests.ProductTest","testListProductsPublic"
"","5","test_create_order_with_nonexistent_product_returns_404","tests","Mon Apr 06 16:07:49 UTC 2026","passed","Mon Apr 06 16:07:49 UTC 2026","TestCreateOrder","orders_test","",""
"","6","returns HTTP 200","","Mon Apr 06 16:07:23 UTC 2026","passed","Mon Apr 06 16:07:23 UTC 2026","Health Endpoints > GET /","health_test.spec.ts","",""
"","842","Dashboard displays user email","chromium","Mon Apr 06 16:07:57 UTC 2026","passed","Mon Apr 06 16:07:58 UTC 2026","Dashboard — Authenticated Admin","dashboard_test.spec.ts","",""
"","71","returns HTTP 409 when updating email to one already in use","","Mon Apr 06 16:07:40 UTC 2026","passed","Mon Apr 06 16:07:41 UTC 2026","User Endpoints > PUT /api/users/:id","user_test.spec.ts","",""
"Back to products link navigates to products page","1165","backToProductsLinkNavigatesToProductsPage","SQA Automation Lab — Selenium UI Suite","Mon Apr 06 16:11:00 UTC 2026","passed","Mon Apr 06 16:11:01 UTC 2026","com.sqa.ui.tests.ProductDetailTest","UI Tests","com.sqa.ui.tests.ProductDetailTest","backToProductsLinkNavigatesToProductsPage"
"","6","returns HTTP 403 with an invalid token","","Mon Apr 06 16:07:23 UTC 2026","passed","Mon Apr 06 16:07:23 UTC 2026","Authentication Endpoints > GET /api/auth/me","auth_test.spec.ts","",""
"","511","Pagination prev button returns to page 1","chromium","Mon Apr 06 16:08:58 UTC 2026","passed","Mon Apr 06 16:08:59 UTC 2026","Products — Unauthenticated","products_test.spec.ts","",""
"Verify health endpoint returns healthy status","62","testHealthEndpoint","API Test Suite","Mon Apr 06 16:07:48 UTC 2026","passed","Mon Apr 06 16:07:48 UTC 2026","com.automationlab.tests.HealthTest","API Tests","com.automationlab.tests.HealthTest","testHealthEndpoint"
"","320","returns HTTP 400 for quantity exceeding available stock","","Mon Apr 06 16:07:25 UTC 2026","passed","Mon Apr 06 16:07:26 UTC 2026","Order Endpoints > POST /api/orders","orders_test.spec.ts","",""
"","4","test_admin_can_view_any_user","tests","Mon Apr 06 16:07:53 UTC 2026","passed","Mon Apr 06 16:07:53 UTC 2026","TestGetUser","user_test","",""
"","381","Sign in link is visible","chromium","Mon Apr 06 16:08:15 UTC 2026","passed","Mon Apr 06 16:08:15 UTC 2026","Navbar — Unauthenticated","navbar_test.spec.ts","",""
"Register link is visible when unauthenticated","491","registerLinkIsVisibleWhenUnauthenticated","SQA Automation Lab — Selenium UI Suite","Mon Apr 06 16:13:38 UTC 2026","passed","Mon Apr 06 16:13:39 UTC 2026","com.sqa.ui.tests.NavigationTest","UI Tests","com.sqa.ui.tests.NavigationTest","registerLinkIsVisibleWhenUnauthenticated"
"","3","test_root_returns_200","tests","Mon Apr 06 16:07:48 UTC 2026","passed","Mon Apr 06 16:07:48 UTC 2026","TestRootEndpoint","health_test","",""
"ILIKE search should be case-insensitive.","11","test_search_is_case_insensitive","tests","Mon Apr 06 16:07:52 UTC 2026","passed","Mon Apr 06 16:07:52 UTC 2026","TestFilterProducts","products_test","",""
"Verify cancel order fails without authentication","18","testCancelOrderNoAuth","API Test Suite","Mon Apr 06 16:07:57 UTC 2026","passed","Mon Apr 06 16:07:57 UTC 2026","com.automationlab.tests.OrderTest","API Tests","com.automationlab.tests.OrderTest","testCancelOrderNoAuth"
"Verify get non-existent order returns 404","15","testGetNonExistentOrder","API Test Suite","Mon Apr 06 16:07:58 UTC 2026","passed","Mon Apr 06 16:07:58 UTC 2026","com.automationlab.tests.OrderTest","API Tests","com.automationlab.tests.OrderTest","testGetNonExistentOrder"
"","845","Dashboard link navigates to dashboard page","chromium","Mon Apr 06 16:08:30 UTC 2026","passed","Mon Apr 06 16:08:31 UTC 2026","Navbar — Authenticated Regular User","navbar_test.spec.ts","",""
"A user should not be able to cancel another user's order.","89","test_user_cannot_cancel_other_users_order","tests","Mon Apr 06 16:07:52 UTC 2026","passed","Mon Apr 06 16:07:52 UTC 2026","TestCancelOrder","orders_test","",""
"","6","returns HTTP 404 for non-existent product","","Mon Apr 06 16:07:33 UTC 2026","passed","Mon Apr 06 16:07:33 UTC 2026","Product Endpoints > GET /api/products/:id","products_test.spec.ts","",""
"","372","Product card link navigates to product detail page","chromium","Mon Apr 06 16:08:59 UTC 2026","passed","Mon Apr 06 16:08:59 UTC 2026","Products — Unauthenticated","products_test.spec.ts","",""
"Authenticated user can set quantity before ordering","1027","authenticatedUserCanSetQuantityBeforeOrdering","SQA Automation Lab — Selenium UI Suite","Mon Apr 06 16:10:55 UTC 2026","failed","Mon Apr 06 16:10:56 UTC 2026","com.sqa.ui.tests.ProductDetailTest","UI Tests","com.sqa.ui.tests.ProductDetailTest","authenticatedUserCanSetQuantityBeforeOrdering"
"Verify registration returns user ID","123","testRegistrationReturnsUserId","API Test Suite","Mon Apr 06 16:07:50 UTC 2026","passed","Mon Apr 06 16:07:50 UTC 2026","com.automationlab.tests.AuthTest","API Tests","com.automationlab.tests.AuthTest","testRegistrationReturnsUserId"
"","341","returns HTTP 401 without token","","Mon Apr 06 16:07:30 UTC 2026","passed","Mon Apr 06 16:07:30 UTC 2026","Order Endpoints > PATCH /api/orders/:id/status","orders_test.spec.ts","",""
"","4","test_list_users_respects_limit","tests","Mon Apr 06 16:07:53 UTC 2026","passed","Mon Apr 06 16:07:53 UTC 2026","TestListUsers","user_test","",""
"Verify registration succeeds without first name (optional field)","148","testRegistrationMissingFirstName","API Test Suite","Mon Apr 06 16:07:50 UTC 2026","passed","Mon Apr 06 16:07:50 UTC 2026","com.automationlab.tests.AuthTest","API Tests","com.automationlab.tests.AuthTest","testRegistrationMissingFirstName"
"","3","test_get_user_invalid_id_returns_400","tests","Mon Apr 06 16:07:53 UTC 2026","passed","Mon Apr 06 16:07:53 UTC 2026","TestGetUser","user_test","",""
"","4","test_register_duplicate_email_returns_409","tests","Mon Apr 06 16:07:47 UTC 2026","passed","Mon Apr 06 16:07:47 UTC 2026","TestRegistration","auth_test","",""
"Verify product with zero stock can be created","29","testCreateProductZeroStock","API Test Suite","Mon Apr 06 16:07:55 UTC 2026","passed","Mon Apr 06 16:07:55 UTC 2026","com.automationlab.tests.ProductTest","API Tests","com.automationlab.tests.ProductTest","testCreateProductZeroStock"
"","73","returns HTTP 404 for non-existent order","","Mon Apr 06 16:07:28 UTC 2026","passed","Mon Apr 06 16:07:28 UTC 2026","Order Endpoints > GET /api/orders/:id","orders_test.spec.ts","",""
"","3","test_regular_user_cannot_create_product","tests","Mon Apr 06 16:07:52 UTC 2026","passed","Mon Apr 06 16:07:52 UTC 2026","TestCreateProduct","products_test","",""
"","2","test_health_includes_uptime","tests","Mon Apr 06 16:07:48 UTC 2026","passed","Mon Apr 06 16:07:48 UTC 2026","TestHealthEndpoint","health_test","",""
"","1463","Admin sees product cards","chromium","Mon Apr 06 16:09:00 UTC 2026","passed","Mon Apr 06 16:09:02 UTC 2026","Products — Authenticated Admin","products_test.spec.ts","",""
"Verify orders list supports pagination","45","testListOrdersPagination","API Test Suite","Mon Apr 06 16:07:58 UTC 2026","passed","Mon Apr 06 16:07:58 UTC 2026","com.automationlab.tests.OrderTest","API Tests","com.automationlab.tests.OrderTest","testListOrdersPagination"
"Authenticated user visiting login page is redirected to dashboard — AUT Bug D","11505","authenticatedUserVisitingLoginIsRedirectedToDashboard","SQA Automation Lab — Selenium UI Suite","Mon Apr 06 16:07:56 UTC 2026","broken","Mon Apr 06 16:08:08 UTC 2026","com.sqa.ui.tests.LoginTest","UI Tests","com.sqa.ui.tests.LoginTest","authenticatedUserVisitingLoginIsRedirectedToDashboard"
"Verify empty category filter returns all products","39","testListProductsEmptyCategoryFilter","API Test Suite","Mon Apr 06 16:07:55 UTC 2026","passed","Mon Apr 06 16:07:55 UTC 2026","com.automationlab.tests.ProductTest","API Tests","com.automationlab.tests.ProductTest","testListProductsEmptyCategoryFilter"
"","38151","GET /api/orders/:id","","Mon Apr 06 16:10:15 UTC 2026","passed","Mon Apr 06 16:10:54 UTC 2026","","k6 Performance Tests","",""
"Verify users list only returns active users","103","testListOnlyActiveUsers","API Test Suite","Mon Apr 06 16:07:52 UTC 2026","passed","Mon Apr 06 16:07:52 UTC 2026","com.automationlab.tests.UserTest","API Tests","com.automationlab.tests.UserTest","testListOnlyActiveUsers"
"","468","Mismatched passwords show validation error","chromium","Mon Apr 06 16:09:23 UTC 2026","passed","Mon Apr 06 16:09:23 UTC 2026","Register","register_test.spec.ts","",""
"","3","test_regular_user_cannot_delete_product","tests","Mon Apr 06 16:07:53 UTC 2026","passed","Mon Apr 06 16:07:53 UTC 2026","TestDeleteProduct","products_test","",""
"Verify registration fails with missing email","17","testRegistrationMissingEmail","API Test Suite","Mon Apr 06 16:07:50 UTC 2026","passed","Mon Apr 06 16:07:50 UTC 2026","com.automationlab.tests.AuthTest","API Tests","com.automationlab.tests.AuthTest","testRegistrationMissingEmail"
"","3","test_register_without_email_returns_400","tests","Mon Apr 06 16:07:47 UTC 2026","passed","Mon Apr 06 16:07:47 UTC 2026","TestRegistration","auth_test","",""
"","39194","PUT /api/users/:id","","Mon Apr 06 16:08:52 UTC 2026","passed","Mon Apr 06 16:09:31 UTC 2026","","k6 Performance Tests","",""
"","326","returns HTTP 400 when cancelling a non-pending order","","Mon Apr 06 16:07:32 UTC 2026","passed","Mon Apr 06 16:07:32 UTC 2026","Order Endpoints > DELETE /api/orders/:id","orders_test.spec.ts","",""
"Product card link navigates to product detail page","1085","productCardLinkNavigatesToProductDetailPage","SQA Automation Lab — Selenium UI Suite","Mon Apr 06 16:10:29 UTC 2026","passed","Mon Apr 06 16:10:30 UTC 2026","com.sqa.ui.tests.ProductsTest","UI Tests","com.sqa.ui.tests.ProductsTest","productCardLinkNavigatesToProductDetailPage"
"","8","test_regular_user_cannot_update_status","tests","Mon Apr 06 16:07:51 UTC 2026","passed","Mon Apr 06 16:07:51 UTC 2026","TestUpdateOrderStatus","orders_test","",""
"Sign out button clears session and redirects to login","1129","signOutButtonClearsSessionAndRedirectsToLogin","SQA Automation Lab — Selenium UI Suite","Mon Apr 06 16:13:58 UTC 2026","passed","Mon Apr 06 16:13:59 UTC 2026","com.sqa.ui.tests.NavigationTest","UI Tests","com.sqa.ui.tests.NavigationTest","signOutButtonClearsSessionAndRedirectsToLogin"
"","248","returns HTTP 400 when price is missing","","Mon Apr 06 16:07:34 UTC 2026","passed","Mon Apr 06 16:07:35 UTC 2026","Product Endpoints > POST /api/products","products_test.spec.ts","",""
"Verify authenticated user can logout","22","testLogout","API Test Suite","Mon Apr 06 16:07:49 UTC 2026","passed","Mon Apr 06 16:07:49 UTC 2026","com.automationlab.tests.AuthTest","API Tests","com.automationlab.tests.AuthTest","testLogout"
"","3","test_logout_returns_success","tests","Mon Apr 06 16:07:48 UTC 2026","passed","Mon Apr 06 16:07:48 UTC 2026","TestLogout","auth_test","",""
"","8","pagination metadata contains expected fields","","Mon Apr 06 16:07:32 UTC 2026","passed","Mon Apr 06 16:07:32 UTC 2026","Product Endpoints > GET /api/products","products_test.spec.ts","",""
"Verify root endpoint returns app information","71","testRootEndpoint","API Test Suite","Mon Apr 06 16:07:48 UTC 2026","passed","Mon Apr 06 16:07:48 UTC 2026","com.automationlab.tests.HealthTest","API Tests","com.automationlab.tests.HealthTest","testRootEndpoint"
"","6","test_update_own_email","tests","Mon Apr 06 16:07:53 UTC 2026","passed","Mon Apr 06 16:07:53 UTC 2026","TestUpdateUser","user_test","",""
"","5","returns HTTP 401 without token","","Mon Apr 06 16:07:26 UTC 2026","passed","Mon Apr 06 16:07:26 UTC 2026","Order Endpoints > GET /api/orders","orders_test.spec.ts","",""
"","123","returns HTTP 201 on successful registration","","Mon Apr 06 16:07:21 UTC 2026","passed","Mon Apr 06 16:07:21 UTC 2026","Authentication Endpoints > POST /api/auth/register","auth_test.spec.ts","",""
"","7","returns HTTP 401 for non-existent email","","Mon Apr 06 16:07:23 UTC 2026","passed","Mon Apr 06 16:07:23 UTC 2026","Authentication Endpoints > POST /api/auth/login","auth_test.spec.ts","",""
"Verify new order has default pending status","32","testCreateOrderDefaultStatus","API Test Suite","Mon Apr 06 16:07:57 UTC 2026","passed","Mon Apr 06 16:07:57 UTC 2026","com.automationlab.tests.OrderTest","API Tests","com.automationlab.tests.OrderTest","testCreateOrderDefaultStatus"
"","900","Dashboard page displays welcome heading","chromium","Mon Apr 06 16:07:56 UTC 2026","passed","Mon Apr 06 16:07:57 UTC 2026","Dashboard — Authenticated Admin","dashboard_test.spec.ts","",""
"Verify admin can cancel any pending order","48","testAdminCancelAnyOrder","API Test Suite","Mon Apr 06 16:07:57 UTC 2026","passed","Mon Apr 06 16:07:57 UTC 2026","com.automationlab.tests.OrderTest","API Tests","com.automationlab.tests.OrderTest","testAdminCancelAnyOrder"
"","3","test_register_with_short_password_returns_400","tests","Mon Apr 06 16:07:47 UTC 2026","passed","Mon Apr 06 16:07:47 UTC 2026","TestRegistration","auth_test","",""
"","283","Product detail page displays product price","chromium","Mon Apr 06 16:08:48 UTC 2026","passed","Mon Apr 06 16:08:48 UTC 2026","Product Detail — Unauthenticated","product_detail_test.spec.ts","",""
