"DESCRIPTION","DURATION IN MS","NAME","PARENT SUITE","START TIME","STATUS","STOP TIME","SUB SUITE","SUITE","TEST CLASS","TEST METHOD"
"Verify anyone can list products without authentication","32","testListProductsPublic","API Test Suite","Sat Mar 14 02:04:34 UTC 2026","passed","Sat Mar 14 02:04:34 UTC 2026","com.automationlab.tests.ProductTest","API Tests","com.automationlab.tests.ProductTest","testListProductsPublic"
"Verify search is case-insensitive","24","testSearchProductsCaseInsensitive","API Test Suite","Sat Mar 14 02:04:33 UTC 2026","passed","Sat Mar 14 02:04:33 UTC 2026","com.automationlab.tests.ProductTest","API Tests","com.automationlab.tests.ProductTest","testSearchProductsCaseInsensitive"
"Regular users should not be able to view other users' profiles.","3","test_user_cannot_view_other_user","tests","Sat Mar 14 02:04:12 UTC 2026","passed","Sat Mar 14 02:04:12 UTC 2026","TestGetUser","user_test","",""
"","2","test_login_without_password_returns_400","tests","Sat Mar 14 02:04:07 UTC 2026","passed","Sat Mar 14 02:04:07 UTC 2026","TestLogin","auth_test","",""
"","75","returns correct user data for the token owner","","Sat Mar 14 02:03:55 UTC 2026","passed","Sat Mar 14 02:03:55 UTC 2026","Authentication Endpoints > GET /api/auth/me","auth_test.spec.ts","",""
"","4","test_admin_can_create_product","tests","Sat Mar 14 02:04:11 UTC 2026","passed","Sat Mar 14 02:04:11 UTC 2026","TestCreateProduct","products_test","",""
"Sign out button clears session and redirects to login","10615","signOutButtonClearsSessionAndRedirectsToLogin","SQA Automation Lab — Selenium UI Suite","Sat Mar 14 02:17:35 UTC 2026","broken","Sat Mar 14 02:17:46 UTC 2026","com.sqa.ui.tests.NavigationTest","UI Tests","com.sqa.ui.tests.NavigationTest","signOutButtonClearsSessionAndRedirectsToLogin"
"","8","test_status_update_changes_updated_at","tests","Sat Mar 14 02:04:10 UTC 2026","passed","Sat Mar 14 02:04:10 UTC 2026","TestUpdateOrderStatus","orders_test","",""
"","30234","Order Tests","","Sat Mar 14 02:06:35 UTC 2026","passed","Sat Mar 14 02:07:06 UTC 2026","","JMeter Performance Tests","",""
"","5269","register link is visible when unauthenticated","chromium","Sat Mar 14 02:10:35 UTC 2026","failed","Sat Mar 14 02:10:41 UTC 2026","Navigation — Unauthenticated","navigation_test.spec.ts","",""
"","3","test_update_with_empty_body_returns_400","tests","Sat Mar 14 02:04:12 UTC 2026","passed","Sat Mar 14 02:04:12 UTC 2026","TestUpdateUser","user_test","",""
"","7","returns HTTP 401 for non-existent email","","Sat Mar 14 02:03:55 UTC 2026","passed","Sat Mar 14 02:03:55 UTC 2026","Authentication Endpoints > POST /api/auth/login","auth_test.spec.ts","",""
"","248","returns HTTP 400 for negative price","","Sat Mar 14 02:04:07 UTC 2026","passed","Sat Mar 14 02:04:08 UTC 2026","Product Endpoints > POST /api/products","products_test.spec.ts","",""
"","30075","dashboard link navigates to dashboard page","chromium","Sat Mar 14 02:13:41 UTC 2026","broken","Sat Mar 14 02:14:11 UTC 2026","Navigation — Authenticated","navigation_test.spec.ts","",""
"Verify user only sees their own orders","35","testListOrdersOnlyOwnOrders","API Test Suite","Sat Mar 14 02:04:35 UTC 2026","passed","Sat Mar 14 02:04:35 UTC 2026","com.automationlab.tests.OrderTest","API Tests","com.automationlab.tests.OrderTest","testListOrdersOnlyOwnOrders"
"","72","returns HTTP 409 when updating email to one already in use","","Sat Mar 14 02:04:13 UTC 2026","passed","Sat Mar 14 02:04:13 UTC 2026","User Endpoints > PUT /api/users/:id","user_test.spec.ts","",""
"","75","pagination metadata contains expected fields","","Sat Mar 14 02:03:59 UTC 2026","passed","Sat Mar 14 02:03:59 UTC 2026","Order Endpoints > GET /api/orders","orders_test.spec.ts","",""
"Verify user can retrieve their own profile","53","testGetOwnUser","API Test Suite","Sat Mar 14 02:04:30 UTC 2026","passed","Sat Mar 14 02:04:30 UTC 2026","com.automationlab.tests.UserTest","API Tests","com.automationlab.tests.UserTest","testGetOwnUser"
"Dashboard displays user email","509","dashboardDisplaysUserEmail","SQA Automation Lab — Selenium UI Suite","Sat Mar 14 02:13:14 UTC 2026","broken","Sat Mar 14 02:13:14 UTC 2026","com.sqa.ui.tests.DashboardTest","UI Tests","com.sqa.ui.tests.DashboardTest","dashboardDisplaysUserEmail"
"","2","test_login_without_email_returns_400","tests","Sat Mar 14 02:04:07 UTC 2026","passed","Sat Mar 14 02:04:07 UTC 2026","TestLogin","auth_test","",""
"Verify update with invalid email format fails","16","testUpdateUserInvalidEmail","API Test Suite","Sat Mar 14 02:04:30 UTC 2026","passed","Sat Mar 14 02:04:30 UTC 2026","com.automationlab.tests.UserTest","API Tests","com.automationlab.tests.UserTest","testUpdateUserInvalidEmail"
"","74","returns HTTP 200 with valid token","","Sat Mar 14 02:03:55 UTC 2026","passed","Sat Mar 14 02:03:55 UTC 2026","Authentication Endpoints > GET /api/auth/me","auth_test.spec.ts","",""
"Authenticated user sees product cards","728","authenticatedUserSeesProductCards","SQA Automation Lab — Selenium UI Suite","Sat Mar 14 02:09:09 UTC 2026","broken","Sat Mar 14 02:09:10 UTC 2026","com.sqa.ui.tests.ProductsTest","UI Tests","com.sqa.ui.tests.ProductsTest","authenticatedUserSeesProductCards"
"","327","returns HTTP 400 when cancelling a non-pending order","","Sat Mar 14 02:04:04 UTC 2026","passed","Sat Mar 14 02:04:05 UTC 2026","Order Endpoints > DELETE /api/orders/:id","orders_test.spec.ts","",""
"","38166","PATCH /api/orders/:id/status - admin","","Sat Mar 14 02:06:58 UTC 2026","passed","Sat Mar 14 02:07:36 UTC 2026","","k6 Performance Tests","",""
"","2","test_create_product_without_name_returns_400","tests","Sat Mar 14 02:04:11 UTC 2026","passed","Sat Mar 14 02:04:11 UTC 2026","TestCreateProduct","products_test","",""
"Cancel button exits edit mode without saving","636","cancelButtonExitsEditModeWithoutSaving","SQA Automation Lab — Selenium UI Suite","Sat Mar 14 02:13:09 UTC 2026","broken","Sat Mar 14 02:13:10 UTC 2026","com.sqa.ui.tests.DashboardTest","UI Tests","com.sqa.ui.tests.DashboardTest","cancelButtonExitsEditModeWithoutSaving"
"","38507","Step 5: Create order","","Sat Mar 14 02:07:42 UTC 2026","passed","Sat Mar 14 02:08:21 UTC 2026","","k6 Performance Tests","",""
"","3","test_admin_can_view_any_user","tests","Sat Mar 14 02:04:12 UTC 2026","passed","Sat Mar 14 02:04:12 UTC 2026","TestGetUser","user_test","",""
"","316","returns HTTP 403 for non-admin authenticated user","","Sat Mar 14 02:04:10 UTC 2026","passed","Sat Mar 14 02:04:11 UTC 2026","Product Endpoints > DELETE /api/products/:id","products_test.spec.ts","",""
"Verify login fails with missing email","29","testLoginMissingEmail","API Test Suite","Sat Mar 14 02:04:27 UTC 2026","passed","Sat Mar 14 02:04:27 UTC 2026","com.automationlab.tests.AuthTest","API Tests","com.automationlab.tests.AuthTest","testLoginMissingEmail"
"","71","returns HTTP 400 for empty update body","","Sat Mar 14 02:04:13 UTC 2026","passed","Sat Mar 14 02:04:13 UTC 2026","User Endpoints > PUT /api/users/:id","user_test.spec.ts","",""
"","3","test_delete_nonexistent_user_returns_404","tests","Sat Mar 14 02:04:13 UTC 2026","passed","Sat Mar 14 02:04:13 UTC 2026","TestDeleteUser","user_test","",""
"Verify authenticated user can list all users","46","testListUsers","API Test Suite","Sat Mar 14 02:04:31 UTC 2026","passed","Sat Mar 14 02:04:31 UTC 2026","com.automationlab.tests.UserTest","API Tests","com.automationlab.tests.UserTest","testListUsers"
"Register link is visible when unauthenticated","10329","registerLinkIsVisibleWhenUnauthenticated","SQA Automation Lab — Selenium UI Suite","Sat Mar 14 02:16:41 UTC 2026","broken","Sat Mar 14 02:16:51 UTC 2026","com.sqa.ui.tests.NavigationTest","UI Tests","com.sqa.ui.tests.NavigationTest","registerLinkIsVisibleWhenUnauthenticated"
"","5267","pagination next button advances to page 2","chromium","Sat Mar 14 02:22:20 UTC 2026","failed","Sat Mar 14 02:22:26 UTC 2026","Products — Unauthenticated","products_test.spec.ts","",""
"Verify empty category filter returns all products","38","testListProductsEmptyCategoryFilter","API Test Suite","Sat Mar 14 02:04:33 UTC 2026","passed","Sat Mar 14 02:04:33 UTC 2026","com.automationlab.tests.ProductTest","API Tests","com.automationlab.tests.ProductTest","testListProductsEmptyCategoryFilter"
"","30079","search with no matches shows no products found message","chromium","Sat Mar 14 02:21:18 UTC 2026","broken","Sat Mar 14 02:21:48 UTC 2026","Products — Unauthenticated","products_test.spec.ts","",""
"","70","returns HTTP 200 when soft deleting own account","","Sat Mar 14 02:04:14 UTC 2026","passed","Sat Mar 14 02:04:14 UTC 2026","User Endpoints > DELETE /api/users/:id","user_test.spec.ts","",""
"Products link is visible","10350","productsLinkIsVisible","SQA Automation Lab — Selenium UI Suite","Sat Mar 14 02:16:08 UTC 2026","broken","Sat Mar 14 02:16:18 UTC 2026","com.sqa.ui.tests.NavigationTest","UI Tests","com.sqa.ui.tests.NavigationTest","productsLinkIsVisible"
"","2","test_regular_user_cannot_delete_product","tests","Sat Mar 14 02:04:12 UTC 2026","passed","Sat Mar 14 02:04:12 UTC 2026","TestDeleteProduct","products_test","",""
"**Risk:** Informational
**Confidence:** 3
**Instances:** 1

**Description:**
The given request has been identified as an authentication request. The 'Other Info' field contains a set of key=value lines which identify any relevant fields. If the request is in a context which has an Authentication Method set to ""Auto-Detect"" then this rule will change the authentication to match the request identified.

**Solution:**
This is an informational alert rather than a vulnerability and so there is nothing to fix.","0","Authentication Request Identified","","Sat Mar 14 02:05:18 UTC 2026","passed","Sat Mar 14 02:05:18 UTC 2026","","Security - ZAP API Scan","",""
"","5540","dashboard displays user role","chromium","Sat Mar 14 02:04:35 UTC 2026","failed","Sat Mar 14 02:04:41 UTC 2026","Dashboard — Authenticated","dashboard_test.spec.ts","",""
"","258","partial update — stock quantity — is supported","","Sat Mar 14 02:04:08 UTC 2026","passed","Sat Mar 14 02:04:09 UTC 2026","Product Endpoints > PUT /api/products/:id","products_test.spec.ts","",""
"","5277","product detail page displays product price","chromium","Sat Mar 14 02:17:48 UTC 2026","failed","Sat Mar 14 02:17:54 UTC 2026","Product Detail — Unauthenticated","product_detail_test.spec.ts","",""
"Verify create order fails with missing items","18","testCreateOrderMissingItems","API Test Suite","Sat Mar 14 02:04:35 UTC 2026","passed","Sat Mar 14 02:04:35 UTC 2026","com.automationlab.tests.OrderTest","API Tests","com.automationlab.tests.OrderTest","testCreateOrderMissingItems"
"Verify password is not included in user response","24","testGetUserDoesNotReturnPassword","API Test Suite","Sat Mar 14 02:04:30 UTC 2026","passed","Sat Mar 14 02:04:30 UTC 2026","com.automationlab.tests.UserTest","API Tests","com.automationlab.tests.UserTest","testGetUserDoesNotReturnPassword"
"Brand link navigates to products page","10329","brandLinkNavigatesToProductsPage","SQA Automation Lab — Selenium UI Suite","Sat Mar 14 02:14:40 UTC 2026","broken","Sat Mar 14 02:14:50 UTC 2026","com.sqa.ui.tests.NavigationTest","UI Tests","com.sqa.ui.tests.NavigationTest","brandLinkNavigatesToProductsPage"
"Cancel order with confirmation removes order from pending list — AUT Bug C","0","cancelOrderWithConfirmationRemovesOrderFromPendingList","SQA Automation Lab — Selenium UI Suite","Sat Mar 14 02:12:42 UTC 2026","skipped","Sat Mar 14 02:12:42 UTC 2026","com.sqa.ui.tests.OrdersTest","UI Tests","com.sqa.ui.tests.OrdersTest","cancelOrderWithConfirmationRemovesOrderFromPendingList"
"","4","test_update_nonexistent_product_returns_404","tests","Sat Mar 14 02:04:12 UTC 2026","passed","Sat Mar 14 02:04:12 UTC 2026","TestUpdateProduct","products_test","",""
"","1","test_list_orders_without_auth_returns_401","tests","Sat Mar 14 02:04:09 UTC 2026","passed","Sat Mar 14 02:04:09 UTC 2026","TestListOrders","orders_test","",""
"Verify health check works with GET method","39","testHealthEndpointGetMethod","API Test Suite","Sat Mar 14 02:04:25 UTC 2026","passed","Sat Mar 14 02:04:25 UTC 2026","com.automationlab.tests.HealthTest","API Tests","com.automationlab.tests.HealthTest","testHealthEndpointGetMethod"
"Verify create product fails with negative stock","12","testCreateProductNegativeStock","API Test Suite","Sat Mar 14 02:04:32 UTC 2026","passed","Sat Mar 14 02:04:32 UTC 2026","com.automationlab.tests.ProductTest","API Tests","com.automationlab.tests.ProductTest","testCreateProductNegativeStock"
"","5","returns HTTP 401 without token","","Sat Mar 14 02:03:55 UTC 2026","passed","Sat Mar 14 02:03:55 UTC 2026","Authentication Endpoints > POST /api/auth/logout","auth_test.spec.ts","",""
"","5267","sign in link navigates to login page","chromium","Sat Mar 14 02:25:14 UTC 2026","failed","Sat Mar 14 02:25:19 UTC 2026","Register","register_test.spec.ts","",""
"","38507","Step 3: Browse products","","Sat Mar 14 02:07:40 UTC 2026","passed","Sat Mar 14 02:08:19 UTC 2026","","k6 Performance Tests","",""
"","7","search parameter returns HTTP 200","","Sat Mar 14 02:04:05 UTC 2026","passed","Sat Mar 14 02:04:05 UTC 2026","Product Endpoints > GET /api/products","products_test.spec.ts","",""
"","186","dashboard link is not visible when unauthenticated","chromium","Sat Mar 14 02:10:42 UTC 2026","passed","Sat Mar 14 02:10:43 UTC 2026","Navigation — Unauthenticated","navigation_test.spec.ts","",""
"Orders that have progressed past pending cannot be cancelled.","24","test_cannot_cancel_non_pending_order","tests","Sat Mar 14 02:04:11 UTC 2026","passed","Sat Mar 14 02:04:11 UTC 2026","TestCancelOrder","orders_test","",""
"","15","returns HTTP 400 when password is missing","","Sat Mar 14 02:03:54 UTC 2026","passed","Sat Mar 14 02:03:54 UTC 2026","Authentication Endpoints > POST /api/auth/register","auth_test.spec.ts","",""
"","3","test_get_product_by_id","tests","Sat Mar 14 02:04:11 UTC 2026","passed","Sat Mar 14 02:04:11 UTC 2026","TestGetProduct","products_test","",""
"Verify password is not returned in registration response","120","testRegistrationDoesNotReturnPassword","API Test Suite","Sat Mar 14 02:04:27 UTC 2026","passed","Sat Mar 14 02:04:27 UTC 2026","com.automationlab.tests.AuthTest","API Tests","com.automationlab.tests.AuthTest","testRegistrationDoesNotReturnPassword"
"","5267","empty last name shows validation error","chromium","Sat Mar 14 02:24:41 UTC 2026","failed","Sat Mar 14 02:24:46 UTC 2026","Register","register_test.spec.ts","",""
"","3","test_admin_can_delete_product","tests","Sat Mar 14 02:04:12 UTC 2026","passed","Sat Mar 14 02:04:12 UTC 2026","TestDeleteProduct","products_test","",""
"Dashboard displays user name","653","dashboardDisplaysUserName","SQA Automation Lab — Selenium UI Suite","Sat Mar 14 02:13:17 UTC 2026","broken","Sat Mar 14 02:13:18 UTC 2026","com.sqa.ui.tests.DashboardTest","UI Tests","com.sqa.ui.tests.DashboardTest","dashboardDisplaysUserName"
"","30067","brand link navigates to products page","chromium","Sat Mar 14 02:10:43 UTC 2026","broken","Sat Mar 14 02:11:13 UTC 2026","Navigation — Unauthenticated","navigation_test.spec.ts","",""
"","251","admin can create a product and receives HTTP 201","","Sat Mar 14 02:04:06 UTC 2026","passed","Sat Mar 14 02:04:06 UTC 2026","Product Endpoints > POST /api/products","products_test.spec.ts","",""
"","3","test_create_order_without_items_returns_400","tests","Sat Mar 14 02:04:09 UTC 2026","passed","Sat Mar 14 02:04:09 UTC 2026","TestCreateOrder","orders_test","",""
"","311","admin can delete any user","","Sat Mar 14 02:04:14 UTC 2026","passed","Sat Mar 14 02:04:14 UTC 2026","User Endpoints > DELETE /api/users/:id","user_test.spec.ts","",""
"Invalid email format shows validation error — AUT Bug B","10545","invalidEmailFormatShowsValidationError","SQA Automation Lab — Selenium UI Suite","Sat Mar 14 02:07:39 UTC 2026","broken","Sat Mar 14 02:07:50 UTC 2026","com.sqa.ui.tests.RegisterTest","UI Tests","com.sqa.ui.tests.RegisterTest","invalidEmailFormatShowsValidationError"
"All returned products should be active.","5","test_list_products_only_returns_active","tests","Sat Mar 14 02:04:11 UTC 2026","passed","Sat Mar 14 02:04:11 UTC 2026","TestListProducts","products_test","",""
"","30076","sign out button clears session and redirects to login","chromium","Sat Mar 14 02:14:12 UTC 2026","broken","Sat Mar 14 02:14:42 UTC 2026","Navigation — Authenticated","navigation_test.spec.ts","",""
"","6","returns HTTP 400 when email is missing","","Sat Mar 14 02:03:55 UTC 2026","passed","Sat Mar 14 02:03:55 UTC 2026","Authentication Endpoints > POST /api/auth/login","auth_test.spec.ts","",""
"","2","test_health_includes_uptime","tests","Sat Mar 14 02:04:08 UTC 2026","passed","Sat Mar 14 02:04:08 UTC 2026","TestHealthEndpoint","health_test","",""
"","315","soft deleted user has is_active set to false","","Sat Mar 14 02:04:14 UTC 2026","passed","Sat Mar 14 02:04:14 UTC 2026","User Endpoints > DELETE /api/users/:id","user_test.spec.ts","",""
"","326","returns only the authenticated users own orders","","Sat Mar 14 02:03:58 UTC 2026","passed","Sat Mar 14 02:03:59 UTC 2026","Order Endpoints > GET /api/orders","orders_test.spec.ts","",""
"","39974","POST /api/auth/register","","Sat Mar 14 02:04:50 UTC 2026","passed","Sat Mar 14 02:05:30 UTC 2026","","k6 Performance Tests","",""
"","330","returns HTTP 403 for non-admin authenticated user","","Sat Mar 14 02:04:02 UTC 2026","passed","Sat Mar 14 02:04:02 UTC 2026","Order Endpoints > PATCH /api/orders/:id/status","orders_test.spec.ts","",""
"Unauthenticated access to orders redirects to login — AUT Bug A","0","unauthenticatedAccessToOrdersRedirectsToLogin","SQA Automation Lab — Selenium UI Suite","Sat Mar 14 02:13:06 UTC 2026","skipped","Sat Mar 14 02:13:06 UTC 2026","com.sqa.ui.tests.OrdersTest","UI Tests","com.sqa.ui.tests.OrdersTest","unauthenticatedAccessToOrdersRedirectsToLogin"
"","5269","empty email shows validation error","chromium","Sat Mar 14 02:24:48 UTC 2026","failed","Sat Mar 14 02:24:53 UTC 2026","Register","register_test.spec.ts","",""
"","5266","invalid email format shows validation error","chromium","Sat Mar 14 02:24:54 UTC 2026","failed","Sat Mar 14 02:24:59 UTC 2026","Register","register_test.spec.ts","",""
"Invalid product ID renders error state","379","invalidProductIdRendersErrorState","SQA Automation Lab — Selenium UI Suite","Sat Mar 14 02:12:07 UTC 2026","failed","Sat Mar 14 02:12:07 UTC 2026","com.sqa.ui.tests.ProductDetailTest","UI Tests","com.sqa.ui.tests.ProductDetailTest","invalidProductIdRendersErrorState"
"","5302","register page displays create account heading","chromium","Sat Mar 14 02:24:15 UTC 2026","failed","Sat Mar 14 02:24:20 UTC 2026","Register","register_test.spec.ts","",""
"","0","setUpOrders","SQA Automation Lab — Selenium UI Suite","Sat Mar 14 02:13:06 UTC 2026","broken","Sat Mar 14 02:13:06 UTC 2026","com.sqa.ui.tests.OrdersTest","UI Tests","com.sqa.ui.tests.OrdersTest","setUpOrders"
"","2","test_root_lists_available_endpoints","tests","Sat Mar 14 02:04:08 UTC 2026","passed","Sat Mar 14 02:04:08 UTC 2026","TestRootEndpoint","health_test","",""
"","433","stock is restored after order cancellation","","Sat Mar 14 02:04:03 UTC 2026","passed","Sat Mar 14 02:04:04 UTC 2026","Order Endpoints > DELETE /api/orders/:id","orders_test.spec.ts","",""
"Verify update product updates the updated_at timestamp","1050","testUpdateProductUpdatesTimestamp","API Test Suite","Sat Mar 14 02:04:33 UTC 2026","passed","Sat Mar 14 02:04:34 UTC 2026","com.automationlab.tests.ProductTest","API Tests","com.automationlab.tests.ProductTest","testUpdateProductUpdatesTimestamp"
"","73","pagination metadata contains expected fields","","Sat Mar 14 02:04:11 UTC 2026","passed","Sat Mar 14 02:04:11 UTC 2026","User Endpoints > GET /api/users","user_test.spec.ts","",""
"Verify cancel order fails without authentication","22","testCancelOrderNoAuth","API Test Suite","Sat Mar 14 02:04:35 UTC 2026","passed","Sat Mar 14 02:04:35 UTC 2026","com.automationlab.tests.OrderTest","API Tests","com.automationlab.tests.OrderTest","testCancelOrderNoAuth"
"Verify user cannot get another user's order","40","testGetOtherUserOrder","API Test Suite","Sat Mar 14 02:04:35 UTC 2026","passed","Sat Mar 14 02:04:35 UTC 2026","com.automationlab.tests.OrderTest","API Tests","com.automationlab.tests.OrderTest","testGetOtherUserOrder"
"","30072","sign in link navigates to login page","chromium","Sat Mar 14 02:11:45 UTC 2026","broken","Sat Mar 14 02:12:15 UTC 2026","Navigation — Unauthenticated","navigation_test.spec.ts","",""
"","322","total_amount is calculated correctly","","Sat Mar 14 02:03:57 UTC 2026","passed","Sat Mar 14 02:03:57 UTC 2026","Order Endpoints > POST /api/orders","orders_test.spec.ts","",""
"","5","content-type is application/json","","Sat Mar 14 02:03:56 UTC 2026","passed","Sat Mar 14 02:03:56 UTC 2026","Health Endpoints > GET /","health_test.spec.ts","",""
"Product detail page displays category","350","productDetailPageDisplaysCategory","SQA Automation Lab — Selenium UI Suite","Sat Mar 14 02:12:15 UTC 2026","failed","Sat Mar 14 02:12:15 UTC 2026","com.sqa.ui.tests.ProductDetailTest","UI Tests","com.sqa.ui.tests.ProductDetailTest","productDetailPageDisplaysCategory"
"","30077","back to products link navigates to products page","chromium","Sat Mar 14 02:18:08 UTC 2026","broken","Sat Mar 14 02:18:38 UTC 2026","Product Detail — Unauthenticated","product_detail_test.spec.ts","",""
"Verify users list supports pagination","65","testListUsersPagination","API Test Suite","Sat Mar 14 02:04:30 UTC 2026","passed","Sat Mar 14 02:04:30 UTC 2026","com.automationlab.tests.UserTest","API Tests","com.automationlab.tests.UserTest","testListUsersPagination"
"Verify order calculates correct total amount","23","testOrderCalculatesTotalAmount","API Test Suite","Sat Mar 14 02:04:35 UTC 2026","passed","Sat Mar 14 02:04:35 UTC 2026","com.automationlab.tests.OrderTest","API Tests","com.automationlab.tests.OrderTest","testOrderCalculatesTotalAmount"
"","325","admin can update order status and receives HTTP 200","","Sat Mar 14 02:04:01 UTC 2026","passed","Sat Mar 14 02:04:01 UTC 2026","Order Endpoints > PATCH /api/orders/:id/status","orders_test.spec.ts","",""
"","326","returns HTTP 401 without token","","Sat Mar 14 02:04:02 UTC 2026","passed","Sat Mar 14 02:04:03 UTC 2026","Order Endpoints > PATCH /api/orders/:id/status","orders_test.spec.ts","",""
"","71","returns HTTP 201 with minimum required fields — email and password only","","Sat Mar 14 02:03:54 UTC 2026","passed","Sat Mar 14 02:03:55 UTC 2026","Authentication Endpoints > POST /api/auth/register","auth_test.spec.ts","",""
"Order quantity exceeding available stock should fail.","8","test_create_order_exceeding_stock_returns_400","tests","Sat Mar 14 02:04:09 UTC 2026","passed","Sat Mar 14 02:04:09 UTC 2026","TestCreateOrder","orders_test","",""
"Sign out clears session and redirects to login","10596","signOutClearsSessionAndRedirectsToLogin","SQA Automation Lab — Selenium UI Suite","Sat Mar 14 02:14:07 UTC 2026","broken","Sat Mar 14 02:14:18 UTC 2026","com.sqa.ui.tests.DashboardTest","UI Tests","com.sqa.ui.tests.DashboardTest","signOutClearsSessionAndRedirectsToLogin"
"Verify login fails with incorrect password","292","testLoginIncorrectPassword","API Test Suite","Sat Mar 14 02:04:26 UTC 2026","passed","Sat Mar 14 02:04:27 UTC 2026","com.automationlab.tests.AuthTest","API Tests","com.automationlab.tests.AuthTest","testLoginIncorrectPassword"
"","30071","authenticated user can set quantity before ordering","chromium","Sat Mar 14 02:19:24 UTC 2026","broken","Sat Mar 14 02:19:54 UTC 2026","Product Detail — Authenticated","product_detail_test.spec.ts","",""
"","2","test_root_returns_app_info","tests","Sat Mar 14 02:04:08 UTC 2026","passed","Sat Mar 14 02:04:08 UTC 2026","TestRootEndpoint","health_test","",""
"","137","returns HTTP 403 or 404 when updating another users data","","Sat Mar 14 02:04:13 UTC 2026","passed","Sat Mar 14 02:04:14 UTC 2026","User Endpoints > PUT /api/users/:id","user_test.spec.ts","",""
"","3","test_list_users_excludes_passwords","tests","Sat Mar 14 02:04:12 UTC 2026","passed","Sat Mar 14 02:04:12 UTC 2026","TestListUsers","user_test","",""
"","5275","product detail page displays product name","chromium","Sat Mar 14 02:17:42 UTC 2026","failed","Sat Mar 14 02:17:47 UTC 2026","Product Detail — Unauthenticated","product_detail_test.spec.ts","",""
"Verify health endpoint returns healthy status","105","testHealthEndpoint","API Test Suite","Sat Mar 14 02:04:25 UTC 2026","passed","Sat Mar 14 02:04:26 UTC 2026","com.automationlab.tests.HealthTest","API Tests","com.automationlab.tests.HealthTest","testHealthEndpoint"
"Pagination next button advances to page 2","0","paginationNextButtonAdvancesToPage2","SQA Automation Lab — Selenium UI Suite","Sat Mar 14 02:12:54 UTC 2026","skipped","Sat Mar 14 02:12:54 UTC 2026","com.sqa.ui.tests.OrdersTest","UI Tests","com.sqa.ui.tests.OrdersTest","paginationNextButtonAdvancesToPage2"
"","6","test_list_users_page_navigation","tests","Sat Mar 14 02:04:12 UTC 2026","passed","Sat Mar 14 02:04:12 UTC 2026","TestListUsers","user_test","",""
"Orders link navigates to orders page","10638","ordersLinkNavigatesToOrdersPage","SQA Automation Lab — Selenium UI Suite","Sat Mar 14 02:15:57 UTC 2026","broken","Sat Mar 14 02:16:07 UTC 2026","com.sqa.ui.tests.NavigationTest","UI Tests","com.sqa.ui.tests.NavigationTest","ordersLinkNavigatesToOrdersPage"
"Verify admin can update order status","23","testUpdateOrderStatus","API Test Suite","Sat Mar 14 02:04:36 UTC 2026","passed","Sat Mar 14 02:04:36 UTC 2026","com.automationlab.tests.OrderTest","API Tests","com.automationlab.tests.OrderTest","testUpdateOrderStatus"
"","3","test_list_products_returns_paginated_results","tests","Sat Mar 14 02:04:11 UTC 2026","passed","Sat Mar 14 02:04:11 UTC 2026","TestListProducts","products_test","",""
"","73","limit parameter is respected","","Sat Mar 14 02:04:11 UTC 2026","passed","Sat Mar 14 02:04:11 UTC 2026","User Endpoints > GET /api/users","user_test.spec.ts","",""
"","3","test_user_can_delete_own_account","tests","Sat Mar 14 02:04:13 UTC 2026","passed","Sat Mar 14 02:04:13 UTC 2026","TestDeleteUser","user_test","",""
"","7","test_regular_user_cannot_update_status","tests","Sat Mar 14 02:04:10 UTC 2026","passed","Sat Mar 14 02:04:10 UTC 2026","TestUpdateOrderStatus","orders_test","",""
"","10","test_user_can_cancel_pending_order","tests","Sat Mar 14 02:04:11 UTC 2026","passed","Sat Mar 14 02:04:11 UTC 2026","TestCancelOrder","orders_test","",""
"Verify authenticated user can create an order","64","testCreateOrder","API Test Suite","Sat Mar 14 02:04:36 UTC 2026","passed","Sat Mar 14 02:04:36 UTC 2026","com.automationlab.tests.OrderTest","API Tests","com.automationlab.tests.OrderTest","testCreateOrder"
"","38166","GET /api/orders","","Sat Mar 14 02:06:57 UTC 2026","passed","Sat Mar 14 02:07:35 UTC 2026","","k6 Performance Tests","",""
"","330","returns HTTP 201 on successful order creation","","Sat Mar 14 02:03:56 UTC 2026","passed","Sat Mar 14 02:03:56 UTC 2026","Order Endpoints > POST /api/orders","orders_test.spec.ts","",""
"Verify list users fails without authentication","15","testListUsersNoAuth","API Test Suite","Sat Mar 14 02:04:30 UTC 2026","passed","Sat Mar 14 02:04:30 UTC 2026","com.automationlab.tests.UserTest","API Tests","com.automationlab.tests.UserTest","testListUsersNoAuth"
"Stock should decrease after order creation.","8","test_create_order_reduces_stock","tests","Sat Mar 14 02:04:08 UTC 2026","passed","Sat Mar 14 02:04:08 UTC 2026","TestCreateOrder","orders_test","",""
"","38067","PUT /api/products/:id","","Sat Mar 14 02:06:17 UTC 2026","passed","Sat Mar 14 02:06:55 UTC 2026","","k6 Performance Tests","",""
"","5280","product detail page displays stock status","chromium","Sat Mar 14 02:18:02 UTC 2026","failed","Sat Mar 14 02:18:07 UTC 2026","Product Detail — Unauthenticated","product_detail_test.spec.ts","",""
"Verify products list supports pagination","56","testListProductsPagination","API Test Suite","Sat Mar 14 02:04:33 UTC 2026","passed","Sat Mar 14 02:04:33 UTC 2026","com.automationlab.tests.ProductTest","API Tests","com.automationlab.tests.ProductTest","testListProductsPagination"
"Verify pagination returns correct total count","57","testListUsersPaginationTotalCount","API Test Suite","Sat Mar 14 02:04:30 UTC 2026","passed","Sat Mar 14 02:04:30 UTC 2026","com.automationlab.tests.UserTest","API Tests","com.automationlab.tests.UserTest","testListUsersPaginationTotalCount"
"Verify multiple consecutive health checks return consistent status","271","testHealthEndpointConsistency","API Test Suite","Sat Mar 14 02:04:25 UTC 2026","passed","Sat Mar 14 02:04:25 UTC 2026","com.automationlab.tests.HealthTest","API Tests","com.automationlab.tests.HealthTest","testHealthEndpointConsistency"
"","39115","GET /","","Sat Mar 14 02:04:10 UTC 2026","passed","Sat Mar 14 02:04:49 UTC 2026","","k6 Performance Tests","",""
"","3","test_filter_with_no_results","tests","Sat Mar 14 02:04:11 UTC 2026","passed","Sat Mar 14 02:04:11 UTC 2026","TestFilterProducts","products_test","",""
"","3","test_admin_can_update_any_user","tests","Sat Mar 14 02:04:12 UTC 2026","passed","Sat Mar 14 02:04:12 UTC 2026","TestUpdateUser","user_test","",""
"","328","returns HTTP 200 for own order","","Sat Mar 14 02:03:59 UTC 2026","passed","Sat Mar 14 02:03:59 UTC 2026","Order Endpoints > GET /api/orders/:id","orders_test.spec.ts","",""
"","250","returns HTTP 401 without token","","Sat Mar 14 02:04:10 UTC 2026","passed","Sat Mar 14 02:04:10 UTC 2026","Product Endpoints > PUT /api/products/:id","products_test.spec.ts","",""
"Verify health endpoint response time is acceptable","53","testHealthEndpointResponseTime","API Test Suite","Sat Mar 14 02:04:25 UTC 2026","passed","Sat Mar 14 02:04:25 UTC 2026","com.automationlab.tests.HealthTest","API Tests","com.automationlab.tests.HealthTest","testHealthEndpointResponseTime"
"","4","test_list_users_respects_limit","tests","Sat Mar 14 02:04:12 UTC 2026","passed","Sat Mar 14 02:04:12 UTC 2026","TestListUsers","user_test","",""
"","30024","Product Tests","","Sat Mar 14 02:06:00 UTC 2026","passed","Sat Mar 14 02:06:30 UTC 2026","","JMeter Performance Tests","",""
"Verify products can be filtered by category","45","testListProductsByCategory","API Test Suite","Sat Mar 14 02:04:33 UTC 2026","passed","Sat Mar 14 02:04:33 UTC 2026","com.automationlab.tests.ProductTest","API Tests","com.automationlab.tests.ProductTest","testListProductsByCategory"
"Verify update user updates the updated_at timestamp","1076","testUpdateUserUpdatesTimestamp","API Test Suite","Sat Mar 14 02:04:30 UTC 2026","passed","Sat Mar 14 02:04:31 UTC 2026","com.automationlab.tests.UserTest","API Tests","com.automationlab.tests.UserTest","testUpdateUserUpdatesTimestamp"
"","6","returns HTTP 200","","Sat Mar 14 02:03:55 UTC 2026","passed","Sat Mar 14 02:03:55 UTC 2026","Health Endpoints > GET /health","health_test.spec.ts","",""
"Register link navigates to register page","10351","registerLinkNavigatesToRegisterPage","SQA Automation Lab — Selenium UI Suite","Sat Mar 14 02:16:52 UTC 2026","broken","Sat Mar 14 02:17:02 UTC 2026","com.sqa.ui.tests.NavigationTest","UI Tests","com.sqa.ui.tests.NavigationTest","registerLinkNavigatesToRegisterPage"
"","7","status field value is ok","","Sat Mar 14 02:03:56 UTC 2026","passed","Sat Mar 14 02:03:56 UTC 2026","Health Endpoints > GET /health","health_test.spec.ts","",""
"","5","returns HTTP 401 without token","","Sat Mar 14 02:04:00 UTC 2026","passed","Sat Mar 14 02:04:00 UTC 2026","Order Endpoints > GET /api/orders/:id","orders_test.spec.ts","",""
"","2","test_create_product_with_negative_stock_returns_400","tests","Sat Mar 14 02:04:11 UTC 2026","passed","Sat Mar 14 02:04:11 UTC 2026","TestCreateProduct","products_test","",""
"","5564","orders page displays order cards","chromium","Sat Mar 14 02:14:51 UTC 2026","failed","Sat Mar 14 02:14:56 UTC 2026","Orders","orders_test.spec.ts","",""
"","30088","all status filter options are selectable","chromium","Sat Mar 14 02:17:10 UTC 2026","broken","Sat Mar 14 02:17:41 UTC 2026","Orders","orders_test.spec.ts","",""
"Create an order as admin, verify another user can't see it.","73","test_user_cannot_view_other_users_order","tests","Sat Mar 14 02:04:10 UTC 2026","passed","Sat Mar 14 02:04:10 UTC 2026","TestGetOrder","orders_test","",""
"","2","test_get_user_invalid_id_returns_400","tests","Sat Mar 14 02:04:12 UTC 2026","passed","Sat Mar 14 02:04:12 UTC 2026","TestGetUser","user_test","",""
"","2","test_regular_user_cannot_update_product","tests","Sat Mar 14 02:04:12 UTC 2026","passed","Sat Mar 14 02:04:12 UTC 2026","TestUpdateProduct","products_test","",""
"","2","test_list_users_invalid_page_returns_400","tests","Sat Mar 14 02:04:12 UTC 2026","passed","Sat Mar 14 02:04:12 UTC 2026","TestListUsers","user_test","",""
"Verify users list only returns active users","96","testListOnlyActiveUsers","API Test Suite","Sat Mar 14 02:04:30 UTC 2026","passed","Sat Mar 14 02:04:30 UTC 2026","com.automationlab.tests.UserTest","API Tests","com.automationlab.tests.UserTest","testListOnlyActiveUsers"
"","5","returns HTTP 401 without token","","Sat Mar 14 02:03:59 UTC 2026","passed","Sat Mar 14 02:03:59 UTC 2026","Order Endpoints > GET /api/orders","orders_test.spec.ts","",""
"","38066","DELETE /api/products/:id","","Sat Mar 14 02:06:17 UTC 2026","passed","Sat Mar 14 02:06:56 UTC 2026","","k6 Performance Tests","",""
"","186","sign out button is not visible when unauthenticated","chromium","Sat Mar 14 02:10:43 UTC 2026","passed","Sat Mar 14 02:10:43 UTC 2026","Navigation — Unauthenticated","navigation_test.spec.ts","",""
"","6","returns HTTP 404 for non-existent product","","Sat Mar 14 02:04:06 UTC 2026","passed","Sat Mar 14 02:04:06 UTC 2026","Product Endpoints > GET /api/products/:id","products_test.spec.ts","",""
"","5267","brand link is visible","chromium","Sat Mar 14 02:10:16 UTC 2026","failed","Sat Mar 14 02:10:21 UTC 2026","Navigation — Unauthenticated","navigation_test.spec.ts","",""
"","4","test_get_current_user","tests","Sat Mar 14 02:04:07 UTC 2026","passed","Sat Mar 14 02:04:07 UTC 2026","TestCurrentUser","auth_test","",""
"Filter orders by status parameter.","4","test_filter_orders_by_status","tests","Sat Mar 14 02:04:09 UTC 2026","passed","Sat Mar 14 02:04:09 UTC 2026","TestListOrders","orders_test","",""
"Save with valid names updates profile and shows success message","10586","saveWithValidNamesUpdatesProfileAndShowsSuccessMessage","SQA Automation Lab — Selenium UI Suite","Sat Mar 14 02:13:56 UTC 2026","broken","Sat Mar 14 02:14:07 UTC 2026","com.sqa.ui.tests.DashboardTest","UI Tests","com.sqa.ui.tests.DashboardTest","saveWithValidNamesUpdatesProfileAndShowsSuccessMessage"
"","5268","password shorter than 6 characters shows validation error","chromium","Sat Mar 14 02:25:01 UTC 2026","failed","Sat Mar 14 02:25:06 UTC 2026","Register","register_test.spec.ts","",""
"Verify admin can retrieve any user","31","testAdminGetAnyUser","API Test Suite","Sat Mar 14 02:04:29 UTC 2026","passed","Sat Mar 14 02:04:29 UTC 2026","com.automationlab.tests.UserTest","API Tests","com.automationlab.tests.UserTest","testAdminGetAnyUser"
"","74","returns HTTP 200 with valid token","","Sat Mar 14 02:03:55 UTC 2026","passed","Sat Mar 14 02:03:55 UTC 2026","Authentication Endpoints > POST /api/auth/logout","auth_test.spec.ts","",""
"","3","test_register_with_empty_body_returns_400","tests","Sat Mar 14 02:04:07 UTC 2026","passed","Sat Mar 14 02:04:07 UTC 2026","TestRegistration","auth_test","",""
"","355","response body conforms to order schema","","Sat Mar 14 02:04:00 UTC 2026","passed","Sat Mar 14 02:04:00 UTC 2026","Order Endpoints > GET /api/orders/:id","orders_test.spec.ts","",""
"Verify new order has default pending status","29","testCreateOrderDefaultStatus","API Test Suite","Sat Mar 14 02:04:35 UTC 2026","passed","Sat Mar 14 02:04:35 UTC 2026","com.automationlab.tests.OrderTest","API Tests","com.automationlab.tests.OrderTest","testCreateOrderDefaultStatus"
"","13","page navigation does not return overlapping results","","Sat Mar 14 02:04:05 UTC 2026","passed","Sat Mar 14 02:04:05 UTC 2026","Product Endpoints > GET /api/products","products_test.spec.ts","",""
"Verify update order status fails without authentication","12","testUpdateOrderStatusNoAuth","API Test Suite","Sat Mar 14 02:04:36 UTC 2026","passed","Sat Mar 14 02:04:36 UTC 2026","com.automationlab.tests.OrderTest","API Tests","com.automationlab.tests.OrderTest","testUpdateOrderStatusNoAuth"
"Verify user can update their own profile","32","testUpdateOwnUser","API Test Suite","Sat Mar 14 02:04:30 UTC 2026","passed","Sat Mar 14 02:04:30 UTC 2026","com.automationlab.tests.UserTest","API Tests","com.automationlab.tests.UserTest","testUpdateOwnUser"
"","2","test_list_users_without_auth_returns_401","tests","Sat Mar 14 02:04:12 UTC 2026","passed","Sat Mar 14 02:04:12 UTC 2026","TestListUsers","user_test","",""
"Verify authenticated user can logout","19","testLogout","API Test Suite","Sat Mar 14 02:04:27 UTC 2026","passed","Sat Mar 14 02:04:27 UTC 2026","com.automationlab.tests.AuthTest","API Tests","com.automationlab.tests.AuthTest","testLogout"
"Orders link is not visible when unauthenticated","10352","ordersLinkIsNotVisibleWhenUnauthenticated","SQA Automation Lab — Selenium UI Suite","Sat Mar 14 02:15:35 UTC 2026","broken","Sat Mar 14 02:15:45 UTC 2026","com.sqa.ui.tests.NavigationTest","UI Tests","com.sqa.ui.tests.NavigationTest","ordersLinkIsNotVisibleWhenUnauthenticated"
"Unauthenticated access to dashboard redirects to login","10168","unauthenticatedAccessRedirectsToLogin","SQA Automation Lab — Selenium UI Suite","Sat Mar 14 02:14:18 UTC 2026","broken","Sat Mar 14 02:14:28 UTC 2026","com.sqa.ui.tests.DashboardTest","UI Tests","com.sqa.ui.tests.DashboardTest","unauthenticatedAccessRedirectsToLogin"
"","5270","empty first name shows validation error","chromium","Sat Mar 14 02:24:35 UTC 2026","failed","Sat Mar 14 02:24:40 UTC 2026","Register","register_test.spec.ts","",""
"","30075","wrong password stays on login page","chromium","Sat Mar 14 02:08:04 UTC 2026","broken","Sat Mar 14 02:08:34 UTC 2026","Login","login_test.spec.ts","",""
"","5","test_filter_returns_metadata","tests","Sat Mar 14 02:04:11 UTC 2026","passed","Sat Mar 14 02:04:11 UTC 2026","TestFilterProducts","products_test","",""
"","133","returns HTTP 401 for wrong password","","Sat Mar 14 02:03:55 UTC 2026","passed","Sat Mar 14 02:03:55 UTC 2026","Authentication Endpoints > POST /api/auth/login","auth_test.spec.ts","",""
"","9","pagination metadata contains expected fields","","Sat Mar 14 02:04:05 UTC 2026","passed","Sat Mar 14 02:04:05 UTC 2026","Product Endpoints > GET /api/products","products_test.spec.ts","",""
"","39242","GET /api/users/:id - unauthorized (different user)","","Sat Mar 14 02:05:34 UTC 2026","passed","Sat Mar 14 02:06:13 UTC 2026","","k6 Performance Tests","",""
"Authenticated user visiting login page is redirected to products — AUT Bug D","11178","authenticatedUserVisitingLoginIsRedirectedToProducts","SQA Automation Lab — Selenium UI Suite","Sat Mar 14 02:04:26 UTC 2026","broken","Sat Mar 14 02:04:37 UTC 2026","com.sqa.ui.tests.LoginTest","UI Tests","com.sqa.ui.tests.LoginTest","authenticatedUserVisitingLoginIsRedirectedToProducts"
"","39240","DELETE /api/users/:id","","Sat Mar 14 02:05:35 UTC 2026","passed","Sat Mar 14 02:06:14 UTC 2026","","k6 Performance Tests","",""
"Dashboard page displays heading","812","dashboardPageDisplaysHeading","SQA Automation Lab — Selenium UI Suite","Sat Mar 14 02:13:25 UTC 2026","broken","Sat Mar 14 02:13:26 UTC 2026","com.sqa.ui.tests.DashboardTest","UI Tests","com.sqa.ui.tests.DashboardTest","dashboardPageDisplaysHeading"
"","30144","Auth Tests","","Sat Mar 14 02:04:50 UTC 2026","passed","Sat Mar 14 02:05:20 UTC 2026","","JMeter Performance Tests","",""
"Verify user can list their own orders","38","testListUserOrders","API Test Suite","Sat Mar 14 02:04:35 UTC 2026","passed","Sat Mar 14 02:04:35 UTC 2026","com.automationlab.tests.OrderTest","API Tests","com.automationlab.tests.OrderTest","testListUserOrders"
"Verify default pagination limit","42","testListUsersDefaultPaginationLimit","API Test Suite","Sat Mar 14 02:04:30 UTC 2026","passed","Sat Mar 14 02:04:30 UTC 2026","com.automationlab.tests.UserTest","API Tests","com.automationlab.tests.UserTest","testListUsersDefaultPaginationLimit"
"","75","response contains orders array and pagination object","","Sat Mar 14 02:03:58 UTC 2026","passed","Sat Mar 14 02:03:58 UTC 2026","Order Endpoints > GET /api/orders","orders_test.spec.ts","",""
"","7","environment field is a non-empty string","","Sat Mar 14 02:03:56 UTC 2026","passed","Sat Mar 14 02:03:56 UTC 2026","Health Endpoints > GET /health","health_test.spec.ts","",""
"Verify create product fails without authentication","12","testCreateProductNoAuth","API Test Suite","Sat Mar 14 02:04:32 UTC 2026","passed","Sat Mar 14 02:04:32 UTC 2026","com.automationlab.tests.ProductTest","API Tests","com.automationlab.tests.ProductTest","testCreateProductNoAuth"
"","71","returns correct user data for own user","","Sat Mar 14 02:04:12 UTC 2026","passed","Sat Mar 14 02:04:12 UTC 2026","User Endpoints > GET /api/users/:id","user_test.spec.ts","",""
"","30068","authenticated user can navigate to product detail","chromium","Sat Mar 14 02:23:43 UTC 2026","broken","Sat Mar 14 02:24:14 UTC 2026","Products — Authenticated","products_test.spec.ts","",""
"Authenticated user can place order successfully","591","authenticatedUserCanPlaceOrderSuccessfully","SQA Automation Lab — Selenium UI Suite","Sat Mar 14 02:11:45 UTC 2026","broken","Sat Mar 14 02:11:46 UTC 2026","com.sqa.ui.tests.ProductDetailTest","UI Tests","com.sqa.ui.tests.ProductDetailTest","authenticatedUserCanPlaceOrderSuccessfully"
"","30092","valid credentials redirect to products page","chromium","Sat Mar 14 02:05:27 UTC 2026","broken","Sat Mar 14 02:05:57 UTC 2026","Login","login_test.spec.ts","",""
"","6","response body contains message field","","Sat Mar 14 02:03:56 UTC 2026","passed","Sat Mar 14 02:03:56 UTC 2026","Health Endpoints > GET /","health_test.spec.ts","",""
"Authenticated user can view products page","855","authenticatedUserCanViewProductsPage","SQA Automation Lab — Selenium UI Suite","Sat Mar 14 02:09:05 UTC 2026","broken","Sat Mar 14 02:09:06 UTC 2026","com.sqa.ui.tests.ProductsTest","UI Tests","com.sqa.ui.tests.ProductsTest","authenticatedUserCanViewProductsPage"
"","5","returns HTTP 401 without token","","Sat Mar 14 02:04:12 UTC 2026","passed","Sat Mar 14 02:04:12 UTC 2026","User Endpoints > GET /api/users","user_test.spec.ts","",""
"","3","test_delete_nonexistent_product_returns_404","tests","Sat Mar 14 02:04:12 UTC 2026","passed","Sat Mar 14 02:04:12 UTC 2026","TestDeleteProduct","products_test","",""
"","5562","dashboard displays user email","chromium","Sat Mar 14 02:04:28 UTC 2026","failed","Sat Mar 14 02:04:34 UTC 2026","Dashboard — Authenticated","dashboard_test.spec.ts","",""
"","391","returns HTTP 403 for another users order","","Sat Mar 14 02:04:00 UTC 2026","passed","Sat Mar 14 02:04:01 UTC 2026","Order Endpoints > GET /api/orders/:id","orders_test.spec.ts","",""
"Verify get order fails without authentication","12","testGetOrderNoAuth","API Test Suite","Sat Mar 14 02:04:35 UTC 2026","passed","Sat Mar 14 02:04:35 UTC 2026","com.automationlab.tests.OrderTest","API Tests","com.automationlab.tests.OrderTest","testGetOrderNoAuth"
"","1","setup","","Sat Mar 14 02:06:56 UTC 2026","passed","Sat Mar 14 02:06:56 UTC 2026","","k6 Performance Tests","",""
"ILIKE search should be case-insensitive.","9","test_search_is_case_insensitive","tests","Sat Mar 14 02:04:11 UTC 2026","passed","Sat Mar 14 02:04:11 UTC 2026","TestFilterProducts","products_test","",""
"","133","response body conforms to auth response schema","","Sat Mar 14 02:03:55 UTC 2026","passed","Sat Mar 14 02:03:55 UTC 2026","Authentication Endpoints > POST /api/auth/login","auth_test.spec.ts","",""
"","2","test_get_current_user_without_token_returns_401","tests","Sat Mar 14 02:04:07 UTC 2026","passed","Sat Mar 14 02:04:07 UTC 2026","TestCurrentUser","auth_test","",""
"","74","returns HTTP 200 with authentication","","Sat Mar 14 02:04:05 UTC 2026","passed","Sat Mar 14 02:04:05 UTC 2026","Product Endpoints > GET /api/products","products_test.spec.ts","",""
"","549","sign in link is not visible when authenticated","chromium","Sat Mar 14 02:13:09 UTC 2026","passed","Sat Mar 14 02:13:09 UTC 2026","Navigation — Authenticated","navigation_test.spec.ts","",""
"","5278","valid registration redirects to dashboard page","chromium","Sat Mar 14 02:24:21 UTC 2026","failed","Sat Mar 14 02:24:27 UTC 2026","Register","register_test.spec.ts","",""
"","30087","sign out button clears session and redirects to login","chromium","Sat Mar 14 02:04:49 UTC 2026","broken","Sat Mar 14 02:05:19 UTC 2026","Dashboard — Authenticated","dashboard_test.spec.ts","",""
"","38507","Step 4: View product detail","","Sat Mar 14 02:07:41 UTC 2026","passed","Sat Mar 14 02:08:20 UTC 2026","","k6 Performance Tests","",""
"","6","returns HTTP 401 without token","","Sat Mar 14 02:03:55 UTC 2026","passed","Sat Mar 14 02:03:55 UTC 2026","Authentication Endpoints > GET /api/auth/me","auth_test.spec.ts","",""
"","61","test_login_with_valid_credentials","tests","Sat Mar 14 02:04:07 UTC 2026","passed","Sat Mar 14 02:04:07 UTC 2026","TestLogin","auth_test","",""
"Verify created product returns ID","35","testCreateProductReturnsId","API Test Suite","Sat Mar 14 02:04:32 UTC 2026","passed","Sat Mar 14 02:04:32 UTC 2026","com.automationlab.tests.ProductTest","API Tests","com.automationlab.tests.ProductTest","testCreateProductReturnsId"
"","39920","GET /api/auth/me","","Sat Mar 14 02:04:52 UTC 2026","passed","Sat Mar 14 02:05:32 UTC 2026","","k6 Performance Tests","",""
"","39114","GET /health","","Sat Mar 14 02:04:10 UTC 2026","passed","Sat Mar 14 02:04:49 UTC 2026","","k6 Performance Tests","",""
"Verify update product fails without authentication","12","testUpdateProductNoAuth","API Test Suite","Sat Mar 14 02:04:33 UTC 2026","passed","Sat Mar 14 02:04:33 UTC 2026","com.automationlab.tests.ProductTest","API Tests","com.automationlab.tests.ProductTest","testUpdateProductNoAuth"
"Status filter cancelled shows filtered results or empty state — AUT Bug C","0","statusFilterCancelledShowsFilteredResultsOrEmptyState","SQA Automation Lab — Selenium UI Suite","Sat Mar 14 02:12:58 UTC 2026","skipped","Sat Mar 14 02:12:58 UTC 2026","com.sqa.ui.tests.OrdersTest","UI Tests","com.sqa.ui.tests.OrdersTest","statusFilterCancelledShowsFilteredResultsOrEmptyState"
"","30073","register link navigates to register page","chromium","Sat Mar 14 02:09:07 UTC 2026","broken","Sat Mar 14 02:09:37 UTC 2026","Login","login_test.spec.ts","",""
"","8","test_admin_can_update_status_to_delivered","tests","Sat Mar 14 02:04:10 UTC 2026","passed","Sat Mar 14 02:04:10 UTC 2026","TestUpdateOrderStatus","orders_test","",""
"","252","response contains created product data","","Sat Mar 14 02:04:06 UTC 2026","passed","Sat Mar 14 02:04:06 UTC 2026","Product Endpoints > POST /api/products","products_test.spec.ts","",""
"Verify get non-existent product returns 404","14","testGetNonExistentProduct","API Test Suite","Sat Mar 14 02:04:32 UTC 2026","passed","Sat Mar 14 02:04:32 UTC 2026","com.automationlab.tests.ProductTest","API Tests","com.automationlab.tests.ProductTest","testGetNonExistentProduct"
"Verify registration succeeds without first name (optional field)","108","testRegistrationMissingFirstName","API Test Suite","Sat Mar 14 02:04:27 UTC 2026","passed","Sat Mar 14 02:04:27 UTC 2026","com.automationlab.tests.AuthTest","API Tests","com.automationlab.tests.AuthTest","testRegistrationMissingFirstName"
"Verify order response includes timestamps","36","testGetOrderIncludesTimestamps","API Test Suite","Sat Mar 14 02:04:35 UTC 2026","passed","Sat Mar 14 02:04:35 UTC 2026","com.automationlab.tests.OrderTest","API Tests","com.automationlab.tests.OrderTest","testGetOrderIncludesTimestamps"
"Dashboard displays user role","709","dashboardDisplaysUserRole","SQA Automation Lab — Selenium UI Suite","Sat Mar 14 02:13:21 UTC 2026","broken","Sat Mar 14 02:13:22 UTC 2026","com.sqa.ui.tests.DashboardTest","UI Tests","com.sqa.ui.tests.DashboardTest","dashboardDisplaysUserRole"
"","3","test_register_without_password_returns_400","tests","Sat Mar 14 02:04:07 UTC 2026","passed","Sat Mar 14 02:04:07 UTC 2026","TestRegistration","auth_test","",""
"","30071","pagination prev button returns to page 1","chromium","Sat Mar 14 02:22:27 UTC 2026","broken","Sat Mar 14 02:22:57 UTC 2026","Products — Unauthenticated","products_test.spec.ts","",""
"","5551","orders link is visible when authenticated","chromium","Sat Mar 14 02:12:48 UTC 2026","failed","Sat Mar 14 02:12:54 UTC 2026","Navigation — Authenticated","navigation_test.spec.ts","",""
"Empty password shows validation error","10599","emptyPasswordShowsValidationError","SQA Automation Lab — Selenium UI Suite","Sat Mar 14 02:04:54 UTC 2026","broken","Sat Mar 14 02:05:05 UTC 2026","com.sqa.ui.tests.LoginTest","UI Tests","com.sqa.ui.tests.LoginTest","emptyPasswordShowsValidationError"
"Pagination next button advances to page 2 — AUT Bug E","10498","paginationNextButtonAdvancesToPage2","SQA Automation Lab — Selenium UI Suite","Sat Mar 14 02:09:41 UTC 2026","broken","Sat Mar 14 02:09:51 UTC 2026","com.sqa.ui.tests.ProductsTest","UI Tests","com.sqa.ui.tests.ProductsTest","paginationNextButtonAdvancesToPage2"
"Products page displays heading","10477","productsPageDisplaysHeading","SQA Automation Lab — Selenium UI Suite","Sat Mar 14 02:10:21 UTC 2026","broken","Sat Mar 14 02:10:32 UTC 2026","com.sqa.ui.tests.ProductsTest","UI Tests","com.sqa.ui.tests.ProductsTest","productsPageDisplaysHeading"
"","248","returns HTTP 404 for non-existent user","","Sat Mar 14 02:04:12 UTC 2026","passed","Sat Mar 14 02:04:12 UTC 2026","User Endpoints > GET /api/users/:id","user_test.spec.ts","",""
"","30084","status filter pending shows only pending orders","chromium","Sat Mar 14 02:14:57 UTC 2026","broken","Sat Mar 14 02:15:28 UTC 2026","Orders","orders_test.spec.ts","",""
"Verify login fails with missing password","29","testLoginMissingPassword","API Test Suite","Sat Mar 14 02:04:27 UTC 2026","passed","Sat Mar 14 02:04:27 UTC 2026","com.automationlab.tests.AuthTest","API Tests","com.automationlab.tests.AuthTest","testLoginMissingPassword"
"","2","test_list_users_limit_exceeds_max_returns_400","tests","Sat Mar 14 02:04:12 UTC 2026","passed","Sat Mar 14 02:04:12 UTC 2026","TestListUsers","user_test","",""
"Verify non-admin cannot create product","11","testCreateProductNonAdmin","API Test Suite","Sat Mar 14 02:04:32 UTC 2026","passed","Sat Mar 14 02:04:32 UTC 2026","com.automationlab.tests.ProductTest","API Tests","com.automationlab.tests.ProductTest","testCreateProductNonAdmin"
"","30071","authenticated user can place order successfully","chromium","Sat Mar 14 02:18:53 UTC 2026","broken","Sat Mar 14 02:19:23 UTC 2026","Product Detail — Authenticated","product_detail_test.spec.ts","",""
"","5242","navbar is visible on products page","chromium","Sat Mar 14 02:10:09 UTC 2026","failed","Sat Mar 14 02:10:15 UTC 2026","Navigation — Unauthenticated","navigation_test.spec.ts","",""
"","250","response body conforms to product schema on creation","","Sat Mar 14 02:04:06 UTC 2026","passed","Sat Mar 14 02:04:07 UTC 2026","Product Endpoints > POST /api/products","products_test.spec.ts","",""
"","562","pagination next button advances to page 2","chromium","Sat Mar 14 02:16:00 UTC 2026","passed","Sat Mar 14 02:16:01 UTC 2026","Orders","orders_test.spec.ts","",""
"","3","test_create_product_with_minimum_fields","tests","Sat Mar 14 02:04:11 UTC 2026","passed","Sat Mar 14 02:04:11 UTC 2026","TestCreateProduct","products_test","",""
"","3","test_list_products_respects_limit","tests","Sat Mar 14 02:04:11 UTC 2026","passed","Sat Mar 14 02:04:11 UTC 2026","TestListProducts","products_test","",""
"","74","response body conforms to paginated users schema","","Sat Mar 14 02:04:11 UTC 2026","passed","Sat Mar 14 02:04:11 UTC 2026","User Endpoints > GET /api/users","user_test.spec.ts","",""
"Verify product response includes timestamps","29","testGetProductIncludesTimestamps","API Test Suite","Sat Mar 14 02:04:32 UTC 2026","passed","Sat Mar 14 02:04:32 UTC 2026","com.automationlab.tests.ProductTest","API Tests","com.automationlab.tests.ProductTest","testGetProductIncludesTimestamps"
"Verify create order fails with insufficient stock","18","testCreateOrderInsufficientStock","API Test Suite","Sat Mar 14 02:04:35 UTC 2026","passed","Sat Mar 14 02:04:35 UTC 2026","com.automationlab.tests.OrderTest","API Tests","com.automationlab.tests.OrderTest","testCreateOrderInsufficientStock"
"Verify update user fails without authentication","20","testUpdateUserNoAuth","API Test Suite","Sat Mar 14 02:04:30 UTC 2026","passed","Sat Mar 14 02:04:30 UTC 2026","com.automationlab.tests.UserTest","API Tests","com.automationlab.tests.UserTest","testUpdateUserNoAuth"
"All status filter options are selectable — AUT Bug C","0","allStatusFilterOptionsAreSelectable","SQA Automation Lab — Selenium UI Suite","Sat Mar 14 02:12:34 UTC 2026","skipped","Sat Mar 14 02:12:34 UTC 2026","com.sqa.ui.tests.OrdersTest","UI Tests","com.sqa.ui.tests.OrdersTest","allStatusFilterOptionsAreSelectable"
"","38164","GET /api/orders/:id","","Sat Mar 14 02:06:58 UTC 2026","passed","Sat Mar 14 02:07:36 UTC 2026","","k6 Performance Tests","",""
"","325","admin can retrieve any user","","Sat Mar 14 02:04:12 UTC 2026","passed","Sat Mar 14 02:04:12 UTC 2026","User Endpoints > GET /api/users/:id","user_test.spec.ts","",""
"Sign in link is visible when unauthenticated","10348","signInLinkIsVisibleWhenUnauthenticated","SQA Automation Lab — Selenium UI Suite","Sat Mar 14 02:17:14 UTC 2026","broken","Sat Mar 14 02:17:24 UTC 2026","com.sqa.ui.tests.NavigationTest","UI Tests","com.sqa.ui.tests.NavigationTest","signInLinkIsVisibleWhenUnauthenticated"
"Verify user can soft delete their own account","133","testDeleteOwnUser","API Test Suite","Sat Mar 14 02:04:29 UTC 2026","passed","Sat Mar 14 02:04:29 UTC 2026","com.automationlab.tests.UserTest","API Tests","com.automationlab.tests.UserTest","testDeleteOwnUser"
"","5298","duplicate email shows error message","chromium","Sat Mar 14 02:25:07 UTC 2026","failed","Sat Mar 14 02:25:13 UTC 2026","Register","register_test.spec.ts","",""
"Verify login fails with non-existent email","22","testLoginNonExistentEmail","API Test Suite","Sat Mar 14 02:04:27 UTC 2026","passed","Sat Mar 14 02:04:27 UTC 2026","com.automationlab.tests.AuthTest","API Tests","com.automationlab.tests.AuthTest","testLoginNonExistentEmail"
"Edit profile button reveals edit form","893","editProfileButtonRevealsEditForm","SQA Automation Lab — Selenium UI Suite","Sat Mar 14 02:13:29 UTC 2026","broken","Sat Mar 14 02:13:30 UTC 2026","com.sqa.ui.tests.DashboardTest","UI Tests","com.sqa.ui.tests.DashboardTest","editProfileButtonRevealsEditForm"
"","62","test_register_does_not_return_password","tests","Sat Mar 14 02:04:06 UTC 2026","passed","Sat Mar 14 02:04:07 UTC 2026","TestRegistration","auth_test","",""
"","5562","unauthenticated access to orders redirects to login","chromium","Sat Mar 14 02:17:04 UTC 2026","failed","Sat Mar 14 02:17:09 UTC 2026","Orders","orders_test.spec.ts","",""
"","4","test_get_nonexistent_product_returns_404","tests","Sat Mar 14 02:04:11 UTC 2026","passed","Sat Mar 14 02:04:11 UTC 2026","TestGetProduct","products_test","",""
"Verify invalid endpoint returns 404","27","testInvalidEndpoint","API Test Suite","Sat Mar 14 02:04:25 UTC 2026","passed","Sat Mar 14 02:04:25 UTC 2026","com.automationlab.tests.HealthTest","API Tests","com.automationlab.tests.HealthTest","testInvalidEndpoint"
"","4","test_update_with_empty_body_returns_400","tests","Sat Mar 14 02:04:12 UTC 2026","passed","Sat Mar 14 02:04:12 UTC 2026","TestUpdateProduct","products_test","",""
"","138","returns HTTP 403 or 404 when accessing another users data","","Sat Mar 14 02:04:13 UTC 2026","passed","Sat Mar 14 02:04:13 UTC 2026","User Endpoints > GET /api/users/:id","user_test.spec.ts","",""
"Verify create order fails with negative quantity","17","testCreateOrderNegativeQuantity","API Test Suite","Sat Mar 14 02:04:35 UTC 2026","passed","Sat Mar 14 02:04:35 UTC 2026","com.automationlab.tests.OrderTest","API Tests","com.automationlab.tests.OrderTest","testCreateOrderNegativeQuantity"
"","6","returns HTTP 403 with an invalid token","","Sat Mar 14 02:03:55 UTC 2026","passed","Sat Mar 14 02:03:55 UTC 2026","Authentication Endpoints > GET /api/auth/me","auth_test.spec.ts","",""
"Get order detail should include item breakdown.","9","test_get_order_with_items","tests","Sat Mar 14 02:04:09 UTC 2026","passed","Sat Mar 14 02:04:09 UTC 2026","TestGetOrder","orders_test","",""
"Valid login renders authenticated navbar state","10652","validLoginRendersAuthenticatedNavbarState","SQA Automation Lab — Selenium UI Suite","Sat Mar 14 02:06:16 UTC 2026","broken","Sat Mar 14 02:06:27 UTC 2026","com.sqa.ui.tests.LoginTest","UI Tests","com.sqa.ui.tests.LoginTest","validLoginRendersAuthenticatedNavbarState"
"Register link is not visible when authenticated","10613","registerLinkIsNotVisibleWhenAuthenticated","SQA Automation Lab — Selenium UI Suite","Sat Mar 14 02:16:30 UTC 2026","broken","Sat Mar 14 02:16:40 UTC 2026","com.sqa.ui.tests.NavigationTest","UI Tests","com.sqa.ui.tests.NavigationTest","registerLinkIsNotVisibleWhenAuthenticated"
"","5","returns HTTP 401 without token","","Sat Mar 14 02:04:08 UTC 2026","passed","Sat Mar 14 02:04:08 UTC 2026","Product Endpoints > POST /api/products","products_test.spec.ts","",""
"Verify products can be searched by name","29","testSearchProducts","API Test Suite","Sat Mar 14 02:04:33 UTC 2026","passed","Sat Mar 14 02:04:33 UTC 2026","com.automationlab.tests.ProductTest","API Tests","com.automationlab.tests.ProductTest","testSearchProducts"
"","4","test_current_user_includes_full_profile","tests","Sat Mar 14 02:04:07 UTC 2026","passed","Sat Mar 14 02:04:07 UTC 2026","TestCurrentUser","auth_test","",""
"","5554","dashboard displays user name","chromium","Sat Mar 14 02:04:42 UTC 2026","failed","Sat Mar 14 02:04:48 UTC 2026","Dashboard — Authenticated","dashboard_test.spec.ts","",""
"Verify health endpoint rejects POST method","36","testHealthEndpointRejectsPost","API Test Suite","Sat Mar 14 02:04:25 UTC 2026","passed","Sat Mar 14 02:04:25 UTC 2026","com.automationlab.tests.HealthTest","API Tests","com.automationlab.tests.HealthTest","testHealthEndpointRejectsPost"
"","5579","authenticated user can view products page","chromium","Sat Mar 14 02:23:30 UTC 2026","failed","Sat Mar 14 02:23:35 UTC 2026","Products — Authenticated","products_test.spec.ts","",""
"","5530","dashboard link is visible when authenticated","chromium","Sat Mar 14 02:12:55 UTC 2026","failed","Sat Mar 14 02:13:00 UTC 2026","Navigation — Authenticated","navigation_test.spec.ts","",""
"","61","test_login_returns_user_info","tests","Sat Mar 14 02:04:07 UTC 2026","passed","Sat Mar 14 02:04:07 UTC 2026","TestLogin","auth_test","",""
"","3","test_get_nonexistent_user_returns_404","tests","Sat Mar 14 02:04:12 UTC 2026","passed","Sat Mar 14 02:04:12 UTC 2026","TestGetUser","user_test","",""
"","89","test_register_new_user","tests","Sat Mar 14 02:04:06 UTC 2026","passed","Sat Mar 14 02:04:06 UTC 2026","TestRegistration","auth_test","",""
"Search with no matches shows no products found message","10414","searchWithNoMatchesShowsNoProductsFoundMessage","SQA Automation Lab — Selenium UI Suite","Sat Mar 14 02:11:02 UTC 2026","broken","Sat Mar 14 02:11:12 UTC 2026","com.sqa.ui.tests.ProductsTest","UI Tests","com.sqa.ui.tests.ProductsTest","searchWithNoMatchesShowsNoProductsFoundMessage"
"Verify create order fails without authentication","13","testCreateOrderNoAuth","API Test Suite","Sat Mar 14 02:04:35 UTC 2026","passed","Sat Mar 14 02:04:35 UTC 2026","com.automationlab.tests.OrderTest","API Tests","com.automationlab.tests.OrderTest","testCreateOrderNoAuth"
"Order error message shown on API failure","700","orderErrorMessageShownOnApiFailure","SQA Automation Lab — Selenium UI Suite","Sat Mar 14 02:12:11 UTC 2026","broken","Sat Mar 14 02:12:12 UTC 2026","com.sqa.ui.tests.ProductDetailTest","UI Tests","com.sqa.ui.tests.ProductDetailTest","orderErrorMessageShownOnApiFailure"
"","8","test_admin_can_update_status_to_shipped","tests","Sat Mar 14 02:04:10 UTC 2026","passed","Sat Mar 14 02:04:10 UTC 2026","TestUpdateOrderStatus","orders_test","",""
"","251","returns HTTP 401 without token","","Sat Mar 14 02:04:11 UTC 2026","passed","Sat Mar 14 02:04:11 UTC 2026","Product Endpoints > DELETE /api/products/:id","products_test.spec.ts","",""
"Verify product has all required fields","66","testGetProductRequiredFields","API Test Suite","Sat Mar 14 02:04:32 UTC 2026","passed","Sat Mar 14 02:04:32 UTC 2026","com.automationlab.tests.ProductTest","API Tests","com.automationlab.tests.ProductTest","testGetProductRequiredFields"
"","252","returns correct product data","","Sat Mar 14 02:04:05 UTC 2026","passed","Sat Mar 14 02:04:05 UTC 2026","Product Endpoints > GET /api/products/:id","products_test.spec.ts","",""
"Verify registration fails with duplicate email","43","testRegistrationDuplicateEmail","API Test Suite","Sat Mar 14 02:04:27 UTC 2026","passed","Sat Mar 14 02:04:27 UTC 2026","com.automationlab.tests.AuthTest","API Tests","com.automationlab.tests.AuthTest","testRegistrationDuplicateEmail"
"","5245","unauthenticated access redirects to login","chromium","Sat Mar 14 02:04:14 UTC 2026","failed","Sat Mar 14 02:04:19 UTC 2026","Dashboard — Unauthenticated","dashboard_test.spec.ts","",""
"","38068","POST /api/products - unauthorized (non-admin)","","Sat Mar 14 02:06:16 UTC 2026","passed","Sat Mar 14 02:06:55 UTC 2026","","k6 Performance Tests","",""
"Verify user has correct role field","57","testGetUserRole","API Test Suite","Sat Mar 14 02:04:30 UTC 2026","passed","Sat Mar 14 02:04:30 UTC 2026","com.automationlab.tests.UserTest","API Tests","com.automationlab.tests.UserTest","testGetUserRole"
"Search returns filtered results","10482","searchReturnsFilteredResults","SQA Automation Lab — Selenium UI Suite","Sat Mar 14 02:10:48 UTC 2026","broken","Sat Mar 14 02:10:59 UTC 2026","com.sqa.ui.tests.ProductsTest","UI Tests","com.sqa.ui.tests.ProductsTest","searchReturnsFilteredResults"
"Dashboard link is visible when authenticated","10614","dashboardLinkIsVisibleWhenAuthenticated","SQA Automation Lab — Selenium UI Suite","Sat Mar 14 02:15:01 UTC 2026","broken","Sat Mar 14 02:15:12 UTC 2026","com.sqa.ui.tests.NavigationTest","UI Tests","com.sqa.ui.tests.NavigationTest","dashboardLinkIsVisibleWhenAuthenticated"
"Valid credentials redirect to products page","10628","validCredentialsRedirectToProductsPage","SQA Automation Lab — Selenium UI Suite","Sat Mar 14 02:06:03 UTC 2026","broken","Sat Mar 14 02:06:13 UTC 2026","com.sqa.ui.tests.LoginTest","UI Tests","com.sqa.ui.tests.LoginTest","validCredentialsRedirectToProductsPage"
"","252","response body conforms to product schema","","Sat Mar 14 02:04:05 UTC 2026","passed","Sat Mar 14 02:04:06 UTC 2026","Product Endpoints > GET /api/products/:id","products_test.spec.ts","",""
"Search should find products by name substring.","5","test_search_by_name","tests","Sat Mar 14 02:04:11 UTC 2026","passed","Sat Mar 14 02:04:11 UTC 2026","TestFilterProducts","products_test","",""
"","1","setup","","Sat Mar 14 02:06:15 UTC 2026","passed","Sat Mar 14 02:06:15 UTC 2026","","k6 Performance Tests","",""
"**Risk:** Informational
**Confidence:** 2
**Instances:** 3

**Description:**
Check for differences in response based on fuzzed User Agent (eg. mobile sites, access as a Search Engine Crawler). Compares the response statuscode and the hashcode of the response body with the original response.

**Solution:**
","0","User Agent Fuzzer","","Sat Mar 14 02:05:18 UTC 2026","passed","Sat Mar 14 02:05:18 UTC 2026","","Security - ZAP API Scan","",""
"Verify get current user fails with invalid token","27","testGetCurrentUserInvalidToken","API Test Suite","Sat Mar 14 02:04:26 UTC 2026","passed","Sat Mar 14 02:04:26 UTC 2026","com.automationlab.tests.AuthTest","API Tests","com.automationlab.tests.AuthTest","testGetCurrentUserInvalidToken"
"","4","test_get_own_user_profile","tests","Sat Mar 14 02:04:12 UTC 2026","passed","Sat Mar 14 02:04:12 UTC 2026","TestGetUser","user_test","",""
"","38505","Step 2: Login","","Sat Mar 14 02:07:39 UTC 2026","passed","Sat Mar 14 02:08:18 UTC 2026","","k6 Performance Tests","",""
"Verify create product fails with missing price","12","testCreateProductMissingPrice","API Test Suite","Sat Mar 14 02:04:32 UTC 2026","passed","Sat Mar 14 02:04:32 UTC 2026","com.automationlab.tests.ProductTest","API Tests","com.automationlab.tests.ProductTest","testCreateProductMissingPrice"
"","30071","category filter returns filtered results","chromium","Sat Mar 14 02:21:49 UTC 2026","broken","Sat Mar 14 02:22:19 UTC 2026","Products — Unauthenticated","products_test.spec.ts","",""
"","342","updated status is returned in response","","Sat Mar 14 02:04:01 UTC 2026","passed","Sat Mar 14 02:04:02 UTC 2026","Order Endpoints > PATCH /api/orders/:id/status","orders_test.spec.ts","",""
"Pagination prev button returns to page 1 — AUT Bug E","10488","paginationPrevButtonReturnsToPAge1","SQA Automation Lab — Selenium UI Suite","Sat Mar 14 02:09:54 UTC 2026","broken","Sat Mar 14 02:10:05 UTC 2026","com.sqa.ui.tests.ProductsTest","UI Tests","com.sqa.ui.tests.ProductsTest","paginationPrevButtonReturnsToPAge1"
"","81","response body conforms to auth response schema","","Sat Mar 14 02:03:54 UTC 2026","passed","Sat Mar 14 02:03:54 UTC 2026","Authentication Endpoints > POST /api/auth/register","auth_test.spec.ts","",""
"Login page displays Sign In heading","10497","loginPageDisplaysSignInHeading","SQA Automation Lab — Selenium UI Suite","Sat Mar 14 02:05:21 UTC 2026","broken","Sat Mar 14 02:05:32 UTC 2026","com.sqa.ui.tests.LoginTest","UI Tests","com.sqa.ui.tests.LoginTest","loginPageDisplaysSignInHeading"
"Verify non-admin cannot update product","12","testUpdateProductNonAdmin","API Test Suite","Sat Mar 14 02:04:33 UTC 2026","passed","Sat Mar 14 02:04:33 UTC 2026","com.automationlab.tests.ProductTest","API Tests","com.automationlab.tests.ProductTest","testUpdateProductNonAdmin"
"","39929","POST /api/auth/login - invalid credentials","","Sat Mar 14 02:04:51 UTC 2026","passed","Sat Mar 14 02:05:31 UTC 2026","","k6 Performance Tests","",""
"","68","returns HTTP 401 without token","","Sat Mar 14 02:04:12 UTC 2026","passed","Sat Mar 14 02:04:13 UTC 2026","User Endpoints > GET /api/users/:id","user_test.spec.ts","",""
"Wrong password shows error message — AUT Bug A","10535","wrongPasswordShowsErrorMessage","SQA Automation Lab — Selenium UI Suite","Sat Mar 14 02:06:30 UTC 2026","broken","Sat Mar 14 02:06:41 UTC 2026","com.sqa.ui.tests.LoginTest","UI Tests","com.sqa.ui.tests.LoginTest","wrongPasswordShowsErrorMessage"
"","71","returns HTTP 400 for empty items array","","Sat Mar 14 02:03:58 UTC 2026","passed","Sat Mar 14 02:03:58 UTC 2026","Order Endpoints > POST /api/orders","orders_test.spec.ts","",""
"","71","returns HTTP 400 when items key is absent from body","","Sat Mar 14 02:03:58 UTC 2026","passed","Sat Mar 14 02:03:58 UTC 2026","Order Endpoints > POST /api/orders","orders_test.spec.ts","",""
"","2","test_create_product_with_negative_price_returns_400","tests","Sat Mar 14 02:04:11 UTC 2026","passed","Sat Mar 14 02:04:11 UTC 2026","TestCreateProduct","products_test","",""
"","30113","User Journey Tests","","Sat Mar 14 02:07:10 UTC 2026","passed","Sat Mar 14 02:07:40 UTC 2026","","JMeter Performance Tests","",""
"","2","test_root_returns_200","tests","Sat Mar 14 02:04:08 UTC 2026","passed","Sat Mar 14 02:04:08 UTC 2026","TestRootEndpoint","health_test","",""
"","312","updated product fields are returned in response","","Sat Mar 14 02:04:08 UTC 2026","passed","Sat Mar 14 02:04:08 UTC 2026","Product Endpoints > PUT /api/products/:id","products_test.spec.ts","",""
"","4","test_create_order_with_nonexistent_product_returns_404","tests","Sat Mar 14 02:04:09 UTC 2026","passed","Sat Mar 14 02:04:09 UTC 2026","TestCreateOrder","orders_test","",""
"","2","test_get_current_user_with_invalid_token_returns_403","tests","Sat Mar 14 02:04:07 UTC 2026","passed","Sat Mar 14 02:04:07 UTC 2026","TestCurrentUser","auth_test","",""
"","5","test_create_order_returns_item_details","tests","Sat Mar 14 02:04:08 UTC 2026","passed","Sat Mar 14 02:04:08 UTC 2026","TestCreateOrder","orders_test","",""
"","79","page navigation does not return overlapping results","","Sat Mar 14 02:04:11 UTC 2026","passed","Sat Mar 14 02:04:12 UTC 2026","User Endpoints > GET /api/users","user_test.spec.ts","",""
"","3","test_register_with_invalid_email_returns_400","tests","Sat Mar 14 02:04:07 UTC 2026","passed","Sat Mar 14 02:04:07 UTC 2026","TestRegistration","auth_test","",""
"","8","returns HTTP 400 for invalid email format","","Sat Mar 14 02:03:55 UTC 2026","passed","Sat Mar 14 02:03:55 UTC 2026","Authentication Endpoints > POST /api/auth/register","auth_test.spec.ts","",""
"","2","test_health_returns_200","tests","Sat Mar 14 02:04:08 UTC 2026","passed","Sat Mar 14 02:04:08 UTC 2026","TestHealthEndpoint","health_test","",""
"","5277","unauthenticated place order redirects to login","chromium","Sat Mar 14 02:18:39 UTC 2026","failed","Sat Mar 14 02:18:45 UTC 2026","Product Detail — Unauthenticated","product_detail_test.spec.ts","",""
"","252","admin can update a product and receives HTTP 200","","Sat Mar 14 02:04:08 UTC 2026","passed","Sat Mar 14 02:04:08 UTC 2026","Product Endpoints > PUT /api/products/:id","products_test.spec.ts","",""
"","5","test_update_own_first_name","tests","Sat Mar 14 02:04:12 UTC 2026","passed","Sat Mar 14 02:04:12 UTC 2026","TestUpdateUser","user_test","",""
"Brand link is visible","10318","brandLinkIsVisible","SQA Automation Lab — Selenium UI Suite","Sat Mar 14 02:14:29 UTC 2026","broken","Sat Mar 14 02:14:39 UTC 2026","com.sqa.ui.tests.NavigationTest","UI Tests","com.sqa.ui.tests.NavigationTest","brandLinkIsVisible"
"Verify get user fails without authentication","17","testGetUserNoAuth","API Test Suite","Sat Mar 14 02:04:30 UTC 2026","passed","Sat Mar 14 02:04:30 UTC 2026","com.automationlab.tests.UserTest","API Tests","com.automationlab.tests.UserTest","testGetUserNoAuth"
"","15","returns HTTP 400 when email is missing","","Sat Mar 14 02:03:54 UTC 2026","passed","Sat Mar 14 02:03:54 UTC 2026","Authentication Endpoints > POST /api/auth/register","auth_test.spec.ts","",""
"","3","test_logout_returns_success","tests","Sat Mar 14 02:04:07 UTC 2026","passed","Sat Mar 14 02:04:08 UTC 2026","TestLogout","auth_test","",""
"","5641","dashboard page displays heading","chromium","Sat Mar 14 02:04:22 UTC 2026","failed","Sat Mar 14 02:04:27 UTC 2026","Dashboard — Authenticated","dashboard_test.spec.ts","",""
"Verify registration fails with missing password","18","testRegistrationMissingPassword","API Test Suite","Sat Mar 14 02:04:28 UTC 2026","passed","Sat Mar 14 02:04:28 UTC 2026","com.automationlab.tests.AuthTest","API Tests","com.automationlab.tests.AuthTest","testRegistrationMissingPassword"
"","30079","clear button resets search results","chromium","Sat Mar 14 02:20:46 UTC 2026","broken","Sat Mar 14 02:21:16 UTC 2026","Products — Unauthenticated","products_test.spec.ts","",""
"","72","password field is not included in user response object","","Sat Mar 14 02:03:54 UTC 2026","passed","Sat Mar 14 02:03:54 UTC 2026","Authentication Endpoints > POST /api/auth/register","auth_test.spec.ts","",""
"Verify user can cancel their own pending order","52","testCancelOwnOrder","API Test Suite","Sat Mar 14 02:04:35 UTC 2026","passed","Sat Mar 14 02:04:35 UTC 2026","com.automationlab.tests.OrderTest","API Tests","com.automationlab.tests.OrderTest","testCancelOwnOrder"
"Non-existent email shows error message — AUT Bug A","10500","nonExistentEmailShowsErrorMessage","SQA Automation Lab — Selenium UI Suite","Sat Mar 14 02:05:35 UTC 2026","broken","Sat Mar 14 02:05:45 UTC 2026","com.sqa.ui.tests.LoginTest","UI Tests","com.sqa.ui.tests.LoginTest","nonExistentEmailShowsErrorMessage"
"","74","returns HTTP 400 or 404 for non-existent product","","Sat Mar 14 02:03:58 UTC 2026","passed","Sat Mar 14 02:03:58 UTC 2026","Order Endpoints > POST /api/orders","orders_test.spec.ts","",""
"","3","test_register_without_email_returns_400","tests","Sat Mar 14 02:04:07 UTC 2026","passed","Sat Mar 14 02:04:07 UTC 2026","TestRegistration","auth_test","",""
"","5246","sign in link is visible when unauthenticated","chromium","Sat Mar 14 02:10:29 UTC 2026","failed","Sat Mar 14 02:10:34 UTC 2026","Navigation — Unauthenticated","navigation_test.spec.ts","",""
"Verify orders list supports pagination","68","testListOrdersPagination","API Test Suite","Sat Mar 14 02:04:35 UTC 2026","passed","Sat Mar 14 02:04:35 UTC 2026","com.automationlab.tests.OrderTest","API Tests","com.automationlab.tests.OrderTest","testListOrdersPagination"
"Empty email shows validation error","10623","emptyEmailShowsValidationError","SQA Automation Lab — Selenium UI Suite","Sat Mar 14 02:04:41 UTC 2026","broken","Sat Mar 14 02:04:51 UTC 2026","com.sqa.ui.tests.LoginTest","UI Tests","com.sqa.ui.tests.LoginTest","emptyEmailShowsValidationError"
"Sign out button is visible when authenticated","10605","signOutButtonIsVisibleWhenAuthenticated","SQA Automation Lab — Selenium UI Suite","Sat Mar 14 02:17:57 UTC 2026","broken","Sat Mar 14 02:18:08 UTC 2026","com.sqa.ui.tests.NavigationTest","UI Tests","com.sqa.ui.tests.NavigationTest","signOutButtonIsVisibleWhenAuthenticated"
"","3","test_list_users_pagination_metadata","tests","Sat Mar 14 02:04:12 UTC 2026","passed","Sat Mar 14 02:04:12 UTC 2026","TestListUsers","user_test","",""
"","5575","orders page displays heading","chromium","Sat Mar 14 02:14:44 UTC 2026","failed","Sat Mar 14 02:14:49 UTC 2026","Orders","orders_test.spec.ts","",""
"","327","response contains order with items","","Sat Mar 14 02:03:56 UTC 2026","passed","Sat Mar 14 02:03:56 UTC 2026","Order Endpoints > POST /api/orders","orders_test.spec.ts","",""
"Empty email shows validation error","10506","emptyEmailShowsValidationError","SQA Automation Lab — Selenium UI Suite","Sat Mar 14 02:06:57 UTC 2026","broken","Sat Mar 14 02:07:08 UTC 2026","com.sqa.ui.tests.RegisterTest","UI Tests","com.sqa.ui.tests.RegisterTest","emptyEmailShowsValidationError"
"No auth should be required for viewing a single product.","3","test_get_product_is_public","tests","Sat Mar 14 02:04:11 UTC 2026","passed","Sat Mar 14 02:04:11 UTC 2026","TestGetProduct","products_test","",""
"","5266","products page displays heading","chromium","Sat Mar 14 02:20:02 UTC 2026","failed","Sat Mar 14 02:20:07 UTC 2026","Products — Unauthenticated","products_test.spec.ts","",""
"","5593","authenticated user sees product cards","chromium","Sat Mar 14 02:23:37 UTC 2026","failed","Sat Mar 14 02:23:42 UTC 2026","Products — Authenticated","products_test.spec.ts","",""
"Verify user can get their own order details","46","testGetOwnOrder","API Test Suite","Sat Mar 14 02:04:35 UTC 2026","passed","Sat Mar 14 02:04:35 UTC 2026","com.automationlab.tests.OrderTest","API Tests","com.automationlab.tests.OrderTest","testGetOwnOrder"
"","30079","invalid email format stays on login page","chromium","Sat Mar 14 02:07:33 UTC 2026","broken","Sat Mar 14 02:08:03 UTC 2026","Login","login_test.spec.ts","",""
"Valid registration redirects to products page","10504","validRegistrationRedirectsToProductsPage","SQA Automation Lab — Selenium UI Suite","Sat Mar 14 02:08:34 UTC 2026","broken","Sat Mar 14 02:08:44 UTC 2026","com.sqa.ui.tests.RegisterTest","UI Tests","com.sqa.ui.tests.RegisterTest","validRegistrationRedirectsToProductsPage"
"Product card link navigates to product detail page","10520","productCardLinkNavigatesToProductDetailPage","SQA Automation Lab — Selenium UI Suite","Sat Mar 14 02:10:08 UTC 2026","broken","Sat Mar 14 02:10:18 UTC 2026","com.sqa.ui.tests.ProductsTest","UI Tests","com.sqa.ui.tests.ProductsTest","productCardLinkNavigatesToProductDetailPage"
"Verify product with zero stock can be created","24","testCreateProductZeroStock","API Test Suite","Sat Mar 14 02:04:32 UTC 2026","passed","Sat Mar 14 02:04:32 UTC 2026","com.automationlab.tests.ProductTest","API Tests","com.automationlab.tests.ProductTest","testCreateProductZeroStock"
"Verify logout fails without token","31","testLogoutNoToken","API Test Suite","Sat Mar 14 02:04:27 UTC 2026","passed","Sat Mar 14 02:04:27 UTC 2026","com.automationlab.tests.AuthTest","API Tests","com.automationlab.tests.AuthTest","testLogoutNoToken"
"","38166","PATCH /api/orders/:id/status - unauthorized (non-admin)","","Sat Mar 14 02:06:59 UTC 2026","passed","Sat Mar 14 02:07:37 UTC 2026","","k6 Performance Tests","",""
"Verify admin can update product details","32","testUpdateProduct","API Test Suite","Sat Mar 14 02:04:33 UTC 2026","passed","Sat Mar 14 02:04:33 UTC 2026","com.automationlab.tests.ProductTest","API Tests","com.automationlab.tests.ProductTest","testUpdateProduct"
"","6","uptime is a positive number","","Sat Mar 14 02:03:56 UTC 2026","passed","Sat Mar 14 02:03:56 UTC 2026","Health Endpoints > GET /health","health_test.spec.ts","",""
"","4","test_update_own_last_name","tests","Sat Mar 14 02:04:12 UTC 2026","passed","Sat Mar 14 02:04:12 UTC 2026","TestUpdateUser","user_test","",""
"","247","returns HTTP 400 when price is missing","","Sat Mar 14 02:04:07 UTC 2026","passed","Sat Mar 14 02:04:07 UTC 2026","Product Endpoints > POST /api/products","products_test.spec.ts","",""
"","7","response body conforms to health schema","","Sat Mar 14 02:03:56 UTC 2026","passed","Sat Mar 14 02:03:56 UTC 2026","Health Endpoints > GET /health","health_test.spec.ts","",""
"Verify user response includes timestamps","56","testGetUserIncludesTimestamps","API Test Suite","Sat Mar 14 02:04:30 UTC 2026","passed","Sat Mar 14 02:04:30 UTC 2026","com.automationlab.tests.UserTest","API Tests","com.automationlab.tests.UserTest","testGetUserIncludesTimestamps"
"","2","test_health_includes_timestamp","tests","Sat Mar 14 02:04:08 UTC 2026","passed","Sat Mar 14 02:04:08 UTC 2026","TestHealthEndpoint","health_test","",""
"Verify list orders fails without authentication","13","testListOrdersNoAuth","API Test Suite","Sat Mar 14 02:04:35 UTC 2026","passed","Sat Mar 14 02:04:35 UTC 2026","com.automationlab.tests.OrderTest","API Tests","com.automationlab.tests.OrderTest","testListOrdersNoAuth"
"","9","returns HTTP 400 for password shorter than minimum length","","Sat Mar 14 02:03:55 UTC 2026","passed","Sat Mar 14 02:03:55 UTC 2026","Authentication Endpoints > POST /api/auth/register","auth_test.spec.ts","",""
"","4","test_combined_category_and_search","tests","Sat Mar 14 02:04:11 UTC 2026","passed","Sat Mar 14 02:04:11 UTC 2026","TestFilterProducts","products_test","",""
"Category filter returns filtered results — AUT Bug C","10509","categoryFilterReturnsFilteredResults","SQA Automation Lab — Selenium UI Suite","Sat Mar 14 02:09:13 UTC 2026","broken","Sat Mar 14 02:09:24 UTC 2026","com.sqa.ui.tests.ProductsTest","UI Tests","com.sqa.ui.tests.ProductsTest","categoryFilterReturnsFilteredResults"
"Attempt to update email to one already in use.","4","test_update_with_duplicate_email_returns_409","tests","Sat Mar 14 02:04:12 UTC 2026","passed","Sat Mar 14 02:04:12 UTC 2026","TestUpdateUser","user_test","",""
"Verify user cannot update another user's profile","19","testUpdateOtherUserForbidden","API Test Suite","Sat Mar 14 02:04:30 UTC 2026","passed","Sat Mar 14 02:04:30 UTC 2026","com.automationlab.tests.UserTest","API Tests","com.automationlab.tests.UserTest","testUpdateOtherUserForbidden"
"Verify registered user is active by default","251","testRegistrationDefaultActiveStatus","API Test Suite","Sat Mar 14 02:04:27 UTC 2026","passed","Sat Mar 14 02:04:27 UTC 2026","com.automationlab.tests.AuthTest","API Tests","com.automationlab.tests.AuthTest","testRegistrationDefaultActiveStatus"
"","38506","Step 1: Register new user","","Sat Mar 14 02:07:38 UTC 2026","passed","Sat Mar 14 02:08:16 UTC 2026","","k6 Performance Tests","",""
"","2","test_get_nonexistent_order_returns_404","tests","Sat Mar 14 02:04:10 UTC 2026","passed","Sat Mar 14 02:04:10 UTC 2026","TestGetOrder","orders_test","",""
"","2","test_create_order_with_zero_quantity_returns_400","tests","Sat Mar 14 02:04:09 UTC 2026","passed","Sat Mar 14 02:04:09 UTC 2026","TestCreateOrder","orders_test","",""
"","5","test_admin_can_update_product_name","tests","Sat Mar 14 02:04:11 UTC 2026","passed","Sat Mar 14 02:04:11 UTC 2026","TestUpdateProduct","products_test","",""
"","3","test_create_product_returns_id","tests","Sat Mar 14 02:04:11 UTC 2026","passed","Sat Mar 14 02:04:11 UTC 2026","TestCreateProduct","products_test","",""
"","3","test_update_nonexistent_order_returns_404","tests","Sat Mar 14 02:04:10 UTC 2026","passed","Sat Mar 14 02:04:10 UTC 2026","TestUpdateOrderStatus","orders_test","",""
"Register link navigates to register page","10547","registerLinkNavigatesToRegisterPage","SQA Automation Lab — Selenium UI Suite","Sat Mar 14 02:05:49 UTC 2026","broken","Sat Mar 14 02:05:59 UTC 2026","com.sqa.ui.tests.LoginTest","UI Tests","com.sqa.ui.tests.LoginTest","registerLinkNavigatesToRegisterPage"
"Cancelling an order should return stock to the product.","16","test_cancel_restores_stock","tests","Sat Mar 14 02:04:11 UTC 2026","passed","Sat Mar 14 02:04:11 UTC 2026","TestCancelOrder","orders_test","",""
"Verify registration returns user ID","130","testRegistrationReturnsUserId","API Test Suite","Sat Mar 14 02:04:28 UTC 2026","passed","Sat Mar 14 02:04:28 UTC 2026","com.automationlab.tests.AuthTest","API Tests","com.automationlab.tests.AuthTest","testRegistrationReturnsUserId"
"","30081","status filter cancelled shows filtered results or empty state","chromium","Sat Mar 14 02:15:29 UTC 2026","broken","Sat Mar 14 02:15:59 UTC 2026","Orders","orders_test.spec.ts","",""
"Verify create product fails with negative price","12","testCreateProductNegativePrice","API Test Suite","Sat Mar 14 02:04:32 UTC 2026","passed","Sat Mar 14 02:04:32 UTC 2026","com.automationlab.tests.ProductTest","API Tests","com.automationlab.tests.ProductTest","testCreateProductNegativePrice"
"Verify default pagination limit","42","testListProductsDefaultPaginationLimit","API Test Suite","Sat Mar 14 02:04:33 UTC 2026","passed","Sat Mar 14 02:04:33 UTC 2026","com.automationlab.tests.ProductTest","API Tests","com.automationlab.tests.ProductTest","testListProductsDefaultPaginationLimit"
"","7","returns HTTP 200 without authentication","","Sat Mar 14 02:04:05 UTC 2026","passed","Sat Mar 14 02:04:05 UTC 2026","Product Endpoints > GET /api/products","products_test.spec.ts","",""
"Products listing should be accessible without authentication.","3","test_list_products_is_public","tests","Sat Mar 14 02:04:11 UTC 2026","passed","Sat Mar 14 02:04:11 UTC 2026","TestListProducts","products_test","",""
"","6","test_admin_can_update_product_price","tests","Sat Mar 14 02:04:11 UTC 2026","passed","Sat Mar 14 02:04:11 UTC 2026","TestUpdateProduct","products_test","",""
"","5260","products link is visible","chromium","Sat Mar 14 02:10:22 UTC 2026","failed","Sat Mar 14 02:10:28 UTC 2026","Navigation — Unauthenticated","navigation_test.spec.ts","",""
"","2","test_invalid_route_returns_404","tests","Sat Mar 14 02:04:08 UTC 2026","passed","Sat Mar 14 02:04:08 UTC 2026","TestNotFound","health_test","",""
"","249","creating with minimum fields returns 201 and stock defaults to zero","","Sat Mar 14 02:04:07 UTC 2026","passed","Sat Mar 14 02:04:07 UTC 2026","Product Endpoints > POST /api/products","products_test.spec.ts","",""
"","5307","login page displays sign in heading","chromium","Sat Mar 14 02:05:21 UTC 2026","failed","Sat Mar 14 02:05:26 UTC 2026","Login","login_test.spec.ts","",""
"Orders link is visible when authenticated","10637","ordersLinkIsVisibleWhenAuthenticated","SQA Automation Lab — Selenium UI Suite","Sat Mar 14 02:15:46 UTC 2026","broken","Sat Mar 14 02:15:56 UTC 2026","com.sqa.ui.tests.NavigationTest","UI Tests","com.sqa.ui.tests.NavigationTest","ordersLinkIsVisibleWhenAuthenticated"
"","4","test_get_user_returns_full_profile","tests","Sat Mar 14 02:04:12 UTC 2026","passed","Sat Mar 14 02:04:12 UTC 2026","TestGetUser","user_test","",""
"","6","returns HTTP 200","","Sat Mar 14 02:03:56 UTC 2026","passed","Sat Mar 14 02:03:56 UTC 2026","Health Endpoints > GET /","health_test.spec.ts","",""
"","75","returns HTTP 400 for invalid page parameter","","Sat Mar 14 02:04:12 UTC 2026","passed","Sat Mar 14 02:04:12 UTC 2026","User Endpoints > GET /api/users","user_test.spec.ts","",""
"Verify admin can soft delete product","52","testDeleteProduct","API Test Suite","Sat Mar 14 02:04:32 UTC 2026","passed","Sat Mar 14 02:04:32 UTC 2026","com.automationlab.tests.ProductTest","API Tests","com.automationlab.tests.ProductTest","testDeleteProduct"
"","2","test_logout_without_token_returns_401","tests","Sat Mar 14 02:04:08 UTC 2026","passed","Sat Mar 14 02:04:08 UTC 2026","TestLogout","auth_test","",""
"","342","response contains order with items array","","Sat Mar 14 02:03:59 UTC 2026","passed","Sat Mar 14 02:04:00 UTC 2026","Order Endpoints > GET /api/orders/:id","orders_test.spec.ts","",""
"","5536","sign out button is visible when authenticated","chromium","Sat Mar 14 02:13:02 UTC 2026","failed","Sat Mar 14 02:13:07 UTC 2026","Navigation — Authenticated","navigation_test.spec.ts","",""
"Product detail page displays product name","369","productDetailPageDisplaysProductName","SQA Automation Lab — Selenium UI Suite","Sat Mar 14 02:12:18 UTC 2026","failed","Sat Mar 14 02:12:19 UTC 2026","com.sqa.ui.tests.ProductDetailTest","UI Tests","com.sqa.ui.tests.ProductDetailTest","productDetailPageDisplaysProductName"
"","30077","search returns filtered results","chromium","Sat Mar 14 02:20:15 UTC 2026","broken","Sat Mar 14 02:20:45 UTC 2026","Products — Unauthenticated","products_test.spec.ts","",""
"","256","returns HTTP 404 for non-existent product","","Sat Mar 14 02:04:10 UTC 2026","passed","Sat Mar 14 02:04:10 UTC 2026","Product Endpoints > DELETE /api/products/:id","products_test.spec.ts","",""
"Verify created product has default active status","14","testCreateProductDefaultActiveStatus","API Test Suite","Sat Mar 14 02:04:32 UTC 2026","passed","Sat Mar 14 02:04:32 UTC 2026","com.automationlab.tests.ProductTest","API Tests","com.automationlab.tests.ProductTest","testCreateProductDefaultActiveStatus"
"Orders page displays heading","0","ordersPageDisplaysHeading","SQA Automation Lab — Selenium UI Suite","Sat Mar 14 02:12:46 UTC 2026","skipped","Sat Mar 14 02:12:46 UTC 2026","com.sqa.ui.tests.OrdersTest","UI Tests","com.sqa.ui.tests.OrdersTest","ordersPageDisplaysHeading"
"Sign out button is not visible when unauthenticated","10354","signOutButtonIsNotVisibleWhenUnauthenticated","SQA Automation Lab — Selenium UI Suite","Sat Mar 14 02:17:46 UTC 2026","broken","Sat Mar 14 02:17:57 UTC 2026","com.sqa.ui.tests.NavigationTest","UI Tests","com.sqa.ui.tests.NavigationTest","signOutButtonIsNotVisibleWhenUnauthenticated"
"","30115","cancel order with confirmation removes order from pending list","chromium","Sat Mar 14 02:16:01 UTC 2026","broken","Sat Mar 14 02:16:31 UTC 2026","Orders","orders_test.spec.ts","",""
"Products page displays product cards","10473","productsPageDisplaysProductCards","SQA Automation Lab — Selenium UI Suite","Sat Mar 14 02:10:35 UTC 2026","broken","Sat Mar 14 02:10:45 UTC 2026","com.sqa.ui.tests.ProductsTest","UI Tests","com.sqa.ui.tests.ProductsTest","productsPageDisplaysProductCards"
"Save with empty last name shows validation error","10611","saveWithEmptyLastNameShowsValidationError","SQA Automation Lab — Selenium UI Suite","Sat Mar 14 02:13:45 UTC 2026","broken","Sat Mar 14 02:13:55 UTC 2026","com.sqa.ui.tests.DashboardTest","UI Tests","com.sqa.ui.tests.DashboardTest","saveWithEmptyLastNameShowsValidationError"
"","30072","product card link navigates to product detail page","chromium","Sat Mar 14 02:22:58 UTC 2026","broken","Sat Mar 14 02:23:28 UTC 2026","Products — Unauthenticated","products_test.spec.ts","",""
"","65","test_register_returns_user_details","tests","Sat Mar 14 02:04:06 UTC 2026","passed","Sat Mar 14 02:04:06 UTC 2026","TestRegistration","auth_test","",""
"","8","category filter response includes filters metadata","","Sat Mar 14 02:04:05 UTC 2026","passed","Sat Mar 14 02:04:05 UTC 2026","Product Endpoints > GET /api/products","products_test.spec.ts","",""
"","246","returns HTTP 400 for negative stock quantity","","Sat Mar 14 02:04:08 UTC 2026","passed","Sat Mar 14 02:04:08 UTC 2026","Product Endpoints > POST /api/products","products_test.spec.ts","",""
"Sign in link navigates to login page","10344","signInLinkNavigatesToLoginPage","SQA Automation Lab — Selenium UI Suite","Sat Mar 14 02:17:24 UTC 2026","broken","Sat Mar 14 02:17:35 UTC 2026","com.sqa.ui.tests.NavigationTest","UI Tests","com.sqa.ui.tests.NavigationTest","signInLinkNavigatesToLoginPage"
"Sign in link is not visible when authenticated","10605","signInLinkIsNotVisibleWhenAuthenticated","SQA Automation Lab — Selenium UI Suite","Sat Mar 14 02:17:02 UTC 2026","broken","Sat Mar 14 02:17:13 UTC 2026","com.sqa.ui.tests.NavigationTest","UI Tests","com.sqa.ui.tests.NavigationTest","signInLinkIsNotVisibleWhenAuthenticated"
"","298","returns HTTP 400 for empty update body","","Sat Mar 14 02:04:09 UTC 2026","passed","Sat Mar 14 02:04:09 UTC 2026","Product Endpoints > PUT /api/products/:id","products_test.spec.ts","",""
"","11","category filter returns only products from that category","","Sat Mar 14 02:04:05 UTC 2026","passed","Sat Mar 14 02:04:05 UTC 2026","Product Endpoints > GET /api/products","products_test.spec.ts","",""
"","76","returns HTTP 409 on duplicate email","","Sat Mar 14 02:03:54 UTC 2026","passed","Sat Mar 14 02:03:54 UTC 2026","Authentication Endpoints > POST /api/auth/register","auth_test.spec.ts","",""
"Verify successful user registration with valid data","147","testSuccessfulRegistration","API Test Suite","Sat Mar 14 02:04:28 UTC 2026","passed","Sat Mar 14 02:04:28 UTC 2026","com.automationlab.tests.AuthTest","API Tests","com.automationlab.tests.AuthTest","testSuccessfulRegistration"
"Save with empty first name shows validation error","10603","saveWithEmptyFirstNameShowsValidationError","SQA Automation Lab — Selenium UI Suite","Sat Mar 14 02:13:34 UTC 2026","broken","Sat Mar 14 02:13:44 UTC 2026","com.sqa.ui.tests.DashboardTest","UI Tests","com.sqa.ui.tests.DashboardTest","saveWithEmptyFirstNameShowsValidationError"
"","124","returns HTTP 201 on successful registration","","Sat Mar 14 02:03:54 UTC 2026","passed","Sat Mar 14 02:03:54 UTC 2026","Authentication Endpoints > POST /api/auth/register","auth_test.spec.ts","",""
"","3","test_register_duplicate_email_returns_409","tests","Sat Mar 14 02:04:07 UTC 2026","passed","Sat Mar 14 02:04:07 UTC 2026","TestRegistration","auth_test","",""
"Back to products link navigates to products page","10682","backToProductsLinkNavigatesToProductsPage","SQA Automation Lab — Selenium UI Suite","Sat Mar 14 02:11:53 UTC 2026","broken","Sat Mar 14 02:12:04 UTC 2026","com.sqa.ui.tests.ProductDetailTest","UI Tests","com.sqa.ui.tests.ProductDetailTest","backToProductsLinkNavigatesToProductsPage"
"","458","register link is not visible when authenticated","chromium","Sat Mar 14 02:13:09 UTC 2026","passed","Sat Mar 14 02:13:10 UTC 2026","Navigation — Authenticated","navigation_test.spec.ts","",""
"Verify delete user fails without authentication","19","testDeleteUserNoAuth","API Test Suite","Sat Mar 14 02:04:29 UTC 2026","passed","Sat Mar 14 02:04:30 UTC 2026","com.automationlab.tests.UserTest","API Tests","com.automationlab.tests.UserTest","testDeleteUserNoAuth"
"Create two products and order both.","13","test_create_order_with_multiple_items","tests","Sat Mar 14 02:04:08 UTC 2026","passed","Sat Mar 14 02:04:08 UTC 2026","TestCreateOrder","orders_test","",""
"","30111","register link navigates to register page","chromium","Sat Mar 14 02:12:17 UTC 2026","broken","Sat Mar 14 02:12:47 UTC 2026","Navigation — Unauthenticated","navigation_test.spec.ts","",""
"Verify delete non-existent user returns 404","22","testDeleteNonExistentUser","API Test Suite","Sat Mar 14 02:04:29 UTC 2026","passed","Sat Mar 14 02:04:29 UTC 2026","com.automationlab.tests.UserTest","API Tests","com.automationlab.tests.UserTest","testDeleteNonExistentUser"
"","2","test_get_product_invalid_id_returns_400","tests","Sat Mar 14 02:04:11 UTC 2026","passed","Sat Mar 14 02:04:11 UTC 2026","TestGetProduct","products_test","",""
"Verify products list only returns active products","62","testListOnlyActiveProducts","API Test Suite","Sat Mar 14 02:04:32 UTC 2026","passed","Sat Mar 14 02:04:32 UTC 2026","com.automationlab.tests.ProductTest","API Tests","com.automationlab.tests.ProductTest","testListOnlyActiveProducts"
"Empty last name shows validation error","10485","emptyLastNameShowsValidationError","SQA Automation Lab — Selenium UI Suite","Sat Mar 14 02:07:25 UTC 2026","broken","Sat Mar 14 02:07:36 UTC 2026","com.sqa.ui.tests.RegisterTest","UI Tests","com.sqa.ui.tests.RegisterTest","emptyLastNameShowsValidationError"
"","5303","order error message shown on API failure","chromium","Sat Mar 14 02:19:55 UTC 2026","failed","Sat Mar 14 02:20:01 UTC 2026","Product Detail — Authenticated","product_detail_test.spec.ts","",""
"Password shorter than 6 characters shows validation error","10533","shortPasswordShowsValidationError","SQA Automation Lab — Selenium UI Suite","Sat Mar 14 02:08:06 UTC 2026","broken","Sat Mar 14 02:08:16 UTC 2026","com.sqa.ui.tests.RegisterTest","UI Tests","com.sqa.ui.tests.RegisterTest","shortPasswordShowsValidationError"
"Verify users list does not include passwords","55","testListUsersDoesNotReturnPasswords","API Test Suite","Sat Mar 14 02:04:30 UTC 2026","passed","Sat Mar 14 02:04:30 UTC 2026","com.automationlab.tests.UserTest","API Tests","com.automationlab.tests.UserTest","testListUsersDoesNotReturnPasswords"
"Verify registration fails with missing email","18","testRegistrationMissingEmail","API Test Suite","Sat Mar 14 02:04:27 UTC 2026","passed","Sat Mar 14 02:04:27 UTC 2026","com.automationlab.tests.AuthTest","API Tests","com.automationlab.tests.AuthTest","testRegistrationMissingEmail"
"Navbar is visible on products page","10342","navbarIsVisibleOnProductsPage","SQA Automation Lab — Selenium UI Suite","Sat Mar 14 02:15:24 UTC 2026","broken","Sat Mar 14 02:15:34 UTC 2026","com.sqa.ui.tests.NavigationTest","UI Tests","com.sqa.ui.tests.NavigationTest","navbarIsVisibleOnProductsPage"
"","3","test_order_fields_in_listing","tests","Sat Mar 14 02:04:09 UTC 2026","passed","Sat Mar 14 02:04:09 UTC 2026","TestListOrders","orders_test","",""
"","338","status filter returns only orders matching that status","","Sat Mar 14 02:03:59 UTC 2026","passed","Sat Mar 14 02:03:59 UTC 2026","Order Endpoints > GET /api/orders","orders_test.spec.ts","",""
"","5277","product detail page displays category","chromium","Sat Mar 14 02:17:55 UTC 2026","failed","Sat Mar 14 02:18:00 UTC 2026","Product Detail — Unauthenticated","product_detail_test.spec.ts","",""
"","340","returns HTTP 400 for invalid status value","","Sat Mar 14 02:04:02 UTC 2026","passed","Sat Mar 14 02:04:02 UTC 2026","Order Endpoints > PATCH /api/orders/:id/status","orders_test.spec.ts","",""
"Authenticated user can navigate to product detail","788","authenticatedUserCanNavigateToProductDetail","SQA Automation Lab — Selenium UI Suite","Sat Mar 14 02:09:01 UTC 2026","broken","Sat Mar 14 02:09:02 UTC 2026","com.sqa.ui.tests.ProductsTest","UI Tests","com.sqa.ui.tests.ProductsTest","authenticatedUserCanNavigateToProductDetail"
"","5","returns HTTP 400 for non-numeric product id","","Sat Mar 14 02:04:06 UTC 2026","passed","Sat Mar 14 02:04:06 UTC 2026","Product Endpoints > GET /api/products/:id","products_test.spec.ts","",""
"","247","returns HTTP 400 when name is missing","","Sat Mar 14 02:04:07 UTC 2026","passed","Sat Mar 14 02:04:07 UTC 2026","Product Endpoints > POST /api/products","products_test.spec.ts","",""
"","2","test_create_order_with_empty_items_returns_400","tests","Sat Mar 14 02:04:08 UTC 2026","passed","Sat Mar 14 02:04:08 UTC 2026","TestCreateOrder","orders_test","",""
"Verify create order fails with zero quantity","14","testCreateOrderZeroQuantity","API Test Suite","Sat Mar 14 02:04:35 UTC 2026","passed","Sat Mar 14 02:04:35 UTC 2026","com.automationlab.tests.OrderTest","API Tests","com.automationlab.tests.OrderTest","testCreateOrderZeroQuantity"
"Verify user cannot cancel another user's order","45","testCancelOtherUserOrder","API Test Suite","Sat Mar 14 02:04:35 UTC 2026","passed","Sat Mar 14 02:04:35 UTC 2026","com.automationlab.tests.OrderTest","API Tests","com.automationlab.tests.OrderTest","testCancelOtherUserOrder"
"","38164","DELETE /api/orders/:id","","Sat Mar 14 02:06:59 UTC 2026","passed","Sat Mar 14 02:07:37 UTC 2026","","k6 Performance Tests","",""
"","72","returns HTTP 200 when updating own user","","Sat Mar 14 02:04:13 UTC 2026","passed","Sat Mar 14 02:04:13 UTC 2026","User Endpoints > PUT /api/users/:id","user_test.spec.ts","",""
"Verify update with invalid status fails","16","testUpdateOrderInvalidStatus","API Test Suite","Sat Mar 14 02:04:36 UTC 2026","passed","Sat Mar 14 02:04:36 UTC 2026","com.automationlab.tests.OrderTest","API Tests","com.automationlab.tests.OrderTest","testUpdateOrderInvalidStatus"
"","70","returns HTTP 401 without token","","Sat Mar 14 02:04:13 UTC 2026","passed","Sat Mar 14 02:04:13 UTC 2026","User Endpoints > PUT /api/users/:id","user_test.spec.ts","",""
"","39241","PUT /api/users/:id","","Sat Mar 14 02:05:34 UTC 2026","passed","Sat Mar 14 02:06:13 UTC 2026","","k6 Performance Tests","",""
"Verify update non-existent product returns 404","11","testUpdateNonExistentProduct","API Test Suite","Sat Mar 14 02:04:33 UTC 2026","passed","Sat Mar 14 02:04:33 UTC 2026","com.automationlab.tests.ProductTest","API Tests","com.automationlab.tests.ProductTest","testUpdateNonExistentProduct"
"Verify registration succeeds without last name (optional field)","109","testRegistrationMissingLastName","API Test Suite","Sat Mar 14 02:04:28 UTC 2026","passed","Sat Mar 14 02:04:28 UTC 2026","com.automationlab.tests.AuthTest","API Tests","com.automationlab.tests.AuthTest","testRegistrationMissingLastName"
"","38067","GET /api/products","","Sat Mar 14 02:06:15 UTC 2026","passed","Sat Mar 14 02:06:53 UTC 2026","","k6 Performance Tests","",""
"","7","limit parameter is respected","","Sat Mar 14 02:04:05 UTC 2026","passed","Sat Mar 14 02:04:05 UTC 2026","Product Endpoints > GET /api/products","products_test.spec.ts","",""
"Verify pagination returns correct total count","46","testListProductsPaginationTotalCount","API Test Suite","Sat Mar 14 02:04:33 UTC 2026","passed","Sat Mar 14 02:04:33 UTC 2026","com.automationlab.tests.ProductTest","API Tests","com.automationlab.tests.ProductTest","testListProductsPaginationTotalCount"
"","10","test_order_items_include_product_details","tests","Sat Mar 14 02:04:09 UTC 2026","passed","Sat Mar 14 02:04:09 UTC 2026","TestGetOrder","orders_test","",""
"","5272","products page displays product cards","chromium","Sat Mar 14 02:20:08 UTC 2026","failed","Sat Mar 14 02:20:14 UTC 2026","Products — Unauthenticated","products_test.spec.ts","",""
"","3","test_list_users_returns_paginated_results","tests","Sat Mar 14 02:04:12 UTC 2026","passed","Sat Mar 14 02:04:12 UTC 2026","TestListUsers","user_test","",""
"","4","test_list_orders_pagination","tests","Sat Mar 14 02:04:09 UTC 2026","passed","Sat Mar 14 02:04:09 UTC 2026","TestListOrders","orders_test","",""
"","3","test_admin_can_delete_any_user","tests","Sat Mar 14 02:04:13 UTC 2026","passed","Sat Mar 14 02:04:13 UTC 2026","TestDeleteUser","user_test","",""
"","30118","empty password stays on login page","chromium","Sat Mar 14 02:07:01 UTC 2026","broken","Sat Mar 14 02:07:31 UTC 2026","Login","login_test.spec.ts","",""
"Verify user can update multiple fields simultaneously","81","testUpdateMultipleFields","API Test Suite","Sat Mar 14 02:04:30 UTC 2026","passed","Sat Mar 14 02:04:30 UTC 2026","com.automationlab.tests.UserTest","API Tests","com.automationlab.tests.UserTest","testUpdateMultipleFields"
"","5273","valid registration renders authenticated navbar state","chromium","Sat Mar 14 02:24:28 UTC 2026","failed","Sat Mar 14 02:24:33 UTC 2026","Register","register_test.spec.ts","",""
"","266","returns HTTP 404 for non-existent product","","Sat Mar 14 02:04:09 UTC 2026","passed","Sat Mar 14 02:04:09 UTC 2026","Product Endpoints > PUT /api/products/:id","products_test.spec.ts","",""
"Verify JWT token contains required claims","289","testTokenStructure","API Test Suite","Sat Mar 14 02:04:28 UTC 2026","passed","Sat Mar 14 02:04:28 UTC 2026","com.automationlab.tests.AuthTest","API Tests","com.automationlab.tests.AuthTest","testTokenStructure"
"","8","test_admin_can_view_any_order","tests","Sat Mar 14 02:04:10 UTC 2026","passed","Sat Mar 14 02:04:10 UTC 2026","TestGetOrder","orders_test","",""
"","3","test_user_cannot_delete_other_user","tests","Sat Mar 14 02:04:13 UTC 2026","passed","Sat Mar 14 02:04:13 UTC 2026","TestDeleteUser","user_test","",""
"","4","test_update_own_email","tests","Sat Mar 14 02:04:12 UTC 2026","passed","Sat Mar 14 02:04:12 UTC 2026","TestUpdateUser","user_test","",""
"Unauthenticated place order redirects to login","321","unauthenticatedPlaceOrderRedirectsToLogin","SQA Automation Lab — Selenium UI Suite","Sat Mar 14 02:12:29 UTC 2026","failed","Sat Mar 14 02:12:30 UTC 2026","com.sqa.ui.tests.ProductDetailTest","UI Tests","com.sqa.ui.tests.ProductDetailTest","unauthenticatedPlaceOrderRedirectsToLogin"
"","325","order item details include product_id, quantity, and price","","Sat Mar 14 02:03:57 UTC 2026","passed","Sat Mar 14 02:03:57 UTC 2026","Order Endpoints > POST /api/orders","orders_test.spec.ts","",""
"Verify admin can create a new product","54","testCreateProduct","API Test Suite","Sat Mar 14 02:04:32 UTC 2026","passed","Sat Mar 14 02:04:32 UTC 2026","com.automationlab.tests.ProductTest","API Tests","com.automationlab.tests.ProductTest","testCreateProduct"
"Verify registration fails with weak password","17","testRegistrationWeakPassword","API Test Suite","Sat Mar 14 02:04:28 UTC 2026","passed","Sat Mar 14 02:04:28 UTC 2026","com.automationlab.tests.AuthTest","API Tests","com.automationlab.tests.AuthTest","testRegistrationWeakPassword"
"Verify admin can get any order","56","testAdminGetAnyOrder","API Test Suite","Sat Mar 14 02:04:35 UTC 2026","passed","Sat Mar 14 02:04:35 UTC 2026","com.automationlab.tests.OrderTest","API Tests","com.automationlab.tests.OrderTest","testAdminGetAnyOrder"
"","9","test_update_with_invalid_status_returns_400","tests","Sat Mar 14 02:04:10 UTC 2026","passed","Sat Mar 14 02:04:10 UTC 2026","TestUpdateOrderStatus","orders_test","",""
"","243","orders link is not visible when unauthenticated","chromium","Sat Mar 14 02:10:42 UTC 2026","passed","Sat Mar 14 02:10:42 UTC 2026","Navigation — Unauthenticated","navigation_test.spec.ts","",""
"","39244","GET /api/users","","Sat Mar 14 02:05:33 UTC 2026","passed","Sat Mar 14 02:06:12 UTC 2026","","k6 Performance Tests","",""
"","321","returns HTTP 400 for quantity exceeding available stock","","Sat Mar 14 02:03:58 UTC 2026","passed","Sat Mar 14 02:03:58 UTC 2026","Order Endpoints > POST /api/orders","orders_test.spec.ts","",""
"Status filter pending shows only pending orders — AUT Bug C","1","statusFilterPendingShowsPendingOrders","SQA Automation Lab — Selenium UI Suite","Sat Mar 14 02:13:02 UTC 2026","skipped","Sat Mar 14 02:13:02 UTC 2026","com.sqa.ui.tests.OrdersTest","UI Tests","com.sqa.ui.tests.OrdersTest","statusFilterPendingShowsPendingOrders"
"Products link navigates to products page","10326","productsLinkNavigatesToProductsPage","SQA Automation Lab — Selenium UI Suite","Sat Mar 14 02:16:19 UTC 2026","broken","Sat Mar 14 02:16:29 UTC 2026","com.sqa.ui.tests.NavigationTest","UI Tests","com.sqa.ui.tests.NavigationTest","productsLinkNavigatesToProductsPage"
"","4","test_cancel_nonexistent_order_returns_404","tests","Sat Mar 14 02:04:11 UTC 2026","passed","Sat Mar 14 02:04:11 UTC 2026","TestCancelOrder","orders_test","",""
"","38066","GET /api/products/:id","","Sat Mar 14 02:06:15 UTC 2026","passed","Sat Mar 14 02:06:53 UTC 2026","","k6 Performance Tests","",""
"","3","test_filter_by_category","tests","Sat Mar 14 02:04:11 UTC 2026","passed","Sat Mar 14 02:04:11 UTC 2026","TestFilterProducts","products_test","",""
"","11","test_admin_can_update_status_to_processing","tests","Sat Mar 14 02:04:10 UTC 2026","passed","Sat Mar 14 02:04:10 UTC 2026","TestUpdateOrderStatus","orders_test","",""
"After soft delete, product should not appear in public listing.","5","test_deleted_product_not_in_listing","tests","Sat Mar 14 02:04:12 UTC 2026","passed","Sat Mar 14 02:04:12 UTC 2026","TestDeleteProduct","products_test","",""
"Dashboard link is not visible when unauthenticated","10336","dashboardLinkIsNotVisibleWhenUnauthenticated","SQA Automation Lab — Selenium UI Suite","Sat Mar 14 02:14:51 UTC 2026","broken","Sat Mar 14 02:15:01 UTC 2026","com.sqa.ui.tests.NavigationTest","UI Tests","com.sqa.ui.tests.NavigationTest","dashboardLinkIsNotVisibleWhenUnauthenticated"
"Clear button resets search results","10534","clearButtonResetsSearchResults","SQA Automation Lab — Selenium UI Suite","Sat Mar 14 02:09:27 UTC 2026","broken","Sat Mar 14 02:09:37 UTC 2026","com.sqa.ui.tests.ProductsTest","UI Tests","com.sqa.ui.tests.ProductsTest","clearButtonResetsSearchResults"
"","29902","Health Tests","","Sat Mar 14 02:04:16 UTC 2026","passed","Sat Mar 14 02:04:46 UTC 2026","","JMeter Performance Tests","",""
"","10","test_admin_can_cancel_any_pending_order","tests","Sat Mar 14 02:04:11 UTC 2026","passed","Sat Mar 14 02:04:11 UTC 2026","TestCancelOrder","orders_test","",""
"","4","test_list_products_pagination_metadata","tests","Sat Mar 14 02:04:11 UTC 2026","passed","Sat Mar 14 02:04:11 UTC 2026","TestListProducts","products_test","",""
"Verify delete product fails without authentication","11","testDeleteProductNoAuth","API Test Suite","Sat Mar 14 02:04:32 UTC 2026","passed","Sat Mar 14 02:04:32 UTC 2026","com.automationlab.tests.ProductTest","API Tests","com.automationlab.tests.ProductTest","testDeleteProductNoAuth"
"Invalid email format shows validation error — AUT Bug B","10531","invalidEmailFormatShowsValidationError","SQA Automation Lab — Selenium UI Suite","Sat Mar 14 02:05:08 UTC 2026","broken","Sat Mar 14 02:05:18 UTC 2026","com.sqa.ui.tests.LoginTest","UI Tests","com.sqa.ui.tests.LoginTest","invalidEmailFormatShowsValidationError"
"","30080","non-existent email stays on login page","chromium","Sat Mar 14 02:08:35 UTC 2026","broken","Sat Mar 14 02:09:05 UTC 2026","Login","login_test.spec.ts","",""
"Verify admin can soft delete any user","139","testAdminDeleteAnyUser","API Test Suite","Sat Mar 14 02:04:29 UTC 2026","passed","Sat Mar 14 02:04:29 UTC 2026","com.automationlab.tests.UserTest","API Tests","com.automationlab.tests.UserTest","testAdminDeleteAnyUser"
"","231","test_login_as_admin","tests","Sat Mar 14 02:04:07 UTC 2026","passed","Sat Mar 14 02:04:07 UTC 2026","TestLogin","auth_test","",""
"","136","response contains token","","Sat Mar 14 02:03:55 UTC 2026","passed","Sat Mar 14 02:03:55 UTC 2026","Authentication Endpoints > POST /api/auth/login","auth_test.spec.ts","",""
"","73","returns HTTP 401 without token","","Sat Mar 14 02:04:14 UTC 2026","passed","Sat Mar 14 02:04:14 UTC 2026","User Endpoints > DELETE /api/users/:id","user_test.spec.ts","",""
"","73","response contains users array and pagination object","","Sat Mar 14 02:04:11 UTC 2026","passed","Sat Mar 14 02:04:11 UTC 2026","User Endpoints > GET /api/users","user_test.spec.ts","",""
"","6","response body contains endpoints field","","Sat Mar 14 02:03:56 UTC 2026","passed","Sat Mar 14 02:03:56 UTC 2026","Health Endpoints > GET /","health_test.spec.ts","",""
"","6","returns HTTP 400 when password is missing","","Sat Mar 14 02:03:55 UTC 2026","passed","Sat Mar 14 02:03:55 UTC 2026","Authentication Endpoints > POST /api/auth/login","auth_test.spec.ts","",""
"","74","returns HTTP 200 for own user","","Sat Mar 14 02:04:12 UTC 2026","passed","Sat Mar 14 02:04:12 UTC 2026","User Endpoints > GET /api/users/:id","user_test.spec.ts","",""
"User should see their own orders.","10","test_list_own_orders","tests","Sat Mar 14 02:04:09 UTC 2026","passed","Sat Mar 14 02:04:09 UTC 2026","TestListOrders","orders_test","",""
"Verify pagination with custom page size","51","testListUsersCustomPageSize","API Test Suite","Sat Mar 14 02:04:30 UTC 2026","passed","Sat Mar 14 02:04:30 UTC 2026","com.automationlab.tests.UserTest","API Tests","com.automationlab.tests.UserTest","testListUsersCustomPageSize"
"Verify create order fails with non-existent product","16","testCreateOrderNonExistentProduct","API Test Suite","Sat Mar 14 02:04:35 UTC 2026","passed","Sat Mar 14 02:04:35 UTC 2026","com.automationlab.tests.OrderTest","API Tests","com.automationlab.tests.OrderTest","testCreateOrderNonExistentProduct"
"","72","updated fields are returned in response","","Sat Mar 14 02:04:13 UTC 2026","passed","Sat Mar 14 02:04:13 UTC 2026","User Endpoints > PUT /api/users/:id","user_test.spec.ts","",""
"Verify anyone can get product details without authentication","42","testGetProductPublic","API Test Suite","Sat Mar 14 02:04:32 UTC 2026","passed","Sat Mar 14 02:04:32 UTC 2026","com.automationlab.tests.ProductTest","API Tests","com.automationlab.tests.ProductTest","testGetProductPublic"
"Cancel order dismissed by user leaves order intact — AUT Bug C","0","cancelOrderDismissedLeavesOrderIntact","SQA Automation Lab — Selenium UI Suite","Sat Mar 14 02:12:38 UTC 2026","skipped","Sat Mar 14 02:12:38 UTC 2026","com.sqa.ui.tests.OrdersTest","UI Tests","com.sqa.ui.tests.OrdersTest","cancelOrderDismissedLeavesOrderIntact"
"","70","returns HTTP 403 for non-admin authenticated user","","Sat Mar 14 02:04:08 UTC 2026","passed","Sat Mar 14 02:04:08 UTC 2026","Product Endpoints > POST /api/products","products_test.spec.ts","",""
"","30035","User Tests","","Sat Mar 14 02:05:25 UTC 2026","passed","Sat Mar 14 02:05:55 UTC 2026","","JMeter Performance Tests","",""
"","8","response contains products array and pagination object","","Sat Mar 14 02:04:05 UTC 2026","passed","Sat Mar 14 02:04:05 UTC 2026","Product Endpoints > GET /api/products","products_test.spec.ts","",""
"","38066","POST /api/products - admin","","Sat Mar 14 02:06:16 UTC 2026","passed","Sat Mar 14 02:06:54 UTC 2026","","k6 Performance Tests","",""
"Verify get current user fails without token","26","testGetCurrentUserNoToken","API Test Suite","Sat Mar 14 02:04:26 UTC 2026","passed","Sat Mar 14 02:04:26 UTC 2026","com.automationlab.tests.AuthTest","API Tests","com.automationlab.tests.AuthTest","testGetCurrentUserNoToken"
"","30077","authenticated user visiting login page is redirected to products","chromium","Sat Mar 14 02:09:38 UTC 2026","broken","Sat Mar 14 02:10:08 UTC 2026","Login","login_test.spec.ts","",""
"Verify registered user has default role of 'user'","118","testRegistrationDefaultRole","API Test Suite","Sat Mar 14 02:04:27 UTC 2026","passed","Sat Mar 14 02:04:27 UTC 2026","com.automationlab.tests.AuthTest","API Tests","com.automationlab.tests.AuthTest","testRegistrationDefaultRole"
"Verify admin can update any user","37","testAdminUpdateAnyUser","API Test Suite","Sat Mar 14 02:04:29 UTC 2026","passed","Sat Mar 14 02:04:29 UTC 2026","com.automationlab.tests.UserTest","API Tests","com.automationlab.tests.UserTest","testAdminUpdateAnyUser"
"","256","returns HTTP 200 for existing product","","Sat Mar 14 02:04:05 UTC 2026","passed","Sat Mar 14 02:04:05 UTC 2026","Product Endpoints > GET /api/products/:id","products_test.spec.ts","",""
"","38511","Step 6: Check order status","","Sat Mar 14 02:07:43 UTC 2026","passed","Sat Mar 14 02:08:22 UTC 2026","","k6 Performance Tests","",""
"Verify health endpoint returns uptime information","71","testHealthEndpointUptime","API Test Suite","Sat Mar 14 02:04:25 UTC 2026","passed","Sat Mar 14 02:04:25 UTC 2026","com.automationlab.tests.HealthTest","API Tests","com.automationlab.tests.HealthTest","testHealthEndpointUptime"
"","3","test_product_fields_in_listing","tests","Sat Mar 14 02:04:11 UTC 2026","passed","Sat Mar 14 02:04:11 UTC 2026","TestListProducts","products_test","",""
"Verify admin can cancel any pending order","59","testAdminCancelAnyOrder","API Test Suite","Sat Mar 14 02:04:35 UTC 2026","passed","Sat Mar 14 02:04:35 UTC 2026","com.automationlab.tests.OrderTest","API Tests","com.automationlab.tests.OrderTest","testAdminCancelAnyOrder"
"","253","admin can soft delete a product and receives HTTP 200","","Sat Mar 14 02:04:10 UTC 2026","passed","Sat Mar 14 02:04:10 UTC 2026","Product Endpoints > DELETE /api/products/:id","products_test.spec.ts","",""
"","30073","empty email stays on login page","chromium","Sat Mar 14 02:06:30 UTC 2026","broken","Sat Mar 14 02:07:00 UTC 2026","Login","login_test.spec.ts","",""
"","2","test_health_reports_healthy_status","tests","Sat Mar 14 02:04:08 UTC 2026","passed","Sat Mar 14 02:04:08 UTC 2026","TestHealthEndpoint","health_test","",""
"Verify root endpoint lists available endpoints","64","testRootEndpointListsEndpoints","API Test Suite","Sat Mar 14 02:04:25 UTC 2026","passed","Sat Mar 14 02:04:25 UTC 2026","com.automationlab.tests.HealthTest","API Tests","com.automationlab.tests.HealthTest","testRootEndpointListsEndpoints"
"Verify non-admin cannot delete product","12","testDeleteProductNonAdmin","API Test Suite","Sat Mar 14 02:04:32 UTC 2026","passed","Sat Mar 14 02:04:32 UTC 2026","com.automationlab.tests.ProductTest","API Tests","com.automationlab.tests.ProductTest","testDeleteProductNonAdmin"
"","88","response contains token","","Sat Mar 14 02:03:54 UTC 2026","passed","Sat Mar 14 02:03:54 UTC 2026","Authentication Endpoints > POST /api/auth/register","auth_test.spec.ts","",""
"Verify get non-existent user returns 404","27","testGetNonExistentUser","API Test Suite","Sat Mar 14 02:04:30 UTC 2026","passed","Sat Mar 14 02:04:30 UTC 2026","com.automationlab.tests.UserTest","API Tests","com.automationlab.tests.UserTest","testGetNonExistentUser"
"Orders page displays order cards","2","ordersPageDisplaysOrderCards","SQA Automation Lab — Selenium UI Suite","Sat Mar 14 02:12:50 UTC 2026","skipped","Sat Mar 14 02:12:50 UTC 2026","com.sqa.ui.tests.OrdersTest","UI Tests","com.sqa.ui.tests.OrdersTest","ordersPageDisplaysOrderCards"
"","61","test_login_with_wrong_password_returns_401","tests","Sat Mar 14 02:04:07 UTC 2026","passed","Sat Mar 14 02:04:07 UTC 2026","TestLogin","auth_test","",""
"","2","test_user_cannot_update_other_user","tests","Sat Mar 14 02:04:12 UTC 2026","passed","Sat Mar 14 02:04:12 UTC 2026","TestUpdateUser","user_test","",""
"Verify create order fails with empty items array","14","testCreateOrderEmptyItems","API Test Suite","Sat Mar 14 02:04:35 UTC 2026","passed","Sat Mar 14 02:04:35 UTC 2026","com.automationlab.tests.OrderTest","API Tests","com.automationlab.tests.OrderTest","testCreateOrderEmptyItems"
"","2","test_health_includes_environment","tests","Sat Mar 14 02:04:08 UTC 2026","passed","Sat Mar 14 02:04:08 UTC 2026","TestHealthEndpoint","health_test","",""
"","38167","POST /api/orders","","Sat Mar 14 02:06:57 UTC 2026","passed","Sat Mar 14 02:07:35 UTC 2026","","k6 Performance Tests","",""
"","3","test_admin_can_update_stock","tests","Sat Mar 14 02:04:11 UTC 2026","passed","Sat Mar 14 02:04:11 UTC 2026","TestUpdateProduct","products_test","",""
"Empty first name shows validation error","10553","emptyFirstNameShowsValidationError","SQA Automation Lab — Selenium UI Suite","Sat Mar 14 02:07:11 UTC 2026","broken","Sat Mar 14 02:07:22 UTC 2026","com.sqa.ui.tests.RegisterTest","UI Tests","com.sqa.ui.tests.RegisterTest","emptyFirstNameShowsValidationError"
"","6","test_list_products_page_navigation","tests","Sat Mar 14 02:04:11 UTC 2026","passed","Sat Mar 14 02:04:11 UTC 2026","TestListProducts","products_test","",""
"","39244","GET /api/users/:id - own user","","Sat Mar 14 02:05:33 UTC 2026","passed","Sat Mar 14 02:06:12 UTC 2026","","k6 Performance Tests","",""
"Duplicate email shows error message","10489","duplicateEmailShowsErrorMessage","SQA Automation Lab — Selenium UI Suite","Sat Mar 14 02:06:44 UTC 2026","broken","Sat Mar 14 02:06:54 UTC 2026","com.sqa.ui.tests.RegisterTest","UI Tests","com.sqa.ui.tests.RegisterTest","duplicateEmailShowsErrorMessage"
"","30072","valid login renders authenticated navbar state","chromium","Sat Mar 14 02:05:59 UTC 2026","broken","Sat Mar 14 02:06:29 UTC 2026","Login","login_test.spec.ts","",""
"**Risk:** Medium
**Confidence:** 2
**Instances:** 4

**Description:**
Web browser data loading may be possible, due to a Cross Origin Resource Sharing (CORS) misconfiguration on the web server.

**Solution:**
Ensure that sensitive data is not available in an unauthenticated manner (using IP address white-listing, for instance).Configure the ""Access-Control-Allow-Origin"" HTTP header to a more restrictive set of domains, or remove all CORS headers entirely, to allow the web browser to enforce the Same Origin Policy (SOP) in a more restrictive manner.","0","Cross-Domain Misconfiguration","","Sat Mar 14 02:05:18 UTC 2026","broken","Sat Mar 14 02:05:18 UTC 2026","","Security - ZAP API Scan","",""
"","62","test_register_with_minimum_fields","tests","Sat Mar 14 02:04:07 UTC 2026","passed","Sat Mar 14 02:04:07 UTC 2026","TestRegistration","auth_test","",""
"Verify registration fails with invalid email format","20","testRegistrationInvalidEmail","API Test Suite","Sat Mar 14 02:04:27 UTC 2026","passed","Sat Mar 14 02:04:27 UTC 2026","com.automationlab.tests.AuthTest","API Tests","com.automationlab.tests.AuthTest","testRegistrationInvalidEmail"
"Verify products can be filtered by multiple criteria","27","testListProductsMultipleFilters","API Test Suite","Sat Mar 14 02:04:33 UTC 2026","passed","Sat Mar 14 02:04:33 UTC 2026","com.automationlab.tests.ProductTest","API Tests","com.automationlab.tests.ProductTest","testListProductsMultipleFilters"
"","3","test_regular_user_cannot_create_product","tests","Sat Mar 14 02:04:11 UTC 2026","passed","Sat Mar 14 02:04:11 UTC 2026","TestCreateProduct","products_test","",""
"","253","returns HTTP 401 without token","","Sat Mar 14 02:03:57 UTC 2026","passed","Sat Mar 14 02:03:58 UTC 2026","Order Endpoints > POST /api/orders","orders_test.spec.ts","",""
"","71","returns HTTP 200 with valid token","","Sat Mar 14 02:04:11 UTC 2026","passed","Sat Mar 14 02:04:11 UTC 2026","User Endpoints > GET /api/users","user_test.spec.ts","",""
"Verify root endpoint returns app information","48","testRootEndpoint","API Test Suite","Sat Mar 14 02:04:25 UTC 2026","passed","Sat Mar 14 02:04:25 UTC 2026","com.automationlab.tests.HealthTest","API Tests","com.automationlab.tests.HealthTest","testRootEndpoint"
"Register page displays Create Account heading","10463","registerPageDisplaysCreateAccountHeading","SQA Automation Lab — Selenium UI Suite","Sat Mar 14 02:07:52 UTC 2026","broken","Sat Mar 14 02:08:03 UTC 2026","com.sqa.ui.tests.RegisterTest","UI Tests","com.sqa.ui.tests.RegisterTest","registerPageDisplaysCreateAccountHeading"
"","39967","POST /api/auth/login - valid credentials","","Sat Mar 14 02:04:51 UTC 2026","passed","Sat Mar 14 02:05:31 UTC 2026","","k6 Performance Tests","",""
"","76","returns HTTP 200 for authenticated user","","Sat Mar 14 02:03:58 UTC 2026","passed","Sat Mar 14 02:03:58 UTC 2026","Order Endpoints > GET /api/orders","orders_test.spec.ts","",""
"Product detail page displays product price","333","productDetailPageDisplaysProductPrice","SQA Automation Lab — Selenium UI Suite","Sat Mar 14 02:12:22 UTC 2026","failed","Sat Mar 14 02:12:23 UTC 2026","com.sqa.ui.tests.ProductDetailTest","UI Tests","com.sqa.ui.tests.ProductDetailTest","productDetailPageDisplaysProductPrice"
"Dashboard link navigates to dashboard page","10603","dashboardLinkNavigatesToDashboardPage","SQA Automation Lab — Selenium UI Suite","Sat Mar 14 02:15:13 UTC 2026","broken","Sat Mar 14 02:15:23 UTC 2026","com.sqa.ui.tests.NavigationTest","UI Tests","com.sqa.ui.tests.NavigationTest","dashboardLinkNavigatesToDashboardPage"
"Product detail page displays stock status","345","productDetailPageDisplaysStockStatus","SQA Automation Lab — Selenium UI Suite","Sat Mar 14 02:12:26 UTC 2026","failed","Sat Mar 14 02:12:26 UTC 2026","com.sqa.ui.tests.ProductDetailTest","UI Tests","com.sqa.ui.tests.ProductDetailTest","productDetailPageDisplaysStockStatus"
"","5285","invalid product id renders error state","chromium","Sat Mar 14 02:18:46 UTC 2026","failed","Sat Mar 14 02:18:51 UTC 2026","Product Detail — Unauthenticated","product_detail_test.spec.ts","",""
"","30113","orders link navigates to orders page","chromium","Sat Mar 14 02:13:10 UTC 2026","broken","Sat Mar 14 02:13:40 UTC 2026","Navigation — Authenticated","navigation_test.spec.ts","",""
"Verify health endpoint returns environment information","67","testHealthEndpointEnvironment","API Test Suite","Sat Mar 14 02:04:25 UTC 2026","passed","Sat Mar 14 02:04:25 UTC 2026","com.automationlab.tests.HealthTest","API Tests","com.automationlab.tests.HealthTest","testHealthEndpointEnvironment"
"","2","test_register_with_short_password_returns_400","tests","Sat Mar 14 02:04:07 UTC 2026","passed","Sat Mar 14 02:04:07 UTC 2026","TestRegistration","auth_test","",""
"","328","user can cancel a pending order and receives HTTP 200","","Sat Mar 14 02:04:03 UTC 2026","passed","Sat Mar 14 02:04:03 UTC 2026","Order Endpoints > DELETE /api/orders/:id","orders_test.spec.ts","",""
"Sign in link navigates to login page","10502","signInLinkNavigatesToLoginPage","SQA Automation Lab — Selenium UI Suite","Sat Mar 14 02:08:19 UTC 2026","broken","Sat Mar 14 02:08:30 UTC 2026","com.sqa.ui.tests.RegisterTest","UI Tests","com.sqa.ui.tests.RegisterTest","signInLinkNavigatesToLoginPage"
"","3","test_update_sets_updated_at","tests","Sat Mar 14 02:04:11 UTC 2026","passed","Sat Mar 14 02:04:11 UTC 2026","TestUpdateProduct","products_test","",""
"","77","returns HTTP 404 for non-existent order","","Sat Mar 14 02:04:01 UTC 2026","passed","Sat Mar 14 02:04:01 UTC 2026","Order Endpoints > GET /api/orders/:id","orders_test.spec.ts","",""
"Verify authenticated user can retrieve their own profile","67","testGetCurrentUser","API Test Suite","Sat Mar 14 02:04:26 UTC 2026","passed","Sat Mar 14 02:04:26 UTC 2026","com.automationlab.tests.AuthTest","API Tests","com.automationlab.tests.AuthTest","testGetCurrentUser"
"","30078","cancel order dismissed by user leaves order intact","chromium","Sat Mar 14 02:16:32 UTC 2026","broken","Sat Mar 14 02:17:02 UTC 2026","Orders","orders_test.spec.ts","",""
"Verify get non-existent order returns 404","16","testGetNonExistentOrder","API Test Suite","Sat Mar 14 02:04:35 UTC 2026","passed","Sat Mar 14 02:04:35 UTC 2026","com.automationlab.tests.OrderTest","API Tests","com.automationlab.tests.OrderTest","testGetNonExistentOrder"
"Verify create product fails with missing name","14","testCreateProductMissingName","API Test Suite","Sat Mar 14 02:04:32 UTC 2026","passed","Sat Mar 14 02:04:32 UTC 2026","com.automationlab.tests.ProductTest","API Tests","com.automationlab.tests.ProductTest","testCreateProductMissingName"
"Verify admin can update stock quantity","75","testUpdateProductStock","API Test Suite","Sat Mar 14 02:04:33 UTC 2026","passed","Sat Mar 14 02:04:33 UTC 2026","com.automationlab.tests.ProductTest","API Tests","com.automationlab.tests.ProductTest","testUpdateProductStock"
"Verify order includes item details","62","testOrderIncludesItemDetails","API Test Suite","Sat Mar 14 02:04:35 UTC 2026","passed","Sat Mar 14 02:04:36 UTC 2026","com.automationlab.tests.OrderTest","API Tests","com.automationlab.tests.OrderTest","testOrderIncludesItemDetails"
"","2","test_create_product_without_auth_returns_401","tests","Sat Mar 14 02:04:11 UTC 2026","passed","Sat Mar 14 02:04:11 UTC 2026","TestCreateProduct","products_test","",""
"A user should not be able to cancel another user's order.","72","test_user_cannot_cancel_other_users_order","tests","Sat Mar 14 02:04:11 UTC 2026","passed","Sat Mar 14 02:04:11 UTC 2026","TestCancelOrder","orders_test","",""
"Verify delete non-existent product returns 404","18","testDeleteNonExistentProduct","API Test Suite","Sat Mar 14 02:04:32 UTC 2026","passed","Sat Mar 14 02:04:32 UTC 2026","com.automationlab.tests.ProductTest","API Tests","com.automationlab.tests.ProductTest","testDeleteNonExistentProduct"
"Verify user cannot delete another user's account","20","testDeleteOtherUserForbidden","API Test Suite","Sat Mar 14 02:04:29 UTC 2026","passed","Sat Mar 14 02:04:29 UTC 2026","com.automationlab.tests.UserTest","API Tests","com.automationlab.tests.UserTest","testDeleteOtherUserForbidden"
"Verify orders can be filtered by status","41","testListOrdersByStatus","API Test Suite","Sat Mar 14 02:04:35 UTC 2026","passed","Sat Mar 14 02:04:35 UTC 2026","com.automationlab.tests.OrderTest","API Tests","com.automationlab.tests.OrderTest","testListOrdersByStatus"
"Authenticated user can set quantity before ordering","773","authenticatedUserCanSetQuantityBeforeOrdering","SQA Automation Lab — Selenium UI Suite","Sat Mar 14 02:11:49 UTC 2026","broken","Sat Mar 14 02:11:50 UTC 2026","com.sqa.ui.tests.ProductDetailTest","UI Tests","com.sqa.ui.tests.ProductDetailTest","authenticatedUserCanSetQuantityBeforeOrdering"
"","2","test_create_order_without_auth_returns_401","tests","Sat Mar 14 02:04:08 UTC 2026","passed","Sat Mar 14 02:04:08 UTC 2026","TestCreateOrder","orders_test","",""
"","357","admin can view any order","","Sat Mar 14 02:04:01 UTC 2026","passed","Sat Mar 14 02:04:01 UTC 2026","Order Endpoints > GET /api/orders/:id","orders_test.spec.ts","",""
"","320","returns HTTP 403 for non-admin authenticated user","","Sat Mar 14 02:04:09 UTC 2026","passed","Sat Mar 14 02:04:10 UTC 2026","Product Endpoints > PUT /api/products/:id","products_test.spec.ts","",""
"","6","content-type is application/json","","Sat Mar 14 02:03:55 UTC 2026","passed","Sat Mar 14 02:03:55 UTC 2026","Health Endpoints > GET /health","health_test.spec.ts","",""
"","157","returns HTTP 403 or 404 when deleting another users account","","Sat Mar 14 02:04:14 UTC 2026","passed","Sat Mar 14 02:04:15 UTC 2026","User Endpoints > DELETE /api/users/:id","user_test.spec.ts","",""
"Verify non-admin cannot update order status","12","testUpdateOrderStatusNonAdmin","API Test Suite","Sat Mar 14 02:04:36 UTC 2026","passed","Sat Mar 14 02:04:36 UTC 2026","com.automationlab.tests.OrderTest","API Tests","com.automationlab.tests.OrderTest","testUpdateOrderStatusNonAdmin"
"Verify product with decimal price is created correctly","24","testCreateProductDecimalPrice","API Test Suite","Sat Mar 14 02:04:32 UTC 2026","passed","Sat Mar 14 02:04:32 UTC 2026","com.automationlab.tests.ProductTest","API Tests","com.automationlab.tests.ProductTest","testCreateProductDecimalPrice"
"","4","test_list_users_returns_200","tests","Sat Mar 14 02:04:12 UTC 2026","passed","Sat Mar 14 02:04:12 UTC 2026","TestListUsers","user_test","",""
"","395","returns HTTP 403 when cancelling another users order","","Sat Mar 14 02:04:04 UTC 2026","passed","Sat Mar 14 02:04:04 UTC 2026","Order Endpoints > DELETE /api/orders/:id","orders_test.spec.ts","",""
"","30116","products link navigates to products page","chromium","Sat Mar 14 02:11:14 UTC 2026","broken","Sat Mar 14 02:11:44 UTC 2026","Navigation — Unauthenticated","navigation_test.spec.ts","",""
"Verify successful login with valid credentials","310","testSuccessfulLogin","API Test Suite","Sat Mar 14 02:04:28 UTC 2026","passed","Sat Mar 14 02:04:29 UTC 2026","com.automationlab.tests.AuthTest","API Tests","com.automationlab.tests.AuthTest","testSuccessfulLogin"
"","7","test_create_order_with_single_item","tests","Sat Mar 14 02:04:08 UTC 2026","passed","Sat Mar 14 02:04:08 UTC 2026","TestCreateOrder","orders_test","",""
"","331","returns HTTP 401 without token","","Sat Mar 14 02:04:04 UTC 2026","passed","Sat Mar 14 02:04:04 UTC 2026","Order Endpoints > DELETE /api/orders/:id","orders_test.spec.ts","",""
"","2","test_404_response_includes_error_details","tests","Sat Mar 14 02:04:08 UTC 2026","passed","Sat Mar 14 02:04:08 UTC 2026","TestNotFound","health_test","",""
"After deletion, user should still exist but be inactive.","12","test_deleted_user_is_soft_deleted","tests","Sat Mar 14 02:04:13 UTC 2026","passed","Sat Mar 14 02:04:13 UTC 2026","TestDeleteUser","user_test","",""
"","2","test_create_product_without_price_returns_400","tests","Sat Mar 14 02:04:11 UTC 2026","passed","Sat Mar 14 02:04:11 UTC 2026","TestCreateProduct","products_test","",""
"","323","new order status is pending","","Sat Mar 14 02:03:56 UTC 2026","passed","Sat Mar 14 02:03:57 UTC 2026","Order Endpoints > POST /api/orders","orders_test.spec.ts","",""
"","134","returns HTTP 200 on successful login","","Sat Mar 14 02:03:55 UTC 2026","passed","Sat Mar 14 02:03:55 UTC 2026","Authentication Endpoints > POST /api/auth/login","auth_test.spec.ts","",""
"","79","user objects in response do not expose password field","","Sat Mar 14 02:04:12 UTC 2026","passed","Sat Mar 14 02:04:12 UTC 2026","User Endpoints > GET /api/users","user_test.spec.ts","",""
"Verify order can be created with multiple items","74","testCreateOrderMultipleItems","API Test Suite","Sat Mar 14 02:04:35 UTC 2026","passed","Sat Mar 14 02:04:35 UTC 2026","com.automationlab.tests.OrderTest","API Tests","com.automationlab.tests.OrderTest","testCreateOrderMultipleItems"
"","4","test_login_with_nonexistent_email_returns_401","tests","Sat Mar 14 02:04:07 UTC 2026","passed","Sat Mar 14 02:04:07 UTC 2026","TestLogin","auth_test","",""
"","313","admin can update any user","","Sat Mar 14 02:04:13 UTC 2026","passed","Sat Mar 14 02:04:13 UTC 2026","User Endpoints > PUT /api/users/:id","user_test.spec.ts","",""
"","1","setup","","Sat Mar 14 02:05:33 UTC 2026","passed","Sat Mar 14 02:05:33 UTC 2026","","k6 Performance Tests","",""
"Valid registration renders authenticated navbar state","10583","validRegistrationRendersAuthenticatedNavbarState","SQA Automation Lab — Selenium UI Suite","Sat Mar 14 02:08:48 UTC 2026","broken","Sat Mar 14 02:08:58 UTC 2026","com.sqa.ui.tests.RegisterTest","UI Tests","com.sqa.ui.tests.RegisterTest","validRegistrationRendersAuthenticatedNavbarState"
"","10","products in listing include expected fields","","Sat Mar 14 02:04:05 UTC 2026","passed","Sat Mar 14 02:04:05 UTC 2026","Product Endpoints > GET /api/products","products_test.spec.ts","",""
"","7","response body conforms to paginated products schema","","Sat Mar 14 02:04:05 UTC 2026","passed","Sat Mar 14 02:04:05 UTC 2026","Product Endpoints > GET /api/products","products_test.spec.ts","",""
