"DESCRIPTION","DURATION IN MS","NAME","PARENT SUITE","START TIME","STATUS","STOP TIME","SUB SUITE","SUITE","TEST CLASS","TEST METHOD"
"","7","response body conforms to paginated products schema","","Sun Mar 15 21:02:28 UTC 2026","passed","Sun Mar 15 21:02:28 UTC 2026","Product Endpoints > GET /api/products","products_test.spec.ts","",""
"","6","response body conforms to health schema","","Sun Mar 15 21:02:19 UTC 2026","passed","Sun Mar 15 21:02:19 UTC 2026","Health Endpoints > GET /health","health_test.spec.ts","",""
"","6","environment field is a non-empty string","","Sun Mar 15 21:02:19 UTC 2026","passed","Sun Mar 15 21:02:19 UTC 2026","Health Endpoints > GET /health","health_test.spec.ts","",""
"","30117","User Journey Tests","","Sun Mar 15 21:05:22 UTC 2026","passed","Sun Mar 15 21:05:52 UTC 2026","","JMeter Performance Tests","",""
"A user should not be able to cancel another user's order.","74","test_user_cannot_cancel_other_users_order","tests","Sun Mar 15 21:02:40 UTC 2026","passed","Sun Mar 15 21:02:40 UTC 2026","TestCancelOrder","orders_test","",""
"","290","login page displays sign in heading","chromium","Sun Mar 15 21:03:03 UTC 2026","passed","Sun Mar 15 21:03:04 UTC 2026","Login","login_test.spec.ts","",""
"","930","Admin sees product cards","chromium","Sun Mar 15 21:04:03 UTC 2026","passed","Sun Mar 15 21:04:04 UTC 2026","Products — Authenticated Admin","products_test.spec.ts","",""
"","3","test_list_products_pagination_metadata","tests","Sun Mar 15 21:02:40 UTC 2026","passed","Sun Mar 15 21:02:40 UTC 2026","TestListProducts","products_test","",""
"","366","Sign in link is visible","chromium","Sun Mar 15 21:03:10 UTC 2026","passed","Sun Mar 15 21:03:10 UTC 2026","Navbar — Unauthenticated","navbar_test.spec.ts","",""
"Stock should decrease after order creation.","9","test_create_order_reduces_stock","tests","Sun Mar 15 21:02:37 UTC 2026","passed","Sun Mar 15 21:02:37 UTC 2026","TestCreateOrder","orders_test","",""
"","6","test_cancel_nonexistent_order_returns_404","tests","Sun Mar 15 21:02:40 UTC 2026","passed","Sun Mar 15 21:02:40 UTC 2026","TestCancelOrder","orders_test","",""
"","320","order item details include product_id, quantity, and price","","Sun Mar 15 21:02:21 UTC 2026","passed","Sun Mar 15 21:02:21 UTC 2026","Order Endpoints > POST /api/orders","orders_test.spec.ts","",""
"Password shorter than 6 characters shows validation error","10442","shortPasswordShowsValidationError","SQA Automation Lab — Selenium UI Suite","Sun Mar 15 21:06:20 UTC 2026","broken","Sun Mar 15 21:06:30 UTC 2026","com.sqa.ui.tests.RegisterTest","UI Tests","com.sqa.ui.tests.RegisterTest","shortPasswordShowsValidationError"
"","3","test_admin_can_view_any_user","tests","Sun Mar 15 21:02:41 UTC 2026","passed","Sun Mar 15 21:02:41 UTC 2026","TestGetUser","user_test","",""
"Verify create product fails with negative price","12","testCreateProductNegativePrice","API Test Suite","Sun Mar 15 21:02:59 UTC 2026","passed","Sun Mar 15 21:02:59 UTC 2026","com.automationlab.tests.ProductTest","API Tests","com.automationlab.tests.ProductTest","testCreateProductNegativePrice"
"","3","test_get_user_returns_full_profile","tests","Sun Mar 15 21:02:41 UTC 2026","passed","Sun Mar 15 21:02:41 UTC 2026","TestGetUser","user_test","",""
"Verify get current user fails without token","27","testGetCurrentUserNoToken","API Test Suite","Sun Mar 15 21:02:53 UTC 2026","passed","Sun Mar 15 21:02:53 UTC 2026","com.automationlab.tests.AuthTest","API Tests","com.automationlab.tests.AuthTest","testGetCurrentUserNoToken"
"Verify admin can update order status","28","testUpdateOrderStatus","API Test Suite","Sun Mar 15 21:03:02 UTC 2026","passed","Sun Mar 15 21:03:02 UTC 2026","com.automationlab.tests.OrderTest","API Tests","com.automationlab.tests.OrderTest","testUpdateOrderStatus"
"","5","returns HTTP 401 without token","","Sun Mar 15 21:02:35 UTC 2026","passed","Sun Mar 15 21:02:35 UTC 2026","User Endpoints > GET /api/users","user_test.spec.ts","",""
"","66","test_register_does_not_return_password","tests","Sun Mar 15 21:02:35 UTC 2026","passed","Sun Mar 15 21:02:35 UTC 2026","TestRegistration","auth_test","",""
"","289","Unauthenticated access to orders redirects to login","chromium","Sun Mar 15 21:03:27 UTC 2026","passed","Sun Mar 15 21:03:27 UTC 2026","Orders — Unauthenticated","orders_test.spec.ts","",""
"Wrong password shows error message — AUT Bug A","10412","wrongPasswordShowsErrorMessage","SQA Automation Lab — Selenium UI Suite","Sun Mar 15 21:04:48 UTC 2026","broken","Sun Mar 15 21:04:58 UTC 2026","com.sqa.ui.tests.LoginTest","UI Tests","com.sqa.ui.tests.LoginTest","wrongPasswordShowsErrorMessage"
"","386","returns HTTP 403 when cancelling another users order","","Sun Mar 15 21:02:28 UTC 2026","passed","Sun Mar 15 21:02:28 UTC 2026","Order Endpoints > DELETE /api/orders/:id","orders_test.spec.ts","",""
"","934","Browse products link navigates to products page","chromium","Sun Mar 15 21:03:01 UTC 2026","passed","Sun Mar 15 21:03:01 UTC 2026","Dashboard — Authenticated Regular User","dashboard_test.spec.ts","",""
"","3","test_combined_category_and_search","tests","Sun Mar 15 21:02:40 UTC 2026","passed","Sun Mar 15 21:02:40 UTC 2026","TestFilterProducts","products_test","",""
"","30041","User Tests","","Sun Mar 15 21:03:37 UTC 2026","passed","Sun Mar 15 21:04:07 UTC 2026","","JMeter Performance Tests","",""
"","855","User pagination next button advances to page 2","chromium","Sun Mar 15 21:03:40 UTC 2026","passed","Sun Mar 15 21:03:41 UTC 2026","Orders — Authenticated User","orders_test.spec.ts","",""
"Dashboard link is visible when authenticated","10615","dashboardLinkIsVisibleWhenAuthenticated","SQA Automation Lab — Selenium UI Suite","Sun Mar 15 21:13:21 UTC 2026","broken","Sun Mar 15 21:13:31 UTC 2026","com.sqa.ui.tests.NavigationTest","UI Tests","com.sqa.ui.tests.NavigationTest","dashboardLinkIsVisibleWhenAuthenticated"
"Verify non-admin cannot delete product","10","testDeleteProductNonAdmin","API Test Suite","Sun Mar 15 21:02:59 UTC 2026","passed","Sun Mar 15 21:02:59 UTC 2026","com.automationlab.tests.ProductTest","API Tests","com.automationlab.tests.ProductTest","testDeleteProductNonAdmin"
"Clear button resets search results","10410","clearButtonResetsSearchResults","SQA Automation Lab — Selenium UI Suite","Sun Mar 15 21:07:37 UTC 2026","broken","Sun Mar 15 21:07:48 UTC 2026","com.sqa.ui.tests.ProductsTest","UI Tests","com.sqa.ui.tests.ProductsTest","clearButtonResetsSearchResults"
"","5586","Empty first name shows validation error","chromium","Sun Mar 15 21:04:10 UTC 2026","failed","Sun Mar 15 21:04:15 UTC 2026","Register","register_test.spec.ts","",""
"Regular users should not be able to view other users' profiles.","3","test_user_cannot_view_other_user","tests","Sun Mar 15 21:02:41 UTC 2026","passed","Sun Mar 15 21:02:41 UTC 2026","TestGetUser","user_test","",""
"","470","Mismatched passwords show validation error","chromium","Sun Mar 15 21:04:26 UTC 2026","passed","Sun Mar 15 21:04:26 UTC 2026","Register","register_test.spec.ts","",""
"","14","page navigation does not return overlapping results","","Sun Mar 15 21:02:28 UTC 2026","passed","Sun Mar 15 21:02:28 UTC 2026","Product Endpoints > GET /api/products","products_test.spec.ts","",""
"","863","valid login renders authenticated navbar state","chromium","Sun Mar 15 21:03:04 UTC 2026","passed","Sun Mar 15 21:03:05 UTC 2026","Login","login_test.spec.ts","",""
"","431","invalid email format stays on login page","chromium","Sun Mar 15 21:03:06 UTC 2026","passed","Sun Mar 15 21:03:07 UTC 2026","Login","login_test.spec.ts","",""
"","987","Admin can set quantity before ordering","chromium","Sun Mar 15 21:03:53 UTC 2026","passed","Sun Mar 15 21:03:54 UTC 2026","Product Detail — Authenticated Admin","product_detail_test.spec.ts","",""
"Verify non-admin cannot update product","16","testUpdateProductNonAdmin","API Test Suite","Sun Mar 15 21:03:00 UTC 2026","passed","Sun Mar 15 21:03:00 UTC 2026","com.automationlab.tests.ProductTest","API Tests","com.automationlab.tests.ProductTest","testUpdateProductNonAdmin"
"","63","test_login_with_wrong_password_returns_401","tests","Sun Mar 15 21:02:36 UTC 2026","passed","Sun Mar 15 21:02:36 UTC 2026","TestLogin","auth_test","",""
"","3","test_admin_can_delete_any_user","tests","Sun Mar 15 21:02:42 UTC 2026","passed","Sun Mar 15 21:02:42 UTC 2026","TestDeleteUser","user_test","",""
"","104","returns HTTP 200 for authenticated user","","Sun Mar 15 21:02:22 UTC 2026","passed","Sun Mar 15 21:02:22 UTC 2026","Order Endpoints > GET /api/orders","orders_test.spec.ts","",""
"","327","returns HTTP 201 on successful order creation","","Sun Mar 15 21:02:19 UTC 2026","passed","Sun Mar 15 21:02:20 UTC 2026","Order Endpoints > POST /api/orders","orders_test.spec.ts","",""
"","326","admin can view any order","","Sun Mar 15 21:02:24 UTC 2026","passed","Sun Mar 15 21:02:25 UTC 2026","Order Endpoints > GET /api/orders/:id","orders_test.spec.ts","",""
"Verify product response includes timestamps","45","testGetProductIncludesTimestamps","API Test Suite","Sun Mar 15 21:02:59 UTC 2026","passed","Sun Mar 15 21:02:59 UTC 2026","com.automationlab.tests.ProductTest","API Tests","com.automationlab.tests.ProductTest","testGetProductIncludesTimestamps"
"","248","response body conforms to product schema on creation","","Sun Mar 15 21:02:30 UTC 2026","passed","Sun Mar 15 21:02:30 UTC 2026","Product Endpoints > POST /api/products","products_test.spec.ts","",""
"","2","test_health_includes_uptime","tests","Sun Mar 15 21:02:36 UTC 2026","passed","Sun Mar 15 21:02:36 UTC 2026","TestHealthEndpoint","health_test","",""
"Verify create product fails with missing name","15","testCreateProductMissingName","API Test Suite","Sun Mar 15 21:02:59 UTC 2026","passed","Sun Mar 15 21:02:59 UTC 2026","com.automationlab.tests.ProductTest","API Tests","com.automationlab.tests.ProductTest","testCreateProductMissingName"
"","85","returns HTTP 409 on duplicate email","","Sun Mar 15 21:02:18 UTC 2026","passed","Sun Mar 15 21:02:18 UTC 2026","Authentication Endpoints > POST /api/auth/register","auth_test.spec.ts","",""
"","73","returns HTTP 200 with authentication","","Sun Mar 15 21:02:28 UTC 2026","passed","Sun Mar 15 21:02:28 UTC 2026","Product Endpoints > GET /api/products","products_test.spec.ts","",""
"","2","test_root_returns_app_info","tests","Sun Mar 15 21:02:36 UTC 2026","passed","Sun Mar 15 21:02:36 UTC 2026","TestRootEndpoint","health_test","",""
"","64","test_login_returns_user_info","tests","Sun Mar 15 21:02:36 UTC 2026","passed","Sun Mar 15 21:02:36 UTC 2026","TestLogin","auth_test","",""
"Verify get non-existent order returns 404","21","testGetNonExistentOrder","API Test Suite","Sun Mar 15 21:03:02 UTC 2026","passed","Sun Mar 15 21:03:02 UTC 2026","com.automationlab.tests.OrderTest","API Tests","com.automationlab.tests.OrderTest","testGetNonExistentOrder"
"","572","Back to products link navigates to products page","chromium","Sun Mar 15 21:03:51 UTC 2026","passed","Sun Mar 15 21:03:51 UTC 2026","Product Detail — Unauthenticated","product_detail_test.spec.ts","",""
"Sign in link navigates to login page","10396","signInLinkNavigatesToLoginPage","SQA Automation Lab — Selenium UI Suite","Sun Mar 15 21:06:33 UTC 2026","broken","Sun Mar 15 21:06:44 UTC 2026","com.sqa.ui.tests.RegisterTest","UI Tests","com.sqa.ui.tests.RegisterTest","signInLinkNavigatesToLoginPage"
"Search should find products by name substring.","5","test_search_by_name","tests","Sun Mar 15 21:02:40 UTC 2026","passed","Sun Mar 15 21:02:40 UTC 2026","TestFilterProducts","products_test","",""
"","388","Product card link navigates to product detail page","chromium","Sun Mar 15 21:04:02 UTC 2026","passed","Sun Mar 15 21:04:02 UTC 2026","Products — Unauthenticated","products_test.spec.ts","",""
"","786","Sign out button is visible","chromium","Sun Mar 15 21:03:13 UTC 2026","passed","Sun Mar 15 21:03:14 UTC 2026","Navbar — Authenticated Admin","navbar_test.spec.ts","",""
"Authenticated user can place order successfully","789","authenticatedUserCanPlaceOrderSuccessfully","SQA Automation Lab — Selenium UI Suite","Sun Mar 15 21:09:24 UTC 2026","broken","Sun Mar 15 21:09:24 UTC 2026","com.sqa.ui.tests.ProductDetailTest","UI Tests","com.sqa.ui.tests.ProductDetailTest","authenticatedUserCanPlaceOrderSuccessfully"
"","3","test_user_cannot_delete_other_user","tests","Sun Mar 15 21:02:42 UTC 2026","passed","Sun Mar 15 21:02:42 UTC 2026","TestDeleteUser","user_test","",""
"","380","Dashboard link is not visible","chromium","Sun Mar 15 21:03:11 UTC 2026","passed","Sun Mar 15 21:03:11 UTC 2026","Navbar — Unauthenticated","navbar_test.spec.ts","",""
"","557","non-existent email stays on login page","chromium","Sun Mar 15 21:03:07 UTC 2026","passed","Sun Mar 15 21:03:08 UTC 2026","Login","login_test.spec.ts","",""
"","249","returns HTTP 404 for non-existent product","","Sun Mar 15 21:02:33 UTC 2026","passed","Sun Mar 15 21:02:33 UTC 2026","Product Endpoints > PUT /api/products/:id","products_test.spec.ts","",""
"Verify anyone can list products without authentication","72","testListProductsPublic","API Test Suite","Sun Mar 15 21:03:01 UTC 2026","passed","Sun Mar 15 21:03:01 UTC 2026","com.automationlab.tests.ProductTest","API Tests","com.automationlab.tests.ProductTest","testListProductsPublic"
"","928","Admin cancel order dismissed by user leaves order intact","chromium","Sun Mar 15 21:03:34 UTC 2026","passed","Sun Mar 15 21:03:35 UTC 2026","Orders — Authenticated Admin","orders_test.spec.ts","",""
"Verify products can be filtered by multiple criteria","28","testListProductsMultipleFilters","API Test Suite","Sun Mar 15 21:02:59 UTC 2026","passed","Sun Mar 15 21:02:59 UTC 2026","com.automationlab.tests.ProductTest","API Tests","com.automationlab.tests.ProductTest","testListProductsMultipleFilters"
"Verify update with invalid status fails","14","testUpdateOrderInvalidStatus","API Test Suite","Sun Mar 15 21:03:02 UTC 2026","passed","Sun Mar 15 21:03:02 UTC 2026","com.automationlab.tests.OrderTest","API Tests","com.automationlab.tests.OrderTest","testUpdateOrderInvalidStatus"
"","0","setUpOrders","SQA Automation Lab — Selenium UI Suite","Sun Mar 15 21:10:39 UTC 2026","broken","Sun Mar 15 21:10:39 UTC 2026","com.sqa.ui.tests.OrdersTest","UI Tests","com.sqa.ui.tests.OrdersTest","setUpOrders"
"","3","test_list_products_returns_paginated_results","tests","Sun Mar 15 21:02:40 UTC 2026","passed","Sun Mar 15 21:02:40 UTC 2026","TestListProducts","products_test","",""
"","3","test_register_with_short_password_returns_400","tests","Sun Mar 15 21:02:35 UTC 2026","passed","Sun Mar 15 21:02:35 UTC 2026","TestRegistration","auth_test","",""
"","69","returns HTTP 400 when items key is absent from body","","Sun Mar 15 21:02:21 UTC 2026","passed","Sun Mar 15 21:02:21 UTC 2026","Order Endpoints > POST /api/orders","orders_test.spec.ts","",""
"Verify new order has default pending status","29","testCreateOrderDefaultStatus","API Test Suite","Sun Mar 15 21:03:02 UTC 2026","passed","Sun Mar 15 21:03:02 UTC 2026","com.automationlab.tests.OrderTest","API Tests","com.automationlab.tests.OrderTest","testCreateOrderDefaultStatus"
"Verify logout fails without token","14","testLogoutNoToken","API Test Suite","Sun Mar 15 21:02:53 UTC 2026","passed","Sun Mar 15 21:02:53 UTC 2026","com.automationlab.tests.AuthTest","API Tests","com.automationlab.tests.AuthTest","testLogoutNoToken"
"Verify users list supports pagination","54","testListUsersPagination","API Test Suite","Sun Mar 15 21:02:57 UTC 2026","passed","Sun Mar 15 21:02:57 UTC 2026","com.automationlab.tests.UserTest","API Tests","com.automationlab.tests.UserTest","testListUsersPagination"
"Empty password shows validation error","10406","emptyPasswordShowsValidationError","SQA Automation Lab — Selenium UI Suite","Sun Mar 15 21:03:14 UTC 2026","broken","Sun Mar 15 21:03:25 UTC 2026","com.sqa.ui.tests.LoginTest","UI Tests","com.sqa.ui.tests.LoginTest","emptyPasswordShowsValidationError"
"Empty email shows validation error","10479","emptyEmailShowsValidationError","SQA Automation Lab — Selenium UI Suite","Sun Mar 15 21:03:01 UTC 2026","broken","Sun Mar 15 21:03:11 UTC 2026","com.sqa.ui.tests.LoginTest","UI Tests","com.sqa.ui.tests.LoginTest","emptyEmailShowsValidationError"
"","38488","Step 4: View product detail","","Sun Mar 15 21:05:55 UTC 2026","passed","Sun Mar 15 21:06:33 UTC 2026","","k6 Performance Tests","",""
"","70","returns HTTP 401 without token","","Sun Mar 15 21:02:38 UTC 2026","passed","Sun Mar 15 21:02:38 UTC 2026","User Endpoints > DELETE /api/users/:id","user_test.spec.ts","",""
"Dashboard page displays heading","10605","dashboardPageDisplaysHeading","SQA Automation Lab — Selenium UI Suite","Sun Mar 15 21:11:31 UTC 2026","broken","Sun Mar 15 21:11:41 UTC 2026","com.sqa.ui.tests.DashboardTest","UI Tests","com.sqa.ui.tests.DashboardTest","dashboardPageDisplaysHeading"
"","363","Orders link is not visible","chromium","Sun Mar 15 21:03:11 UTC 2026","passed","Sun Mar 15 21:03:11 UTC 2026","Navbar — Unauthenticated","navbar_test.spec.ts","",""
"","6","test_list_users_page_navigation","tests","Sun Mar 15 21:02:41 UTC 2026","passed","Sun Mar 15 21:02:41 UTC 2026","TestListUsers","user_test","",""
"","38492","Step 1: Register new user","","Sun Mar 15 21:05:52 UTC 2026","passed","Sun Mar 15 21:06:30 UTC 2026","","k6 Performance Tests","",""
"","467","Search with no matches shows no products found message","chromium","Sun Mar 15 21:04:00 UTC 2026","passed","Sun Mar 15 21:04:00 UTC 2026","Products — Unauthenticated","products_test.spec.ts","",""
"","38489","Step 2: Login","","Sun Mar 15 21:05:53 UTC 2026","passed","Sun Mar 15 21:06:31 UTC 2026","","k6 Performance Tests","",""
"Sign out clears session and redirects to login","10671","signOutClearsSessionAndRedirectsToLogin","SQA Automation Lab — Selenium UI Suite","Sun Mar 15 21:12:26 UTC 2026","broken","Sun Mar 15 21:12:37 UTC 2026","com.sqa.ui.tests.DashboardTest","UI Tests","com.sqa.ui.tests.DashboardTest","signOutClearsSessionAndRedirectsToLogin"
"Sign in link is visible when unauthenticated","10343","signInLinkIsVisibleWhenUnauthenticated","SQA Automation Lab — Selenium UI Suite","Sun Mar 15 21:15:33 UTC 2026","broken","Sun Mar 15 21:15:43 UTC 2026","com.sqa.ui.tests.NavigationTest","UI Tests","com.sqa.ui.tests.NavigationTest","signInLinkIsVisibleWhenUnauthenticated"
"","337","register link navigates to register page","chromium","Sun Mar 15 21:03:08 UTC 2026","passed","Sun Mar 15 21:03:08 UTC 2026","Login","login_test.spec.ts","",""
"","917","Dashboard page displays welcome heading","chromium","Sun Mar 15 21:02:51 UTC 2026","passed","Sun Mar 15 21:02:52 UTC 2026","Dashboard — Authenticated Admin","dashboard_test.spec.ts","",""
"","5","returns HTTP 403 with an invalid token","","Sun Mar 15 21:02:19 UTC 2026","passed","Sun Mar 15 21:02:19 UTC 2026","Authentication Endpoints > GET /api/auth/me","auth_test.spec.ts","",""
"","38092","POST /api/products - unauthorized (non-admin)","","Sun Mar 15 21:04:30 UTC 2026","passed","Sun Mar 15 21:05:08 UTC 2026","","k6 Performance Tests","",""
"","11","category filter returns only products from that category","","Sun Mar 15 21:02:28 UTC 2026","passed","Sun Mar 15 21:02:29 UTC 2026","Product Endpoints > GET /api/products","products_test.spec.ts","",""
"","3","test_create_product_returns_id","tests","Sun Mar 15 21:02:40 UTC 2026","passed","Sun Mar 15 21:02:40 UTC 2026","TestCreateProduct","products_test","",""
"Verify products list supports pagination","51","testListProductsPagination","API Test Suite","Sun Mar 15 21:02:59 UTC 2026","passed","Sun Mar 15 21:02:59 UTC 2026","com.automationlab.tests.ProductTest","API Tests","com.automationlab.tests.ProductTest","testListProductsPagination"
"","933","User sees product cards","chromium","Sun Mar 15 21:04:06 UTC 2026","passed","Sun Mar 15 21:04:07 UTC 2026","Products — Authenticated User","products_test.spec.ts","",""
"","832","Sign-in link is not visible","chromium","Sun Mar 15 21:03:23 UTC 2026","passed","Sun Mar 15 21:03:23 UTC 2026","Navbar — Authenticated Regular User","navbar_test.spec.ts","",""
"Authenticated user visiting login page is redirected to products — AUT Bug D","10829","authenticatedUserVisitingLoginIsRedirectedToProducts","SQA Automation Lab — Selenium UI Suite","Sun Mar 15 21:02:47 UTC 2026","broken","Sun Mar 15 21:02:58 UTC 2026","com.sqa.ui.tests.LoginTest","UI Tests","com.sqa.ui.tests.LoginTest","authenticatedUserVisitingLoginIsRedirectedToProducts"
"","656","Valid registration redirects to dashboard page","chromium","Sun Mar 15 21:04:08 UTC 2026","passed","Sun Mar 15 21:04:09 UTC 2026","Register","register_test.spec.ts","",""
"Verify authenticated user can create an order","62","testCreateOrder","API Test Suite","Sun Mar 15 21:03:02 UTC 2026","passed","Sun Mar 15 21:03:02 UTC 2026","com.automationlab.tests.OrderTest","API Tests","com.automationlab.tests.OrderTest","testCreateOrder"
"","789","Sign out button is visible","chromium","Sun Mar 15 21:03:20 UTC 2026","passed","Sun Mar 15 21:03:21 UTC 2026","Navbar — Authenticated Regular User","navbar_test.spec.ts","",""
"","9","test_admin_can_update_status_to_processing","tests","Sun Mar 15 21:02:39 UTC 2026","passed","Sun Mar 15 21:02:39 UTC 2026","TestUpdateOrderStatus","orders_test","",""
"","2","test_regular_user_cannot_update_product","tests","Sun Mar 15 21:02:40 UTC 2026","passed","Sun Mar 15 21:02:40 UTC 2026","TestUpdateProduct","products_test","",""
"","7","limit parameter is respected","","Sun Mar 15 21:02:28 UTC 2026","passed","Sun Mar 15 21:02:28 UTC 2026","Product Endpoints > GET /api/products","products_test.spec.ts","",""
"","912","Admin orders page displays order cards","chromium","Sun Mar 15 21:03:28 UTC 2026","passed","Sun Mar 15 21:03:29 UTC 2026","Orders — Authenticated Admin","orders_test.spec.ts","",""
"Verify health endpoint returns environment information","41","testHealthEndpointEnvironment","API Test Suite","Sun Mar 15 21:02:52 UTC 2026","passed","Sun Mar 15 21:02:52 UTC 2026","com.automationlab.tests.HealthTest","API Tests","com.automationlab.tests.HealthTest","testHealthEndpointEnvironment"
"Verify users list does not include passwords","46","testListUsersDoesNotReturnPasswords","API Test Suite","Sun Mar 15 21:02:57 UTC 2026","passed","Sun Mar 15 21:02:57 UTC 2026","com.automationlab.tests.UserTest","API Tests","com.automationlab.tests.UserTest","testListUsersDoesNotReturnPasswords"
"","984","User can view products page","chromium","Sun Mar 15 21:04:05 UTC 2026","passed","Sun Mar 15 21:04:06 UTC 2026","Products — Authenticated User","products_test.spec.ts","",""
"Authenticated user can navigate to product detail","803","authenticatedUserCanNavigateToProductDetail","SQA Automation Lab — Selenium UI Suite","Sun Mar 15 21:07:13 UTC 2026","broken","Sun Mar 15 21:07:14 UTC 2026","com.sqa.ui.tests.ProductsTest","UI Tests","com.sqa.ui.tests.ProductsTest","authenticatedUserCanNavigateToProductDetail"
"","38090","GET /api/products/:id","","Sun Mar 15 21:04:29 UTC 2026","passed","Sun Mar 15 21:05:07 UTC 2026","","k6 Performance Tests","",""
"","39137","GET /health","","Sun Mar 15 21:02:23 UTC 2026","passed","Sun Mar 15 21:03:03 UTC 2026","","k6 Performance Tests","",""
"","3","test_create_order_with_empty_items_returns_400","tests","Sun Mar 15 21:02:37 UTC 2026","passed","Sun Mar 15 21:02:37 UTC 2026","TestCreateOrder","orders_test","",""
"","39847","POST /api/auth/login - invalid credentials","","Sun Mar 15 21:03:05 UTC 2026","passed","Sun Mar 15 21:03:45 UTC 2026","","k6 Performance Tests","",""
"","924","User can set quantity before ordering","chromium","Sun Mar 15 21:03:56 UTC 2026","passed","Sun Mar 15 21:03:57 UTC 2026","Product Detail — Authenticated User","product_detail_test.spec.ts","",""
"","38499","Step 6: Check order status","","Sun Mar 15 21:05:57 UTC 2026","passed","Sun Mar 15 21:06:35 UTC 2026","","k6 Performance Tests","",""
"","65","test_login_with_valid_credentials","tests","Sun Mar 15 21:02:35 UTC 2026","passed","Sun Mar 15 21:02:36 UTC 2026","TestLogin","auth_test","",""
"","30214","Order Tests","","Sun Mar 15 21:04:47 UTC 2026","passed","Sun Mar 15 21:05:17 UTC 2026","","JMeter Performance Tests","",""
"Save with empty last name shows validation error","10612","saveWithEmptyLastNameShowsValidationError","SQA Automation Lab — Selenium UI Suite","Sun Mar 15 21:12:04 UTC 2026","broken","Sun Mar 15 21:12:15 UTC 2026","com.sqa.ui.tests.DashboardTest","UI Tests","com.sqa.ui.tests.DashboardTest","saveWithEmptyLastNameShowsValidationError"
"Verify admin can update any user","47","testAdminUpdateAnyUser","API Test Suite","Sun Mar 15 21:02:56 UTC 2026","passed","Sun Mar 15 21:02:56 UTC 2026","com.automationlab.tests.UserTest","API Tests","com.automationlab.tests.UserTest","testAdminUpdateAnyUser"
"All returned products should be active.","5","test_list_products_only_returns_active","tests","Sun Mar 15 21:02:40 UTC 2026","passed","Sun Mar 15 21:02:40 UTC 2026","TestListProducts","products_test","",""
"","39219","DELETE /api/users/:id","","Sun Mar 15 21:03:48 UTC 2026","passed","Sun Mar 15 21:04:28 UTC 2026","","k6 Performance Tests","",""
"","76","returns HTTP 201 with minimum required fields — email and password only","","Sun Mar 15 21:02:18 UTC 2026","passed","Sun Mar 15 21:02:18 UTC 2026","Authentication Endpoints > POST /api/auth/register","auth_test.spec.ts","",""
"Verify successful user registration with valid data","131","testSuccessfulRegistration","API Test Suite","Sun Mar 15 21:02:54 UTC 2026","passed","Sun Mar 15 21:02:55 UTC 2026","com.automationlab.tests.AuthTest","API Tests","com.automationlab.tests.AuthTest","testSuccessfulRegistration"
"","294","Register page displays create account heading","chromium","Sun Mar 15 21:04:08 UTC 2026","passed","Sun Mar 15 21:04:08 UTC 2026","Register","register_test.spec.ts","",""
"","3","test_update_nonexistent_product_returns_404","tests","Sun Mar 15 21:02:40 UTC 2026","passed","Sun Mar 15 21:02:40 UTC 2026","TestUpdateProduct","products_test","",""
"","894","Admin status filter pending shows results","chromium","Sun Mar 15 21:03:29 UTC 2026","passed","Sun Mar 15 21:03:30 UTC 2026","Orders — Authenticated Admin","orders_test.spec.ts","",""
"Valid credentials redirect to products page","10399","validCredentialsRedirectToProductsPage","SQA Automation Lab — Selenium UI Suite","Sun Mar 15 21:04:21 UTC 2026","broken","Sun Mar 15 21:04:32 UTC 2026","com.sqa.ui.tests.LoginTest","UI Tests","com.sqa.ui.tests.LoginTest","validCredentialsRedirectToProductsPage"
"Verify get current user fails with invalid token","27","testGetCurrentUserInvalidToken","API Test Suite","Sun Mar 15 21:02:53 UTC 2026","passed","Sun Mar 15 21:02:53 UTC 2026","com.automationlab.tests.AuthTest","API Tests","com.automationlab.tests.AuthTest","testGetCurrentUserInvalidToken"
"Valid login renders authenticated navbar state","10484","validLoginRendersAuthenticatedNavbarState","SQA Automation Lab — Selenium UI Suite","Sun Mar 15 21:04:34 UTC 2026","broken","Sun Mar 15 21:04:45 UTC 2026","com.sqa.ui.tests.LoginTest","UI Tests","com.sqa.ui.tests.LoginTest","validLoginRendersAuthenticatedNavbarState"
"Verify create order fails with non-existent product","18","testCreateOrderNonExistentProduct","API Test Suite","Sun Mar 15 21:03:02 UTC 2026","passed","Sun Mar 15 21:03:02 UTC 2026","com.automationlab.tests.OrderTest","API Tests","com.automationlab.tests.OrderTest","testCreateOrderNonExistentProduct"
"","462","empty email stays on login page","chromium","Sun Mar 15 21:03:05 UTC 2026","passed","Sun Mar 15 21:03:06 UTC 2026","Login","login_test.spec.ts","",""
"","1078","User all status filter options are selectable","chromium","Sun Mar 15 21:03:39 UTC 2026","passed","Sun Mar 15 21:03:40 UTC 2026","Orders — Authenticated User","orders_test.spec.ts","",""
"Verify health endpoint returns healthy status","44","testHealthEndpoint","API Test Suite","Sun Mar 15 21:02:52 UTC 2026","passed","Sun Mar 15 21:02:52 UTC 2026","com.automationlab.tests.HealthTest","API Tests","com.automationlab.tests.HealthTest","testHealthEndpoint"
"Verify get non-existent user returns 404","26","testGetNonExistentUser","API Test Suite","Sun Mar 15 21:02:56 UTC 2026","passed","Sun Mar 15 21:02:56 UTC 2026","com.automationlab.tests.UserTest","API Tests","com.automationlab.tests.UserTest","testGetNonExistentUser"
"","4","test_list_orders_pagination","tests","Sun Mar 15 21:02:38 UTC 2026","passed","Sun Mar 15 21:02:38 UTC 2026","TestListOrders","orders_test","",""
"","324","user can cancel a pending order and receives HTTP 200","","Sun Mar 15 21:02:26 UTC 2026","passed","Sun Mar 15 21:02:27 UTC 2026","Order Endpoints > DELETE /api/orders/:id","orders_test.spec.ts","",""
"","256","returns HTTP 401 without token","","Sun Mar 15 21:02:34 UTC 2026","passed","Sun Mar 15 21:02:35 UTC 2026","Product Endpoints > DELETE /api/products/:id","products_test.spec.ts","",""
"","498","Password shorter than 6 characters shows validation error","chromium","Sun Mar 15 21:04:25 UTC 2026","passed","Sun Mar 15 21:04:26 UTC 2026","Register","register_test.spec.ts","",""
"Order error message shown on API failure","778","orderErrorMessageShownOnApiFailure","SQA Automation Lab — Selenium UI Suite","Sun Mar 15 21:09:48 UTC 2026","broken","Sun Mar 15 21:09:49 UTC 2026","com.sqa.ui.tests.ProductDetailTest","UI Tests","com.sqa.ui.tests.ProductDetailTest","orderErrorMessageShownOnApiFailure"
"Order quantity exceeding available stock should fail.","8","test_create_order_exceeding_stock_returns_400","tests","Sun Mar 15 21:02:38 UTC 2026","passed","Sun Mar 15 21:02:38 UTC 2026","TestCreateOrder","orders_test","",""
"","2","test_create_order_without_auth_returns_401","tests","Sun Mar 15 21:02:37 UTC 2026","passed","Sun Mar 15 21:02:37 UTC 2026","TestCreateOrder","orders_test","",""
"","247","creating with minimum fields returns 201 and stock defaults to zero","","Sun Mar 15 21:02:30 UTC 2026","passed","Sun Mar 15 21:02:30 UTC 2026","Product Endpoints > POST /api/products","products_test.spec.ts","",""
"Verify admin can create a new product","58","testCreateProduct","API Test Suite","Sun Mar 15 21:02:58 UTC 2026","passed","Sun Mar 15 21:02:59 UTC 2026","com.automationlab.tests.ProductTest","API Tests","com.automationlab.tests.ProductTest","testCreateProduct"
"","3","test_get_own_user_profile","tests","Sun Mar 15 21:02:41 UTC 2026","passed","Sun Mar 15 21:02:41 UTC 2026","TestGetUser","user_test","",""
"Dashboard displays user email","10611","dashboardDisplaysUserEmail","SQA Automation Lab — Selenium UI Suite","Sun Mar 15 21:10:57 UTC 2026","broken","Sun Mar 15 21:11:08 UTC 2026","com.sqa.ui.tests.DashboardTest","UI Tests","com.sqa.ui.tests.DashboardTest","dashboardDisplaysUserEmail"
"","923","User status filter cancelled shows filtered results or empty state","chromium","Sun Mar 15 21:03:38 UTC 2026","passed","Sun Mar 15 21:03:39 UTC 2026","Orders — Authenticated User","orders_test.spec.ts","",""
"","8","test_admin_can_update_status_to_shipped","tests","Sun Mar 15 21:02:39 UTC 2026","passed","Sun Mar 15 21:02:39 UTC 2026","TestUpdateOrderStatus","orders_test","",""
"","251","returns HTTP 401 without token","","Sun Mar 15 21:02:33 UTC 2026","passed","Sun Mar 15 21:02:33 UTC 2026","Product Endpoints > PUT /api/products/:id","products_test.spec.ts","",""
"","9","test_update_with_invalid_status_returns_400","tests","Sun Mar 15 21:02:39 UTC 2026","passed","Sun Mar 15 21:02:39 UTC 2026","TestUpdateOrderStatus","orders_test","",""
"Verify registration succeeds without last name (optional field)","102","testRegistrationMissingLastName","API Test Suite","Sun Mar 15 21:02:54 UTC 2026","passed","Sun Mar 15 21:02:54 UTC 2026","com.automationlab.tests.AuthTest","API Tests","com.automationlab.tests.AuthTest","testRegistrationMissingLastName"
"","71","returns correct user data for the token owner","","Sun Mar 15 21:02:19 UTC 2026","passed","Sun Mar 15 21:02:19 UTC 2026","Authentication Endpoints > GET /api/auth/me","auth_test.spec.ts","",""
"","370","Products page displays product cards","chromium","Sun Mar 15 21:03:58 UTC 2026","passed","Sun Mar 15 21:03:59 UTC 2026","Products — Unauthenticated","products_test.spec.ts","",""
"","3","test_list_users_limit_exceeds_max_returns_400","tests","Sun Mar 15 21:02:41 UTC 2026","passed","Sun Mar 15 21:02:41 UTC 2026","TestListUsers","user_test","",""
"","5","returns HTTP 200","","Sun Mar 15 21:02:19 UTC 2026","passed","Sun Mar 15 21:02:19 UTC 2026","Health Endpoints > GET /health","health_test.spec.ts","",""
"","9","test_admin_can_view_any_order","tests","Sun Mar 15 21:02:38 UTC 2026","passed","Sun Mar 15 21:02:38 UTC 2026","TestGetOrder","orders_test","",""
"Search returns filtered results","10397","searchReturnsFilteredResults","SQA Automation Lab — Selenium UI Suite","Sun Mar 15 21:08:57 UTC 2026","broken","Sun Mar 15 21:09:08 UTC 2026","com.sqa.ui.tests.ProductsTest","UI Tests","com.sqa.ui.tests.ProductsTest","searchReturnsFilteredResults"
"Products link is visible","10351","productsLinkIsVisible","SQA Automation Lab — Selenium UI Suite","Sun Mar 15 21:14:27 UTC 2026","broken","Sun Mar 15 21:14:37 UTC 2026","com.sqa.ui.tests.NavigationTest","UI Tests","com.sqa.ui.tests.NavigationTest","productsLinkIsVisible"
"Product card link navigates to product detail page","10439","productCardLinkNavigatesToProductDetailPage","SQA Automation Lab — Selenium UI Suite","Sun Mar 15 21:08:17 UTC 2026","broken","Sun Mar 15 21:08:27 UTC 2026","com.sqa.ui.tests.ProductsTest","UI Tests","com.sqa.ui.tests.ProductsTest","productCardLinkNavigatesToProductDetailPage"
"","373","stock is restored after order cancellation","","Sun Mar 15 21:02:27 UTC 2026","passed","Sun Mar 15 21:02:27 UTC 2026","Order Endpoints > DELETE /api/orders/:id","orders_test.spec.ts","",""
"","860","Dashboard page displays welcome heading","chromium","Sun Mar 15 21:02:58 UTC 2026","passed","Sun Mar 15 21:02:59 UTC 2026","Dashboard — Authenticated Regular User","dashboard_test.spec.ts","",""
"","320","returns HTTP 403 for non-admin authenticated user","","Sun Mar 15 21:02:33 UTC 2026","passed","Sun Mar 15 21:02:33 UTC 2026","Product Endpoints > PUT /api/products/:id","products_test.spec.ts","",""
"","289","returns HTTP 400 for negative price","","Sun Mar 15 21:02:31 UTC 2026","passed","Sun Mar 15 21:02:31 UTC 2026","Product Endpoints > POST /api/products","products_test.spec.ts","",""
"","3","test_list_users_returns_paginated_results","tests","Sun Mar 15 21:02:41 UTC 2026","passed","Sun Mar 15 21:02:41 UTC 2026","TestListUsers","user_test","",""
"","2","test_list_orders_without_auth_returns_401","tests","Sun Mar 15 21:02:38 UTC 2026","passed","Sun Mar 15 21:02:38 UTC 2026","TestListOrders","orders_test","",""
"","2","test_create_product_with_negative_stock_returns_400","tests","Sun Mar 15 21:02:40 UTC 2026","passed","Sun Mar 15 21:02:40 UTC 2026","TestCreateProduct","products_test","",""
"","5","uptime is a positive number","","Sun Mar 15 21:02:19 UTC 2026","passed","Sun Mar 15 21:02:19 UTC 2026","Health Endpoints > GET /health","health_test.spec.ts","",""
"","39877","POST /api/auth/login - valid credentials","","Sun Mar 15 21:03:04 UTC 2026","passed","Sun Mar 15 21:03:44 UTC 2026","","k6 Performance Tests","",""
"","70","returns HTTP 200 for own user","","Sun Mar 15 21:02:35 UTC 2026","passed","Sun Mar 15 21:02:35 UTC 2026","User Endpoints > GET /api/users/:id","user_test.spec.ts","",""
"","315","returns HTTP 403 for non-admin authenticated user","","Sun Mar 15 21:02:34 UTC 2026","passed","Sun Mar 15 21:02:34 UTC 2026","Product Endpoints > DELETE /api/products/:id","products_test.spec.ts","",""
"Verify products can be searched by name","30","testSearchProducts","API Test Suite","Sun Mar 15 21:02:59 UTC 2026","passed","Sun Mar 15 21:02:59 UTC 2026","com.automationlab.tests.ProductTest","API Tests","com.automationlab.tests.ProductTest","testSearchProducts"
"Sign in link navigates to login page","10334","signInLinkNavigatesToLoginPage","SQA Automation Lab — Selenium UI Suite","Sun Mar 15 21:15:44 UTC 2026","broken","Sun Mar 15 21:15:54 UTC 2026","com.sqa.ui.tests.NavigationTest","UI Tests","com.sqa.ui.tests.NavigationTest","signInLinkNavigatesToLoginPage"
"","789","Orders link is visible","chromium","Sun Mar 15 21:03:14 UTC 2026","passed","Sun Mar 15 21:03:15 UTC 2026","Navbar — Authenticated Admin","navbar_test.spec.ts","",""
"","3","test_filter_by_category","tests","Sun Mar 15 21:02:40 UTC 2026","passed","Sun Mar 15 21:02:40 UTC 2026","TestFilterProducts","products_test","",""
"","817","Sign in link is not visible","chromium","Sun Mar 15 21:03:16 UTC 2026","passed","Sun Mar 15 21:03:17 UTC 2026","Navbar — Authenticated Admin","navbar_test.spec.ts","",""
"Save with valid names updates profile and shows success message","10615","saveWithValidNamesUpdatesProfileAndShowsSuccessMessage","SQA Automation Lab — Selenium UI Suite","Sun Mar 15 21:12:15 UTC 2026","broken","Sun Mar 15 21:12:26 UTC 2026","com.sqa.ui.tests.DashboardTest","UI Tests","com.sqa.ui.tests.DashboardTest","saveWithValidNamesUpdatesProfileAndShowsSuccessMessage"
"","4","returns HTTP 400 for non-numeric product id","","Sun Mar 15 21:02:29 UTC 2026","passed","Sun Mar 15 21:02:29 UTC 2026","Product Endpoints > GET /api/products/:id","products_test.spec.ts","",""
"","319","new order status is pending","","Sun Mar 15 21:02:20 UTC 2026","passed","Sun Mar 15 21:02:20 UTC 2026","Order Endpoints > POST /api/orders","orders_test.spec.ts","",""
"","30014","Product Tests","","Sun Mar 15 21:04:12 UTC 2026","passed","Sun Mar 15 21:04:42 UTC 2026","","JMeter Performance Tests","",""
"","94","test_register_new_user","tests","Sun Mar 15 21:02:35 UTC 2026","passed","Sun Mar 15 21:02:35 UTC 2026","TestRegistration","auth_test","",""
"","6","returns HTTP 200","","Sun Mar 15 21:02:19 UTC 2026","passed","Sun Mar 15 21:02:19 UTC 2026","Health Endpoints > GET /","health_test.spec.ts","",""
"Verify update product fails without authentication","14","testUpdateProductNoAuth","API Test Suite","Sun Mar 15 21:03:00 UTC 2026","passed","Sun Mar 15 21:03:00 UTC 2026","com.automationlab.tests.ProductTest","API Tests","com.automationlab.tests.ProductTest","testUpdateProductNoAuth"
"","7","search parameter returns HTTP 200","","Sun Mar 15 21:02:29 UTC 2026","passed","Sun Mar 15 21:02:29 UTC 2026","Product Endpoints > GET /api/products","products_test.spec.ts","",""
"","2","test_404_response_includes_error_details","tests","Sun Mar 15 21:02:36 UTC 2026","passed","Sun Mar 15 21:02:36 UTC 2026","TestNotFound","health_test","",""
"Verify update user fails without authentication","18","testUpdateUserNoAuth","API Test Suite","Sun Mar 15 21:02:57 UTC 2026","passed","Sun Mar 15 21:02:57 UTC 2026","com.automationlab.tests.UserTest","API Tests","com.automationlab.tests.UserTest","testUpdateUserNoAuth"
"Verify registration returns user ID","119","testRegistrationReturnsUserId","API Test Suite","Sun Mar 15 21:02:54 UTC 2026","passed","Sun Mar 15 21:02:54 UTC 2026","com.automationlab.tests.AuthTest","API Tests","com.automationlab.tests.AuthTest","testRegistrationReturnsUserId"
"","1101","Admin cancel order with confirmation removes order from pending list","chromium","Sun Mar 15 21:03:33 UTC 2026","passed","Sun Mar 15 21:03:34 UTC 2026","Orders — Authenticated Admin","orders_test.spec.ts","",""
"","395","Unauthenticated place order redirects to login","chromium","Sun Mar 15 21:03:51 UTC 2026","passed","Sun Mar 15 21:03:52 UTC 2026","Product Detail — Unauthenticated","product_detail_test.spec.ts","",""
"","5","returns HTTP 401 without token","","Sun Mar 15 21:02:22 UTC 2026","passed","Sun Mar 15 21:02:22 UTC 2026","Order Endpoints > GET /api/orders","orders_test.spec.ts","",""
"","523","Duplicate email shows error message","chromium","Sun Mar 15 21:04:26 UTC 2026","passed","Sun Mar 15 21:04:27 UTC 2026","Register","register_test.spec.ts","",""
"","132","response contains token","","Sun Mar 15 21:02:18 UTC 2026","passed","Sun Mar 15 21:02:19 UTC 2026","Authentication Endpoints > POST /api/auth/login","auth_test.spec.ts","",""
"Verify orders list supports pagination","43","testListOrdersPagination","API Test Suite","Sun Mar 15 21:03:02 UTC 2026","passed","Sun Mar 15 21:03:02 UTC 2026","com.automationlab.tests.OrderTest","API Tests","com.automationlab.tests.OrderTest","testListOrdersPagination"
"","875","User order error message shown on invalid product","chromium","Sun Mar 15 21:03:57 UTC 2026","passed","Sun Mar 15 21:03:58 UTC 2026","Product Detail — Authenticated User","product_detail_test.spec.ts","",""
"","324","updated status is returned in response","","Sun Mar 15 21:02:25 UTC 2026","passed","Sun Mar 15 21:02:25 UTC 2026","Order Endpoints > PATCH /api/orders/:id/status","orders_test.spec.ts","",""
"**Risk:** Informational
**Confidence:** 3
**Instances:** 1

**Description:**
The given request has been identified as an authentication request. The 'Other Info' field contains a set of key=value lines which identify any relevant fields. If the request is in a context which has an Authentication Method set to ""Auto-Detect"" then this rule will change the authentication to match the request identified.

**Solution:**
This is an informational alert rather than a vulnerability and so there is nothing to fix.","0","Authentication Request Identified","","Sun Mar 15 21:04:04 UTC 2026","passed","Sun Mar 15 21:04:04 UTC 2026","","Security - ZAP API Scan","",""
"Verify login fails with incorrect password","287","testLoginIncorrectPassword","API Test Suite","Sun Mar 15 21:02:53 UTC 2026","passed","Sun Mar 15 21:02:53 UTC 2026","com.automationlab.tests.AuthTest","API Tests","com.automationlab.tests.AuthTest","testLoginIncorrectPassword"
"","310","admin can update any user","","Sun Mar 15 21:02:36 UTC 2026","passed","Sun Mar 15 21:02:37 UTC 2026","User Endpoints > PUT /api/users/:id","user_test.spec.ts","",""
"","301","Product detail page displays stock status","chromium","Sun Mar 15 21:03:50 UTC 2026","passed","Sun Mar 15 21:03:51 UTC 2026","Product Detail — Unauthenticated","product_detail_test.spec.ts","",""
"","966","View all orders link navigates to orders page","chromium","Sun Mar 15 21:02:56 UTC 2026","passed","Sun Mar 15 21:02:57 UTC 2026","Dashboard — Authenticated Admin","dashboard_test.spec.ts","",""
"Verify create order fails with empty items array","12","testCreateOrderEmptyItems","API Test Suite","Sun Mar 15 21:03:02 UTC 2026","passed","Sun Mar 15 21:03:02 UTC 2026","com.automationlab.tests.OrderTest","API Tests","com.automationlab.tests.OrderTest","testCreateOrderEmptyItems"
"Valid registration renders authenticated navbar state","10385","validRegistrationRendersAuthenticatedNavbarState","SQA Automation Lab — Selenium UI Suite","Sun Mar 15 21:07:00 UTC 2026","broken","Sun Mar 15 21:07:10 UTC 2026","com.sqa.ui.tests.RegisterTest","UI Tests","com.sqa.ui.tests.RegisterTest","validRegistrationRendersAuthenticatedNavbarState"
"Verify user only sees their own orders","39","testListOrdersOnlyOwnOrders","API Test Suite","Sun Mar 15 21:03:02 UTC 2026","passed","Sun Mar 15 21:03:02 UTC 2026","com.automationlab.tests.OrderTest","API Tests","com.automationlab.tests.OrderTest","testListOrdersOnlyOwnOrders"
"","560","Clear button resets search results","chromium","Sun Mar 15 21:03:59 UTC 2026","passed","Sun Mar 15 21:04:00 UTC 2026","Products — Unauthenticated","products_test.spec.ts","",""
"","71","returns HTTP 400 for empty items array","","Sun Mar 15 21:02:21 UTC 2026","passed","Sun Mar 15 21:02:21 UTC 2026","Order Endpoints > POST /api/orders","orders_test.spec.ts","",""
"Verify get non-existent product returns 404","14","testGetNonExistentProduct","API Test Suite","Sun Mar 15 21:02:59 UTC 2026","passed","Sun Mar 15 21:02:59 UTC 2026","com.automationlab.tests.ProductTest","API Tests","com.automationlab.tests.ProductTest","testGetNonExistentProduct"
"","396","empty password stays on login page","chromium","Sun Mar 15 21:03:06 UTC 2026","passed","Sun Mar 15 21:03:06 UTC 2026","Login","login_test.spec.ts","",""
"","2","test_get_current_user_without_token_returns_401","tests","Sun Mar 15 21:02:36 UTC 2026","passed","Sun Mar 15 21:02:36 UTC 2026","TestCurrentUser","auth_test","",""
"Verify user can update multiple fields simultaneously","78","testUpdateMultipleFields","API Test Suite","Sun Mar 15 21:02:57 UTC 2026","passed","Sun Mar 15 21:02:57 UTC 2026","com.automationlab.tests.UserTest","API Tests","com.automationlab.tests.UserTest","testUpdateMultipleFields"
"","3","test_delete_nonexistent_user_returns_404","tests","Sun Mar 15 21:02:42 UTC 2026","passed","Sun Mar 15 21:02:42 UTC 2026","TestDeleteUser","user_test","",""
"","7","status field value is ok","","Sun Mar 15 21:02:19 UTC 2026","passed","Sun Mar 15 21:02:19 UTC 2026","Health Endpoints > GET /health","health_test.spec.ts","",""
"Cancel order with confirmation removes order from pending list — AUT Bug C","0","cancelOrderWithConfirmationRemovesOrderFromPendingList","SQA Automation Lab — Selenium UI Suite","Sun Mar 15 21:10:17 UTC 2026","skipped","Sun Mar 15 21:10:17 UTC 2026","com.sqa.ui.tests.OrdersTest","UI Tests","com.sqa.ui.tests.OrdersTest","cancelOrderWithConfirmationRemovesOrderFromPendingList"
"Products listing should be accessible without authentication.","4","test_list_products_is_public","tests","Sun Mar 15 21:02:40 UTC 2026","passed","Sun Mar 15 21:02:40 UTC 2026","TestListProducts","products_test","",""
"","2","test_regular_user_cannot_create_product","tests","Sun Mar 15 21:02:40 UTC 2026","passed","Sun Mar 15 21:02:40 UTC 2026","TestCreateProduct","products_test","",""
"","130","returns HTTP 401 for wrong password","","Sun Mar 15 21:02:19 UTC 2026","passed","Sun Mar 15 21:02:19 UTC 2026","Authentication Endpoints > POST /api/auth/login","auth_test.spec.ts","",""
"Verify empty category filter returns all products","35","testListProductsEmptyCategoryFilter","API Test Suite","Sun Mar 15 21:02:59 UTC 2026","passed","Sun Mar 15 21:02:59 UTC 2026","com.automationlab.tests.ProductTest","API Tests","com.automationlab.tests.ProductTest","testListProductsEmptyCategoryFilter"
"","798","Register link is not visible","chromium","Sun Mar 15 21:03:23 UTC 2026","passed","Sun Mar 15 21:03:24 UTC 2026","Navbar — Authenticated Regular User","navbar_test.spec.ts","",""
"","70","returns correct user data for own user","","Sun Mar 15 21:02:35 UTC 2026","passed","Sun Mar 15 21:02:35 UTC 2026","User Endpoints > GET /api/users/:id","user_test.spec.ts","",""
"Sign out button is visible when authenticated","10607","signOutButtonIsVisibleWhenAuthenticated","SQA Automation Lab — Selenium UI Suite","Sun Mar 15 21:16:16 UTC 2026","broken","Sun Mar 15 21:16:27 UTC 2026","com.sqa.ui.tests.NavigationTest","UI Tests","com.sqa.ui.tests.NavigationTest","signOutButtonIsVisibleWhenAuthenticated"
"All status filter options are selectable — AUT Bug C","1","allStatusFilterOptionsAreSelectable","SQA Automation Lab — Selenium UI Suite","Sun Mar 15 21:10:10 UTC 2026","skipped","Sun Mar 15 21:10:10 UTC 2026","com.sqa.ui.tests.OrdersTest","UI Tests","com.sqa.ui.tests.OrdersTest","allStatusFilterOptionsAreSelectable"
"","864","Orders link navigates to orders page","chromium","Sun Mar 15 21:03:17 UTC 2026","passed","Sun Mar 15 21:03:18 UTC 2026","Navbar — Authenticated Admin","navbar_test.spec.ts","",""
"","2","test_invalid_route_returns_404","tests","Sun Mar 15 21:02:36 UTC 2026","passed","Sun Mar 15 21:02:36 UTC 2026","TestNotFound","health_test","",""
"","7","category filter response includes filters metadata","","Sun Mar 15 21:02:29 UTC 2026","passed","Sun Mar 15 21:02:29 UTC 2026","Product Endpoints > GET /api/products","products_test.spec.ts","",""
"","1011","User cancel order with confirmation removes order from pending list","chromium","Sun Mar 15 21:03:41 UTC 2026","passed","Sun Mar 15 21:03:42 UTC 2026","Orders — Authenticated User","orders_test.spec.ts","",""
"","19","returns HTTP 400 when password is missing","","Sun Mar 15 21:02:19 UTC 2026","passed","Sun Mar 15 21:02:19 UTC 2026","Authentication Endpoints > POST /api/auth/login","auth_test.spec.ts","",""
"","3","test_order_fields_in_listing","tests","Sun Mar 15 21:02:38 UTC 2026","passed","Sun Mar 15 21:02:38 UTC 2026","TestListOrders","orders_test","",""
"","3","test_update_nonexistent_order_returns_404","tests","Sun Mar 15 21:02:39 UTC 2026","passed","Sun Mar 15 21:02:39 UTC 2026","TestUpdateOrderStatus","orders_test","",""
"","39137","GET /","","Sun Mar 15 21:02:24 UTC 2026","passed","Sun Mar 15 21:03:03 UTC 2026","","k6 Performance Tests","",""
"","3","test_get_current_user_with_invalid_token_returns_403","tests","Sun Mar 15 21:02:36 UTC 2026","passed","Sun Mar 15 21:02:36 UTC 2026","TestCurrentUser","auth_test","",""
"Verify product with zero stock can be created","26","testCreateProductZeroStock","API Test Suite","Sun Mar 15 21:02:59 UTC 2026","passed","Sun Mar 15 21:02:59 UTC 2026","com.automationlab.tests.ProductTest","API Tests","com.automationlab.tests.ProductTest","testCreateProductZeroStock"
"Verify health check works with GET method","43","testHealthEndpointGetMethod","API Test Suite","Sun Mar 15 21:02:52 UTC 2026","passed","Sun Mar 15 21:02:52 UTC 2026","com.automationlab.tests.HealthTest","API Tests","com.automationlab.tests.HealthTest","testHealthEndpointGetMethod"
"","8","test_admin_can_update_product_name","tests","Sun Mar 15 21:02:40 UTC 2026","passed","Sun Mar 15 21:02:40 UTC 2026","TestUpdateProduct","products_test","",""
"","3","test_list_users_excludes_passwords","tests","Sun Mar 15 21:02:41 UTC 2026","passed","Sun Mar 15 21:02:41 UTC 2026","TestListUsers","user_test","",""
"","4","returns HTTP 401 without token","","Sun Mar 15 21:02:24 UTC 2026","passed","Sun Mar 15 21:02:24 UTC 2026","Order Endpoints > GET /api/orders/:id","orders_test.spec.ts","",""
"","885","Admin orders page displays heading","chromium","Sun Mar 15 21:03:27 UTC 2026","passed","Sun Mar 15 21:03:28 UTC 2026","Orders — Authenticated Admin","orders_test.spec.ts","",""
"Verify registered user is active by default","238","testRegistrationDefaultActiveStatus","API Test Suite","Sun Mar 15 21:02:53 UTC 2026","passed","Sun Mar 15 21:02:53 UTC 2026","com.automationlab.tests.AuthTest","API Tests","com.automationlab.tests.AuthTest","testRegistrationDefaultActiveStatus"
"","331","response body conforms to order schema","","Sun Mar 15 21:02:24 UTC 2026","passed","Sun Mar 15 21:02:24 UTC 2026","Order Endpoints > GET /api/orders/:id","orders_test.spec.ts","",""
"","327","status filter returns only orders matching that status","","Sun Mar 15 21:02:22 UTC 2026","passed","Sun Mar 15 21:02:23 UTC 2026","Order Endpoints > GET /api/orders","orders_test.spec.ts","",""
"","250","returns HTTP 401 without token","","Sun Mar 15 21:02:21 UTC 2026","passed","Sun Mar 15 21:02:21 UTC 2026","Order Endpoints > POST /api/orders","orders_test.spec.ts","",""
"","253","partial update — stock quantity — is supported","","Sun Mar 15 21:02:32 UTC 2026","passed","Sun Mar 15 21:02:32 UTC 2026","Product Endpoints > PUT /api/products/:id","products_test.spec.ts","",""
"","347","admin can update order status and receives HTTP 200","","Sun Mar 15 21:02:25 UTC 2026","passed","Sun Mar 15 21:02:25 UTC 2026","Order Endpoints > PATCH /api/orders/:id/status","orders_test.spec.ts","",""
"","835","Recent orders section displays order rows","chromium","Sun Mar 15 21:02:54 UTC 2026","passed","Sun Mar 15 21:02:55 UTC 2026","Dashboard — Authenticated Admin","dashboard_test.spec.ts","",""
"","875","Admin order error message shown on invalid product","chromium","Sun Mar 15 21:03:54 UTC 2026","passed","Sun Mar 15 21:03:55 UTC 2026","Product Detail — Authenticated Admin","product_detail_test.spec.ts","",""
"Brand link is visible","10335","brandLinkIsVisible","SQA Automation Lab — Selenium UI Suite","Sun Mar 15 21:12:48 UTC 2026","broken","Sun Mar 15 21:12:58 UTC 2026","com.sqa.ui.tests.NavigationTest","UI Tests","com.sqa.ui.tests.NavigationTest","brandLinkIsVisible"
"","38090","PUT /api/products/:id","","Sun Mar 15 21:04:31 UTC 2026","passed","Sun Mar 15 21:05:09 UTC 2026","","k6 Performance Tests","",""
"","247","returns HTTP 404 for non-existent product","","Sun Mar 15 21:02:34 UTC 2026","passed","Sun Mar 15 21:02:34 UTC 2026","Product Endpoints > DELETE /api/products/:id","products_test.spec.ts","",""
"","859","Dashboard link navigates to dashboard page","chromium","Sun Mar 15 21:03:25 UTC 2026","passed","Sun Mar 15 21:03:26 UTC 2026","Navbar — Authenticated Regular User","navbar_test.spec.ts","",""
"Verify products can be filtered by category","44","testListProductsByCategory","API Test Suite","Sun Mar 15 21:02:59 UTC 2026","passed","Sun Mar 15 21:02:59 UTC 2026","com.automationlab.tests.ProductTest","API Tests","com.automationlab.tests.ProductTest","testListProductsByCategory"
"","38160","GET /api/orders/:id","","Sun Mar 15 21:05:11 UTC 2026","passed","Sun Mar 15 21:05:49 UTC 2026","","k6 Performance Tests","",""
"Verify user cannot delete another user's account","16","testDeleteOtherUserForbidden","API Test Suite","Sun Mar 15 21:02:56 UTC 2026","passed","Sun Mar 15 21:02:56 UTC 2026","com.automationlab.tests.UserTest","API Tests","com.automationlab.tests.UserTest","testDeleteOtherUserForbidden"
"","792","valid credentials redirect to products page","chromium","Sun Mar 15 21:03:04 UTC 2026","passed","Sun Mar 15 21:03:04 UTC 2026","Login","login_test.spec.ts","",""
"Verify health endpoint response time is acceptable","63","testHealthEndpointResponseTime","API Test Suite","Sun Mar 15 21:02:52 UTC 2026","passed","Sun Mar 15 21:02:52 UTC 2026","com.automationlab.tests.HealthTest","API Tests","com.automationlab.tests.HealthTest","testHealthEndpointResponseTime"
"Login page displays Sign In heading","10422","loginPageDisplaysSignInHeading","SQA Automation Lab — Selenium UI Suite","Sun Mar 15 21:03:41 UTC 2026","broken","Sun Mar 15 21:03:51 UTC 2026","com.sqa.ui.tests.LoginTest","UI Tests","com.sqa.ui.tests.LoginTest","loginPageDisplaysSignInHeading"
"","645","Empty email shows validation error","chromium","Sun Mar 15 21:04:24 UTC 2026","passed","Sun Mar 15 21:04:24 UTC 2026","Register","register_test.spec.ts","",""
"","254","returns HTTP 200 for existing product","","Sun Mar 15 21:02:29 UTC 2026","passed","Sun Mar 15 21:02:29 UTC 2026","Product Endpoints > GET /api/products/:id","products_test.spec.ts","",""
"Verify user can update their own profile","28","testUpdateOwnUser","API Test Suite","Sun Mar 15 21:02:57 UTC 2026","passed","Sun Mar 15 21:02:57 UTC 2026","com.automationlab.tests.UserTest","API Tests","com.automationlab.tests.UserTest","testUpdateOwnUser"
"Orders link navigates to orders page","10600","ordersLinkNavigatesToOrdersPage","SQA Automation Lab — Selenium UI Suite","Sun Mar 15 21:14:16 UTC 2026","broken","Sun Mar 15 21:14:26 UTC 2026","com.sqa.ui.tests.NavigationTest","UI Tests","com.sqa.ui.tests.NavigationTest","ordersLinkNavigatesToOrdersPage"
"","318","returns HTTP 400 for quantity exceeding available stock","","Sun Mar 15 21:02:22 UTC 2026","passed","Sun Mar 15 21:02:22 UTC 2026","Order Endpoints > POST /api/orders","orders_test.spec.ts","",""
"","254","updated product fields are returned in response","","Sun Mar 15 21:02:32 UTC 2026","passed","Sun Mar 15 21:02:32 UTC 2026","Product Endpoints > PUT /api/products/:id","products_test.spec.ts","",""
"","96","response body conforms to auth response schema","","Sun Mar 15 21:02:18 UTC 2026","passed","Sun Mar 15 21:02:18 UTC 2026","Authentication Endpoints > POST /api/auth/register","auth_test.spec.ts","",""
"Save with empty first name shows validation error","10612","saveWithEmptyFirstNameShowsValidationError","SQA Automation Lab — Selenium UI Suite","Sun Mar 15 21:11:53 UTC 2026","broken","Sun Mar 15 21:12:03 UTC 2026","com.sqa.ui.tests.DashboardTest","UI Tests","com.sqa.ui.tests.DashboardTest","saveWithEmptyFirstNameShowsValidationError"
"","6","test_create_order_returns_item_details","tests","Sun Mar 15 21:02:37 UTC 2026","passed","Sun Mar 15 21:02:37 UTC 2026","TestCreateOrder","orders_test","",""
"","38090","POST /api/products - admin","","Sun Mar 15 21:04:30 UTC 2026","passed","Sun Mar 15 21:05:08 UTC 2026","","k6 Performance Tests","",""
"","251","returns correct product data","","Sun Mar 15 21:02:29 UTC 2026","passed","Sun Mar 15 21:02:29 UTC 2026","Product Endpoints > GET /api/products/:id","products_test.spec.ts","",""
"","371","response contains order with items array","","Sun Mar 15 21:02:23 UTC 2026","passed","Sun Mar 15 21:02:24 UTC 2026","Order Endpoints > GET /api/orders/:id","orders_test.spec.ts","",""
"Category filter returns filtered results — AUT Bug C","10470","categoryFilterReturnsFilteredResults","SQA Automation Lab — Selenium UI Suite","Sun Mar 15 21:07:24 UTC 2026","broken","Sun Mar 15 21:07:35 UTC 2026","com.sqa.ui.tests.ProductsTest","UI Tests","com.sqa.ui.tests.ProductsTest","categoryFilterReturnsFilteredResults"
"","248","response contains created product data","","Sun Mar 15 21:02:30 UTC 2026","passed","Sun Mar 15 21:02:30 UTC 2026","Product Endpoints > POST /api/products","products_test.spec.ts","",""
"Attempt to update email to one already in use.","3","test_update_with_duplicate_email_returns_409","tests","Sun Mar 15 21:02:41 UTC 2026","passed","Sun Mar 15 21:02:41 UTC 2026","TestUpdateUser","user_test","",""
"","1","setup","","Sun Mar 15 21:05:10 UTC 2026","passed","Sun Mar 15 21:05:10 UTC 2026","","k6 Performance Tests","",""
"","2","test_list_users_invalid_page_returns_400","tests","Sun Mar 15 21:02:41 UTC 2026","passed","Sun Mar 15 21:02:41 UTC 2026","TestListUsers","user_test","",""
"","23","returns HTTP 400 when email is missing","","Sun Mar 15 21:02:18 UTC 2026","passed","Sun Mar 15 21:02:18 UTC 2026","Authentication Endpoints > POST /api/auth/register","auth_test.spec.ts","",""
"","2","test_health_includes_timestamp","tests","Sun Mar 15 21:02:36 UTC 2026","passed","Sun Mar 15 21:02:36 UTC 2026","TestHealthEndpoint","health_test","",""
"","7","test_list_products_page_navigation","tests","Sun Mar 15 21:02:40 UTC 2026","passed","Sun Mar 15 21:02:40 UTC 2026","TestListProducts","products_test","",""
"","526","Invalid email format shows validation error","chromium","Sun Mar 15 21:04:24 UTC 2026","passed","Sun Mar 15 21:04:25 UTC 2026","Register","register_test.spec.ts","",""
"","39220","GET /api/users/:id - own user","","Sun Mar 15 21:03:47 UTC 2026","passed","Sun Mar 15 21:04:26 UTC 2026","","k6 Performance Tests","",""
"","997","User can place order successfully","chromium","Sun Mar 15 21:03:55 UTC 2026","passed","Sun Mar 15 21:03:56 UTC 2026","Product Detail — Authenticated User","product_detail_test.spec.ts","",""
"","2","test_health_reports_healthy_status","tests","Sun Mar 15 21:02:36 UTC 2026","passed","Sun Mar 15 21:02:36 UTC 2026","TestHealthEndpoint","health_test","",""
"Products page displays heading","10464","productsPageDisplaysHeading","SQA Automation Lab — Selenium UI Suite","Sun Mar 15 21:08:30 UTC 2026","broken","Sun Mar 15 21:08:41 UTC 2026","com.sqa.ui.tests.ProductsTest","UI Tests","com.sqa.ui.tests.ProductsTest","productsPageDisplaysHeading"
"","293","Invalid product id renders error state","chromium","Sun Mar 15 21:03:52 UTC 2026","passed","Sun Mar 15 21:03:52 UTC 2026","Product Detail — Unauthenticated","product_detail_test.spec.ts","",""
"Verify pagination returns correct total count","60","testListUsersPaginationTotalCount","API Test Suite","Sun Mar 15 21:02:57 UTC 2026","passed","Sun Mar 15 21:02:57 UTC 2026","com.automationlab.tests.UserTest","API Tests","com.automationlab.tests.UserTest","testListUsersPaginationTotalCount"
"Verify create product fails with negative stock","34","testCreateProductNegativeStock","API Test Suite","Sun Mar 15 21:02:59 UTC 2026","passed","Sun Mar 15 21:02:59 UTC 2026","com.automationlab.tests.ProductTest","API Tests","com.automationlab.tests.ProductTest","testCreateProductNegativeStock"
"","801","authenticated user visiting login page is redirected to products","chromium","Sun Mar 15 21:03:08 UTC 2026","passed","Sun Mar 15 21:03:09 UTC 2026","Login","login_test.spec.ts","",""
"Dashboard displays user name","10626","dashboardDisplaysUserName","SQA Automation Lab — Selenium UI Suite","Sun Mar 15 21:11:08 UTC 2026","broken","Sun Mar 15 21:11:19 UTC 2026","com.sqa.ui.tests.DashboardTest","UI Tests","com.sqa.ui.tests.DashboardTest","dashboardDisplaysUserName"
"","10","test_user_can_cancel_pending_order","tests","Sun Mar 15 21:02:39 UTC 2026","passed","Sun Mar 15 21:02:39 UTC 2026","TestCancelOrder","orders_test","",""
"","7","test_regular_user_cannot_update_status","tests","Sun Mar 15 21:02:39 UTC 2026","passed","Sun Mar 15 21:02:39 UTC 2026","TestUpdateOrderStatus","orders_test","",""
"","3","test_user_cannot_update_other_user","tests","Sun Mar 15 21:02:41 UTC 2026","passed","Sun Mar 15 21:02:41 UTC 2026","TestUpdateUser","user_test","",""
"","857","Sign-out clears session and redirects to login","chromium","Sun Mar 15 21:03:26 UTC 2026","passed","Sun Mar 15 21:03:27 UTC 2026","Navbar — Authenticated Regular User","navbar_test.spec.ts","",""
"","38159","DELETE /api/orders/:id","","Sun Mar 15 21:05:13 UTC 2026","passed","Sun Mar 15 21:05:51 UTC 2026","","k6 Performance Tests","",""
"**Risk:** Informational
**Confidence:** 2
**Instances:** 3

**Description:**
Check for differences in response based on fuzzed User Agent (eg. mobile sites, access as a Search Engine Crawler). Compares the response statuscode and the hashcode of the response body with the original response.

**Solution:**
","0","User Agent Fuzzer","","Sun Mar 15 21:04:04 UTC 2026","passed","Sun Mar 15 21:04:04 UTC 2026","","Security - ZAP API Scan","",""
"Verify get order fails without authentication","12","testGetOrderNoAuth","API Test Suite","Sun Mar 15 21:03:02 UTC 2026","passed","Sun Mar 15 21:03:02 UTC 2026","com.automationlab.tests.OrderTest","API Tests","com.automationlab.tests.OrderTest","testGetOrderNoAuth"
"","2","test_create_product_without_auth_returns_401","tests","Sun Mar 15 21:02:40 UTC 2026","passed","Sun Mar 15 21:02:40 UTC 2026","TestCreateProduct","products_test","",""
"Verify root endpoint returns app information","95","testRootEndpoint","API Test Suite","Sun Mar 15 21:02:52 UTC 2026","passed","Sun Mar 15 21:02:52 UTC 2026","com.automationlab.tests.HealthTest","API Tests","com.automationlab.tests.HealthTest","testRootEndpoint"
"","324","returns only the authenticated users own orders","","Sun Mar 15 21:02:22 UTC 2026","passed","Sun Mar 15 21:02:22 UTC 2026","Order Endpoints > GET /api/orders","orders_test.spec.ts","",""
"","380","Unauthenticated access redirects to login","chromium","Sun Mar 15 21:02:50 UTC 2026","passed","Sun Mar 15 21:02:51 UTC 2026","Dashboard — Unauthenticated","dashboard_test.spec.ts","",""
"Orders page displays heading","0","ordersPageDisplaysHeading","SQA Automation Lab — Selenium UI Suite","Sun Mar 15 21:10:21 UTC 2026","skipped","Sun Mar 15 21:10:21 UTC 2026","com.sqa.ui.tests.OrdersTest","UI Tests","com.sqa.ui.tests.OrdersTest","ordersPageDisplaysHeading"
"","39844","GET /api/auth/me","","Sun Mar 15 21:03:06 UTC 2026","passed","Sun Mar 15 21:03:45 UTC 2026","","k6 Performance Tests","",""
"Verify registration fails with weak password","19","testRegistrationWeakPassword","API Test Suite","Sun Mar 15 21:02:54 UTC 2026","passed","Sun Mar 15 21:02:54 UTC 2026","com.automationlab.tests.AuthTest","API Tests","com.automationlab.tests.AuthTest","testRegistrationWeakPassword"
"Verify list orders fails without authentication","12","testListOrdersNoAuth","API Test Suite","Sun Mar 15 21:03:02 UTC 2026","passed","Sun Mar 15 21:03:02 UTC 2026","com.automationlab.tests.OrderTest","API Tests","com.automationlab.tests.OrderTest","testListOrdersNoAuth"
"","4","test_register_duplicate_email_returns_409","tests","Sun Mar 15 21:02:35 UTC 2026","passed","Sun Mar 15 21:02:35 UTC 2026","TestRegistration","auth_test","",""
"Verify multiple consecutive health checks return consistent status","285","testHealthEndpointConsistency","API Test Suite","Sun Mar 15 21:02:51 UTC 2026","passed","Sun Mar 15 21:02:52 UTC 2026","com.automationlab.tests.HealthTest","API Tests","com.automationlab.tests.HealthTest","testHealthEndpointConsistency"
"","2","test_get_product_invalid_id_returns_400","tests","Sun Mar 15 21:02:40 UTC 2026","passed","Sun Mar 15 21:02:40 UTC 2026","TestGetProduct","products_test","",""
"","840","Sign-out clears session and redirects to login","chromium","Sun Mar 15 21:03:19 UTC 2026","passed","Sun Mar 15 21:03:20 UTC 2026","Navbar — Authenticated Admin","navbar_test.spec.ts","",""
"Verify delete non-existent product returns 404","19","testDeleteNonExistentProduct","API Test Suite","Sun Mar 15 21:02:59 UTC 2026","passed","Sun Mar 15 21:02:59 UTC 2026","com.automationlab.tests.ProductTest","API Tests","com.automationlab.tests.ProductTest","testDeleteNonExistentProduct"
"","6","returns HTTP 404 for non-existent product","","Sun Mar 15 21:02:29 UTC 2026","passed","Sun Mar 15 21:02:29 UTC 2026","Product Endpoints > GET /api/products/:id","products_test.spec.ts","",""
"Empty email shows validation error","10400","emptyEmailShowsValidationError","SQA Automation Lab — Selenium UI Suite","Sun Mar 15 21:05:14 UTC 2026","broken","Sun Mar 15 21:05:24 UTC 2026","com.sqa.ui.tests.RegisterTest","UI Tests","com.sqa.ui.tests.RegisterTest","emptyEmailShowsValidationError"
"","3","test_product_fields_in_listing","tests","Sun Mar 15 21:02:40 UTC 2026","passed","Sun Mar 15 21:02:40 UTC 2026","TestListProducts","products_test","",""
"Verify health endpoint returns uptime information","60","testHealthEndpointUptime","API Test Suite","Sun Mar 15 21:02:52 UTC 2026","passed","Sun Mar 15 21:02:52 UTC 2026","com.automationlab.tests.HealthTest","API Tests","com.automationlab.tests.HealthTest","testHealthEndpointUptime"
"Verify create order fails without authentication","13","testCreateOrderNoAuth","API Test Suite","Sun Mar 15 21:03:02 UTC 2026","passed","Sun Mar 15 21:03:02 UTC 2026","com.automationlab.tests.OrderTest","API Tests","com.automationlab.tests.OrderTest","testCreateOrderNoAuth"
"Verify login fails with missing email","42","testLoginMissingEmail","API Test Suite","Sun Mar 15 21:02:53 UTC 2026","passed","Sun Mar 15 21:02:53 UTC 2026","com.automationlab.tests.AuthTest","API Tests","com.automationlab.tests.AuthTest","testLoginMissingEmail"
"Verify search is case-insensitive","35","testSearchProductsCaseInsensitive","API Test Suite","Sun Mar 15 21:02:59 UTC 2026","passed","Sun Mar 15 21:02:59 UTC 2026","com.automationlab.tests.ProductTest","API Tests","com.automationlab.tests.ProductTest","testSearchProductsCaseInsensitive"
"","29907","Health Tests","","Sun Mar 15 21:02:28 UTC 2026","passed","Sun Mar 15 21:02:58 UTC 2026","","JMeter Performance Tests","",""
"Unauthenticated place order redirects to login","349","unauthenticatedPlaceOrderRedirectsToLogin","SQA Automation Lab — Selenium UI Suite","Sun Mar 15 21:10:06 UTC 2026","failed","Sun Mar 15 21:10:06 UTC 2026","com.sqa.ui.tests.ProductDetailTest","UI Tests","com.sqa.ui.tests.ProductDetailTest","unauthenticatedPlaceOrderRedirectsToLogin"
"Product detail page displays category","409","productDetailPageDisplaysCategory","SQA Automation Lab — Selenium UI Suite","Sun Mar 15 21:09:52 UTC 2026","failed","Sun Mar 15 21:09:52 UTC 2026","com.sqa.ui.tests.ProductDetailTest","UI Tests","com.sqa.ui.tests.ProductDetailTest","productDetailPageDisplaysCategory"
"Verify pagination returns correct total count","46","testListProductsPaginationTotalCount","API Test Suite","Sun Mar 15 21:02:59 UTC 2026","passed","Sun Mar 15 21:02:59 UTC 2026","com.automationlab.tests.ProductTest","API Tests","com.automationlab.tests.ProductTest","testListProductsPaginationTotalCount"
"","3","test_get_nonexistent_user_returns_404","tests","Sun Mar 15 21:02:41 UTC 2026","passed","Sun Mar 15 21:02:41 UTC 2026","TestGetUser","user_test","",""
"Verify authenticated user can list all users","39","testListUsers","API Test Suite","Sun Mar 15 21:02:58 UTC 2026","passed","Sun Mar 15 21:02:58 UTC 2026","com.automationlab.tests.UserTest","API Tests","com.automationlab.tests.UserTest","testListUsers"
"","4","test_list_users_respects_limit","tests","Sun Mar 15 21:02:41 UTC 2026","passed","Sun Mar 15 21:02:41 UTC 2026","TestListUsers","user_test","",""
"","3","test_list_products_respects_limit","tests","Sun Mar 15 21:02:40 UTC 2026","passed","Sun Mar 15 21:02:40 UTC 2026","TestListProducts","products_test","",""
"","985","User can navigate to product detail","chromium","Sun Mar 15 21:04:07 UTC 2026","passed","Sun Mar 15 21:04:08 UTC 2026","Products — Authenticated User","products_test.spec.ts","",""
"","805","Dashboard displays user name","chromium","Sun Mar 15 21:02:53 UTC 2026","passed","Sun Mar 15 21:02:53 UTC 2026","Dashboard — Authenticated Admin","dashboard_test.spec.ts","",""
"","38090","DELETE /api/products/:id","","Sun Mar 15 21:04:31 UTC 2026","passed","Sun Mar 15 21:05:09 UTC 2026","","k6 Performance Tests","",""
"","3","test_login_with_nonexistent_email_returns_401","tests","Sun Mar 15 21:02:36 UTC 2026","passed","Sun Mar 15 21:02:36 UTC 2026","TestLogin","auth_test","",""
"","3","test_list_users_returns_200","tests","Sun Mar 15 21:02:41 UTC 2026","passed","Sun Mar 15 21:02:41 UTC 2026","TestListUsers","user_test","",""
"","419","Products link navigates to products page","chromium","Sun Mar 15 21:03:12 UTC 2026","passed","Sun Mar 15 21:03:13 UTC 2026","Navbar — Unauthenticated","navbar_test.spec.ts","",""
"","131","returns HTTP 200 on successful login","","Sun Mar 15 21:02:18 UTC 2026","passed","Sun Mar 15 21:02:18 UTC 2026","Authentication Endpoints > POST /api/auth/login","auth_test.spec.ts","",""
"","780","Register link is not visible","chromium","Sun Mar 15 21:03:17 UTC 2026","passed","Sun Mar 15 21:03:17 UTC 2026","Navbar — Authenticated Admin","navbar_test.spec.ts","",""
"Verify user can cancel their own pending order","47","testCancelOwnOrder","API Test Suite","Sun Mar 15 21:03:02 UTC 2026","passed","Sun Mar 15 21:03:02 UTC 2026","com.automationlab.tests.OrderTest","API Tests","com.automationlab.tests.OrderTest","testCancelOwnOrder"
"","4","test_update_with_empty_body_returns_400","tests","Sun Mar 15 21:02:40 UTC 2026","passed","Sun Mar 15 21:02:40 UTC 2026","TestUpdateProduct","products_test","",""
"","79","returns HTTP 200 with valid token","","Sun Mar 15 21:02:19 UTC 2026","passed","Sun Mar 15 21:02:19 UTC 2026","Authentication Endpoints > POST /api/auth/logout","auth_test.spec.ts","",""
"Brand link navigates to products page","10339","brandLinkNavigatesToProductsPage","SQA Automation Lab — Selenium UI Suite","Sun Mar 15 21:12:59 UTC 2026","broken","Sun Mar 15 21:13:09 UTC 2026","com.sqa.ui.tests.NavigationTest","UI Tests","com.sqa.ui.tests.NavigationTest","brandLinkNavigatesToProductsPage"
"Verify update order status fails without authentication","13","testUpdateOrderStatusNoAuth","API Test Suite","Sun Mar 15 21:03:02 UTC 2026","passed","Sun Mar 15 21:03:02 UTC 2026","com.automationlab.tests.OrderTest","API Tests","com.automationlab.tests.OrderTest","testUpdateOrderStatusNoAuth"
"","2","test_create_product_without_name_returns_400","tests","Sun Mar 15 21:02:40 UTC 2026","passed","Sun Mar 15 21:02:40 UTC 2026","TestCreateProduct","products_test","",""
"","72","returns HTTP 200 with valid token","","Sun Mar 15 21:02:19 UTC 2026","passed","Sun Mar 15 21:02:19 UTC 2026","Authentication Endpoints > GET /api/auth/me","auth_test.spec.ts","",""
"","71","updated fields are returned in response","","Sun Mar 15 21:02:36 UTC 2026","passed","Sun Mar 15 21:02:36 UTC 2026","User Endpoints > PUT /api/users/:id","user_test.spec.ts","",""
"","69","returns HTTP 409 when updating email to one already in use","","Sun Mar 15 21:02:37 UTC 2026","passed","Sun Mar 15 21:02:37 UTC 2026","User Endpoints > PUT /api/users/:id","user_test.spec.ts","",""
"Pagination next button advances to page 2","0","paginationNextButtonAdvancesToPage2","SQA Automation Lab — Selenium UI Suite","Sun Mar 15 21:10:28 UTC 2026","skipped","Sun Mar 15 21:10:28 UTC 2026","com.sqa.ui.tests.OrdersTest","UI Tests","com.sqa.ui.tests.OrdersTest","paginationNextButtonAdvancesToPage2"
"","388","Brand link is visible","chromium","Sun Mar 15 21:03:09 UTC 2026","passed","Sun Mar 15 21:03:09 UTC 2026","Navbar — Unauthenticated","navbar_test.spec.ts","",""
"","826","Sign-out redirects to login page","chromium","Sun Mar 15 21:03:02 UTC 2026","passed","Sun Mar 15 21:03:03 UTC 2026","Dashboard — Authenticated Regular User","dashboard_test.spec.ts","",""
"","14","returns HTTP 400 when email is missing","","Sun Mar 15 21:02:19 UTC 2026","passed","Sun Mar 15 21:02:19 UTC 2026","Authentication Endpoints > POST /api/auth/login","auth_test.spec.ts","",""
"Verify login fails with missing password","26","testLoginMissingPassword","API Test Suite","Sun Mar 15 21:02:53 UTC 2026","passed","Sun Mar 15 21:02:53 UTC 2026","com.automationlab.tests.AuthTest","API Tests","com.automationlab.tests.AuthTest","testLoginMissingPassword"
"Cancel button exits edit mode without saving","10616","cancelButtonExitsEditModeWithoutSaving","SQA Automation Lab — Selenium UI Suite","Sun Mar 15 21:10:46 UTC 2026","broken","Sun Mar 15 21:10:57 UTC 2026","com.sqa.ui.tests.DashboardTest","UI Tests","com.sqa.ui.tests.DashboardTest","cancelButtonExitsEditModeWithoutSaving"
"Verify registration fails with invalid email format","21","testRegistrationInvalidEmail","API Test Suite","Sun Mar 15 21:02:54 UTC 2026","passed","Sun Mar 15 21:02:54 UTC 2026","com.automationlab.tests.AuthTest","API Tests","com.automationlab.tests.AuthTest","testRegistrationInvalidEmail"
"Verify user response includes timestamps","94","testGetUserIncludesTimestamps","API Test Suite","Sun Mar 15 21:02:56 UTC 2026","passed","Sun Mar 15 21:02:56 UTC 2026","com.automationlab.tests.UserTest","API Tests","com.automationlab.tests.UserTest","testGetUserIncludesTimestamps"
"","3","test_admin_can_delete_product","tests","Sun Mar 15 21:02:40 UTC 2026","passed","Sun Mar 15 21:02:40 UTC 2026","TestDeleteProduct","products_test","",""
"Verify registration fails with duplicate email","44","testRegistrationDuplicateEmail","API Test Suite","Sun Mar 15 21:02:54 UTC 2026","passed","Sun Mar 15 21:02:54 UTC 2026","com.automationlab.tests.AuthTest","API Tests","com.automationlab.tests.AuthTest","testRegistrationDuplicateEmail"
"","3","test_admin_can_update_any_user","tests","Sun Mar 15 21:02:41 UTC 2026","passed","Sun Mar 15 21:02:41 UTC 2026","TestUpdateUser","user_test","",""
"Verify user can soft delete their own account","132","testDeleteOwnUser","API Test Suite","Sun Mar 15 21:02:56 UTC 2026","passed","Sun Mar 15 21:02:56 UTC 2026","com.automationlab.tests.UserTest","API Tests","com.automationlab.tests.UserTest","testDeleteOwnUser"
"ILIKE search should be case-insensitive.","8","test_search_is_case_insensitive","tests","Sun Mar 15 21:02:40 UTC 2026","passed","Sun Mar 15 21:02:40 UTC 2026","TestFilterProducts","products_test","",""
"","39219","GET /api/users/:id - unauthorized (different user)","","Sun Mar 15 21:03:47 UTC 2026","passed","Sun Mar 15 21:04:27 UTC 2026","","k6 Performance Tests","",""
"","4","test_get_nonexistent_product_returns_404","tests","Sun Mar 15 21:02:40 UTC 2026","passed","Sun Mar 15 21:02:40 UTC 2026","TestGetProduct","products_test","",""
"After deletion, user should still exist but be inactive.","10","test_deleted_user_is_soft_deleted","tests","Sun Mar 15 21:02:42 UTC 2026","passed","Sun Mar 15 21:02:42 UTC 2026","TestDeleteUser","user_test","",""
"","2","test_create_product_with_negative_price_returns_400","tests","Sun Mar 15 21:02:40 UTC 2026","passed","Sun Mar 15 21:02:40 UTC 2026","TestCreateProduct","products_test","",""
"","5","test_update_own_email","tests","Sun Mar 15 21:02:41 UTC 2026","passed","Sun Mar 15 21:02:41 UTC 2026","TestUpdateUser","user_test","",""
"","6","content-type is application/json","","Sun Mar 15 21:02:19 UTC 2026","passed","Sun Mar 15 21:02:19 UTC 2026","Health Endpoints > GET /health","health_test.spec.ts","",""
"Verify create order fails with negative quantity","15","testCreateOrderNegativeQuantity","API Test Suite","Sun Mar 15 21:03:02 UTC 2026","passed","Sun Mar 15 21:03:02 UTC 2026","com.automationlab.tests.OrderTest","API Tests","com.automationlab.tests.OrderTest","testCreateOrderNegativeQuantity"
"","353","returns HTTP 400 for invalid status value","","Sun Mar 15 21:02:25 UTC 2026","passed","Sun Mar 15 21:02:26 UTC 2026","Order Endpoints > PATCH /api/orders/:id/status","orders_test.spec.ts","",""
"","247","returns HTTP 400 for negative stock quantity","","Sun Mar 15 21:02:31 UTC 2026","passed","Sun Mar 15 21:02:31 UTC 2026","Product Endpoints > POST /api/products","products_test.spec.ts","",""
"Verify list users fails without authentication","17","testListUsersNoAuth","API Test Suite","Sun Mar 15 21:02:57 UTC 2026","passed","Sun Mar 15 21:02:57 UTC 2026","com.automationlab.tests.UserTest","API Tests","com.automationlab.tests.UserTest","testListUsersNoAuth"
"","256","returns HTTP 400 for empty update body","","Sun Mar 15 21:02:32 UTC 2026","passed","Sun Mar 15 21:02:33 UTC 2026","Product Endpoints > PUT /api/products/:id","products_test.spec.ts","",""
"","3","test_register_without_email_returns_400","tests","Sun Mar 15 21:02:35 UTC 2026","passed","Sun Mar 15 21:02:35 UTC 2026","TestRegistration","auth_test","",""
"Unauthenticated access to dashboard redirects to login","10188","unauthenticatedAccessRedirectsToLogin","SQA Automation Lab — Selenium UI Suite","Sun Mar 15 21:12:37 UTC 2026","broken","Sun Mar 15 21:12:48 UTC 2026","com.sqa.ui.tests.DashboardTest","UI Tests","com.sqa.ui.tests.DashboardTest","unauthenticatedAccessRedirectsToLogin"
"Empty last name shows validation error","10433","emptyLastNameShowsValidationError","SQA Automation Lab — Selenium UI Suite","Sun Mar 15 21:05:40 UTC 2026","broken","Sun Mar 15 21:05:51 UTC 2026","com.sqa.ui.tests.RegisterTest","UI Tests","com.sqa.ui.tests.RegisterTest","emptyLastNameShowsValidationError"
"Orders page displays order cards","0","ordersPageDisplaysOrderCards","SQA Automation Lab — Selenium UI Suite","Sun Mar 15 21:10:24 UTC 2026","skipped","Sun Mar 15 21:10:24 UTC 2026","com.sqa.ui.tests.OrdersTest","UI Tests","com.sqa.ui.tests.OrdersTest","ordersPageDisplaysOrderCards"
"","2","test_health_includes_environment","tests","Sun Mar 15 21:02:36 UTC 2026","passed","Sun Mar 15 21:02:36 UTC 2026","TestHealthEndpoint","health_test","",""
"","3","test_get_product_by_id","tests","Sun Mar 15 21:02:40 UTC 2026","passed","Sun Mar 15 21:02:40 UTC 2026","TestGetProduct","products_test","",""
"","246","returns HTTP 404 for non-existent user","","Sun Mar 15 21:02:36 UTC 2026","passed","Sun Mar 15 21:02:36 UTC 2026","User Endpoints > GET /api/users/:id","user_test.spec.ts","",""
"","253","admin can soft delete a product and receives HTTP 200","","Sun Mar 15 21:02:34 UTC 2026","passed","Sun Mar 15 21:02:34 UTC 2026","Product Endpoints > DELETE /api/products/:id","products_test.spec.ts","",""
"","38489","Step 5: Create order","","Sun Mar 15 21:05:56 UTC 2026","passed","Sun Mar 15 21:06:34 UTC 2026","","k6 Performance Tests","",""
"Verify created product has default active status","19","testCreateProductDefaultActiveStatus","API Test Suite","Sun Mar 15 21:02:59 UTC 2026","passed","Sun Mar 15 21:02:59 UTC 2026","com.automationlab.tests.ProductTest","API Tests","com.automationlab.tests.ProductTest","testCreateProductDefaultActiveStatus"
"Product detail page displays product name","442","productDetailPageDisplaysProductName","SQA Automation Lab — Selenium UI Suite","Sun Mar 15 21:09:55 UTC 2026","failed","Sun Mar 15 21:09:56 UTC 2026","com.sqa.ui.tests.ProductDetailTest","UI Tests","com.sqa.ui.tests.ProductDetailTest","productDetailPageDisplaysProductName"
"","580","Pagination prev button returns to page 1","chromium","Sun Mar 15 21:04:01 UTC 2026","passed","Sun Mar 15 21:04:02 UTC 2026","Products — Unauthenticated","products_test.spec.ts","",""
"","3","test_regular_user_cannot_delete_product","tests","Sun Mar 15 21:02:41 UTC 2026","passed","Sun Mar 15 21:02:41 UTC 2026","TestDeleteProduct","products_test","",""
"","323","returns HTTP 403 for non-admin authenticated user","","Sun Mar 15 21:02:26 UTC 2026","passed","Sun Mar 15 21:02:26 UTC 2026","Order Endpoints > PATCH /api/orders/:id/status","orders_test.spec.ts","",""
"","71","returns HTTP 200 when updating own user","","Sun Mar 15 21:02:36 UTC 2026","passed","Sun Mar 15 21:02:36 UTC 2026","User Endpoints > PUT /api/users/:id","user_test.spec.ts","",""
"Verify create product fails with missing price","12","testCreateProductMissingPrice","API Test Suite","Sun Mar 15 21:02:59 UTC 2026","passed","Sun Mar 15 21:02:59 UTC 2026","com.automationlab.tests.ProductTest","API Tests","com.automationlab.tests.ProductTest","testCreateProductMissingPrice"
"","76","page navigation does not return overlapping results","","Sun Mar 15 21:02:35 UTC 2026","passed","Sun Mar 15 21:02:35 UTC 2026","User Endpoints > GET /api/users","user_test.spec.ts","",""
"","8","pagination metadata contains expected fields","","Sun Mar 15 21:02:28 UTC 2026","passed","Sun Mar 15 21:02:28 UTC 2026","Product Endpoints > GET /api/products","products_test.spec.ts","",""
"","783","Dashboard displays user email","chromium","Sun Mar 15 21:02:59 UTC 2026","passed","Sun Mar 15 21:03:00 UTC 2026","Dashboard — Authenticated Regular User","dashboard_test.spec.ts","",""
"Pagination prev button returns to page 1 — AUT Bug E","10381","paginationPrevButtonReturnsToPAge1","SQA Automation Lab — Selenium UI Suite","Sun Mar 15 21:08:04 UTC 2026","broken","Sun Mar 15 21:08:14 UTC 2026","com.sqa.ui.tests.ProductsTest","UI Tests","com.sqa.ui.tests.ProductsTest","paginationPrevButtonReturnsToPAge1"
"","2","test_create_product_without_price_returns_400","tests","Sun Mar 15 21:02:40 UTC 2026","passed","Sun Mar 15 21:02:40 UTC 2026","TestCreateProduct","products_test","",""
"Verify user cannot update another user's profile","15","testUpdateOtherUserForbidden","API Test Suite","Sun Mar 15 21:02:57 UTC 2026","passed","Sun Mar 15 21:02:57 UTC 2026","com.automationlab.tests.UserTest","API Tests","com.automationlab.tests.UserTest","testUpdateOtherUserForbidden"
"","2","test_root_lists_available_endpoints","tests","Sun Mar 15 21:02:36 UTC 2026","passed","Sun Mar 15 21:02:36 UTC 2026","TestRootEndpoint","health_test","",""
"Verify default pagination limit","53","testListProductsDefaultPaginationLimit","API Test Suite","Sun Mar 15 21:02:59 UTC 2026","passed","Sun Mar 15 21:02:59 UTC 2026","com.automationlab.tests.ProductTest","API Tests","com.automationlab.tests.ProductTest","testListProductsDefaultPaginationLimit"
"Verify update non-existent product returns 404","20","testUpdateNonExistentProduct","API Test Suite","Sun Mar 15 21:02:59 UTC 2026","passed","Sun Mar 15 21:02:59 UTC 2026","com.automationlab.tests.ProductTest","API Tests","com.automationlab.tests.ProductTest","testUpdateNonExistentProduct"
"","1059","Admin all status filter options are selectable","chromium","Sun Mar 15 21:03:31 UTC 2026","passed","Sun Mar 15 21:03:32 UTC 2026","Orders — Authenticated Admin","orders_test.spec.ts","",""
"Dashboard link is not visible when unauthenticated","10337","dashboardLinkIsNotVisibleWhenUnauthenticated","SQA Automation Lab — Selenium UI Suite","Sun Mar 15 21:13:10 UTC 2026","broken","Sun Mar 15 21:13:20 UTC 2026","com.sqa.ui.tests.NavigationTest","UI Tests","com.sqa.ui.tests.NavigationTest","dashboardLinkIsNotVisibleWhenUnauthenticated"
"Pagination next button advances to page 2 — AUT Bug E","10484","paginationNextButtonAdvancesToPage2","SQA Automation Lab — Selenium UI Suite","Sun Mar 15 21:07:50 UTC 2026","broken","Sun Mar 15 21:08:01 UTC 2026","com.sqa.ui.tests.ProductsTest","UI Tests","com.sqa.ui.tests.ProductsTest","paginationNextButtonAdvancesToPage2"
"","149","returns HTTP 403 or 404 when accessing another users data","","Sun Mar 15 21:02:36 UTC 2026","passed","Sun Mar 15 21:02:36 UTC 2026","User Endpoints > GET /api/users/:id","user_test.spec.ts","",""
"","341","returns HTTP 401 without token","","Sun Mar 15 21:02:26 UTC 2026","passed","Sun Mar 15 21:02:26 UTC 2026","Order Endpoints > PATCH /api/orders/:id/status","orders_test.spec.ts","",""
"","891","Admin status filter cancelled shows filtered results or empty state","chromium","Sun Mar 15 21:03:30 UTC 2026","passed","Sun Mar 15 21:03:31 UTC 2026","Orders — Authenticated Admin","orders_test.spec.ts","",""
"","9","test_create_order_with_single_item","tests","Sun Mar 15 21:02:37 UTC 2026","passed","Sun Mar 15 21:02:37 UTC 2026","TestCreateOrder","orders_test","",""
"","3","test_list_users_pagination_metadata","tests","Sun Mar 15 21:02:41 UTC 2026","passed","Sun Mar 15 21:02:41 UTC 2026","TestListUsers","user_test","",""
"Verify health endpoint rejects POST method","33","testHealthEndpointRejectsPost","API Test Suite","Sun Mar 15 21:02:52 UTC 2026","passed","Sun Mar 15 21:02:52 UTC 2026","com.automationlab.tests.HealthTest","API Tests","com.automationlab.tests.HealthTest","testHealthEndpointRejectsPost"
"Authenticated user sees product cards","819","authenticatedUserSeesProductCards","SQA Automation Lab — Selenium UI Suite","Sun Mar 15 21:07:20 UTC 2026","broken","Sun Mar 15 21:07:21 UTC 2026","com.sqa.ui.tests.ProductsTest","UI Tests","com.sqa.ui.tests.ProductsTest","authenticatedUserSeesProductCards"
"Verify invalid endpoint returns 404","37","testInvalidEndpoint","API Test Suite","Sun Mar 15 21:02:52 UTC 2026","passed","Sun Mar 15 21:02:52 UTC 2026","com.automationlab.tests.HealthTest","API Tests","com.automationlab.tests.HealthTest","testInvalidEndpoint"
"","2","test_get_user_invalid_id_returns_400","tests","Sun Mar 15 21:02:41 UTC 2026","passed","Sun Mar 15 21:02:41 UTC 2026","TestGetUser","user_test","",""
"","5","returns HTTP 401 without token","","Sun Mar 15 21:02:32 UTC 2026","passed","Sun Mar 15 21:02:32 UTC 2026","Product Endpoints > POST /api/products","products_test.spec.ts","",""
"","9","products in listing include expected fields","","Sun Mar 15 21:02:29 UTC 2026","passed","Sun Mar 15 21:02:29 UTC 2026","Product Endpoints > GET /api/products","products_test.spec.ts","",""
"","3","test_delete_nonexistent_product_returns_404","tests","Sun Mar 15 21:02:41 UTC 2026","passed","Sun Mar 15 21:02:41 UTC 2026","TestDeleteProduct","products_test","",""
"Verify non-admin cannot update order status","11","testUpdateOrderStatusNonAdmin","API Test Suite","Sun Mar 15 21:03:02 UTC 2026","passed","Sun Mar 15 21:03:02 UTC 2026","com.automationlab.tests.OrderTest","API Tests","com.automationlab.tests.OrderTest","testUpdateOrderStatusNonAdmin"
"","5","response body contains endpoints field","","Sun Mar 15 21:02:19 UTC 2026","passed","Sun Mar 15 21:02:19 UTC 2026","Health Endpoints > GET /","health_test.spec.ts","",""
"Verify create product fails without authentication","14","testCreateProductNoAuth","API Test Suite","Sun Mar 15 21:02:59 UTC 2026","passed","Sun Mar 15 21:02:59 UTC 2026","com.automationlab.tests.ProductTest","API Tests","com.automationlab.tests.ProductTest","testCreateProductNoAuth"
"","4","test_update_with_empty_body_returns_400","tests","Sun Mar 15 21:02:41 UTC 2026","passed","Sun Mar 15 21:02:41 UTC 2026","TestUpdateUser","user_test","",""
"","65","test_register_with_minimum_fields","tests","Sun Mar 15 21:02:35 UTC 2026","passed","Sun Mar 15 21:02:35 UTC 2026","TestRegistration","auth_test","",""
"","4","test_user_can_delete_own_account","tests","Sun Mar 15 21:02:41 UTC 2026","passed","Sun Mar 15 21:02:41 UTC 2026","TestDeleteUser","user_test","",""
"Verify registration succeeds without first name (optional field)","95","testRegistrationMissingFirstName","API Test Suite","Sun Mar 15 21:02:54 UTC 2026","passed","Sun Mar 15 21:02:54 UTC 2026","com.automationlab.tests.AuthTest","API Tests","com.automationlab.tests.AuthTest","testRegistrationMissingFirstName"
"","11","returns HTTP 400 for password shorter than minimum length","","Sun Mar 15 21:02:18 UTC 2026","passed","Sun Mar 15 21:02:18 UTC 2026","Authentication Endpoints > POST /api/auth/register","auth_test.spec.ts","",""
"","3","test_logout_returns_success","tests","Sun Mar 15 21:02:36 UTC 2026","passed","Sun Mar 15 21:02:36 UTC 2026","TestLogout","auth_test","",""
"","494","wrong password stays on login page","chromium","Sun Mar 15 21:03:07 UTC 2026","passed","Sun Mar 15 21:03:07 UTC 2026","Login","login_test.spec.ts","",""
"","4","test_update_own_first_name","tests","Sun Mar 15 21:02:41 UTC 2026","passed","Sun Mar 15 21:02:41 UTC 2026","TestUpdateUser","user_test","",""
"Verify order response includes timestamps","36","testGetOrderIncludesTimestamps","API Test Suite","Sun Mar 15 21:03:02 UTC 2026","passed","Sun Mar 15 21:03:02 UTC 2026","com.automationlab.tests.OrderTest","API Tests","com.automationlab.tests.OrderTest","testGetOrderIncludesTimestamps"
"","851","Dashboard link is visible","chromium","Sun Mar 15 21:03:22 UTC 2026","passed","Sun Mar 15 21:03:23 UTC 2026","Navbar — Authenticated Regular User","navbar_test.spec.ts","",""
"","8","test_status_update_changes_updated_at","tests","Sun Mar 15 21:02:39 UTC 2026","passed","Sun Mar 15 21:02:39 UTC 2026","TestUpdateOrderStatus","orders_test","",""
"","916","Sign-out redirects to login page","chromium","Sun Mar 15 21:02:57 UTC 2026","passed","Sun Mar 15 21:02:58 UTC 2026","Dashboard — Authenticated Admin","dashboard_test.spec.ts","",""
"Verify pagination with custom page size","56","testListUsersCustomPageSize","API Test Suite","Sun Mar 15 21:02:56 UTC 2026","passed","Sun Mar 15 21:02:57 UTC 2026","com.automationlab.tests.UserTest","API Tests","com.automationlab.tests.UserTest","testListUsersCustomPageSize"
"","4","test_register_without_password_returns_400","tests","Sun Mar 15 21:02:35 UTC 2026","passed","Sun Mar 15 21:02:35 UTC 2026","TestRegistration","auth_test","",""
"","910","User status filter pending shows results","chromium","Sun Mar 15 21:03:37 UTC 2026","passed","Sun Mar 15 21:03:38 UTC 2026","Orders — Authenticated User","orders_test.spec.ts","",""
"Verify create order fails with missing items","17","testCreateOrderMissingItems","API Test Suite","Sun Mar 15 21:03:02 UTC 2026","passed","Sun Mar 15 21:03:02 UTC 2026","com.automationlab.tests.OrderTest","API Tests","com.automationlab.tests.OrderTest","testCreateOrderMissingItems"
"","3","test_get_nonexistent_order_returns_404","tests","Sun Mar 15 21:02:38 UTC 2026","passed","Sun Mar 15 21:02:38 UTC 2026","TestGetOrder","orders_test","",""
"Products page displays product cards","10359","productsPageDisplaysProductCards","SQA Automation Lab — Selenium UI Suite","Sun Mar 15 21:08:44 UTC 2026","broken","Sun Mar 15 21:08:54 UTC 2026","com.sqa.ui.tests.ProductsTest","UI Tests","com.sqa.ui.tests.ProductsTest","productsPageDisplaysProductCards"
"","1002","Admin can place order successfully","chromium","Sun Mar 15 21:03:52 UTC 2026","passed","Sun Mar 15 21:03:53 UTC 2026","Product Detail — Authenticated Admin","product_detail_test.spec.ts","",""
"","71","limit parameter is respected","","Sun Mar 15 21:02:35 UTC 2026","passed","Sun Mar 15 21:02:35 UTC 2026","User Endpoints > GET /api/users","user_test.spec.ts","",""
"","320","response contains order with items","","Sun Mar 15 21:02:20 UTC 2026","passed","Sun Mar 15 21:02:20 UTC 2026","Order Endpoints > POST /api/orders","orders_test.spec.ts","",""
"Orders that have progressed past pending cannot be cancelled.","23","test_cannot_cancel_non_pending_order","tests","Sun Mar 15 21:02:40 UTC 2026","passed","Sun Mar 15 21:02:40 UTC 2026","TestCancelOrder","orders_test","",""
"","133","returns HTTP 403 or 404 when updating another users data","","Sun Mar 15 21:02:37 UTC 2026","passed","Sun Mar 15 21:02:37 UTC 2026","User Endpoints > PUT /api/users/:id","user_test.spec.ts","",""
"","446","Brand link navigates to products page","chromium","Sun Mar 15 21:03:12 UTC 2026","passed","Sun Mar 15 21:03:12 UTC 2026","Navbar — Unauthenticated","navbar_test.spec.ts","",""
"Authenticated user can set quantity before ordering","708","authenticatedUserCanSetQuantityBeforeOrdering","SQA Automation Lab — Selenium UI Suite","Sun Mar 15 21:09:27 UTC 2026","broken","Sun Mar 15 21:09:28 UTC 2026","com.sqa.ui.tests.ProductDetailTest","UI Tests","com.sqa.ui.tests.ProductDetailTest","authenticatedUserCanSetQuantityBeforeOrdering"
"","73","returns HTTP 404 for non-existent order","","Sun Mar 15 21:02:24 UTC 2026","passed","Sun Mar 15 21:02:24 UTC 2026","Order Endpoints > GET /api/orders/:id","orders_test.spec.ts","",""
"","310","admin can retrieve any user","","Sun Mar 15 21:02:35 UTC 2026","passed","Sun Mar 15 21:02:36 UTC 2026","User Endpoints > GET /api/users/:id","user_test.spec.ts","",""
"","7","returns HTTP 401 without token","","Sun Mar 15 21:02:19 UTC 2026","passed","Sun Mar 15 21:02:19 UTC 2026","Authentication Endpoints > GET /api/auth/me","auth_test.spec.ts","",""
"","6","returns HTTP 200 without authentication","","Sun Mar 15 21:02:28 UTC 2026","passed","Sun Mar 15 21:02:28 UTC 2026","Product Endpoints > GET /api/products","products_test.spec.ts","",""
"User should see their own orders.","10","test_list_own_orders","tests","Sun Mar 15 21:02:38 UTC 2026","passed","Sun Mar 15 21:02:38 UTC 2026","TestListOrders","orders_test","",""
"","17","returns HTTP 401 for non-existent email","","Sun Mar 15 21:02:19 UTC 2026","passed","Sun Mar 15 21:02:19 UTC 2026","Authentication Endpoints > POST /api/auth/login","auth_test.spec.ts","",""
"","8","test_admin_can_update_status_to_delivered","tests","Sun Mar 15 21:02:39 UTC 2026","passed","Sun Mar 15 21:02:39 UTC 2026","TestUpdateOrderStatus","orders_test","",""
"","327","Product detail page displays product price","chromium","Sun Mar 15 21:03:50 UTC 2026","passed","Sun Mar 15 21:03:50 UTC 2026","Product Detail — Unauthenticated","product_detail_test.spec.ts","",""
"","2","test_logout_without_token_returns_401","tests","Sun Mar 15 21:02:36 UTC 2026","passed","Sun Mar 15 21:02:36 UTC 2026","TestLogout","auth_test","",""
"","39221","GET /api/users","","Sun Mar 15 21:03:46 UTC 2026","passed","Sun Mar 15 21:04:26 UTC 2026","","k6 Performance Tests","",""
"","291","admin can update a product and receives HTTP 200","","Sun Mar 15 21:02:32 UTC 2026","passed","Sun Mar 15 21:02:32 UTC 2026","Product Endpoints > PUT /api/products/:id","products_test.spec.ts","",""
"","79","user objects in response do not expose password field","","Sun Mar 15 21:02:35 UTC 2026","passed","Sun Mar 15 21:02:35 UTC 2026","User Endpoints > GET /api/users","user_test.spec.ts","",""
"","4","test_filter_with_no_results","tests","Sun Mar 15 21:02:40 UTC 2026","passed","Sun Mar 15 21:02:40 UTC 2026","TestFilterProducts","products_test","",""
"","862","Orders link navigates to orders page","chromium","Sun Mar 15 21:03:24 UTC 2026","passed","Sun Mar 15 21:03:25 UTC 2026","Navbar — Authenticated Regular User","navbar_test.spec.ts","",""
"","366","Sign-in link navigates to login page","chromium","Sun Mar 15 21:04:27 UTC 2026","passed","Sun Mar 15 21:04:27 UTC 2026","Register","register_test.spec.ts","",""
"Unauthenticated access to orders redirects to login — AUT Bug A","0","unauthenticatedAccessToOrdersRedirectsToLogin","SQA Automation Lab — Selenium UI Suite","Sun Mar 15 21:10:39 UTC 2026","skipped","Sun Mar 15 21:10:39 UTC 2026","com.sqa.ui.tests.OrdersTest","UI Tests","com.sqa.ui.tests.OrdersTest","unauthenticatedAccessToOrdersRedirectsToLogin"
"Filter orders by status parameter.","3","test_filter_orders_by_status","tests","Sun Mar 15 21:02:38 UTC 2026","passed","Sun Mar 15 21:02:38 UTC 2026","TestListOrders","orders_test","",""
"","437","Product detail page displays product name","chromium","Sun Mar 15 21:03:49 UTC 2026","passed","Sun Mar 15 21:03:50 UTC 2026","Product Detail — Unauthenticated","product_detail_test.spec.ts","",""
"","808","Dashboard displays admin role badge","chromium","Sun Mar 15 21:02:53 UTC 2026","passed","Sun Mar 15 21:02:54 UTC 2026","Dashboard — Authenticated Admin","dashboard_test.spec.ts","",""
"","985","Browse products link navigates to products page","chromium","Sun Mar 15 21:02:55 UTC 2026","passed","Sun Mar 15 21:02:56 UTC 2026","Dashboard — Authenticated Admin","dashboard_test.spec.ts","",""
"Verify update product updates the updated_at timestamp","1104","testUpdateProductUpdatesTimestamp","API Test Suite","Sun Mar 15 21:03:00 UTC 2026","passed","Sun Mar 15 21:03:01 UTC 2026","com.automationlab.tests.ProductTest","API Tests","com.automationlab.tests.ProductTest","testUpdateProductUpdatesTimestamp"
"","3","test_login_without_password_returns_400","tests","Sun Mar 15 21:02:36 UTC 2026","passed","Sun Mar 15 21:02:36 UTC 2026","TestLogin","auth_test","",""
"","70","returns HTTP 401 without token","","Sun Mar 15 21:02:36 UTC 2026","passed","Sun Mar 15 21:02:36 UTC 2026","User Endpoints > GET /api/users/:id","user_test.spec.ts","",""
"Verify products list only returns active products","52","testListOnlyActiveProducts","API Test Suite","Sun Mar 15 21:02:59 UTC 2026","passed","Sun Mar 15 21:02:59 UTC 2026","com.automationlab.tests.ProductTest","API Tests","com.automationlab.tests.ProductTest","testListOnlyActiveProducts"
"Verify default pagination limit","55","testListUsersDefaultPaginationLimit","API Test Suite","Sun Mar 15 21:02:57 UTC 2026","passed","Sun Mar 15 21:02:57 UTC 2026","com.automationlab.tests.UserTest","API Tests","com.automationlab.tests.UserTest","testListUsersDefaultPaginationLimit"
"Verify user can get their own order details","40","testGetOwnOrder","API Test Suite","Sun Mar 15 21:03:02 UTC 2026","passed","Sun Mar 15 21:03:02 UTC 2026","com.automationlab.tests.OrderTest","API Tests","com.automationlab.tests.OrderTest","testGetOwnOrder"
"No auth should be required for viewing a single product.","3","test_get_product_is_public","tests","Sun Mar 15 21:02:40 UTC 2026","passed","Sun Mar 15 21:02:40 UTC 2026","TestGetProduct","products_test","",""
"","130","response body conforms to auth response schema","","Sun Mar 15 21:02:19 UTC 2026","passed","Sun Mar 15 21:02:19 UTC 2026","Authentication Endpoints > POST /api/auth/login","auth_test.spec.ts","",""
"Verify order calculates correct total amount","25","testOrderCalculatesTotalAmount","API Test Suite","Sun Mar 15 21:03:02 UTC 2026","passed","Sun Mar 15 21:03:02 UTC 2026","com.automationlab.tests.OrderTest","API Tests","com.automationlab.tests.OrderTest","testOrderCalculatesTotalAmount"
"Edit profile button reveals edit form","10639","editProfileButtonRevealsEditForm","SQA Automation Lab — Selenium UI Suite","Sun Mar 15 21:11:42 UTC 2026","broken","Sun Mar 15 21:11:52 UTC 2026","com.sqa.ui.tests.DashboardTest","UI Tests","com.sqa.ui.tests.DashboardTest","editProfileButtonRevealsEditForm"
"","3","test_current_user_includes_full_profile","tests","Sun Mar 15 21:02:36 UTC 2026","passed","Sun Mar 15 21:02:36 UTC 2026","TestCurrentUser","auth_test","",""
"","364","Register link navigates to register page","chromium","Sun Mar 15 21:03:13 UTC 2026","passed","Sun Mar 15 21:03:13 UTC 2026","Navbar — Unauthenticated","navbar_test.spec.ts","",""
"","5","content-type is application/json","","Sun Mar 15 21:02:19 UTC 2026","passed","Sun Mar 15 21:02:19 UTC 2026","Health Endpoints > GET /","health_test.spec.ts","",""
"Verify authenticated user can logout","21","testLogout","API Test Suite","Sun Mar 15 21:02:53 UTC 2026","passed","Sun Mar 15 21:02:53 UTC 2026","com.automationlab.tests.AuthTest","API Tests","com.automationlab.tests.AuthTest","testLogout"
"","4","test_get_current_user","tests","Sun Mar 15 21:02:36 UTC 2026","passed","Sun Mar 15 21:02:36 UTC 2026","TestCurrentUser","auth_test","",""
"Verify orders can be filtered by status","43","testListOrdersByStatus","API Test Suite","Sun Mar 15 21:03:02 UTC 2026","passed","Sun Mar 15 21:03:02 UTC 2026","com.automationlab.tests.OrderTest","API Tests","com.automationlab.tests.OrderTest","testListOrdersByStatus"
"","70","response body conforms to paginated users schema","","Sun Mar 15 21:02:35 UTC 2026","passed","Sun Mar 15 21:02:35 UTC 2026","User Endpoints > GET /api/users","user_test.spec.ts","",""
"Verify admin can soft delete any user","142","testAdminDeleteAnyUser","API Test Suite","Sun Mar 15 21:02:55 UTC 2026","passed","Sun Mar 15 21:02:56 UTC 2026","com.automationlab.tests.UserTest","API Tests","com.automationlab.tests.UserTest","testAdminDeleteAnyUser"
"","366","Products link is visible","chromium","Sun Mar 15 21:03:09 UTC 2026","passed","Sun Mar 15 21:03:10 UTC 2026","Navbar — Unauthenticated","navbar_test.spec.ts","",""
"Verify non-admin cannot create product","10","testCreateProductNonAdmin","API Test Suite","Sun Mar 15 21:02:59 UTC 2026","passed","Sun Mar 15 21:02:59 UTC 2026","com.automationlab.tests.ProductTest","API Tests","com.automationlab.tests.ProductTest","testCreateProductNonAdmin"
"","6","response body contains message field","","Sun Mar 15 21:02:19 UTC 2026","passed","Sun Mar 15 21:02:19 UTC 2026","Health Endpoints > GET /","health_test.spec.ts","",""
"","6072","User cancel order dismissed by user leaves order intact","chromium","Sun Mar 15 21:03:42 UTC 2026","failed","Sun Mar 15 21:03:48 UTC 2026","Orders — Authenticated User","orders_test.spec.ts","",""
"Verify admin can soft delete product","36","testDeleteProduct","API Test Suite","Sun Mar 15 21:02:59 UTC 2026","passed","Sun Mar 15 21:02:59 UTC 2026","com.automationlab.tests.ProductTest","API Tests","com.automationlab.tests.ProductTest","testDeleteProduct"
"","2","test_root_returns_200","tests","Sun Mar 15 21:02:36 UTC 2026","passed","Sun Mar 15 21:02:36 UTC 2026","TestRootEndpoint","health_test","",""
"","73","pagination metadata contains expected fields","","Sun Mar 15 21:02:35 UTC 2026","passed","Sun Mar 15 21:02:35 UTC 2026","User Endpoints > GET /api/users","user_test.spec.ts","",""
"Verify delete user fails without authentication","13","testDeleteUserNoAuth","API Test Suite","Sun Mar 15 21:02:56 UTC 2026","passed","Sun Mar 15 21:02:56 UTC 2026","com.automationlab.tests.UserTest","API Tests","com.automationlab.tests.UserTest","testDeleteUserNoAuth"
"Verify admin can update stock quantity","30","testUpdateProductStock","API Test Suite","Sun Mar 15 21:03:00 UTC 2026","passed","Sun Mar 15 21:03:00 UTC 2026","com.automationlab.tests.ProductTest","API Tests","com.automationlab.tests.ProductTest","testUpdateProductStock"
"","453","Pagination next button advances to page 2","chromium","Sun Mar 15 21:04:01 UTC 2026","passed","Sun Mar 15 21:04:01 UTC 2026","Products — Unauthenticated","products_test.spec.ts","",""
"","9","returns HTTP 400 for invalid email format","","Sun Mar 15 21:02:18 UTC 2026","passed","Sun Mar 15 21:02:18 UTC 2026","Authentication Endpoints > POST /api/auth/register","auth_test.spec.ts","",""
"Verify authenticated user can retrieve their own profile","74","testGetCurrentUser","API Test Suite","Sun Mar 15 21:02:53 UTC 2026","passed","Sun Mar 15 21:02:53 UTC 2026","com.automationlab.tests.AuthTest","API Tests","com.automationlab.tests.AuthTest","testGetCurrentUser"
"","30067","Auth Tests","","Sun Mar 15 21:03:02 UTC 2026","passed","Sun Mar 15 21:03:33 UTC 2026","","JMeter Performance Tests","",""
"","38488","Step 3: Browse products","","Sun Mar 15 21:05:54 UTC 2026","passed","Sun Mar 15 21:06:32 UTC 2026","","k6 Performance Tests","",""
"Verify cancel order fails without authentication","16","testCancelOrderNoAuth","API Test Suite","Sun Mar 15 21:03:01 UTC 2026","passed","Sun Mar 15 21:03:01 UTC 2026","com.automationlab.tests.OrderTest","API Tests","com.automationlab.tests.OrderTest","testCancelOrderNoAuth"
"","19","returns HTTP 400 when password is missing","","Sun Mar 15 21:02:18 UTC 2026","passed","Sun Mar 15 21:02:18 UTC 2026","Authentication Endpoints > POST /api/auth/register","auth_test.spec.ts","",""
"Verify admin can update product details","53","testUpdateProduct","API Test Suite","Sun Mar 15 21:02:59 UTC 2026","passed","Sun Mar 15 21:03:00 UTC 2026","com.automationlab.tests.ProductTest","API Tests","com.automationlab.tests.ProductTest","testUpdateProduct"
"","407","Category filter returns filtered results","chromium","Sun Mar 15 21:04:00 UTC 2026","passed","Sun Mar 15 21:04:01 UTC 2026","Products — Unauthenticated","products_test.spec.ts","",""
"Register page displays Create Account heading","10425","registerPageDisplaysCreateAccountHeading","SQA Automation Lab — Selenium UI Suite","Sun Mar 15 21:06:07 UTC 2026","broken","Sun Mar 15 21:06:17 UTC 2026","com.sqa.ui.tests.RegisterTest","UI Tests","com.sqa.ui.tests.RegisterTest","registerPageDisplaysCreateAccountHeading"
"","1041","Admin can navigate to product detail","chromium","Sun Mar 15 21:04:04 UTC 2026","passed","Sun Mar 15 21:04:05 UTC 2026","Products — Authenticated Admin","products_test.spec.ts","",""
"","644","Valid registration renders authenticated navbar state","chromium","Sun Mar 15 21:04:09 UTC 2026","passed","Sun Mar 15 21:04:10 UTC 2026","Register","register_test.spec.ts","",""
"Register link is not visible when authenticated","10614","registerLinkIsNotVisibleWhenAuthenticated","SQA Automation Lab — Selenium UI Suite","Sun Mar 15 21:14:49 UTC 2026","broken","Sun Mar 15 21:14:59 UTC 2026","com.sqa.ui.tests.NavigationTest","UI Tests","com.sqa.ui.tests.NavigationTest","registerLinkIsNotVisibleWhenAuthenticated"
"Search with no matches shows no products found message","10397","searchWithNoMatchesShowsNoProductsFoundMessage","SQA Automation Lab — Selenium UI Suite","Sun Mar 15 21:09:11 UTC 2026","broken","Sun Mar 15 21:09:21 UTC 2026","com.sqa.ui.tests.ProductsTest","UI Tests","com.sqa.ui.tests.ProductsTest","searchWithNoMatchesShowsNoProductsFoundMessage"
"","347","returns HTTP 401 without token","","Sun Mar 15 21:02:27 UTC 2026","passed","Sun Mar 15 21:02:28 UTC 2026","Order Endpoints > DELETE /api/orders/:id","orders_test.spec.ts","",""
"","886","Admin pagination next button advances to page 2","chromium","Sun Mar 15 21:03:32 UTC 2026","passed","Sun Mar 15 21:03:33 UTC 2026","Orders — Authenticated Admin","orders_test.spec.ts","",""
"Verify registration fails with missing password","17","testRegistrationMissingPassword","API Test Suite","Sun Mar 15 21:02:54 UTC 2026","passed","Sun Mar 15 21:02:54 UTC 2026","com.automationlab.tests.AuthTest","API Tests","com.automationlab.tests.AuthTest","testRegistrationMissingPassword"
"","3","test_update_sets_updated_at","tests","Sun Mar 15 21:02:40 UTC 2026","passed","Sun Mar 15 21:02:40 UTC 2026","TestUpdateProduct","products_test","",""
"Orders link is not visible when unauthenticated","10346","ordersLinkIsNotVisibleWhenUnauthenticated","SQA Automation Lab — Selenium UI Suite","Sun Mar 15 21:13:54 UTC 2026","broken","Sun Mar 15 21:14:04 UTC 2026","com.sqa.ui.tests.NavigationTest","UI Tests","com.sqa.ui.tests.NavigationTest","ordersLinkIsNotVisibleWhenUnauthenticated"
"","39219","PUT /api/users/:id","","Sun Mar 15 21:03:48 UTC 2026","passed","Sun Mar 15 21:04:27 UTC 2026","","k6 Performance Tests","",""
"","4","test_update_own_last_name","tests","Sun Mar 15 21:02:41 UTC 2026","passed","Sun Mar 15 21:02:41 UTC 2026","TestUpdateUser","user_test","",""
"","38091","GET /api/products","","Sun Mar 15 21:04:29 UTC 2026","passed","Sun Mar 15 21:05:07 UTC 2026","","k6 Performance Tests","",""
"Invalid email format shows validation error — AUT Bug B","10480","invalidEmailFormatShowsValidationError","SQA Automation Lab — Selenium UI Suite","Sun Mar 15 21:05:54 UTC 2026","broken","Sun Mar 15 21:06:04 UTC 2026","com.sqa.ui.tests.RegisterTest","UI Tests","com.sqa.ui.tests.RegisterTest","invalidEmailFormatShowsValidationError"
"Product detail page displays stock status","298","productDetailPageDisplaysStockStatus","SQA Automation Lab — Selenium UI Suite","Sun Mar 15 21:10:02 UTC 2026","failed","Sun Mar 15 21:10:03 UTC 2026","com.sqa.ui.tests.ProductDetailTest","UI Tests","com.sqa.ui.tests.ProductDetailTest","productDetailPageDisplaysStockStatus"
"Verify login fails with non-existent email","38","testLoginNonExistentEmail","API Test Suite","Sun Mar 15 21:02:53 UTC 2026","passed","Sun Mar 15 21:02:53 UTC 2026","com.automationlab.tests.AuthTest","API Tests","com.automationlab.tests.AuthTest","testLoginNonExistentEmail"
"","102","response contains token","","Sun Mar 15 21:02:18 UTC 2026","passed","Sun Mar 15 21:02:18 UTC 2026","Authentication Endpoints > POST /api/auth/register","auth_test.spec.ts","",""
"","246","returns HTTP 400 when name is missing","","Sun Mar 15 21:02:30 UTC 2026","passed","Sun Mar 15 21:02:31 UTC 2026","Product Endpoints > POST /api/products","products_test.spec.ts","",""
"Non-existent email shows error message — AUT Bug A","10477","nonExistentEmailShowsErrorMessage","SQA Automation Lab — Selenium UI Suite","Sun Mar 15 21:03:54 UTC 2026","broken","Sun Mar 15 21:04:05 UTC 2026","com.sqa.ui.tests.LoginTest","UI Tests","com.sqa.ui.tests.LoginTest","nonExistentEmailShowsErrorMessage"
"","67","returns HTTP 401 without token","","Sun Mar 15 21:02:37 UTC 2026","passed","Sun Mar 15 21:02:37 UTC 2026","User Endpoints > PUT /api/users/:id","user_test.spec.ts","",""
"Verify update with invalid email format fails","16","testUpdateUserInvalidEmail","API Test Suite","Sun Mar 15 21:02:57 UTC 2026","passed","Sun Mar 15 21:02:57 UTC 2026","com.automationlab.tests.UserTest","API Tests","com.automationlab.tests.UserTest","testUpdateUserInvalidEmail"
"","10","test_order_items_include_product_details","tests","Sun Mar 15 21:02:38 UTC 2026","passed","Sun Mar 15 21:02:38 UTC 2026","TestGetOrder","orders_test","",""
"","70","returns HTTP 403 for non-admin authenticated user","","Sun Mar 15 21:02:31 UTC 2026","passed","Sun Mar 15 21:02:32 UTC 2026","Product Endpoints > POST /api/products","products_test.spec.ts","",""
"","308","admin can delete any user","","Sun Mar 15 21:02:37 UTC 2026","passed","Sun Mar 15 21:02:37 UTC 2026","User Endpoints > DELETE /api/users/:id","user_test.spec.ts","",""
"","4","test_admin_can_update_product_price","tests","Sun Mar 15 21:02:40 UTC 2026","passed","Sun Mar 15 21:02:40 UTC 2026","TestUpdateProduct","products_test","",""
"Product detail page displays product price","371","productDetailPageDisplaysProductPrice","SQA Automation Lab — Selenium UI Suite","Sun Mar 15 21:09:59 UTC 2026","failed","Sun Mar 15 21:09:59 UTC 2026","com.sqa.ui.tests.ProductDetailTest","UI Tests","com.sqa.ui.tests.ProductDetailTest","productDetailPageDisplaysProductPrice"
"","250","response body conforms to product schema","","Sun Mar 15 21:02:29 UTC 2026","passed","Sun Mar 15 21:02:29 UTC 2026","Product Endpoints > GET /api/products/:id","products_test.spec.ts","",""
"Verify delete non-existent user returns 404","19","testDeleteNonExistentUser","API Test Suite","Sun Mar 15 21:02:56 UTC 2026","passed","Sun Mar 15 21:02:56 UTC 2026","com.automationlab.tests.UserTest","API Tests","com.automationlab.tests.UserTest","testDeleteNonExistentUser"
"Duplicate email shows error message","10405","duplicateEmailShowsErrorMessage","SQA Automation Lab — Selenium UI Suite","Sun Mar 15 21:05:01 UTC 2026","broken","Sun Mar 15 21:05:11 UTC 2026","com.sqa.ui.tests.RegisterTest","UI Tests","com.sqa.ui.tests.RegisterTest","duplicateEmailShowsErrorMessage"
"","3","test_create_product_with_minimum_fields","tests","Sun Mar 15 21:02:40 UTC 2026","passed","Sun Mar 15 21:02:40 UTC 2026","TestCreateProduct","products_test","",""
"","5690","Empty last name shows validation error","chromium","Sun Mar 15 21:04:17 UTC 2026","failed","Sun Mar 15 21:04:22 UTC 2026","Register","register_test.spec.ts","",""
"Create two products and order both.","15","test_create_order_with_multiple_items","tests","Sun Mar 15 21:02:37 UTC 2026","passed","Sun Mar 15 21:02:37 UTC 2026","TestCreateOrder","orders_test","",""
"Empty first name shows validation error","10474","emptyFirstNameShowsValidationError","SQA Automation Lab — Selenium UI Suite","Sun Mar 15 21:05:27 UTC 2026","broken","Sun Mar 15 21:05:38 UTC 2026","com.sqa.ui.tests.RegisterTest","UI Tests","com.sqa.ui.tests.RegisterTest","emptyFirstNameShowsValidationError"
"","38163","POST /api/orders","","Sun Mar 15 21:05:10 UTC 2026","passed","Sun Mar 15 21:05:48 UTC 2026","","k6 Performance Tests","",""
"","150","returns HTTP 201 on successful registration","","Sun Mar 15 21:02:17 UTC 2026","passed","Sun Mar 15 21:02:18 UTC 2026","Authentication Endpoints > POST /api/auth/register","auth_test.spec.ts","",""
"","38160","PATCH /api/orders/:id/status - unauthorized (non-admin)","","Sun Mar 15 21:05:12 UTC 2026","passed","Sun Mar 15 21:05:50 UTC 2026","","k6 Performance Tests","",""
"Verify order includes item details","47","testOrderIncludesItemDetails","API Test Suite","Sun Mar 15 21:03:02 UTC 2026","passed","Sun Mar 15 21:03:02 UTC 2026","com.automationlab.tests.OrderTest","API Tests","com.automationlab.tests.OrderTest","testOrderIncludesItemDetails"
"","1","setup","","Sun Mar 15 21:04:29 UTC 2026","passed","Sun Mar 15 21:04:29 UTC 2026","","k6 Performance Tests","",""
"Verify registration fails with missing email","17","testRegistrationMissingEmail","API Test Suite","Sun Mar 15 21:02:54 UTC 2026","passed","Sun Mar 15 21:02:54 UTC 2026","com.automationlab.tests.AuthTest","API Tests","com.automationlab.tests.AuthTest","testRegistrationMissingEmail"
"Verify successful login with valid credentials","305","testSuccessfulLogin","API Test Suite","Sun Mar 15 21:02:55 UTC 2026","passed","Sun Mar 15 21:02:55 UTC 2026","com.automationlab.tests.AuthTest","API Tests","com.automationlab.tests.AuthTest","testSuccessfulLogin"
"","68","test_register_returns_user_details","tests","Sun Mar 15 21:02:35 UTC 2026","passed","Sun Mar 15 21:02:35 UTC 2026","TestRegistration","auth_test","",""
"Verify create order fails with zero quantity","17","testCreateOrderZeroQuantity","API Test Suite","Sun Mar 15 21:03:02 UTC 2026","passed","Sun Mar 15 21:03:02 UTC 2026","com.automationlab.tests.OrderTest","API Tests","com.automationlab.tests.OrderTest","testCreateOrderZeroQuantity"
"Verify admin can get any order","48","testAdminGetAnyOrder","API Test Suite","Sun Mar 15 21:03:01 UTC 2026","passed","Sun Mar 15 21:03:01 UTC 2026","com.automationlab.tests.OrderTest","API Tests","com.automationlab.tests.OrderTest","testAdminGetAnyOrder"
"","3","test_admin_can_update_stock","tests","Sun Mar 15 21:02:40 UTC 2026","passed","Sun Mar 15 21:02:40 UTC 2026","TestUpdateProduct","products_test","",""
"","245","returns HTTP 400 when price is missing","","Sun Mar 15 21:02:31 UTC 2026","passed","Sun Mar 15 21:02:31 UTC 2026","Product Endpoints > POST /api/products","products_test.spec.ts","",""
"","373","Products page displays heading","chromium","Sun Mar 15 21:03:58 UTC 2026","passed","Sun Mar 15 21:03:58 UTC 2026","Products — Unauthenticated","products_test.spec.ts","",""
"","373","Sign-in link navigates to login page","chromium","Sun Mar 15 21:03:13 UTC 2026","passed","Sun Mar 15 21:03:13 UTC 2026","Navbar — Unauthenticated","navbar_test.spec.ts","",""
"Sign in link is not visible when authenticated","10605","signInLinkIsNotVisibleWhenAuthenticated","SQA Automation Lab — Selenium UI Suite","Sun Mar 15 21:15:22 UTC 2026","broken","Sun Mar 15 21:15:32 UTC 2026","com.sqa.ui.tests.NavigationTest","UI Tests","com.sqa.ui.tests.NavigationTest","signInLinkIsNotVisibleWhenAuthenticated"
"Verify users list only returns active users","154","testListOnlyActiveUsers","API Test Suite","Sun Mar 15 21:02:56 UTC 2026","passed","Sun Mar 15 21:02:56 UTC 2026","com.automationlab.tests.UserTest","API Tests","com.automationlab.tests.UserTest","testListOnlyActiveUsers"
"Invalid email format shows validation error — AUT Bug B","10478","invalidEmailFormatShowsValidationError","SQA Automation Lab — Selenium UI Suite","Sun Mar 15 21:03:28 UTC 2026","broken","Sun Mar 15 21:03:38 UTC 2026","com.sqa.ui.tests.LoginTest","UI Tests","com.sqa.ui.tests.LoginTest","invalidEmailFormatShowsValidationError"
"","859","User orders page displays order cards","chromium","Sun Mar 15 21:03:36 UTC 2026","passed","Sun Mar 15 21:03:37 UTC 2026","Orders — Authenticated User","orders_test.spec.ts","",""
"Authenticated user can view products page","554","authenticatedUserCanViewProductsPage","SQA Automation Lab — Selenium UI Suite","Sun Mar 15 21:07:17 UTC 2026","broken","Sun Mar 15 21:07:18 UTC 2026","com.sqa.ui.tests.ProductsTest","UI Tests","com.sqa.ui.tests.ProductsTest","authenticatedUserCanViewProductsPage"
"","318","total_amount is calculated correctly","","Sun Mar 15 21:02:20 UTC 2026","passed","Sun Mar 15 21:02:21 UTC 2026","Order Endpoints > POST /api/orders","orders_test.spec.ts","",""
"Create an order as admin, verify another user can't see it.","76","test_user_cannot_view_other_users_order","tests","Sun Mar 15 21:02:38 UTC 2026","passed","Sun Mar 15 21:02:38 UTC 2026","TestGetOrder","orders_test","",""
"Register link navigates to register page","10356","registerLinkNavigatesToRegisterPage","SQA Automation Lab — Selenium UI Suite","Sun Mar 15 21:15:11 UTC 2026","broken","Sun Mar 15 21:15:21 UTC 2026","com.sqa.ui.tests.NavigationTest","UI Tests","com.sqa.ui.tests.NavigationTest","registerLinkNavigatesToRegisterPage"
"Verify create order fails with insufficient stock","22","testCreateOrderInsufficientStock","API Test Suite","Sun Mar 15 21:03:02 UTC 2026","passed","Sun Mar 15 21:03:02 UTC 2026","com.automationlab.tests.OrderTest","API Tests","com.automationlab.tests.OrderTest","testCreateOrderInsufficientStock"
"","7","response contains products array and pagination object","","Sun Mar 15 21:02:28 UTC 2026","passed","Sun Mar 15 21:02:28 UTC 2026","Product Endpoints > GET /api/products","products_test.spec.ts","",""
"Verify root endpoint lists available endpoints","81","testRootEndpointListsEndpoints","API Test Suite","Sun Mar 15 21:02:52 UTC 2026","passed","Sun Mar 15 21:02:52 UTC 2026","com.automationlab.tests.HealthTest","API Tests","com.automationlab.tests.HealthTest","testRootEndpointListsEndpoints"
"","321","Product detail page displays category","chromium","Sun Mar 15 21:03:50 UTC 2026","passed","Sun Mar 15 21:03:50 UTC 2026","Product Detail — Unauthenticated","product_detail_test.spec.ts","",""
"Valid registration redirects to products page","10416","validRegistrationRedirectsToProductsPage","SQA Automation Lab — Selenium UI Suite","Sun Mar 15 21:06:47 UTC 2026","broken","Sun Mar 15 21:06:57 UTC 2026","com.sqa.ui.tests.RegisterTest","UI Tests","com.sqa.ui.tests.RegisterTest","validRegistrationRedirectsToProductsPage"
"","38162","GET /api/orders","","Sun Mar 15 21:05:11 UTC 2026","passed","Sun Mar 15 21:05:49 UTC 2026","","k6 Performance Tests","",""
"","69","returns HTTP 400 for empty update body","","Sun Mar 15 21:02:37 UTC 2026","passed","Sun Mar 15 21:02:37 UTC 2026","User Endpoints > PUT /api/users/:id","user_test.spec.ts","",""
"Verify user has correct role field","121","testGetUserRole","API Test Suite","Sun Mar 15 21:02:56 UTC 2026","passed","Sun Mar 15 21:02:56 UTC 2026","com.automationlab.tests.UserTest","API Tests","com.automationlab.tests.UserTest","testGetUserRole"
"Status filter pending shows only pending orders — AUT Bug C","0","statusFilterPendingShowsPendingOrders","SQA Automation Lab — Selenium UI Suite","Sun Mar 15 21:10:35 UTC 2026","skipped","Sun Mar 15 21:10:35 UTC 2026","com.sqa.ui.tests.OrdersTest","UI Tests","com.sqa.ui.tests.OrdersTest","statusFilterPendingShowsPendingOrders"
"Sign out button is not visible when unauthenticated","10337","signOutButtonIsNotVisibleWhenUnauthenticated","SQA Automation Lab — Selenium UI Suite","Sun Mar 15 21:16:06 UTC 2026","broken","Sun Mar 15 21:16:16 UTC 2026","com.sqa.ui.tests.NavigationTest","UI Tests","com.sqa.ui.tests.NavigationTest","signOutButtonIsNotVisibleWhenUnauthenticated"
"","871","User orders page displays heading","chromium","Sun Mar 15 21:03:35 UTC 2026","passed","Sun Mar 15 21:03:36 UTC 2026","Orders — Authenticated User","orders_test.spec.ts","",""
"","358","Sign-out button is not visible","chromium","Sun Mar 15 21:03:11 UTC 2026","passed","Sun Mar 15 21:03:12 UTC 2026","Navbar — Unauthenticated","navbar_test.spec.ts","",""
"Navbar is visible on products page","10363","navbarIsVisibleOnProductsPage","SQA Automation Lab — Selenium UI Suite","Sun Mar 15 21:13:43 UTC 2026","broken","Sun Mar 15 21:13:53 UTC 2026","com.sqa.ui.tests.NavigationTest","UI Tests","com.sqa.ui.tests.NavigationTest","navbarIsVisibleOnProductsPage"
"Verify anyone can get product details without authentication","52","testGetProductPublic","API Test Suite","Sun Mar 15 21:02:59 UTC 2026","passed","Sun Mar 15 21:02:59 UTC 2026","com.automationlab.tests.ProductTest","API Tests","com.automationlab.tests.ProductTest","testGetProductPublic"
"","3","test_admin_can_create_product","tests","Sun Mar 15 21:02:40 UTC 2026","passed","Sun Mar 15 21:02:40 UTC 2026","TestCreateProduct","products_test","",""
"","72","returns HTTP 400 for invalid page parameter","","Sun Mar 15 21:02:35 UTC 2026","passed","Sun Mar 15 21:02:35 UTC 2026","User Endpoints > GET /api/users","user_test.spec.ts","",""
"Verify get user fails without authentication","39","testGetUserNoAuth","API Test Suite","Sun Mar 15 21:02:56 UTC 2026","passed","Sun Mar 15 21:02:56 UTC 2026","com.automationlab.tests.UserTest","API Tests","com.automationlab.tests.UserTest","testGetUserNoAuth"
"","69","returns HTTP 200 when soft deleting own account","","Sun Mar 15 21:02:37 UTC 2026","passed","Sun Mar 15 21:02:37 UTC 2026","User Endpoints > DELETE /api/users/:id","user_test.spec.ts","",""
"Verify user can retrieve their own profile","56","testGetOwnUser","API Test Suite","Sun Mar 15 21:02:56 UTC 2026","passed","Sun Mar 15 21:02:56 UTC 2026","com.automationlab.tests.UserTest","API Tests","com.automationlab.tests.UserTest","testGetOwnUser"
"Verify update user updates the updated_at timestamp","1064","testUpdateUserUpdatesTimestamp","API Test Suite","Sun Mar 15 21:02:57 UTC 2026","passed","Sun Mar 15 21:02:58 UTC 2026","com.automationlab.tests.UserTest","API Tests","com.automationlab.tests.UserTest","testUpdateUserUpdatesTimestamp"
"Verify JWT token contains required claims","278","testTokenStructure","API Test Suite","Sun Mar 15 21:02:54 UTC 2026","passed","Sun Mar 15 21:02:54 UTC 2026","com.automationlab.tests.AuthTest","API Tests","com.automationlab.tests.AuthTest","testTokenStructure"
"","3","test_create_order_without_items_returns_400","tests","Sun Mar 15 21:02:37 UTC 2026","passed","Sun Mar 15 21:02:37 UTC 2026","TestCreateOrder","orders_test","",""
"Verify user cannot cancel another user's order","84","testCancelOtherUserOrder","API Test Suite","Sun Mar 15 21:03:01 UTC 2026","passed","Sun Mar 15 21:03:02 UTC 2026","com.automationlab.tests.OrderTest","API Tests","com.automationlab.tests.OrderTest","testCancelOtherUserOrder"
"","384","returns HTTP 403 for another users order","","Sun Mar 15 21:02:24 UTC 2026","passed","Sun Mar 15 21:02:24 UTC 2026","Order Endpoints > GET /api/orders/:id","orders_test.spec.ts","",""
"Verify password is not returned in registration response","123","testRegistrationDoesNotReturnPassword","API Test Suite","Sun Mar 15 21:02:54 UTC 2026","passed","Sun Mar 15 21:02:54 UTC 2026","com.automationlab.tests.AuthTest","API Tests","com.automationlab.tests.AuthTest","testRegistrationDoesNotReturnPassword"
"","924","View all orders link navigates to orders page","chromium","Sun Mar 15 21:03:01 UTC 2026","passed","Sun Mar 15 21:03:02 UTC 2026","Dashboard — Authenticated Regular User","dashboard_test.spec.ts","",""
"Verify admin can retrieve any user","37","testAdminGetAnyUser","API Test Suite","Sun Mar 15 21:02:56 UTC 2026","passed","Sun Mar 15 21:02:56 UTC 2026","com.automationlab.tests.UserTest","API Tests","com.automationlab.tests.UserTest","testAdminGetAnyUser"
"Verify delete product fails without authentication","12","testDeleteProductNoAuth","API Test Suite","Sun Mar 15 21:02:59 UTC 2026","passed","Sun Mar 15 21:02:59 UTC 2026","com.automationlab.tests.ProductTest","API Tests","com.automationlab.tests.ProductTest","testDeleteProductNoAuth"
"","77","password field is not included in user response object","","Sun Mar 15 21:02:18 UTC 2026","passed","Sun Mar 15 21:02:18 UTC 2026","Authentication Endpoints > POST /api/auth/register","auth_test.spec.ts","",""
"Verify user can list their own orders","30","testListUserOrders","API Test Suite","Sun Mar 15 21:03:02 UTC 2026","passed","Sun Mar 15 21:03:02 UTC 2026","com.automationlab.tests.OrderTest","API Tests","com.automationlab.tests.OrderTest","testListUserOrders"
"","868","Dashboard link navigates to dashboard page","chromium","Sun Mar 15 21:03:18 UTC 2026","passed","Sun Mar 15 21:03:19 UTC 2026","Navbar — Authenticated Admin","navbar_test.spec.ts","",""
"Verify admin can cancel any pending order","71","testAdminCancelAnyOrder","API Test Suite","Sun Mar 15 21:03:01 UTC 2026","passed","Sun Mar 15 21:03:01 UTC 2026","com.automationlab.tests.OrderTest","API Tests","com.automationlab.tests.OrderTest","testAdminCancelAnyOrder"
"Verify created product returns ID","38","testCreateProductReturnsId","API Test Suite","Sun Mar 15 21:02:59 UTC 2026","passed","Sun Mar 15 21:02:59 UTC 2026","com.automationlab.tests.ProductTest","API Tests","com.automationlab.tests.ProductTest","testCreateProductReturnsId"
"","10","test_admin_can_cancel_any_pending_order","tests","Sun Mar 15 21:02:40 UTC 2026","passed","Sun Mar 15 21:02:40 UTC 2026","TestCancelOrder","orders_test","",""
"","4","test_create_order_with_nonexistent_product_returns_404","tests","Sun Mar 15 21:02:37 UTC 2026","passed","Sun Mar 15 21:02:37 UTC 2026","TestCreateOrder","orders_test","",""
"Verify product has all required fields","62","testGetProductRequiredFields","API Test Suite","Sun Mar 15 21:02:59 UTC 2026","passed","Sun Mar 15 21:02:59 UTC 2026","com.automationlab.tests.ProductTest","API Tests","com.automationlab.tests.ProductTest","testGetProductRequiredFields"
"After soft delete, product should not appear in public listing.","5","test_deleted_product_not_in_listing","tests","Sun Mar 15 21:02:40 UTC 2026","passed","Sun Mar 15 21:02:40 UTC 2026","TestDeleteProduct","products_test","",""
"","329","returns HTTP 400 when cancelling a non-pending order","","Sun Mar 15 21:02:28 UTC 2026","passed","Sun Mar 15 21:02:28 UTC 2026","Order Endpoints > DELETE /api/orders/:id","orders_test.spec.ts","",""
"","323","returns HTTP 200 for own order","","Sun Mar 15 21:02:23 UTC 2026","passed","Sun Mar 15 21:02:23 UTC 2026","Order Endpoints > GET /api/orders/:id","orders_test.spec.ts","",""
"","797","Dashboard displays user role badge","chromium","Sun Mar 15 21:03:00 UTC 2026","passed","Sun Mar 15 21:03:01 UTC 2026","Dashboard — Authenticated Regular User","dashboard_test.spec.ts","",""
"Invalid product ID renders error state","360","invalidProductIdRendersErrorState","SQA Automation Lab — Selenium UI Suite","Sun Mar 15 21:09:45 UTC 2026","failed","Sun Mar 15 21:09:45 UTC 2026","com.sqa.ui.tests.ProductDetailTest","UI Tests","com.sqa.ui.tests.ProductDetailTest","invalidProductIdRendersErrorState"
"Register link is visible when unauthenticated","10345","registerLinkIsVisibleWhenUnauthenticated","SQA Automation Lab — Selenium UI Suite","Sun Mar 15 21:15:00 UTC 2026","broken","Sun Mar 15 21:15:10 UTC 2026","com.sqa.ui.tests.NavigationTest","UI Tests","com.sqa.ui.tests.NavigationTest","registerLinkIsVisibleWhenUnauthenticated"
"Register link navigates to register page","10489","registerLinkNavigatesToRegisterPage","SQA Automation Lab — Selenium UI Suite","Sun Mar 15 21:04:07 UTC 2026","broken","Sun Mar 15 21:04:18 UTC 2026","com.sqa.ui.tests.LoginTest","UI Tests","com.sqa.ui.tests.LoginTest","registerLinkNavigatesToRegisterPage"
"","70","response contains users array and pagination object","","Sun Mar 15 21:02:35 UTC 2026","passed","Sun Mar 15 21:02:35 UTC 2026","User Endpoints > GET /api/users","user_test.spec.ts","",""
"Back to products link navigates to products page","10482","backToProductsLinkNavigatesToProductsPage","SQA Automation Lab — Selenium UI Suite","Sun Mar 15 21:09:31 UTC 2026","broken","Sun Mar 15 21:09:42 UTC 2026","com.sqa.ui.tests.ProductDetailTest","UI Tests","com.sqa.ui.tests.ProductDetailTest","backToProductsLinkNavigatesToProductsPage"
"","2","test_health_returns_200","tests","Sun Mar 15 21:02:36 UTC 2026","passed","Sun Mar 15 21:02:36 UTC 2026","TestHealthEndpoint","health_test","",""
"","71","returns HTTP 200 with valid token","","Sun Mar 15 21:02:35 UTC 2026","passed","Sun Mar 15 21:02:35 UTC 2026","User Endpoints > GET /api/users","user_test.spec.ts","",""
"Orders link is visible when authenticated","10613","ordersLinkIsVisibleWhenAuthenticated","SQA Automation Lab — Selenium UI Suite","Sun Mar 15 21:14:05 UTC 2026","broken","Sun Mar 15 21:14:15 UTC 2026","com.sqa.ui.tests.NavigationTest","UI Tests","com.sqa.ui.tests.NavigationTest","ordersLinkIsVisibleWhenAuthenticated"
"","39881","POST /api/auth/register","","Sun Mar 15 21:03:04 UTC 2026","passed","Sun Mar 15 21:03:44 UTC 2026","","k6 Performance Tests","",""
"Get order detail should include item breakdown.","11","test_get_order_with_items","tests","Sun Mar 15 21:02:38 UTC 2026","passed","Sun Mar 15 21:02:38 UTC 2026","TestGetOrder","orders_test","",""
"Verify registered user has default role of 'user'","123","testRegistrationDefaultRole","API Test Suite","Sun Mar 15 21:02:53 UTC 2026","passed","Sun Mar 15 21:02:54 UTC 2026","com.automationlab.tests.AuthTest","API Tests","com.automationlab.tests.AuthTest","testRegistrationDefaultRole"
"","133","returns HTTP 403 or 404 when deleting another users account","","Sun Mar 15 21:02:38 UTC 2026","passed","Sun Mar 15 21:02:38 UTC 2026","User Endpoints > DELETE /api/users/:id","user_test.spec.ts","",""
"","3","test_register_with_empty_body_returns_400","tests","Sun Mar 15 21:02:35 UTC 2026","passed","Sun Mar 15 21:02:35 UTC 2026","TestRegistration","auth_test","",""
"","248","admin can create a product and receives HTTP 201","","Sun Mar 15 21:02:29 UTC 2026","passed","Sun Mar 15 21:02:30 UTC 2026","Product Endpoints > POST /api/products","products_test.spec.ts","",""
"","4","test_register_with_invalid_email_returns_400","tests","Sun Mar 15 21:02:35 UTC 2026","passed","Sun Mar 15 21:02:35 UTC 2026","TestRegistration","auth_test","",""
"Products link navigates to products page","10339","productsLinkNavigatesToProductsPage","SQA Automation Lab — Selenium UI Suite","Sun Mar 15 21:14:38 UTC 2026","broken","Sun Mar 15 21:14:48 UTC 2026","com.sqa.ui.tests.NavigationTest","UI Tests","com.sqa.ui.tests.NavigationTest","productsLinkNavigatesToProductsPage"
"Cancel order dismissed by user leaves order intact — AUT Bug C","1","cancelOrderDismissedLeavesOrderIntact","SQA Automation Lab — Selenium UI Suite","Sun Mar 15 21:10:13 UTC 2026","skipped","Sun Mar 15 21:10:13 UTC 2026","com.sqa.ui.tests.OrdersTest","UI Tests","com.sqa.ui.tests.OrdersTest","cancelOrderDismissedLeavesOrderIntact"
"","1019","Admin can view products page","chromium","Sun Mar 15 21:04:02 UTC 2026","passed","Sun Mar 15 21:04:03 UTC 2026","Products — Authenticated Admin","products_test.spec.ts","",""
"Status filter cancelled shows filtered results or empty state — AUT Bug C","0","statusFilterCancelledShowsFilteredResultsOrEmptyState","SQA Automation Lab — Selenium UI Suite","Sun Mar 15 21:10:31 UTC 2026","skipped","Sun Mar 15 21:10:31 UTC 2026","com.sqa.ui.tests.OrdersTest","UI Tests","com.sqa.ui.tests.OrdersTest","statusFilterCancelledShowsFilteredResultsOrEmptyState"
"","808","Dashboard link is visible","chromium","Sun Mar 15 21:03:15 UTC 2026","passed","Sun Mar 15 21:03:16 UTC 2026","Navbar — Authenticated Admin","navbar_test.spec.ts","",""
"","2","test_list_users_without_auth_returns_401","tests","Sun Mar 15 21:02:41 UTC 2026","passed","Sun Mar 15 21:02:41 UTC 2026","TestListUsers","user_test","",""
"","872","Dashboard displays user email","chromium","Sun Mar 15 21:02:52 UTC 2026","passed","Sun Mar 15 21:02:53 UTC 2026","Dashboard — Authenticated Admin","dashboard_test.spec.ts","",""
"Verify order can be created with multiple items","64","testCreateOrderMultipleItems","API Test Suite","Sun Mar 15 21:03:02 UTC 2026","passed","Sun Mar 15 21:03:02 UTC 2026","com.automationlab.tests.OrderTest","API Tests","com.automationlab.tests.OrderTest","testCreateOrderMultipleItems"
"Verify product with decimal price is created correctly","25","testCreateProductDecimalPrice","API Test Suite","Sun Mar 15 21:02:59 UTC 2026","passed","Sun Mar 15 21:02:59 UTC 2026","com.automationlab.tests.ProductTest","API Tests","com.automationlab.tests.ProductTest","testCreateProductDecimalPrice"
"","814","Orders link is visible","chromium","Sun Mar 15 21:03:21 UTC 2026","passed","Sun Mar 15 21:03:22 UTC 2026","Navbar — Authenticated Regular User","navbar_test.spec.ts","",""
"Verify password is not included in user response","22","testGetUserDoesNotReturnPassword","API Test Suite","Sun Mar 15 21:02:56 UTC 2026","passed","Sun Mar 15 21:02:56 UTC 2026","com.automationlab.tests.UserTest","API Tests","com.automationlab.tests.UserTest","testGetUserDoesNotReturnPassword"
"Sign out button clears session and redirects to login","10611","signOutButtonClearsSessionAndRedirectsToLogin","SQA Automation Lab — Selenium UI Suite","Sun Mar 15 21:15:54 UTC 2026","broken","Sun Mar 15 21:16:05 UTC 2026","com.sqa.ui.tests.NavigationTest","UI Tests","com.sqa.ui.tests.NavigationTest","signOutButtonClearsSessionAndRedirectsToLogin"
"","72","response contains orders array and pagination object","","Sun Mar 15 21:02:22 UTC 2026","passed","Sun Mar 15 21:02:22 UTC 2026","Order Endpoints > GET /api/orders","orders_test.spec.ts","",""
"","5","returns HTTP 401 without token","","Sun Mar 15 21:02:19 UTC 2026","passed","Sun Mar 15 21:02:19 UTC 2026","Authentication Endpoints > POST /api/auth/logout","auth_test.spec.ts","",""
"","1","setup","","Sun Mar 15 21:03:46 UTC 2026","passed","Sun Mar 15 21:03:46 UTC 2026","","k6 Performance Tests","",""
"","38160","PATCH /api/orders/:id/status - admin","","Sun Mar 15 21:05:12 UTC 2026","passed","Sun Mar 15 21:05:50 UTC 2026","","k6 Performance Tests","",""
"","534","Search returns filtered results","chromium","Sun Mar 15 21:03:59 UTC 2026","passed","Sun Mar 15 21:03:59 UTC 2026","Products — Unauthenticated","products_test.spec.ts","",""
"**Risk:** Medium
**Confidence:** 2
**Instances:** 5

**Description:**
Web browser data loading may be possible, due to a Cross Origin Resource Sharing (CORS) misconfiguration on the web server.

**Solution:**
Ensure that sensitive data is not available in an unauthenticated manner (using IP address white-listing, for instance).Configure the ""Access-Control-Allow-Origin"" HTTP header to a more restrictive set of domains, or remove all CORS headers entirely, to allow the web browser to enforce the Same Origin Policy (SOP) in a more restrictive manner.","0","Cross-Domain Misconfiguration","","Sun Mar 15 21:04:04 UTC 2026","broken","Sun Mar 15 21:04:04 UTC 2026","","Security - ZAP API Scan","",""
"Dashboard link navigates to dashboard page","10588","dashboardLinkNavigatesToDashboardPage","SQA Automation Lab — Selenium UI Suite","Sun Mar 15 21:13:32 UTC 2026","broken","Sun Mar 15 21:13:42 UTC 2026","com.sqa.ui.tests.NavigationTest","UI Tests","com.sqa.ui.tests.NavigationTest","dashboardLinkNavigatesToDashboardPage"
"","72","returns HTTP 400 or 404 for non-existent product","","Sun Mar 15 21:02:21 UTC 2026","passed","Sun Mar 15 21:02:22 UTC 2026","Order Endpoints > POST /api/orders","orders_test.spec.ts","",""
"","372","Register link is visible","chromium","Sun Mar 15 21:03:10 UTC 2026","passed","Sun Mar 15 21:03:10 UTC 2026","Navbar — Unauthenticated","navbar_test.spec.ts","",""
"","2","test_login_without_email_returns_400","tests","Sun Mar 15 21:02:36 UTC 2026","passed","Sun Mar 15 21:02:36 UTC 2026","TestLogin","auth_test","",""
"","5","test_filter_returns_metadata","tests","Sun Mar 15 21:02:40 UTC 2026","passed","Sun Mar 15 21:02:40 UTC 2026","TestFilterProducts","products_test","",""
"","240","test_login_as_admin","tests","Sun Mar 15 21:02:36 UTC 2026","passed","Sun Mar 15 21:02:36 UTC 2026","TestLogin","auth_test","",""
"Verify user cannot get another user's order","41","testGetOtherUserOrder","API Test Suite","Sun Mar 15 21:03:02 UTC 2026","passed","Sun Mar 15 21:03:02 UTC 2026","com.automationlab.tests.OrderTest","API Tests","com.automationlab.tests.OrderTest","testGetOtherUserOrder"
"","74","pagination metadata contains expected fields","","Sun Mar 15 21:02:23 UTC 2026","passed","Sun Mar 15 21:02:23 UTC 2026","Order Endpoints > GET /api/orders","orders_test.spec.ts","",""
"Dashboard displays user role","10636","dashboardDisplaysUserRole","SQA Automation Lab — Selenium UI Suite","Sun Mar 15 21:11:19 UTC 2026","broken","Sun Mar 15 21:11:30 UTC 2026","com.sqa.ui.tests.DashboardTest","UI Tests","com.sqa.ui.tests.DashboardTest","dashboardDisplaysUserRole"
"Cancelling an order should return stock to the product.","17","test_cancel_restores_stock","tests","Sun Mar 15 21:02:40 UTC 2026","passed","Sun Mar 15 21:02:40 UTC 2026","TestCancelOrder","orders_test","",""
"","311","soft deleted user has is_active set to false","","Sun Mar 15 21:02:38 UTC 2026","passed","Sun Mar 15 21:02:38 UTC 2026","User Endpoints > DELETE /api/users/:id","user_test.spec.ts","",""
"","2","test_create_order_with_zero_quantity_returns_400","tests","Sun Mar 15 21:02:38 UTC 2026","passed","Sun Mar 15 21:02:38 UTC 2026","TestCreateOrder","orders_test","",""
