"DESCRIPTION","DURATION IN MS","NAME","PARENT SUITE","START TIME","STATUS","STOP TIME","SUB SUITE","SUITE","TEST CLASS","TEST METHOD"
"Verify password is not included in user response","20","testGetUserDoesNotReturnPassword","API Test Suite","Fri May 15 14:35:40 UTC 2026","passed","Fri May 15 14:35:40 UTC 2026","com.automationlab.tests.UserTest","API Tests","com.automationlab.tests.UserTest","testGetUserDoesNotReturnPassword"
"","377","Category filter returns filtered results","chromium","Fri May 15 14:36:54 UTC 2026","passed","Fri May 15 14:36:55 UTC 2026","Products — Unauthenticated","products_test.spec.ts","",""
"","30097","Auth Tests","","Fri May 15 14:40:23 UTC 2026","passed","Fri May 15 14:40:53 UTC 2026","","JMeter Performance Tests","",""
"Verify successful login with valid credentials","327","testSuccessfulLogin","API Test Suite","Fri May 15 14:35:38 UTC 2026","passed","Fri May 15 14:35:39 UTC 2026","com.automationlab.tests.AuthTest","API Tests","com.automationlab.tests.AuthTest","testSuccessfulLogin"
"Search returns filtered results","1577","searchReturnsFilteredResults","SQA Automation Lab — Selenium UI Suite","Fri May 15 14:39:10 UTC 2026","passed","Fri May 15 14:39:11 UTC 2026","com.sqa.ui.tests.ProductsTest","UI Tests","com.sqa.ui.tests.ProductsTest","searchReturnsFilteredResults"
"View All Orders link navigates to orders page","1892","viewAllOrdersLinkNavigatesToOrdersPage","SQA Automation Lab — Selenium UI Suite","Fri May 15 14:41:15 UTC 2026","passed","Fri May 15 14:41:17 UTC 2026","com.sqa.ui.tests.DashboardTest","UI Tests","com.sqa.ui.tests.DashboardTest","viewAllOrdersLinkNavigatesToOrdersPage"
"","348","Register link navigates to register page","chromium","Fri May 15 14:36:03 UTC 2026","passed","Fri May 15 14:36:03 UTC 2026","Navbar — Unauthenticated","navbar_test.spec.ts","",""
"Products page displays heading","1223","productsPageDisplaysHeading","SQA Automation Lab — Selenium UI Suite","Fri May 15 14:39:01 UTC 2026","passed","Fri May 15 14:39:02 UTC 2026","com.sqa.ui.tests.ProductsTest","UI Tests","com.sqa.ui.tests.ProductsTest","productsPageDisplaysHeading"
"Empty password shows validation error","1024","emptyPasswordShowsValidationError","SQA Automation Lab — Selenium UI Suite","Fri May 15 14:36:15 UTC 2026","failed","Fri May 15 14:36:16 UTC 2026","com.sqa.ui.tests.LoginTest","UI Tests","com.sqa.ui.tests.LoginTest","emptyPasswordShowsValidationError"
"","5","test_filter_returns_metadata","tests","Fri May 15 14:35:34 UTC 2026","passed","Fri May 15 14:35:34 UTC 2026","TestFilterProducts","products_test","",""
"Order quantity exceeding available stock should fail.","8","test_create_order_exceeding_stock_returns_400","tests","Fri May 15 14:35:32 UTC 2026","passed","Fri May 15 14:35:32 UTC 2026","TestCreateOrder","orders_test","",""
"Verify update order status fails without authentication","14","testUpdateOrderStatusNoAuth","API Test Suite","Fri May 15 14:35:46 UTC 2026","passed","Fri May 15 14:35:46 UTC 2026","com.automationlab.tests.OrderTest","API Tests","com.automationlab.tests.OrderTest","testUpdateOrderStatusNoAuth"
"","817","Admin orders page displays order cards","chromium","Fri May 15 14:36:17 UTC 2026","passed","Fri May 15 14:36:18 UTC 2026","Orders — Authenticated Admin","orders_test.spec.ts","",""
"","37962","Step 5: Create order","","Fri May 15 14:39:00 UTC 2026","passed","Fri May 15 14:39:38 UTC 2026","","k6 Performance Tests","",""
"","70","returns HTTP 403 for non-admin authenticated user","","Fri May 15 14:35:26 UTC 2026","passed","Fri May 15 14:35:26 UTC 2026","Product Endpoints > POST /api/products","products_test.spec.ts","",""
"Verify product with decimal price is created correctly","25","testCreateProductDecimalPrice","API Test Suite","Fri May 15 14:35:42 UTC 2026","passed","Fri May 15 14:35:42 UTC 2026","com.automationlab.tests.ProductTest","API Tests","com.automationlab.tests.ProductTest","testCreateProductDecimalPrice"
"","349","Sign in link is visible","chromium","Fri May 15 14:36:00 UTC 2026","passed","Fri May 15 14:36:00 UTC 2026","Navbar — Unauthenticated","navbar_test.spec.ts","",""
"","5","test_admin_can_update_product_name","tests","Fri May 15 14:35:35 UTC 2026","passed","Fri May 15 14:35:35 UTC 2026","TestUpdateProduct","products_test","",""
"Products link is visible","550","productsLinkIsVisible","SQA Automation Lab — Selenium UI Suite","Fri May 15 14:41:57 UTC 2026","passed","Fri May 15 14:41:57 UTC 2026","com.sqa.ui.tests.NavigationTest","UI Tests","com.sqa.ui.tests.NavigationTest","productsLinkIsVisible"
"","784","Orders link is visible","chromium","Fri May 15 14:36:11 UTC 2026","passed","Fri May 15 14:36:11 UTC 2026","Navbar — Authenticated Regular User","navbar_test.spec.ts","",""
"","74","pagination metadata contains expected fields","","Fri May 15 14:35:30 UTC 2026","passed","Fri May 15 14:35:30 UTC 2026","User Endpoints > GET /api/users","user_test.spec.ts","",""
"","2","test_get_current_user_with_invalid_token_returns_403","tests","Fri May 15 14:35:31 UTC 2026","passed","Fri May 15 14:35:31 UTC 2026","TestCurrentUser","auth_test","",""
"","312","admin can update any user","","Fri May 15 14:35:31 UTC 2026","passed","Fri May 15 14:35:32 UTC 2026","User Endpoints > PUT /api/users/:id","user_test.spec.ts","",""
"Verify registration returns user ID","116","testRegistrationReturnsUserId","API Test Suite","Fri May 15 14:35:38 UTC 2026","passed","Fri May 15 14:35:38 UTC 2026","com.automationlab.tests.AuthTest","API Tests","com.automationlab.tests.AuthTest","testRegistrationReturnsUserId"
"Invalid email format shows validation error — AUT Bug B","1138","invalidEmailFormatShowsValidationError","SQA Automation Lab — Selenium UI Suite","Fri May 15 14:36:19 UTC 2026","failed","Fri May 15 14:36:20 UTC 2026","com.sqa.ui.tests.LoginTest","UI Tests","com.sqa.ui.tests.LoginTest","invalidEmailFormatShowsValidationError"
"","363","returns HTTP 200 for own order","","Fri May 15 14:35:18 UTC 2026","passed","Fri May 15 14:35:18 UTC 2026","Order Endpoints > GET /api/orders/:id","orders_test.spec.ts","",""
"","5661","Empty last name shows validation error","chromium","Fri May 15 14:37:10 UTC 2026","failed","Fri May 15 14:37:16 UTC 2026","Register","register_test.spec.ts","",""
"","4","test_list_orders_pagination","tests","Fri May 15 14:35:32 UTC 2026","passed","Fri May 15 14:35:32 UTC 2026","TestListOrders","orders_test","",""
"Verify admin can cancel any pending order","53","testAdminCancelAnyOrder","API Test Suite","Fri May 15 14:35:45 UTC 2026","passed","Fri May 15 14:35:45 UTC 2026","com.automationlab.tests.OrderTest","API Tests","com.automationlab.tests.OrderTest","testAdminCancelAnyOrder"
"","9","test_admin_can_update_status_to_processing","tests","Fri May 15 14:35:33 UTC 2026","passed","Fri May 15 14:35:33 UTC 2026","TestUpdateOrderStatus","orders_test","",""
"","37962","Step 3: Browse products","","Fri May 15 14:38:58 UTC 2026","passed","Fri May 15 14:39:36 UTC 2026","","k6 Performance Tests","",""
"","251","creating with minimum fields returns 201 and stock defaults to zero","","Fri May 15 14:35:25 UTC 2026","passed","Fri May 15 14:35:25 UTC 2026","Product Endpoints > POST /api/products","products_test.spec.ts","",""
"","7","response body conforms to paginated products schema","","Fri May 15 14:35:23 UTC 2026","passed","Fri May 15 14:35:23 UTC 2026","Product Endpoints > GET /api/products","products_test.spec.ts","",""
"","321","new order status is pending","","Fri May 15 14:35:15 UTC 2026","passed","Fri May 15 14:35:15 UTC 2026","Order Endpoints > POST /api/orders","orders_test.spec.ts","",""
"Brand link is visible","437","brandLinkIsVisible","SQA Automation Lab — Selenium UI Suite","Fri May 15 14:41:20 UTC 2026","passed","Fri May 15 14:41:21 UTC 2026","com.sqa.ui.tests.NavigationTest","UI Tests","com.sqa.ui.tests.NavigationTest","brandLinkIsVisible"
"","2","test_create_order_without_auth_returns_401","tests","Fri May 15 14:35:31 UTC 2026","passed","Fri May 15 14:35:31 UTC 2026","TestCreateOrder","orders_test","",""
"Verify list orders fails without authentication","11","testListOrdersNoAuth","API Test Suite","Fri May 15 14:35:45 UTC 2026","passed","Fri May 15 14:35:45 UTC 2026","com.automationlab.tests.OrderTest","API Tests","com.automationlab.tests.OrderTest","testListOrdersNoAuth"
"Orders that have progressed past pending cannot be cancelled.","13","test_cannot_cancel_non_pending_order","tests","Fri May 15 14:35:34 UTC 2026","passed","Fri May 15 14:35:34 UTC 2026","TestCancelOrder","orders_test","",""
"","5","test_register_duplicate_email_returns_409","tests","Fri May 15 14:35:30 UTC 2026","passed","Fri May 15 14:35:30 UTC 2026","TestRegistration","auth_test","",""
"","5","test_admin_can_update_product_price","tests","Fri May 15 14:35:35 UTC 2026","passed","Fri May 15 14:35:35 UTC 2026","TestUpdateProduct","products_test","",""
"Verify health endpoint rejects POST method","32","testHealthEndpointRejectsPost","API Test Suite","Fri May 15 14:35:35 UTC 2026","passed","Fri May 15 14:35:35 UTC 2026","com.automationlab.tests.HealthTest","API Tests","com.automationlab.tests.HealthTest","testHealthEndpointRejectsPost"
"","2","test_health_reports_healthy_status","tests","Fri May 15 14:35:31 UTC 2026","passed","Fri May 15 14:35:31 UTC 2026","TestHealthEndpoint","health_test","",""
"Verify product has all required fields","53","testGetProductRequiredFields","API Test Suite","Fri May 15 14:35:42 UTC 2026","passed","Fri May 15 14:35:42 UTC 2026","com.automationlab.tests.ProductTest","API Tests","com.automationlab.tests.ProductTest","testGetProductRequiredFields"
"","267","Product detail page displays stock status","chromium","Fri May 15 14:36:45 UTC 2026","passed","Fri May 15 14:36:46 UTC 2026","Product Detail — Unauthenticated","product_detail_test.spec.ts","",""
"","37963","Step 1: Register new user","","Fri May 15 14:38:56 UTC 2026","passed","Fri May 15 14:39:34 UTC 2026","","k6 Performance Tests","",""
"","74","returns correct user data for the token owner","","Fri May 15 14:35:14 UTC 2026","passed","Fri May 15 14:35:14 UTC 2026","Authentication Endpoints > GET /api/auth/me","auth_test.spec.ts","",""
"Verify health endpoint returns environment information","55","testHealthEndpointEnvironment","API Test Suite","Fri May 15 14:35:35 UTC 2026","passed","Fri May 15 14:35:35 UTC 2026","com.automationlab.tests.HealthTest","API Tests","com.automationlab.tests.HealthTest","testHealthEndpointEnvironment"
"","3","test_register_without_email_returns_400","tests","Fri May 15 14:35:30 UTC 2026","passed","Fri May 15 14:35:30 UTC 2026","TestRegistration","auth_test","",""
"Register page displays Create Account heading","422","registerPageDisplaysCreateAccountHeading","SQA Automation Lab — Selenium UI Suite","Fri May 15 14:37:52 UTC 2026","passed","Fri May 15 14:37:52 UTC 2026","com.sqa.ui.tests.RegisterTest","UI Tests","com.sqa.ui.tests.RegisterTest","registerPageDisplaysCreateAccountHeading"
"","263","Unauthenticated access to orders redirects to login","chromium","Fri May 15 14:36:16 UTC 2026","passed","Fri May 15 14:36:16 UTC 2026","Orders — Unauthenticated","orders_test.spec.ts","",""
"","248","returns HTTP 404 for non-existent product","","Fri May 15 14:35:29 UTC 2026","passed","Fri May 15 14:35:29 UTC 2026","Product Endpoints > DELETE /api/products/:id","products_test.spec.ts","",""
"Non-existent email shows error message — AUT Bug A","1485","nonExistentEmailShowsErrorMessage","SQA Automation Lab — Selenium UI Suite","Fri May 15 14:36:28 UTC 2026","failed","Fri May 15 14:36:29 UTC 2026","com.sqa.ui.tests.LoginTest","UI Tests","com.sqa.ui.tests.LoginTest","nonExistentEmailShowsErrorMessage"
"","71","returns HTTP 409 when updating email to one already in use","","Fri May 15 14:35:32 UTC 2026","passed","Fri May 15 14:35:32 UTC 2026","User Endpoints > PUT /api/users/:id","user_test.spec.ts","",""
"","2","test_root_lists_available_endpoints","tests","Fri May 15 14:35:31 UTC 2026","passed","Fri May 15 14:35:31 UTC 2026","TestRootEndpoint","health_test","",""
"Verify admin can get any order","30","testAdminGetAnyOrder","API Test Suite","Fri May 15 14:35:45 UTC 2026","passed","Fri May 15 14:35:45 UTC 2026","com.automationlab.tests.OrderTest","API Tests","com.automationlab.tests.OrderTest","testAdminGetAnyOrder"
"","787","Dashboard link navigates to dashboard page","chromium","Fri May 15 14:36:08 UTC 2026","passed","Fri May 15 14:36:09 UTC 2026","Navbar — Authenticated Admin","navbar_test.spec.ts","",""
"","4","test_list_users_excludes_passwords","tests","Fri May 15 14:35:35 UTC 2026","passed","Fri May 15 14:35:35 UTC 2026","TestListUsers","user_test","",""
"Product detail page displays stock status","387","productDetailPageDisplaysStockStatus","SQA Automation Lab — Selenium UI Suite","Fri May 15 14:39:52 UTC 2026","failed","Fri May 15 14:39:52 UTC 2026","com.sqa.ui.tests.ProductDetailTest","UI Tests","com.sqa.ui.tests.ProductDetailTest","productDetailPageDisplaysStockStatus"
"Regular users should not be able to view other users' profiles.","3","test_user_cannot_view_other_user","tests","Fri May 15 14:35:35 UTC 2026","passed","Fri May 15 14:35:35 UTC 2026","TestGetUser","user_test","",""
"Verify non-admin cannot delete product","15","testDeleteProductNonAdmin","API Test Suite","Fri May 15 14:35:42 UTC 2026","passed","Fri May 15 14:35:42 UTC 2026","com.automationlab.tests.ProductTest","API Tests","com.automationlab.tests.ProductTest","testDeleteProductNonAdmin"
"","7","returns HTTP 401 for non-existent email","","Fri May 15 14:35:14 UTC 2026","passed","Fri May 15 14:35:14 UTC 2026","Authentication Endpoints > POST /api/auth/login","auth_test.spec.ts","",""
"","3","test_admin_can_delete_product","tests","Fri May 15 14:35:35 UTC 2026","passed","Fri May 15 14:35:35 UTC 2026","TestDeleteProduct","products_test","",""
"","4","test_get_current_user","tests","Fri May 15 14:35:30 UTC 2026","passed","Fri May 15 14:35:30 UTC 2026","TestCurrentUser","auth_test","",""
"","73","returns HTTP 200 for own user","","Fri May 15 14:35:30 UTC 2026","passed","Fri May 15 14:35:30 UTC 2026","User Endpoints > GET /api/users/:id","user_test.spec.ts","",""
"","4","test_cancel_nonexistent_order_returns_404","tests","Fri May 15 14:35:34 UTC 2026","passed","Fri May 15 14:35:34 UTC 2026","TestCancelOrder","orders_test","",""
"","66","test_register_does_not_return_password","tests","Fri May 15 14:35:30 UTC 2026","passed","Fri May 15 14:35:30 UTC 2026","TestRegistration","auth_test","",""
"","815","valid login renders authenticated navbar state","chromium","Fri May 15 14:35:55 UTC 2026","passed","Fri May 15 14:35:56 UTC 2026","Login","login_test.spec.ts","",""
"Verify create order fails with zero quantity","17","testCreateOrderZeroQuantity","API Test Suite","Fri May 15 14:35:45 UTC 2026","passed","Fri May 15 14:35:45 UTC 2026","com.automationlab.tests.OrderTest","API Tests","com.automationlab.tests.OrderTest","testCreateOrderZeroQuantity"
"Verify admin can create a new product","55","testCreateProduct","API Test Suite","Fri May 15 14:35:42 UTC 2026","passed","Fri May 15 14:35:42 UTC 2026","com.automationlab.tests.ProductTest","API Tests","com.automationlab.tests.ProductTest","testCreateProduct"
"","39234","PUT /api/users/:id","","Fri May 15 14:36:52 UTC 2026","passed","Fri May 15 14:37:31 UTC 2026","","k6 Performance Tests","",""
"Verify create product fails with missing name","14","testCreateProductMissingName","API Test Suite","Fri May 15 14:35:42 UTC 2026","passed","Fri May 15 14:35:42 UTC 2026","com.automationlab.tests.ProductTest","API Tests","com.automationlab.tests.ProductTest","testCreateProductMissingName"
"","70","returns HTTP 401 without token","","Fri May 15 14:35:31 UTC 2026","passed","Fri May 15 14:35:31 UTC 2026","User Endpoints > GET /api/users/:id","user_test.spec.ts","",""
"","11","test_user_can_cancel_pending_order","tests","Fri May 15 14:35:34 UTC 2026","passed","Fri May 15 14:35:34 UTC 2026","TestCancelOrder","orders_test","",""
"Create an order as admin, verify another user can't see it.","76","test_user_cannot_view_other_users_order","tests","Fri May 15 14:35:33 UTC 2026","passed","Fri May 15 14:35:33 UTC 2026","TestGetOrder","orders_test","",""
"","814","Dashboard link navigates to dashboard page","chromium","Fri May 15 14:36:15 UTC 2026","passed","Fri May 15 14:36:15 UTC 2026","Navbar — Authenticated Regular User","navbar_test.spec.ts","",""
"","38124","GET /api/products/:id","","Fri May 15 14:37:33 UTC 2026","passed","Fri May 15 14:38:11 UTC 2026","","k6 Performance Tests","",""
"Sign out button clears session and redirects to login","1421","signOutButtonClearsSessionAndRedirectsToLogin","SQA Automation Lab — Selenium UI Suite","Fri May 15 14:42:29 UTC 2026","passed","Fri May 15 14:42:31 UTC 2026","com.sqa.ui.tests.NavigationTest","UI Tests","com.sqa.ui.tests.NavigationTest","signOutButtonClearsSessionAndRedirectsToLogin"
"","63","test_login_with_wrong_password_returns_401","tests","Fri May 15 14:35:30 UTC 2026","passed","Fri May 15 14:35:30 UTC 2026","TestLogin","auth_test","",""
"","38213","GET /api/orders","","Fri May 15 14:38:15 UTC 2026","passed","Fri May 15 14:38:53 UTC 2026","","k6 Performance Tests","",""
"","72","returns HTTP 200 when updating own user","","Fri May 15 14:35:31 UTC 2026","passed","Fri May 15 14:35:31 UTC 2026","User Endpoints > PUT /api/users/:id","user_test.spec.ts","",""
"","5645","Empty email shows validation error","chromium","Fri May 15 14:37:17 UTC 2026","failed","Fri May 15 14:37:23 UTC 2026","Register","register_test.spec.ts","",""
"","29885","Health Tests","","Fri May 15 14:39:48 UTC 2026","passed","Fri May 15 14:40:18 UTC 2026","","JMeter Performance Tests","",""
"Verify create order fails without authentication","18","testCreateOrderNoAuth","API Test Suite","Fri May 15 14:35:45 UTC 2026","passed","Fri May 15 14:35:45 UTC 2026","com.automationlab.tests.OrderTest","API Tests","com.automationlab.tests.OrderTest","testCreateOrderNoAuth"
"","451","Pagination next button advances to page 2","chromium","Fri May 15 14:36:55 UTC 2026","passed","Fri May 15 14:36:55 UTC 2026","Products — Unauthenticated","products_test.spec.ts","",""
"","70","returns HTTP 200 when soft deleting own account","","Fri May 15 14:35:32 UTC 2026","passed","Fri May 15 14:35:32 UTC 2026","User Endpoints > DELETE /api/users/:id","user_test.spec.ts","",""
"Verify list users fails without authentication","18","testListUsersNoAuth","API Test Suite","Fri May 15 14:35:40 UTC 2026","passed","Fri May 15 14:35:40 UTC 2026","com.automationlab.tests.UserTest","API Tests","com.automationlab.tests.UserTest","testListUsersNoAuth"
"Verify default pagination limit","57","testListUsersDefaultPaginationLimit","API Test Suite","Fri May 15 14:35:40 UTC 2026","passed","Fri May 15 14:35:40 UTC 2026","com.automationlab.tests.UserTest","API Tests","com.automationlab.tests.UserTest","testListUsersDefaultPaginationLimit"
"Verify registration fails with weak password","19","testRegistrationWeakPassword","API Test Suite","Fri May 15 14:35:38 UTC 2026","passed","Fri May 15 14:35:38 UTC 2026","com.automationlab.tests.AuthTest","API Tests","com.automationlab.tests.AuthTest","testRegistrationWeakPassword"
"","30025","Product Tests","","Fri May 15 14:41:33 UTC 2026","passed","Fri May 15 14:42:03 UTC 2026","","JMeter Performance Tests","",""
"Verify create product fails with negative stock","14","testCreateProductNegativeStock","API Test Suite","Fri May 15 14:35:42 UTC 2026","passed","Fri May 15 14:35:42 UTC 2026","com.automationlab.tests.ProductTest","API Tests","com.automationlab.tests.ProductTest","testCreateProductNegativeStock"
"","7","content-type is application/json","","Fri May 15 14:35:14 UTC 2026","passed","Fri May 15 14:35:14 UTC 2026","Health Endpoints > GET /health","health_test.spec.ts","",""
"Create two products and order both.","14","test_create_order_with_multiple_items","tests","Fri May 15 14:35:31 UTC 2026","passed","Fri May 15 14:35:31 UTC 2026","TestCreateOrder","orders_test","",""
"","4","test_create_order_with_empty_items_returns_400","tests","Fri May 15 14:35:32 UTC 2026","passed","Fri May 15 14:35:32 UTC 2026","TestCreateOrder","orders_test","",""
"","1190","Admin all status filter options are selectable","chromium","Fri May 15 14:36:26 UTC 2026","passed","Fri May 15 14:36:27 UTC 2026","Orders — Authenticated Admin","orders_test.spec.ts","",""
"","253","partial update — stock quantity — is supported","","Fri May 15 14:35:27 UTC 2026","passed","Fri May 15 14:35:27 UTC 2026","Product Endpoints > PUT /api/products/:id","products_test.spec.ts","",""
"Verify update product updates the updated_at timestamp","1096","testUpdateProductUpdatesTimestamp","API Test Suite","Fri May 15 14:35:43 UTC 2026","passed","Fri May 15 14:35:44 UTC 2026","com.automationlab.tests.ProductTest","API Tests","com.automationlab.tests.ProductTest","testUpdateProductUpdatesTimestamp"
"Stock should decrease after order creation.","9","test_create_order_reduces_stock","tests","Fri May 15 14:35:31 UTC 2026","passed","Fri May 15 14:35:31 UTC 2026","TestCreateOrder","orders_test","",""
"","4","test_list_users_returns_paginated_results","tests","Fri May 15 14:35:35 UTC 2026","passed","Fri May 15 14:35:35 UTC 2026","TestListUsers","user_test","",""
"","767","Dashboard link is visible","chromium","Fri May 15 14:36:11 UTC 2026","passed","Fri May 15 14:36:12 UTC 2026","Navbar — Authenticated Regular User","navbar_test.spec.ts","",""
"","5640","Invalid email format shows validation error","chromium","Fri May 15 14:37:24 UTC 2026","failed","Fri May 15 14:37:30 UTC 2026","Register","register_test.spec.ts","",""
"","853","User order error message shown on invalid product","chromium","Fri May 15 14:36:51 UTC 2026","passed","Fri May 15 14:36:52 UTC 2026","Product Detail — Authenticated User","product_detail_test.spec.ts","",""
"","501","non-existent email stays on login page","chromium","Fri May 15 14:35:58 UTC 2026","passed","Fri May 15 14:35:58 UTC 2026","Login","login_test.spec.ts","",""
"","5","content-type is application/json","","Fri May 15 14:35:14 UTC 2026","passed","Fri May 15 14:35:14 UTC 2026","Health Endpoints > GET /","health_test.spec.ts","",""
"Verify user can get their own order details","64","testGetOwnOrder","API Test Suite","Fri May 15 14:35:45 UTC 2026","passed","Fri May 15 14:35:45 UTC 2026","com.automationlab.tests.OrderTest","API Tests","com.automationlab.tests.OrderTest","testGetOwnOrder"
"","772","Dashboard page displays welcome heading","chromium","Fri May 15 14:35:49 UTC 2026","passed","Fri May 15 14:35:50 UTC 2026","Dashboard — Authenticated Regular User","dashboard_test.spec.ts","",""
"","848","Orders link navigates to orders page","chromium","Fri May 15 14:36:07 UTC 2026","passed","Fri May 15 14:36:08 UTC 2026","Navbar — Authenticated Admin","navbar_test.spec.ts","",""
"","2","test_root_returns_200","tests","Fri May 15 14:35:31 UTC 2026","passed","Fri May 15 14:35:31 UTC 2026","TestRootEndpoint","health_test","",""
"","73","returns HTTP 200 with valid token","","Fri May 15 14:35:29 UTC 2026","passed","Fri May 15 14:35:29 UTC 2026","User Endpoints > GET /api/users","user_test.spec.ts","",""
"","7","test_regular_user_cannot_update_status","tests","Fri May 15 14:35:34 UTC 2026","passed","Fri May 15 14:35:34 UTC 2026","TestUpdateOrderStatus","orders_test","",""
"","2","test_login_without_email_returns_400","tests","Fri May 15 14:35:30 UTC 2026","passed","Fri May 15 14:35:30 UTC 2026","TestLogin","auth_test","",""
"Register link is visible when unauthenticated","508","registerLinkIsVisibleWhenUnauthenticated","SQA Automation Lab — Selenium UI Suite","Fri May 15 14:42:09 UTC 2026","passed","Fri May 15 14:42:10 UTC 2026","com.sqa.ui.tests.NavigationTest","UI Tests","com.sqa.ui.tests.NavigationTest","registerLinkIsVisibleWhenUnauthenticated"
"Orders link is not visible when unauthenticated","499","ordersLinkIsNotVisibleWhenUnauthenticated","SQA Automation Lab — Selenium UI Suite","Fri May 15 14:41:43 UTC 2026","passed","Fri May 15 14:41:44 UTC 2026","com.sqa.ui.tests.NavigationTest","UI Tests","com.sqa.ui.tests.NavigationTest","ordersLinkIsNotVisibleWhenUnauthenticated"
"Wrong password shows error message — AUT Bug A","1312","wrongPasswordShowsErrorMessage","SQA Automation Lab — Selenium UI Suite","Fri May 15 14:36:45 UTC 2026","failed","Fri May 15 14:36:47 UTC 2026","com.sqa.ui.tests.LoginTest","UI Tests","com.sqa.ui.tests.LoginTest","wrongPasswordShowsErrorMessage"
"","814","View all orders link navigates to orders page","chromium","Fri May 15 14:35:53 UTC 2026","passed","Fri May 15 14:35:53 UTC 2026","Dashboard — Authenticated Regular User","dashboard_test.spec.ts","",""
"","322","response contains order with items","","Fri May 15 14:35:14 UTC 2026","passed","Fri May 15 14:35:15 UTC 2026","Order Endpoints > POST /api/orders","orders_test.spec.ts","",""
"","258","Invalid product id renders error state","chromium","Fri May 15 14:36:47 UTC 2026","passed","Fri May 15 14:36:47 UTC 2026","Product Detail — Unauthenticated","product_detail_test.spec.ts","",""
"","280","Register page displays create account heading","chromium","Fri May 15 14:37:02 UTC 2026","passed","Fri May 15 14:37:02 UTC 2026","Register","register_test.spec.ts","",""
"Orders page displays order cards","1005","ordersPageDisplaysOrderCards","SQA Automation Lab — Selenium UI Suite","Fri May 15 14:40:21 UTC 2026","passed","Fri May 15 14:40:22 UTC 2026","com.sqa.ui.tests.OrdersTest","UI Tests","com.sqa.ui.tests.OrdersTest","ordersPageDisplaysOrderCards"
"","8","returns HTTP 400 for password shorter than minimum length","","Fri May 15 14:35:13 UTC 2026","passed","Fri May 15 14:35:13 UTC 2026","Authentication Endpoints > POST /api/auth/register","auth_test.spec.ts","",""
"Unauthenticated access to orders redirects to login — AUT Bug A","286","unauthenticatedAccessToOrdersRedirectsToLogin","SQA Automation Lab — Selenium UI Suite","Fri May 15 14:40:40 UTC 2026","passed","Fri May 15 14:40:40 UTC 2026","com.sqa.ui.tests.OrdersTest","UI Tests","com.sqa.ui.tests.OrdersTest","unauthenticatedAccessToOrdersRedirectsToLogin"
"Verify create product fails without authentication","11","testCreateProductNoAuth","API Test Suite","Fri May 15 14:35:42 UTC 2026","passed","Fri May 15 14:35:42 UTC 2026","com.automationlab.tests.ProductTest","API Tests","com.automationlab.tests.ProductTest","testCreateProductNoAuth"
"","784","Dashboard displays user name","chromium","Fri May 15 14:35:44 UTC 2026","passed","Fri May 15 14:35:45 UTC 2026","Dashboard — Authenticated Admin","dashboard_test.spec.ts","",""
"","3","test_logout_without_token_returns_401","tests","Fri May 15 14:35:31 UTC 2026","passed","Fri May 15 14:35:31 UTC 2026","TestLogout","auth_test","",""
"","2","test_health_includes_uptime","tests","Fri May 15 14:35:31 UTC 2026","passed","Fri May 15 14:35:31 UTC 2026","TestHealthEndpoint","health_test","",""
"","889","User status filter pending shows results","chromium","Fri May 15 14:36:39 UTC 2026","passed","Fri May 15 14:36:40 UTC 2026","Orders — Authenticated User","orders_test.spec.ts","",""
"","38213","POST /api/orders","","Fri May 15 14:38:14 UTC 2026","passed","Fri May 15 14:38:52 UTC 2026","","k6 Performance Tests","",""
"Verify authenticated user can logout","26","testLogout","API Test Suite","Fri May 15 14:35:37 UTC 2026","passed","Fri May 15 14:35:37 UTC 2026","com.automationlab.tests.AuthTest","API Tests","com.automationlab.tests.AuthTest","testLogout"
"Verify get user fails without authentication","26","testGetUserNoAuth","API Test Suite","Fri May 15 14:35:40 UTC 2026","passed","Fri May 15 14:35:40 UTC 2026","com.automationlab.tests.UserTest","API Tests","com.automationlab.tests.UserTest","testGetUserNoAuth"
"Verify health endpoint returns uptime information","76","testHealthEndpointUptime","API Test Suite","Fri May 15 14:35:35 UTC 2026","passed","Fri May 15 14:35:35 UTC 2026","com.automationlab.tests.HealthTest","API Tests","com.automationlab.tests.HealthTest","testHealthEndpointUptime"
"Verify users list does not include passwords","53","testListUsersDoesNotReturnPasswords","API Test Suite","Fri May 15 14:35:40 UTC 2026","passed","Fri May 15 14:35:40 UTC 2026","com.automationlab.tests.UserTest","API Tests","com.automationlab.tests.UserTest","testListUsersDoesNotReturnPasswords"
"Verify admin can retrieve any user","28","testAdminGetAnyUser","API Test Suite","Fri May 15 14:35:39 UTC 2026","passed","Fri May 15 14:35:39 UTC 2026","com.automationlab.tests.UserTest","API Tests","com.automationlab.tests.UserTest","testAdminGetAnyUser"
"","71","returns HTTP 400 for empty items array","","Fri May 15 14:35:16 UTC 2026","passed","Fri May 15 14:35:16 UTC 2026","Order Endpoints > POST /api/orders","orders_test.spec.ts","",""
"","3","test_list_products_respects_limit","tests","Fri May 15 14:35:34 UTC 2026","passed","Fri May 15 14:35:34 UTC 2026","TestListProducts","products_test","",""
"","73","response contains orders array and pagination object","","Fri May 15 14:35:17 UTC 2026","passed","Fri May 15 14:35:17 UTC 2026","Order Endpoints > GET /api/orders","orders_test.spec.ts","",""
"","30120","Order Tests","","Fri May 15 14:42:08 UTC 2026","passed","Fri May 15 14:42:38 UTC 2026","","JMeter Performance Tests","",""
"Verify get non-existent user returns 404","29","testGetNonExistentUser","API Test Suite","Fri May 15 14:35:39 UTC 2026","passed","Fri May 15 14:35:39 UTC 2026","com.automationlab.tests.UserTest","API Tests","com.automationlab.tests.UserTest","testGetNonExistentUser"
"","6","environment field is a non-empty string","","Fri May 15 14:35:14 UTC 2026","passed","Fri May 15 14:35:14 UTC 2026","Health Endpoints > GET /health","health_test.spec.ts","",""
"Sign in link navigates to login page","603","signInLinkNavigatesToLoginPage","SQA Automation Lab — Selenium UI Suite","Fri May 15 14:42:25 UTC 2026","passed","Fri May 15 14:42:26 UTC 2026","com.sqa.ui.tests.NavigationTest","UI Tests","com.sqa.ui.tests.NavigationTest","signInLinkNavigatesToLoginPage"
"","985","User can navigate to product detail","chromium","Fri May 15 14:37:01 UTC 2026","passed","Fri May 15 14:37:02 UTC 2026","Products — Authenticated User","products_test.spec.ts","",""
"Cancel order with confirmation removes order from pending list — AUT Bug C","1232","cancelOrderWithConfirmationRemovesOrderFromPendingList","SQA Automation Lab — Selenium UI Suite","Fri May 15 14:40:11 UTC 2026","passed","Fri May 15 14:40:12 UTC 2026","com.sqa.ui.tests.OrdersTest","UI Tests","com.sqa.ui.tests.OrdersTest","cancelOrderWithConfirmationRemovesOrderFromPendingList"
"","2","test_root_returns_app_info","tests","Fri May 15 14:35:31 UTC 2026","passed","Fri May 15 14:35:31 UTC 2026","TestRootEndpoint","health_test","",""
"","323","admin can update order status and receives HTTP 200","","Fri May 15 14:35:20 UTC 2026","passed","Fri May 15 14:35:20 UTC 2026","Order Endpoints > PATCH /api/orders/:id/status","orders_test.spec.ts","",""
"","240","test_login_as_admin","tests","Fri May 15 14:35:30 UTC 2026","passed","Fri May 15 14:35:30 UTC 2026","TestLogin","auth_test","",""
"","255","admin can soft delete a product and receives HTTP 200","","Fri May 15 14:35:28 UTC 2026","passed","Fri May 15 14:35:29 UTC 2026","Product Endpoints > DELETE /api/products/:id","products_test.spec.ts","",""
"Verify update with invalid status fails","18","testUpdateOrderInvalidStatus","API Test Suite","Fri May 15 14:35:46 UTC 2026","passed","Fri May 15 14:35:46 UTC 2026","com.automationlab.tests.OrderTest","API Tests","com.automationlab.tests.OrderTest","testUpdateOrderInvalidStatus"
"","7","search parameter returns HTTP 200","","Fri May 15 14:35:23 UTC 2026","passed","Fri May 15 14:35:23 UTC 2026","Product Endpoints > GET /api/products","products_test.spec.ts","",""
"","6","test_create_order_returns_item_details","tests","Fri May 15 14:35:31 UTC 2026","passed","Fri May 15 14:35:31 UTC 2026","TestCreateOrder","orders_test","",""
"","5537","Empty first name shows validation error","chromium","Fri May 15 14:37:03 UTC 2026","failed","Fri May 15 14:37:09 UTC 2026","Register","register_test.spec.ts","",""
"","2","test_404_response_includes_error_details","tests","Fri May 15 14:35:31 UTC 2026","passed","Fri May 15 14:35:31 UTC 2026","TestNotFound","health_test","",""
"","797","Dashboard displays admin role badge","chromium","Fri May 15 14:35:45 UTC 2026","passed","Fri May 15 14:35:46 UTC 2026","Dashboard — Authenticated Admin","dashboard_test.spec.ts","",""
"Category filter returns filtered results — AUT Bug C","1316","categoryFilterReturnsFilteredResults","SQA Automation Lab — Selenium UI Suite","Fri May 15 14:38:39 UTC 2026","passed","Fri May 15 14:38:40 UTC 2026","com.sqa.ui.tests.ProductsTest","UI Tests","com.sqa.ui.tests.ProductsTest","categoryFilterReturnsFilteredResults"
"","321","returns HTTP 403 for non-admin authenticated user","","Fri May 15 14:35:28 UTC 2026","passed","Fri May 15 14:35:28 UTC 2026","Product Endpoints > PUT /api/products/:id","products_test.spec.ts","",""
"Verify order includes item details","73","testOrderIncludesItemDetails","API Test Suite","Fri May 15 14:35:46 UTC 2026","passed","Fri May 15 14:35:46 UTC 2026","com.automationlab.tests.OrderTest","API Tests","com.automationlab.tests.OrderTest","testOrderIncludesItemDetails"
"","2","test_health_includes_timestamp","tests","Fri May 15 14:35:31 UTC 2026","passed","Fri May 15 14:35:31 UTC 2026","TestHealthEndpoint","health_test","",""
"Register link navigates to register page","607","registerLinkNavigatesToRegisterPage","SQA Automation Lab — Selenium UI Suite","Fri May 15 14:42:13 UTC 2026","passed","Fri May 15 14:42:14 UTC 2026","com.sqa.ui.tests.NavigationTest","UI Tests","com.sqa.ui.tests.NavigationTest","registerLinkNavigatesToRegisterPage"
"","268","returns HTTP 400 for empty update body","","Fri May 15 14:35:27 UTC 2026","passed","Fri May 15 14:35:27 UTC 2026","Product Endpoints > PUT /api/products/:id","products_test.spec.ts","",""
"","901","User can view products page","chromium","Fri May 15 14:36:59 UTC 2026","passed","Fri May 15 14:37:00 UTC 2026","Products — Authenticated User","products_test.spec.ts","",""
"Valid registration renders authenticated navbar state","2033","validRegistrationRendersAuthenticatedNavbarState","SQA Automation Lab — Selenium UI Suite","Fri May 15 14:38:19 UTC 2026","passed","Fri May 15 14:38:21 UTC 2026","com.sqa.ui.tests.RegisterTest","UI Tests","com.sqa.ui.tests.RegisterTest","validRegistrationRendersAuthenticatedNavbarState"
"","6","response body contains endpoints field","","Fri May 15 14:35:14 UTC 2026","passed","Fri May 15 14:35:14 UTC 2026","Health Endpoints > GET /","health_test.spec.ts","",""
"","314","Unauthenticated place order redirects to login","chromium","Fri May 15 14:36:46 UTC 2026","passed","Fri May 15 14:36:47 UTC 2026","Product Detail — Unauthenticated","product_detail_test.spec.ts","",""
"","247","returns HTTP 404 for non-existent user","","Fri May 15 14:35:31 UTC 2026","passed","Fri May 15 14:35:31 UTC 2026","User Endpoints > GET /api/users/:id","user_test.spec.ts","",""
"","3","test_register_with_invalid_email_returns_400","tests","Fri May 15 14:35:30 UTC 2026","passed","Fri May 15 14:35:30 UTC 2026","TestRegistration","auth_test","",""
"Verify non-admin cannot create product","13","testCreateProductNonAdmin","API Test Suite","Fri May 15 14:35:42 UTC 2026","passed","Fri May 15 14:35:42 UTC 2026","com.automationlab.tests.ProductTest","API Tests","com.automationlab.tests.ProductTest","testCreateProductNonAdmin"
"","809","Sign-out clears session and redirects to login","chromium","Fri May 15 14:36:15 UTC 2026","passed","Fri May 15 14:36:16 UTC 2026","Navbar — Authenticated Regular User","navbar_test.spec.ts","",""
"","249","response contains created product data","","Fri May 15 14:35:24 UTC 2026","passed","Fri May 15 14:35:25 UTC 2026","Product Endpoints > POST /api/products","products_test.spec.ts","",""
"","534","Clear button resets search results","chromium","Fri May 15 14:36:53 UTC 2026","passed","Fri May 15 14:36:54 UTC 2026","Products — Unauthenticated","products_test.spec.ts","",""
"","8","category filter response includes filters metadata","","Fri May 15 14:35:23 UTC 2026","passed","Fri May 15 14:35:23 UTC 2026","Product Endpoints > GET /api/products","products_test.spec.ts","",""
"Verify pagination returns correct total count","41","testListProductsPaginationTotalCount","API Test Suite","Fri May 15 14:35:43 UTC 2026","passed","Fri May 15 14:35:43 UTC 2026","com.automationlab.tests.ProductTest","API Tests","com.automationlab.tests.ProductTest","testListProductsPaginationTotalCount"
"Pagination prev button returns to page 1 — AUT Bug E","1408","paginationPrevButtonReturnsToPAge1","SQA Automation Lab — Selenium UI Suite","Fri May 15 14:38:52 UTC 2026","passed","Fri May 15 14:38:53 UTC 2026","com.sqa.ui.tests.ProductsTest","UI Tests","com.sqa.ui.tests.ProductsTest","paginationPrevButtonReturnsToPAge1"
"","325","status filter returns only orders matching that status","","Fri May 15 14:35:17 UTC 2026","passed","Fri May 15 14:35:17 UTC 2026","Order Endpoints > GET /api/orders","orders_test.spec.ts","",""
"","72","updated fields are returned in response","","Fri May 15 14:35:31 UTC 2026","passed","Fri May 15 14:35:31 UTC 2026","User Endpoints > PUT /api/users/:id","user_test.spec.ts","",""
"Verify registration fails with duplicate email","47","testRegistrationDuplicateEmail","API Test Suite","Fri May 15 14:35:37 UTC 2026","passed","Fri May 15 14:35:37 UTC 2026","com.automationlab.tests.AuthTest","API Tests","com.automationlab.tests.AuthTest","testRegistrationDuplicateEmail"
"","4","test_register_without_password_returns_400","tests","Fri May 15 14:35:30 UTC 2026","passed","Fri May 15 14:35:30 UTC 2026","TestRegistration","auth_test","",""
"","4","test_create_order_with_nonexistent_product_returns_404","tests","Fri May 15 14:35:32 UTC 2026","passed","Fri May 15 14:35:32 UTC 2026","TestCreateOrder","orders_test","",""
"","1027","User all status filter options are selectable","chromium","Fri May 15 14:36:41 UTC 2026","passed","Fri May 15 14:36:42 UTC 2026","Orders — Authenticated User","orders_test.spec.ts","",""
"","2","test_invalid_route_returns_404","tests","Fri May 15 14:35:31 UTC 2026","passed","Fri May 15 14:35:31 UTC 2026","TestNotFound","health_test","",""
"Brand link navigates to products page","543","brandLinkNavigatesToProductsPage","SQA Automation Lab — Selenium UI Suite","Fri May 15 14:41:24 UTC 2026","passed","Fri May 15 14:41:24 UTC 2026","com.sqa.ui.tests.NavigationTest","UI Tests","com.sqa.ui.tests.NavigationTest","brandLinkNavigatesToProductsPage"
"","3","test_create_product_without_name_returns_400","tests","Fri May 15 14:35:35 UTC 2026","passed","Fri May 15 14:35:35 UTC 2026","TestCreateProduct","products_test","",""
"","378","empty email stays on login page","chromium","Fri May 15 14:35:56 UTC 2026","passed","Fri May 15 14:35:56 UTC 2026","Login","login_test.spec.ts","",""
"","134","returns HTTP 200 on successful login","","Fri May 15 14:35:13 UTC 2026","passed","Fri May 15 14:35:13 UTC 2026","Authentication Endpoints > POST /api/auth/login","auth_test.spec.ts","",""
"","7","test_list_users_page_navigation","tests","Fri May 15 14:35:35 UTC 2026","passed","Fri May 15 14:35:35 UTC 2026","TestListUsers","user_test","",""
"Sign in link is not visible when authenticated","1234","signInLinkIsNotVisibleWhenAuthenticated","SQA Automation Lab — Selenium UI Suite","Fri May 15 14:42:17 UTC 2026","passed","Fri May 15 14:42:18 UTC 2026","com.sqa.ui.tests.NavigationTest","UI Tests","com.sqa.ui.tests.NavigationTest","signInLinkIsNotVisibleWhenAuthenticated"
"","251","response body conforms to product schema","","Fri May 15 14:35:24 UTC 2026","passed","Fri May 15 14:35:24 UTC 2026","Product Endpoints > GET /api/products/:id","products_test.spec.ts","",""
"","328","Products page displays heading","chromium","Fri May 15 14:36:52 UTC 2026","passed","Fri May 15 14:36:53 UTC 2026","Products — Unauthenticated","products_test.spec.ts","",""
"User should see their own orders.","10","test_list_own_orders","tests","Fri May 15 14:35:32 UTC 2026","passed","Fri May 15 14:35:32 UTC 2026","TestListOrders","orders_test","",""
"Verify user response includes timestamps","63","testGetUserIncludesTimestamps","API Test Suite","Fri May 15 14:35:40 UTC 2026","passed","Fri May 15 14:35:40 UTC 2026","com.automationlab.tests.UserTest","API Tests","com.automationlab.tests.UserTest","testGetUserIncludesTimestamps"
"Verify registration fails with missing email","20","testRegistrationMissingEmail","API Test Suite","Fri May 15 14:35:37 UTC 2026","passed","Fri May 15 14:35:37 UTC 2026","com.automationlab.tests.AuthTest","API Tests","com.automationlab.tests.AuthTest","testRegistrationMissingEmail"
"Sign out button is visible when authenticated","1184","signOutButtonIsVisibleWhenAuthenticated","SQA Automation Lab — Selenium UI Suite","Fri May 15 14:42:38 UTC 2026","passed","Fri May 15 14:42:39 UTC 2026","com.sqa.ui.tests.NavigationTest","UI Tests","com.sqa.ui.tests.NavigationTest","signOutButtonIsVisibleWhenAuthenticated"
"Order error message shown on API failure","1061","orderErrorMessageShownOnApiFailure","SQA Automation Lab — Selenium UI Suite","Fri May 15 14:39:36 UTC 2026","failed","Fri May 15 14:39:37 UTC 2026","com.sqa.ui.tests.ProductDetailTest","UI Tests","com.sqa.ui.tests.ProductDetailTest","orderErrorMessageShownOnApiFailure"
"","4","test_get_product_by_id","tests","Fri May 15 14:35:34 UTC 2026","passed","Fri May 15 14:35:34 UTC 2026","TestGetProduct","products_test","",""
"Verify get current user fails with invalid token","21","testGetCurrentUserInvalidToken","API Test Suite","Fri May 15 14:35:36 UTC 2026","passed","Fri May 15 14:35:36 UTC 2026","com.automationlab.tests.AuthTest","API Tests","com.automationlab.tests.AuthTest","testGetCurrentUserInvalidToken"
"","5","returns HTTP 400 when email is missing","","Fri May 15 14:35:14 UTC 2026","passed","Fri May 15 14:35:14 UTC 2026","Authentication Endpoints > POST /api/auth/login","auth_test.spec.ts","",""
"","88","returns HTTP 404 for non-existent order","","Fri May 15 14:35:19 UTC 2026","passed","Fri May 15 14:35:19 UTC 2026","Order Endpoints > GET /api/orders/:id","orders_test.spec.ts","",""
"","483","Search returns filtered results","chromium","Fri May 15 14:36:53 UTC 2026","passed","Fri May 15 14:36:53 UTC 2026","Products — Unauthenticated","products_test.spec.ts","",""
"Verify admin can update stock quantity","24","testUpdateProductStock","API Test Suite","Fri May 15 14:35:43 UTC 2026","passed","Fri May 15 14:35:43 UTC 2026","com.automationlab.tests.ProductTest","API Tests","com.automationlab.tests.ProductTest","testUpdateProductStock"
"","2","test_get_user_invalid_id_returns_400","tests","Fri May 15 14:35:35 UTC 2026","passed","Fri May 15 14:35:35 UTC 2026","TestGetUser","user_test","",""
"","248","response body conforms to product schema on creation","","Fri May 15 14:35:25 UTC 2026","passed","Fri May 15 14:35:25 UTC 2026","Product Endpoints > POST /api/products","products_test.spec.ts","",""
"","4","test_product_fields_in_listing","tests","Fri May 15 14:35:34 UTC 2026","passed","Fri May 15 14:35:34 UTC 2026","TestListProducts","products_test","",""
"","5","returns HTTP 403 with an invalid token","","Fri May 15 14:35:14 UTC 2026","passed","Fri May 15 14:35:14 UTC 2026","Authentication Endpoints > GET /api/auth/me","auth_test.spec.ts","",""
"","71","returns HTTP 400 when items key is absent from body","","Fri May 15 14:35:16 UTC 2026","passed","Fri May 15 14:35:16 UTC 2026","Order Endpoints > POST /api/orders","orders_test.spec.ts","",""
"","340","Brand link is visible","chromium","Fri May 15 14:35:59 UTC 2026","passed","Fri May 15 14:36:00 UTC 2026","Navbar — Unauthenticated","navbar_test.spec.ts","",""
"","5","test_update_nonexistent_order_returns_404","tests","Fri May 15 14:35:34 UTC 2026","passed","Fri May 15 14:35:34 UTC 2026","TestUpdateOrderStatus","orders_test","",""
"","3","test_create_order_without_items_returns_400","tests","Fri May 15 14:35:32 UTC 2026","passed","Fri May 15 14:35:32 UTC 2026","TestCreateOrder","orders_test","",""
"","38796","POST /api/auth/login - invalid credentials","","Fri May 15 14:36:10 UTC 2026","passed","Fri May 15 14:36:49 UTC 2026","","k6 Performance Tests","",""
"","1430","Dashboard page displays welcome heading","chromium","Fri May 15 14:35:42 UTC 2026","passed","Fri May 15 14:35:43 UTC 2026","Dashboard — Authenticated Admin","dashboard_test.spec.ts","",""
"","38127","POST /api/products - admin","","Fri May 15 14:37:34 UTC 2026","passed","Fri May 15 14:38:12 UTC 2026","","k6 Performance Tests","",""
"","39126","GET /health","","Fri May 15 14:35:28 UTC 2026","passed","Fri May 15 14:36:08 UTC 2026","","k6 Performance Tests","",""
"","69","returns HTTP 401 without token","","Fri May 15 14:35:32 UTC 2026","passed","Fri May 15 14:35:32 UTC 2026","User Endpoints > PUT /api/users/:id","user_test.spec.ts","",""
"Verify password is not returned in registration response","110","testRegistrationDoesNotReturnPassword","API Test Suite","Fri May 15 14:35:37 UTC 2026","passed","Fri May 15 14:35:37 UTC 2026","com.automationlab.tests.AuthTest","API Tests","com.automationlab.tests.AuthTest","testRegistrationDoesNotReturnPassword"
"","136","returns HTTP 403 or 404 when deleting another users account","","Fri May 15 14:35:33 UTC 2026","passed","Fri May 15 14:35:33 UTC 2026","User Endpoints > DELETE /api/users/:id","user_test.spec.ts","",""
"Dashboard link is not visible when unauthenticated","444","dashboardLinkIsNotVisibleWhenUnauthenticated","SQA Automation Lab — Selenium UI Suite","Fri May 15 14:41:28 UTC 2026","passed","Fri May 15 14:41:28 UTC 2026","com.sqa.ui.tests.NavigationTest","UI Tests","com.sqa.ui.tests.NavigationTest","dashboardLinkIsNotVisibleWhenUnauthenticated"
"","6","returns HTTP 200 without authentication","","Fri May 15 14:35:23 UTC 2026","passed","Fri May 15 14:35:23 UTC 2026","Product Endpoints > GET /api/products","products_test.spec.ts","",""
"","877","User orders page displays order cards","chromium","Fri May 15 14:36:38 UTC 2026","passed","Fri May 15 14:36:39 UTC 2026","Orders — Authenticated User","orders_test.spec.ts","",""
"","5","returns HTTP 401 without token","","Fri May 15 14:35:17 UTC 2026","passed","Fri May 15 14:35:17 UTC 2026","Order Endpoints > GET /api/orders","orders_test.spec.ts","",""
"A user should not be able to cancel another user's order.","87","test_user_cannot_cancel_other_users_order","tests","Fri May 15 14:35:34 UTC 2026","passed","Fri May 15 14:35:34 UTC 2026","TestCancelOrder","orders_test","",""
"Products page displays product cards","1115","productsPageDisplaysProductCards","SQA Automation Lab — Selenium UI Suite","Fri May 15 14:39:05 UTC 2026","passed","Fri May 15 14:39:06 UTC 2026","com.sqa.ui.tests.ProductsTest","UI Tests","com.sqa.ui.tests.ProductsTest","productsPageDisplaysProductCards"
"Authenticated user can navigate to product detail","1833","authenticatedUserCanNavigateToProductDetail","SQA Automation Lab — Selenium UI Suite","Fri May 15 14:38:24 UTC 2026","passed","Fri May 15 14:38:26 UTC 2026","com.sqa.ui.tests.ProductsTest","UI Tests","com.sqa.ui.tests.ProductsTest","authenticatedUserCanNavigateToProductDetail"
"","7","status field value is ok","","Fri May 15 14:35:14 UTC 2026","passed","Fri May 15 14:35:14 UTC 2026","Health Endpoints > GET /health","health_test.spec.ts","",""
"","2","test_regular_user_cannot_delete_product","tests","Fri May 15 14:35:35 UTC 2026","passed","Fri May 15 14:35:35 UTC 2026","TestDeleteProduct","products_test","",""
"","882","User sees product cards","chromium","Fri May 15 14:37:00 UTC 2026","passed","Fri May 15 14:37:01 UTC 2026","Products — Authenticated User","products_test.spec.ts","",""
"Pagination next button advances to page 2","444","paginationNextButtonAdvancesToPage2","SQA Automation Lab — Selenium UI Suite","Fri May 15 14:40:26 UTC 2026","passed","Fri May 15 14:40:26 UTC 2026","com.sqa.ui.tests.OrdersTest","UI Tests","com.sqa.ui.tests.OrdersTest","paginationNextButtonAdvancesToPage2"
"","73","returns HTTP 200 with valid token","","Fri May 15 14:35:14 UTC 2026","passed","Fri May 15 14:35:14 UTC 2026","Authentication Endpoints > POST /api/auth/logout","auth_test.spec.ts","",""
"","756","Dashboard displays user role badge","chromium","Fri May 15 14:35:51 UTC 2026","passed","Fri May 15 14:35:52 UTC 2026","Dashboard — Authenticated Regular User","dashboard_test.spec.ts","",""
"Verify login fails with missing password","30","testLoginMissingPassword","API Test Suite","Fri May 15 14:35:37 UTC 2026","passed","Fri May 15 14:35:37 UTC 2026","com.automationlab.tests.AuthTest","API Tests","com.automationlab.tests.AuthTest","testLoginMissingPassword"
"All returned products should be active.","4","test_list_products_only_returns_active","tests","Fri May 15 14:35:34 UTC 2026","passed","Fri May 15 14:35:34 UTC 2026","TestListProducts","products_test","",""
"","751","Sign-in link is not visible","chromium","Fri May 15 14:36:12 UTC 2026","passed","Fri May 15 14:36:13 UTC 2026","Navbar — Authenticated Regular User","navbar_test.spec.ts","",""
"","3","test_get_own_user_profile","tests","Fri May 15 14:35:35 UTC 2026","passed","Fri May 15 14:35:35 UTC 2026","TestGetUser","user_test","",""
"","3","test_user_cannot_update_other_user","tests","Fri May 15 14:35:36 UTC 2026","passed","Fri May 15 14:35:36 UTC 2026","TestUpdateUser","user_test","",""
"","2","test_regular_user_cannot_update_product","tests","Fri May 15 14:35:35 UTC 2026","passed","Fri May 15 14:35:35 UTC 2026","TestUpdateProduct","products_test","",""
"Register link navigates to register page","627","registerLinkNavigatesToRegisterPage","SQA Automation Lab — Selenium UI Suite","Fri May 15 14:36:32 UTC 2026","passed","Fri May 15 14:36:33 UTC 2026","com.sqa.ui.tests.LoginTest","UI Tests","com.sqa.ui.tests.LoginTest","registerLinkNavigatesToRegisterPage"
"","5","test_get_nonexistent_product_returns_404","tests","Fri May 15 14:35:34 UTC 2026","passed","Fri May 15 14:35:34 UTC 2026","TestGetProduct","products_test","",""
"Sign in link navigates to login page","629","signInLinkNavigatesToLoginPage","SQA Automation Lab — Selenium UI Suite","Fri May 15 14:38:10 UTC 2026","passed","Fri May 15 14:38:11 UTC 2026","com.sqa.ui.tests.RegisterTest","UI Tests","com.sqa.ui.tests.RegisterTest","signInLinkNavigatesToLoginPage"
"","352","empty password stays on login page","chromium","Fri May 15 14:35:56 UTC 2026","passed","Fri May 15 14:35:57 UTC 2026","Login","login_test.spec.ts","",""
"Verify user can update their own profile","35","testUpdateOwnUser","API Test Suite","Fri May 15 14:35:40 UTC 2026","passed","Fri May 15 14:35:40 UTC 2026","com.automationlab.tests.UserTest","API Tests","com.automationlab.tests.UserTest","testUpdateOwnUser"
"","3","test_create_product_with_negative_price_returns_400","tests","Fri May 15 14:35:35 UTC 2026","passed","Fri May 15 14:35:35 UTC 2026","TestCreateProduct","products_test","",""
"","3","test_admin_can_create_product","tests","Fri May 15 14:35:35 UTC 2026","passed","Fri May 15 14:35:35 UTC 2026","TestCreateProduct","products_test","",""
"Verify health endpoint returns healthy status","80","testHealthEndpoint","API Test Suite","Fri May 15 14:35:36 UTC 2026","passed","Fri May 15 14:35:36 UTC 2026","com.automationlab.tests.HealthTest","API Tests","com.automationlab.tests.HealthTest","testHealthEndpoint"
"**Risk:** Informational
**Confidence:** 3
**Instances:** 1

**Description:**
The given request has been identified as an authentication request. The 'Other Info' field contains a set of key=value lines which identify any relevant fields. If the request is in a context which has an Authentication Method set to ""Auto-Detect"" then this rule will change the authentication to match the request identified.

**Solution:**
This is an informational alert rather than a vulnerability and so there is nothing to fix.","0","Authentication Request Identified","","Fri May 15 14:36:45 UTC 2026","passed","Fri May 15 14:36:45 UTC 2026","","Security - ZAP API Scan","",""
"","7","returns HTTP 200","","Fri May 15 14:35:14 UTC 2026","passed","Fri May 15 14:35:14 UTC 2026","Health Endpoints > GET /health","health_test.spec.ts","",""
"","4","returns HTTP 401 without token","","Fri May 15 14:35:30 UTC 2026","passed","Fri May 15 14:35:30 UTC 2026","User Endpoints > GET /api/users","user_test.spec.ts","",""
"Verify pagination returns correct total count","53","testListUsersPaginationTotalCount","API Test Suite","Fri May 15 14:35:40 UTC 2026","passed","Fri May 15 14:35:40 UTC 2026","com.automationlab.tests.UserTest","API Tests","com.automationlab.tests.UserTest","testListUsersPaginationTotalCount"
"","246","returns HTTP 400 when name is missing","","Fri May 15 14:35:25 UTC 2026","passed","Fri May 15 14:35:25 UTC 2026","Product Endpoints > POST /api/products","products_test.spec.ts","",""
"","977","User orders page displays heading","chromium","Fri May 15 14:36:37 UTC 2026","passed","Fri May 15 14:36:38 UTC 2026","Orders — Authenticated User","orders_test.spec.ts","",""
"Get order detail should include item breakdown.","11","test_get_order_with_items","tests","Fri May 15 14:35:32 UTC 2026","passed","Fri May 15 14:35:32 UTC 2026","TestGetOrder","orders_test","",""
"","4","test_list_users_returns_200","tests","Fri May 15 14:35:35 UTC 2026","passed","Fri May 15 14:35:35 UTC 2026","TestListUsers","user_test","",""
"Verify get order fails without authentication","13","testGetOrderNoAuth","API Test Suite","Fri May 15 14:35:45 UTC 2026","passed","Fri May 15 14:35:45 UTC 2026","com.automationlab.tests.OrderTest","API Tests","com.automationlab.tests.OrderTest","testGetOrderNoAuth"
"Unauthenticated access to dashboard redirects to login","377","unauthenticatedAccessRedirectsToLogin","SQA Automation Lab — Selenium UI Suite","Fri May 15 14:41:12 UTC 2026","passed","Fri May 15 14:41:12 UTC 2026","com.sqa.ui.tests.DashboardTest","UI Tests","com.sqa.ui.tests.DashboardTest","unauthenticatedAccessRedirectsToLogin"
"All status filter options are selectable — AUT Bug C","1529","allStatusFilterOptionsAreSelectable","SQA Automation Lab — Selenium UI Suite","Fri May 15 14:40:00 UTC 2026","passed","Fri May 15 14:40:02 UTC 2026","com.sqa.ui.tests.OrdersTest","UI Tests","com.sqa.ui.tests.OrdersTest","allStatusFilterOptionsAreSelectable"
"Verify products can be searched by name","38","testSearchProducts","API Test Suite","Fri May 15 14:35:43 UTC 2026","passed","Fri May 15 14:35:43 UTC 2026","com.automationlab.tests.ProductTest","API Tests","com.automationlab.tests.ProductTest","testSearchProducts"
"","4","test_update_own_first_name","tests","Fri May 15 14:35:35 UTC 2026","passed","Fri May 15 14:35:35 UTC 2026","TestUpdateUser","user_test","",""
"","1063","Admin cancel order with confirmation removes order from pending list","chromium","Fri May 15 14:36:28 UTC 2026","passed","Fri May 15 14:36:29 UTC 2026","Orders — Authenticated Admin","orders_test.spec.ts","",""
"Verify admin can update product details","49","testUpdateProduct","API Test Suite","Fri May 15 14:35:43 UTC 2026","passed","Fri May 15 14:35:43 UTC 2026","com.automationlab.tests.ProductTest","API Tests","com.automationlab.tests.ProductTest","testUpdateProduct"
"","266","returns HTTP 401 without token","","Fri May 15 14:35:29 UTC 2026","passed","Fri May 15 14:35:29 UTC 2026","Product Endpoints > DELETE /api/products/:id","products_test.spec.ts","",""
"","342","response contains order with items array","","Fri May 15 14:35:18 UTC 2026","passed","Fri May 15 14:35:18 UTC 2026","Order Endpoints > GET /api/orders/:id","orders_test.spec.ts","",""
"Navbar is visible on products page","560","navbarIsVisibleOnProductsPage","SQA Automation Lab — Selenium UI Suite","Fri May 15 14:41:40 UTC 2026","passed","Fri May 15 14:41:40 UTC 2026","com.sqa.ui.tests.NavigationTest","UI Tests","com.sqa.ui.tests.NavigationTest","navbarIsVisibleOnProductsPage"
"Verify get non-existent order returns 404","13","testGetNonExistentOrder","API Test Suite","Fri May 15 14:35:45 UTC 2026","passed","Fri May 15 14:35:45 UTC 2026","com.automationlab.tests.OrderTest","API Tests","com.automationlab.tests.OrderTest","testGetNonExistentOrder"
"Verify products can be filtered by category","40","testListProductsByCategory","API Test Suite","Fri May 15 14:35:43 UTC 2026","passed","Fri May 15 14:35:43 UTC 2026","com.automationlab.tests.ProductTest","API Tests","com.automationlab.tests.ProductTest","testListProductsByCategory"
"Verify user cannot get another user's order","42","testGetOtherUserOrder","API Test Suite","Fri May 15 14:35:45 UTC 2026","passed","Fri May 15 14:35:45 UTC 2026","com.automationlab.tests.OrderTest","API Tests","com.automationlab.tests.OrderTest","testGetOtherUserOrder"
"Verify delete user fails without authentication","19","testDeleteUserNoAuth","API Test Suite","Fri May 15 14:35:39 UTC 2026","passed","Fri May 15 14:35:39 UTC 2026","com.automationlab.tests.UserTest","API Tests","com.automationlab.tests.UserTest","testDeleteUserNoAuth"
"","836","Admin can set quantity before ordering","chromium","Fri May 15 14:36:48 UTC 2026","passed","Fri May 15 14:36:49 UTC 2026","Product Detail — Authenticated Admin","product_detail_test.spec.ts","",""
"Search should find products by name substring.","6","test_search_by_name","tests","Fri May 15 14:35:34 UTC 2026","passed","Fri May 15 14:35:34 UTC 2026","TestFilterProducts","products_test","",""
"","8","test_create_order_with_single_item","tests","Fri May 15 14:35:31 UTC 2026","passed","Fri May 15 14:35:31 UTC 2026","TestCreateOrder","orders_test","",""
"Sign out button is not visible when unauthenticated","459","signOutButtonIsNotVisibleWhenUnauthenticated","SQA Automation Lab — Selenium UI Suite","Fri May 15 14:42:34 UTC 2026","passed","Fri May 15 14:42:34 UTC 2026","com.sqa.ui.tests.NavigationTest","UI Tests","com.sqa.ui.tests.NavigationTest","signOutButtonIsNotVisibleWhenUnauthenticated"
"","71","returns correct user data for own user","","Fri May 15 14:35:30 UTC 2026","passed","Fri May 15 14:35:30 UTC 2026","User Endpoints > GET /api/users/:id","user_test.spec.ts","",""
"No auth should be required for viewing a single product.","3","test_get_product_is_public","tests","Fri May 15 14:35:34 UTC 2026","passed","Fri May 15 14:35:34 UTC 2026","TestGetProduct","products_test","",""
"","252","returns HTTP 401 without token","","Fri May 15 14:35:16 UTC 2026","passed","Fri May 15 14:35:16 UTC 2026","Order Endpoints > POST /api/orders","orders_test.spec.ts","",""
"","250","returns HTTP 401 without token","","Fri May 15 14:35:28 UTC 2026","passed","Fri May 15 14:35:28 UTC 2026","Product Endpoints > PUT /api/products/:id","products_test.spec.ts","",""
"Verify invalid endpoint returns 404","32","testInvalidEndpoint","API Test Suite","Fri May 15 14:35:35 UTC 2026","passed","Fri May 15 14:35:35 UTC 2026","com.automationlab.tests.HealthTest","API Tests","com.automationlab.tests.HealthTest","testInvalidEndpoint"
"","76","returns HTTP 200 for authenticated user","","Fri May 15 14:35:17 UTC 2026","passed","Fri May 15 14:35:17 UTC 2026","Order Endpoints > GET /api/orders","orders_test.spec.ts","",""
"","439","Brand link navigates to products page","chromium","Fri May 15 14:36:02 UTC 2026","passed","Fri May 15 14:36:02 UTC 2026","Navbar — Unauthenticated","navbar_test.spec.ts","",""
"Verify registration succeeds without first name (optional field)","111","testRegistrationMissingFirstName","API Test Suite","Fri May 15 14:35:37 UTC 2026","passed","Fri May 15 14:35:37 UTC 2026","com.automationlab.tests.AuthTest","API Tests","com.automationlab.tests.AuthTest","testRegistrationMissingFirstName"
"","2","test_login_without_password_returns_400","tests","Fri May 15 14:35:30 UTC 2026","passed","Fri May 15 14:35:30 UTC 2026","TestLogin","auth_test","",""
"Verify registration fails with missing password","15","testRegistrationMissingPassword","API Test Suite","Fri May 15 14:35:38 UTC 2026","passed","Fri May 15 14:35:38 UTC 2026","com.automationlab.tests.AuthTest","API Tests","com.automationlab.tests.AuthTest","testRegistrationMissingPassword"
"Verify non-admin cannot update product","11","testUpdateProductNonAdmin","API Test Suite","Fri May 15 14:35:43 UTC 2026","passed","Fri May 15 14:35:43 UTC 2026","com.automationlab.tests.ProductTest","API Tests","com.automationlab.tests.ProductTest","testUpdateProductNonAdmin"
"Verify product with zero stock can be created","26","testCreateProductZeroStock","API Test Suite","Fri May 15 14:35:42 UTC 2026","passed","Fri May 15 14:35:42 UTC 2026","com.automationlab.tests.ProductTest","API Tests","com.automationlab.tests.ProductTest","testCreateProductZeroStock"
"Verify product response includes timestamps","42","testGetProductIncludesTimestamps","API Test Suite","Fri May 15 14:35:42 UTC 2026","passed","Fri May 15 14:35:42 UTC 2026","com.automationlab.tests.ProductTest","API Tests","com.automationlab.tests.ProductTest","testGetProductIncludesTimestamps"
"After soft delete, product should not appear in public listing.","6","test_deleted_product_not_in_listing","tests","Fri May 15 14:35:35 UTC 2026","passed","Fri May 15 14:35:35 UTC 2026","TestDeleteProduct","products_test","",""
"","2","test_list_orders_without_auth_returns_401","tests","Fri May 15 14:35:32 UTC 2026","passed","Fri May 15 14:35:32 UTC 2026","TestListOrders","orders_test","",""
"","252","admin can update a product and receives HTTP 200","","Fri May 15 14:35:26 UTC 2026","passed","Fri May 15 14:35:27 UTC 2026","Product Endpoints > PUT /api/products/:id","products_test.spec.ts","",""
"Verify admin can update any user","30","testAdminUpdateAnyUser","API Test Suite","Fri May 15 14:35:39 UTC 2026","passed","Fri May 15 14:35:39 UTC 2026","com.automationlab.tests.UserTest","API Tests","com.automationlab.tests.UserTest","testAdminUpdateAnyUser"
"","2","test_create_product_without_auth_returns_401","tests","Fri May 15 14:35:35 UTC 2026","passed","Fri May 15 14:35:35 UTC 2026","TestCreateProduct","products_test","",""
"","384","wrong password stays on login page","chromium","Fri May 15 14:35:57 UTC 2026","passed","Fri May 15 14:35:58 UTC 2026","Login","login_test.spec.ts","",""
"Dashboard link is visible when authenticated","947","dashboardLinkIsVisibleWhenAuthenticated","SQA Automation Lab — Selenium UI Suite","Fri May 15 14:41:31 UTC 2026","passed","Fri May 15 14:41:32 UTC 2026","com.sqa.ui.tests.NavigationTest","UI Tests","com.sqa.ui.tests.NavigationTest","dashboardLinkIsVisibleWhenAuthenticated"
"","255","returns HTTP 200 for existing product","","Fri May 15 14:35:23 UTC 2026","passed","Fri May 15 14:35:24 UTC 2026","Product Endpoints > GET /api/products/:id","products_test.spec.ts","",""
"","38830","POST /api/auth/login - valid credentials","","Fri May 15 14:36:09 UTC 2026","passed","Fri May 15 14:36:48 UTC 2026","","k6 Performance Tests","",""
"","122","returns HTTP 201 on successful registration","","Fri May 15 14:35:12 UTC 2026","passed","Fri May 15 14:35:12 UTC 2026","Authentication Endpoints > POST /api/auth/register","auth_test.spec.ts","",""
"Verify delete non-existent user returns 404","17","testDeleteNonExistentUser","API Test Suite","Fri May 15 14:35:39 UTC 2026","passed","Fri May 15 14:35:39 UTC 2026","com.automationlab.tests.UserTest","API Tests","com.automationlab.tests.UserTest","testDeleteNonExistentUser"
"Verify create order fails with negative quantity","18","testCreateOrderNegativeQuantity","API Test Suite","Fri May 15 14:35:45 UTC 2026","passed","Fri May 15 14:35:45 UTC 2026","com.automationlab.tests.OrderTest","API Tests","com.automationlab.tests.OrderTest","testCreateOrderNegativeQuantity"
"","38774","GET /api/auth/me","","Fri May 15 14:36:11 UTC 2026","passed","Fri May 15 14:36:49 UTC 2026","","k6 Performance Tests","",""
"","766","Dashboard displays user email","chromium","Fri May 15 14:35:50 UTC 2026","passed","Fri May 15 14:35:51 UTC 2026","Dashboard — Authenticated Regular User","dashboard_test.spec.ts","",""
"","8","pagination metadata contains expected fields","","Fri May 15 14:35:23 UTC 2026","passed","Fri May 15 14:35:23 UTC 2026","Product Endpoints > GET /api/products","products_test.spec.ts","",""
"Password shorter than 6 characters shows validation error","11661","shortPasswordShowsValidationError","SQA Automation Lab — Selenium UI Suite","Fri May 15 14:37:56 UTC 2026","failed","Fri May 15 14:38:07 UTC 2026","com.sqa.ui.tests.RegisterTest","UI Tests","com.sqa.ui.tests.RegisterTest","shortPasswordShowsValidationError"
"","5","returns HTTP 401 without token","","Fri May 15 14:35:26 UTC 2026","passed","Fri May 15 14:35:26 UTC 2026","Product Endpoints > POST /api/products","products_test.spec.ts","",""
"","4","test_admin_can_update_stock","tests","Fri May 15 14:35:35 UTC 2026","passed","Fri May 15 14:35:35 UTC 2026","TestUpdateProduct","products_test","",""
"","2","test_create_order_with_zero_quantity_returns_400","tests","Fri May 15 14:35:32 UTC 2026","passed","Fri May 15 14:35:32 UTC 2026","TestCreateOrder","orders_test","",""
"","9","test_admin_can_view_any_order","tests","Fri May 15 14:35:33 UTC 2026","passed","Fri May 15 14:35:33 UTC 2026","TestGetOrder","orders_test","",""
"","329","returns HTTP 201 on successful order creation","","Fri May 15 14:35:14 UTC 2026","passed","Fri May 15 14:35:14 UTC 2026","Order Endpoints > POST /api/orders","orders_test.spec.ts","",""
"Status filter cancelled shows filtered results or empty state — AUT Bug C","885","statusFilterCancelledShowsFilteredResultsOrEmptyState","SQA Automation Lab — Selenium UI Suite","Fri May 15 14:40:30 UTC 2026","passed","Fri May 15 14:40:31 UTC 2026","com.sqa.ui.tests.OrdersTest","UI Tests","com.sqa.ui.tests.OrdersTest","statusFilterCancelledShowsFilteredResultsOrEmptyState"
"","267","returns HTTP 400 for negative price","","Fri May 15 14:35:26 UTC 2026","passed","Fri May 15 14:35:26 UTC 2026","Product Endpoints > POST /api/products","products_test.spec.ts","",""
"Verify create product fails with missing price","15","testCreateProductMissingPrice","API Test Suite","Fri May 15 14:35:42 UTC 2026","passed","Fri May 15 14:35:42 UTC 2026","com.automationlab.tests.ProductTest","API Tests","com.automationlab.tests.ProductTest","testCreateProductMissingPrice"
"","5","returns HTTP 401 without token","","Fri May 15 14:35:14 UTC 2026","passed","Fri May 15 14:35:14 UTC 2026","Authentication Endpoints > POST /api/auth/logout","auth_test.spec.ts","",""
"Verify update non-existent product returns 404","17","testUpdateNonExistentProduct","API Test Suite","Fri May 15 14:35:43 UTC 2026","passed","Fri May 15 14:35:43 UTC 2026","com.automationlab.tests.ProductTest","API Tests","com.automationlab.tests.ProductTest","testUpdateNonExistentProduct"
"","133","returns HTTP 401 for wrong password","","Fri May 15 14:35:13 UTC 2026","passed","Fri May 15 14:35:14 UTC 2026","Authentication Endpoints > POST /api/auth/login","auth_test.spec.ts","",""
"Product card link navigates to product detail page","1297","productCardLinkNavigatesToProductDetailPage","SQA Automation Lab — Selenium UI Suite","Fri May 15 14:38:56 UTC 2026","passed","Fri May 15 14:38:58 UTC 2026","com.sqa.ui.tests.ProductsTest","UI Tests","com.sqa.ui.tests.ProductsTest","productCardLinkNavigatesToProductDetailPage"
"","38129","PUT /api/products/:id","","Fri May 15 14:37:35 UTC 2026","passed","Fri May 15 14:38:13 UTC 2026","","k6 Performance Tests","",""
"","328","returns HTTP 401 without token","","Fri May 15 14:35:22 UTC 2026","passed","Fri May 15 14:35:22 UTC 2026","Order Endpoints > DELETE /api/orders/:id","orders_test.spec.ts","",""
"Browse Products link navigates to products page","1594","browseProductsLinkNavigatesToProductsPage","SQA Automation Lab — Selenium UI Suite","Fri May 15 14:40:43 UTC 2026","passed","Fri May 15 14:40:44 UTC 2026","com.sqa.ui.tests.DashboardTest","UI Tests","com.sqa.ui.tests.DashboardTest","browseProductsLinkNavigatesToProductsPage"
"","73","returns HTTP 200 with valid token","","Fri May 15 14:35:14 UTC 2026","passed","Fri May 15 14:35:14 UTC 2026","Authentication Endpoints > GET /api/auth/me","auth_test.spec.ts","",""
"","837","Admin orders page displays heading","chromium","Fri May 15 14:36:16 UTC 2026","passed","Fri May 15 14:36:17 UTC 2026","Orders — Authenticated Admin","orders_test.spec.ts","",""
"","785","Dashboard link is visible","chromium","Fri May 15 14:36:05 UTC 2026","passed","Fri May 15 14:36:06 UTC 2026","Navbar — Authenticated Admin","navbar_test.spec.ts","",""
"","2","test_health_returns_200","tests","Fri May 15 14:35:31 UTC 2026","passed","Fri May 15 14:35:31 UTC 2026","TestHealthEndpoint","health_test","",""
"","63","test_login_with_valid_credentials","tests","Fri May 15 14:35:30 UTC 2026","passed","Fri May 15 14:35:30 UTC 2026","TestLogin","auth_test","",""
"Verify create order fails with non-existent product","20","testCreateOrderNonExistentProduct","API Test Suite","Fri May 15 14:35:45 UTC 2026","passed","Fri May 15 14:35:45 UTC 2026","com.automationlab.tests.OrderTest","API Tests","com.automationlab.tests.OrderTest","testCreateOrderNonExistentProduct"
"","81","response body conforms to auth response schema","","Fri May 15 14:35:13 UTC 2026","passed","Fri May 15 14:35:13 UTC 2026","Authentication Endpoints > POST /api/auth/register","auth_test.spec.ts","",""
"","39235","GET /api/users/:id - unauthorized (different user)","","Fri May 15 14:36:51 UTC 2026","passed","Fri May 15 14:37:31 UTC 2026","","k6 Performance Tests","",""
"","3","test_update_with_empty_body_returns_400","tests","Fri May 15 14:35:36 UTC 2026","passed","Fri May 15 14:35:36 UTC 2026","TestUpdateUser","user_test","",""
"","2","test_user_cannot_delete_other_user","tests","Fri May 15 14:35:36 UTC 2026","passed","Fri May 15 14:35:36 UTC 2026","TestDeleteUser","user_test","",""
"Valid credentials redirect to dashboard","1447","validCredentialsRedirectToDashboard","SQA Automation Lab — Selenium UI Suite","Fri May 15 14:36:36 UTC 2026","passed","Fri May 15 14:36:38 UTC 2026","com.sqa.ui.tests.LoginTest","UI Tests","com.sqa.ui.tests.LoginTest","validCredentialsRedirectToDashboard"
"","292","updated product fields are returned in response","","Fri May 15 14:35:27 UTC 2026","passed","Fri May 15 14:35:27 UTC 2026","Product Endpoints > PUT /api/products/:id","products_test.spec.ts","",""
"","321","total_amount is calculated correctly","","Fri May 15 14:35:15 UTC 2026","passed","Fri May 15 14:35:15 UTC 2026","Order Endpoints > POST /api/orders","orders_test.spec.ts","",""
"Dashboard page displays heading","1808","dashboardPageDisplaysHeading","SQA Automation Lab — Selenium UI Suite","Fri May 15 14:41:02 UTC 2026","passed","Fri May 15 14:41:04 UTC 2026","com.sqa.ui.tests.DashboardTest","UI Tests","com.sqa.ui.tests.DashboardTest","dashboardPageDisplaysHeading"
"Register link is not visible when authenticated","1262","registerLinkIsNotVisibleWhenAuthenticated","SQA Automation Lab — Selenium UI Suite","Fri May 15 14:42:05 UTC 2026","passed","Fri May 15 14:42:06 UTC 2026","com.sqa.ui.tests.NavigationTest","UI Tests","com.sqa.ui.tests.NavigationTest","registerLinkIsNotVisibleWhenAuthenticated"
"Authenticated user sees product cards","1650","authenticatedUserSeesProductCards","SQA Automation Lab — Selenium UI Suite","Fri May 15 14:38:34 UTC 2026","passed","Fri May 15 14:38:35 UTC 2026","com.sqa.ui.tests.ProductsTest","UI Tests","com.sqa.ui.tests.ProductsTest","authenticatedUserSeesProductCards"
"Recent orders table displays when orders exist","1754","recentOrdersTableDisplaysWhenOrdersExist","SQA Automation Lab — Selenium UI Suite","Fri May 15 14:41:07 UTC 2026","passed","Fri May 15 14:41:08 UTC 2026","com.sqa.ui.tests.DashboardTest","UI Tests","com.sqa.ui.tests.DashboardTest","recentOrdersTableDisplaysWhenOrdersExist"
"Verify products list only returns active products","39","testListOnlyActiveProducts","API Test Suite","Fri May 15 14:35:42 UTC 2026","passed","Fri May 15 14:35:43 UTC 2026","com.automationlab.tests.ProductTest","API Tests","com.automationlab.tests.ProductTest","testListOnlyActiveProducts"
"Verify registration fails with invalid email format","21","testRegistrationInvalidEmail","API Test Suite","Fri May 15 14:35:37 UTC 2026","passed","Fri May 15 14:35:37 UTC 2026","com.automationlab.tests.AuthTest","API Tests","com.automationlab.tests.AuthTest","testRegistrationInvalidEmail"
"","849","Admin pagination next button advances to page 2","chromium","Fri May 15 14:36:28 UTC 2026","passed","Fri May 15 14:36:28 UTC 2026","Orders — Authenticated Admin","orders_test.spec.ts","",""
"Search with no matches shows no products found message","1450","searchWithNoMatchesShowsNoProductsFoundMessage","SQA Automation Lab — Selenium UI Suite","Fri May 15 14:39:14 UTC 2026","passed","Fri May 15 14:39:16 UTC 2026","com.sqa.ui.tests.ProductsTest","UI Tests","com.sqa.ui.tests.ProductsTest","searchWithNoMatchesShowsNoProductsFoundMessage"
"Valid login renders authenticated navbar state","1583","validLoginRendersAuthenticatedNavbarState","SQA Automation Lab — Selenium UI Suite","Fri May 15 14:36:40 UTC 2026","passed","Fri May 15 14:36:42 UTC 2026","com.sqa.ui.tests.LoginTest","UI Tests","com.sqa.ui.tests.LoginTest","validLoginRendersAuthenticatedNavbarState"
"","266","Product detail page displays product price","chromium","Fri May 15 14:36:45 UTC 2026","passed","Fri May 15 14:36:45 UTC 2026","Product Detail — Unauthenticated","product_detail_test.spec.ts","",""
"","898","User can place order successfully","chromium","Fri May 15 14:36:50 UTC 2026","passed","Fri May 15 14:36:50 UTC 2026","Product Detail — Authenticated User","product_detail_test.spec.ts","",""
"Verify user can list their own orders","36","testListUserOrders","API Test Suite","Fri May 15 14:35:45 UTC 2026","passed","Fri May 15 14:35:46 UTC 2026","com.automationlab.tests.OrderTest","API Tests","com.automationlab.tests.OrderTest","testListUserOrders"
"Verify users list only returns active users","125","testListOnlyActiveUsers","API Test Suite","Fri May 15 14:35:40 UTC 2026","passed","Fri May 15 14:35:40 UTC 2026","com.automationlab.tests.UserTest","API Tests","com.automationlab.tests.UserTest","testListOnlyActiveUsers"
"Product detail page displays product name","314","productDetailPageDisplaysProductName","SQA Automation Lab — Selenium UI Suite","Fri May 15 14:39:44 UTC 2026","failed","Fri May 15 14:39:44 UTC 2026","com.sqa.ui.tests.ProductDetailTest","UI Tests","com.sqa.ui.tests.ProductDetailTest","productDetailPageDisplaysProductName"
"","6","returns HTTP 200","","Fri May 15 14:35:14 UTC 2026","passed","Fri May 15 14:35:14 UTC 2026","Health Endpoints > GET /","health_test.spec.ts","",""
"","329","Products link is visible","chromium","Fri May 15 14:36:00 UTC 2026","passed","Fri May 15 14:36:00 UTC 2026","Navbar — Unauthenticated","navbar_test.spec.ts","",""
"","2","test_get_current_user_without_token_returns_401","tests","Fri May 15 14:35:31 UTC 2026","passed","Fri May 15 14:35:31 UTC 2026","TestCurrentUser","auth_test","",""
"Verify multiple consecutive health checks return consistent status","260","testHealthEndpointConsistency","API Test Suite","Fri May 15 14:35:35 UTC 2026","passed","Fri May 15 14:35:35 UTC 2026","com.automationlab.tests.HealthTest","API Tests","com.automationlab.tests.HealthTest","testHealthEndpointConsistency"
"","313","admin can retrieve any user","","Fri May 15 14:35:30 UTC 2026","passed","Fri May 15 14:35:31 UTC 2026","User Endpoints > GET /api/users/:id","user_test.spec.ts","",""
"","2","test_get_product_invalid_id_returns_400","tests","Fri May 15 14:35:34 UTC 2026","passed","Fri May 15 14:35:35 UTC 2026","TestGetProduct","products_test","",""
"","3","test_login_with_nonexistent_email_returns_401","tests","Fri May 15 14:35:30 UTC 2026","passed","Fri May 15 14:35:30 UTC 2026","TestLogin","auth_test","",""
"Verify registered user is active by default","260","testRegistrationDefaultActiveStatus","API Test Suite","Fri May 15 14:35:37 UTC 2026","passed","Fri May 15 14:35:37 UTC 2026","com.automationlab.tests.AuthTest","API Tests","com.automationlab.tests.AuthTest","testRegistrationDefaultActiveStatus"
"Verify get non-existent product returns 404","19","testGetNonExistentProduct","API Test Suite","Fri May 15 14:35:42 UTC 2026","passed","Fri May 15 14:35:42 UTC 2026","com.automationlab.tests.ProductTest","API Tests","com.automationlab.tests.ProductTest","testGetNonExistentProduct"
"","38210","GET /api/orders/:id","","Fri May 15 14:38:15 UTC 2026","passed","Fri May 15 14:38:53 UTC 2026","","k6 Performance Tests","",""
"","344","returns HTTP 403 for non-admin authenticated user","","Fri May 15 14:35:21 UTC 2026","passed","Fri May 15 14:35:21 UTC 2026","Order Endpoints > PATCH /api/orders/:id/status","orders_test.spec.ts","",""
"","1","setup","","Fri May 15 14:37:32 UTC 2026","passed","Fri May 15 14:37:32 UTC 2026","","k6 Performance Tests","",""
"Verify search is case-insensitive","36","testSearchProductsCaseInsensitive","API Test Suite","Fri May 15 14:35:43 UTC 2026","passed","Fri May 15 14:35:43 UTC 2026","com.automationlab.tests.ProductTest","API Tests","com.automationlab.tests.ProductTest","testSearchProductsCaseInsensitive"
"Invalid email format shows validation error — AUT Bug B","11310","invalidEmailFormatShowsValidationError","SQA Automation Lab — Selenium UI Suite","Fri May 15 14:37:38 UTC 2026","failed","Fri May 15 14:37:49 UTC 2026","com.sqa.ui.tests.RegisterTest","UI Tests","com.sqa.ui.tests.RegisterTest","invalidEmailFormatShowsValidationError"
"","3","test_list_users_invalid_page_returns_400","tests","Fri May 15 14:35:35 UTC 2026","passed","Fri May 15 14:35:35 UTC 2026","TestListUsers","user_test","",""
"Verify user can soft delete their own account","153","testDeleteOwnUser","API Test Suite","Fri May 15 14:35:39 UTC 2026","passed","Fri May 15 14:35:39 UTC 2026","com.automationlab.tests.UserTest","API Tests","com.automationlab.tests.UserTest","testDeleteOwnUser"
"","2","test_register_with_short_password_returns_400","tests","Fri May 15 14:35:30 UTC 2026","passed","Fri May 15 14:35:30 UTC 2026","TestRegistration","auth_test","",""
"Verify create product fails with negative price","14","testCreateProductNegativePrice","API Test Suite","Fri May 15 14:35:42 UTC 2026","passed","Fri May 15 14:35:42 UTC 2026","com.automationlab.tests.ProductTest","API Tests","com.automationlab.tests.ProductTest","testCreateProductNegativePrice"
"","311","admin can delete any user","","Fri May 15 14:35:32 UTC 2026","passed","Fri May 15 14:35:32 UTC 2026","User Endpoints > DELETE /api/users/:id","user_test.spec.ts","",""
"","756","Sign out button is visible","chromium","Fri May 15 14:36:10 UTC 2026","passed","Fri May 15 14:36:11 UTC 2026","Navbar — Authenticated Regular User","navbar_test.spec.ts","",""
"Dashboard displays user email","1684","dashboardDisplaysUserEmail","SQA Automation Lab — Selenium UI Suite","Fri May 15 14:40:48 UTC 2026","passed","Fri May 15 14:40:49 UTC 2026","com.sqa.ui.tests.DashboardTest","UI Tests","com.sqa.ui.tests.DashboardTest","dashboardDisplaysUserEmail"
"","38129","POST /api/products - unauthorized (non-admin)","","Fri May 15 14:37:34 UTC 2026","passed","Fri May 15 14:38:12 UTC 2026","","k6 Performance Tests","",""
"","864","Admin sees product cards","chromium","Fri May 15 14:36:57 UTC 2026","passed","Fri May 15 14:36:58 UTC 2026","Products — Authenticated Admin","products_test.spec.ts","",""
"Verify user cannot update another user's profile","17","testUpdateOtherUserForbidden","API Test Suite","Fri May 15 14:35:40 UTC 2026","passed","Fri May 15 14:35:40 UTC 2026","com.automationlab.tests.UserTest","API Tests","com.automationlab.tests.UserTest","testUpdateOtherUserForbidden"
"","4","test_update_sets_updated_at","tests","Fri May 15 14:35:35 UTC 2026","passed","Fri May 15 14:35:35 UTC 2026","TestUpdateProduct","products_test","",""
"Verify authenticated user can create an order","66","testCreateOrder","API Test Suite","Fri May 15 14:35:46 UTC 2026","passed","Fri May 15 14:35:46 UTC 2026","com.automationlab.tests.OrderTest","API Tests","com.automationlab.tests.OrderTest","testCreateOrder"
"","771","Recent orders section displays order rows","chromium","Fri May 15 14:35:46 UTC 2026","passed","Fri May 15 14:35:47 UTC 2026","Dashboard — Authenticated Admin","dashboard_test.spec.ts","",""
"","3","test_create_product_returns_id","tests","Fri May 15 14:35:35 UTC 2026","passed","Fri May 15 14:35:35 UTC 2026","TestCreateProduct","products_test","",""
"Dashboard displays user role","1743","dashboardDisplaysUserRole","SQA Automation Lab — Selenium UI Suite","Fri May 15 14:40:57 UTC 2026","passed","Fri May 15 14:40:59 UTC 2026","com.sqa.ui.tests.DashboardTest","UI Tests","com.sqa.ui.tests.DashboardTest","dashboardDisplaysUserRole"
"","5","returns HTTP 400 when password is missing","","Fri May 15 14:35:14 UTC 2026","passed","Fri May 15 14:35:14 UTC 2026","Authentication Endpoints > POST /api/auth/login","auth_test.spec.ts","",""
"Verify login fails with missing email","31","testLoginMissingEmail","API Test Suite","Fri May 15 14:35:37 UTC 2026","passed","Fri May 15 14:35:37 UTC 2026","com.automationlab.tests.AuthTest","API Tests","com.automationlab.tests.AuthTest","testLoginMissingEmail"
"Products link navigates to products page","552","productsLinkNavigatesToProductsPage","SQA Automation Lab — Selenium UI Suite","Fri May 15 14:42:01 UTC 2026","passed","Fri May 15 14:42:01 UTC 2026","com.sqa.ui.tests.NavigationTest","UI Tests","com.sqa.ui.tests.NavigationTest","productsLinkNavigatesToProductsPage"
"Verify anyone can get product details without authentication","40","testGetProductPublic","API Test Suite","Fri May 15 14:35:42 UTC 2026","passed","Fri May 15 14:35:42 UTC 2026","com.automationlab.tests.ProductTest","API Tests","com.automationlab.tests.ProductTest","testGetProductPublic"
"","3","test_create_product_with_minimum_fields","tests","Fri May 15 14:35:35 UTC 2026","passed","Fri May 15 14:35:35 UTC 2026","TestCreateProduct","products_test","",""
"","3","test_admin_can_view_any_user","tests","Fri May 15 14:35:35 UTC 2026","passed","Fri May 15 14:35:35 UTC 2026","TestGetUser","user_test","",""
"Verify user can update multiple fields simultaneously","79","testUpdateMultipleFields","API Test Suite","Fri May 15 14:35:40 UTC 2026","passed","Fri May 15 14:35:40 UTC 2026","com.automationlab.tests.UserTest","API Tests","com.automationlab.tests.UserTest","testUpdateMultipleFields"
"","10","test_admin_can_cancel_any_pending_order","tests","Fri May 15 14:35:34 UTC 2026","passed","Fri May 15 14:35:34 UTC 2026","TestCancelOrder","orders_test","",""
"","94","test_register_new_user","tests","Fri May 15 14:35:29 UTC 2026","passed","Fri May 15 14:35:29 UTC 2026","TestRegistration","auth_test","",""
"","795","valid credentials redirect to products page","chromium","Fri May 15 14:35:54 UTC 2026","passed","Fri May 15 14:35:55 UTC 2026","Login","login_test.spec.ts","",""
"Verify created product returns ID","37","testCreateProductReturnsId","API Test Suite","Fri May 15 14:35:42 UTC 2026","passed","Fri May 15 14:35:42 UTC 2026","com.automationlab.tests.ProductTest","API Tests","com.automationlab.tests.ProductTest","testCreateProductReturnsId"
"Invalid product ID renders error state","356","invalidProductIdRendersErrorState","SQA Automation Lab — Selenium UI Suite","Fri May 15 14:39:32 UTC 2026","failed","Fri May 15 14:39:33 UTC 2026","com.sqa.ui.tests.ProductDetailTest","UI Tests","com.sqa.ui.tests.ProductDetailTest","invalidProductIdRendersErrorState"
"","259","returns HTTP 404 for non-existent product","","Fri May 15 14:35:27 UTC 2026","passed","Fri May 15 14:35:28 UTC 2026","Product Endpoints > PUT /api/products/:id","products_test.spec.ts","",""
"","8","test_status_update_changes_updated_at","tests","Fri May 15 14:35:33 UTC 2026","passed","Fri May 15 14:35:33 UTC 2026","TestUpdateOrderStatus","orders_test","",""
"","37961","Step 4: View product detail","","Fri May 15 14:38:59 UTC 2026","passed","Fri May 15 14:39:37 UTC 2026","","k6 Performance Tests","",""
"Product detail page displays category","385","productDetailPageDisplaysCategory","SQA Automation Lab — Selenium UI Suite","Fri May 15 14:39:40 UTC 2026","passed","Fri May 15 14:39:41 UTC 2026","com.sqa.ui.tests.ProductDetailTest","UI Tests","com.sqa.ui.tests.ProductDetailTest","productDetailPageDisplaysCategory"
"Verify order response includes timestamps","34","testGetOrderIncludesTimestamps","API Test Suite","Fri May 15 14:35:45 UTC 2026","passed","Fri May 15 14:35:45 UTC 2026","com.automationlab.tests.OrderTest","API Tests","com.automationlab.tests.OrderTest","testGetOrderIncludesTimestamps"
"Verify user can cancel their own pending order","52","testCancelOwnOrder","API Test Suite","Fri May 15 14:35:45 UTC 2026","passed","Fri May 15 14:35:45 UTC 2026","com.automationlab.tests.OrderTest","API Tests","com.automationlab.tests.OrderTest","testCancelOwnOrder"
"","67","test_register_returns_user_details","tests","Fri May 15 14:35:29 UTC 2026","passed","Fri May 15 14:35:30 UTC 2026","TestRegistration","auth_test","",""
"Back to products link navigates to products page","1334","backToProductsLinkNavigatesToProductsPage","SQA Automation Lab — Selenium UI Suite","Fri May 15 14:39:28 UTC 2026","passed","Fri May 15 14:39:29 UTC 2026","com.sqa.ui.tests.ProductDetailTest","UI Tests","com.sqa.ui.tests.ProductDetailTest","backToProductsLinkNavigatesToProductsPage"
"Verify get current user fails without token","21","testGetCurrentUserNoToken","API Test Suite","Fri May 15 14:35:36 UTC 2026","passed","Fri May 15 14:35:36 UTC 2026","com.automationlab.tests.AuthTest","API Tests","com.automationlab.tests.AuthTest","testGetCurrentUserNoToken"
"","820","Dashboard displays user email","chromium","Fri May 15 14:35:43 UTC 2026","passed","Fri May 15 14:35:44 UTC 2026","Dashboard — Authenticated Admin","dashboard_test.spec.ts","",""
"","873","User status filter cancelled shows filtered results or empty state","chromium","Fri May 15 14:36:40 UTC 2026","passed","Fri May 15 14:36:41 UTC 2026","Orders — Authenticated User","orders_test.spec.ts","",""
"","345","Dashboard link is not visible","chromium","Fri May 15 14:36:01 UTC 2026","passed","Fri May 15 14:36:01 UTC 2026","Navbar — Unauthenticated","navbar_test.spec.ts","",""
"","5","returns HTTP 401 without token","","Fri May 15 14:35:19 UTC 2026","passed","Fri May 15 14:35:19 UTC 2026","Order Endpoints > GET /api/orders/:id","orders_test.spec.ts","",""
"Verify health check works with GET method","19","testHealthEndpointGetMethod","API Test Suite","Fri May 15 14:35:35 UTC 2026","passed","Fri May 15 14:35:35 UTC 2026","com.automationlab.tests.HealthTest","API Tests","com.automationlab.tests.HealthTest","testHealthEndpointGetMethod"
"","351","invalid email format stays on login page","chromium","Fri May 15 14:35:57 UTC 2026","passed","Fri May 15 14:35:57 UTC 2026","Login","login_test.spec.ts","",""
"","2","test_list_users_limit_exceeds_max_returns_400","tests","Fri May 15 14:35:35 UTC 2026","passed","Fri May 15 14:35:35 UTC 2026","TestListUsers","user_test","",""
"","340","Sign-out button is not visible","chromium","Fri May 15 14:36:01 UTC 2026","passed","Fri May 15 14:36:02 UTC 2026","Navbar — Unauthenticated","navbar_test.spec.ts","",""
"","1","setup","","Fri May 15 14:36:50 UTC 2026","passed","Fri May 15 14:36:50 UTC 2026","","k6 Performance Tests","",""
"Authenticated user can set quantity before ordering","1381","authenticatedUserCanSetQuantityBeforeOrdering","SQA Automation Lab — Selenium UI Suite","Fri May 15 14:39:23 UTC 2026","failed","Fri May 15 14:39:25 UTC 2026","com.sqa.ui.tests.ProductDetailTest","UI Tests","com.sqa.ui.tests.ProductDetailTest","authenticatedUserCanSetQuantityBeforeOrdering"
"","403","returns HTTP 403 when cancelling another users order","","Fri May 15 14:35:22 UTC 2026","passed","Fri May 15 14:35:23 UTC 2026","Order Endpoints > DELETE /api/orders/:id","orders_test.spec.ts","",""
"","37962","Step 6: Check order status","","Fri May 15 14:39:01 UTC 2026","passed","Fri May 15 14:39:39 UTC 2026","","k6 Performance Tests","",""
"","252","returns correct product data","","Fri May 15 14:35:24 UTC 2026","passed","Fri May 15 14:35:24 UTC 2026","Product Endpoints > GET /api/products/:id","products_test.spec.ts","",""
"Attempt to update email to one already in use.","4","test_update_with_duplicate_email_returns_409","tests","Fri May 15 14:35:36 UTC 2026","passed","Fri May 15 14:35:36 UTC 2026","TestUpdateUser","user_test","",""
"","7","response body conforms to health schema","","Fri May 15 14:35:14 UTC 2026","passed","Fri May 15 14:35:14 UTC 2026","Health Endpoints > GET /health","health_test.spec.ts","",""
"","3","test_get_user_returns_full_profile","tests","Fri May 15 14:35:35 UTC 2026","passed","Fri May 15 14:35:35 UTC 2026","TestGetUser","user_test","",""
"","781","Orders link navigates to orders page","chromium","Fri May 15 14:36:14 UTC 2026","passed","Fri May 15 14:36:15 UTC 2026","Navbar — Authenticated Regular User","navbar_test.spec.ts","",""
"","325","user can cancel a pending order and receives HTTP 200","","Fri May 15 14:35:21 UTC 2026","passed","Fri May 15 14:35:22 UTC 2026","Order Endpoints > DELETE /api/orders/:id","orders_test.spec.ts","",""
"Verify user cannot cancel another user's order","50","testCancelOtherUserOrder","API Test Suite","Fri May 15 14:35:45 UTC 2026","passed","Fri May 15 14:35:45 UTC 2026","com.automationlab.tests.OrderTest","API Tests","com.automationlab.tests.OrderTest","testCancelOtherUserOrder"
"","3","test_get_nonexistent_order_returns_404","tests","Fri May 15 14:35:33 UTC 2026","passed","Fri May 15 14:35:33 UTC 2026","TestGetOrder","orders_test","",""
"Verify create order fails with empty items array","16","testCreateOrderEmptyItems","API Test Suite","Fri May 15 14:35:45 UTC 2026","passed","Fri May 15 14:35:45 UTC 2026","com.automationlab.tests.OrderTest","API Tests","com.automationlab.tests.OrderTest","testCreateOrderEmptyItems"
"","2","test_register_with_empty_body_returns_400","tests","Fri May 15 14:35:30 UTC 2026","passed","Fri May 15 14:35:30 UTC 2026","TestRegistration","auth_test","",""
"Orders page displays heading","898","ordersPageDisplaysHeading","SQA Automation Lab — Selenium UI Suite","Fri May 15 14:40:16 UTC 2026","passed","Fri May 15 14:40:17 UTC 2026","com.sqa.ui.tests.OrdersTest","UI Tests","com.sqa.ui.tests.OrdersTest","ordersPageDisplaysHeading"
"Duplicate email shows error message","1639","duplicateEmailShowsErrorMessage","SQA Automation Lab — Selenium UI Suite","Fri May 15 14:36:50 UTC 2026","passed","Fri May 15 14:36:52 UTC 2026","com.sqa.ui.tests.RegisterTest","UI Tests","com.sqa.ui.tests.RegisterTest","duplicateEmailShowsErrorMessage"
"","5","returns HTTP 400 for non-numeric product id","","Fri May 15 14:35:24 UTC 2026","passed","Fri May 15 14:35:24 UTC 2026","Product Endpoints > GET /api/products/:id","products_test.spec.ts","",""
"","787","Register link is not visible","chromium","Fri May 15 14:36:07 UTC 2026","passed","Fri May 15 14:36:07 UTC 2026","Navbar — Authenticated Admin","navbar_test.spec.ts","",""
"","4","test_update_nonexistent_product_returns_404","tests","Fri May 15 14:35:35 UTC 2026","passed","Fri May 15 14:35:35 UTC 2026","TestUpdateProduct","products_test","",""
"","266","Product detail page displays category","chromium","Fri May 15 14:36:45 UTC 2026","passed","Fri May 15 14:36:45 UTC 2026","Product Detail — Unauthenticated","product_detail_test.spec.ts","",""
"","308","register link navigates to register page","chromium","Fri May 15 14:35:58 UTC 2026","passed","Fri May 15 14:35:58 UTC 2026","Login","login_test.spec.ts","",""
"Verify users list supports pagination","60","testListUsersPagination","API Test Suite","Fri May 15 14:35:40 UTC 2026","passed","Fri May 15 14:35:40 UTC 2026","com.automationlab.tests.UserTest","API Tests","com.automationlab.tests.UserTest","testListUsersPagination"
"Empty first name shows validation error — AUT Bug C","11647","emptyFirstNameShowsValidationError","SQA Automation Lab — Selenium UI Suite","Fri May 15 14:37:09 UTC 2026","failed","Fri May 15 14:37:21 UTC 2026","com.sqa.ui.tests.RegisterTest","UI Tests","com.sqa.ui.tests.RegisterTest","emptyFirstNameShowsValidationError"
"","8","test_admin_can_update_status_to_delivered","tests","Fri May 15 14:35:33 UTC 2026","passed","Fri May 15 14:35:33 UTC 2026","TestUpdateOrderStatus","orders_test","",""
"Verify root endpoint lists available endpoints","75","testRootEndpointListsEndpoints","API Test Suite","Fri May 15 14:35:35 UTC 2026","passed","Fri May 15 14:35:36 UTC 2026","com.automationlab.tests.HealthTest","API Tests","com.automationlab.tests.HealthTest","testRootEndpointListsEndpoints"
"Verify update user updates the updated_at timestamp","1068","testUpdateUserUpdatesTimestamp","API Test Suite","Fri May 15 14:35:40 UTC 2026","passed","Fri May 15 14:35:41 UTC 2026","com.automationlab.tests.UserTest","API Tests","com.automationlab.tests.UserTest","testUpdateUserUpdatesTimestamp"
"Dashboard displays user name","1700","dashboardDisplaysUserName","SQA Automation Lab — Selenium UI Suite","Fri May 15 14:40:52 UTC 2026","passed","Fri May 15 14:40:54 UTC 2026","com.sqa.ui.tests.DashboardTest","UI Tests","com.sqa.ui.tests.DashboardTest","dashboardDisplaysUserName"
"","9","test_admin_can_update_status_to_shipped","tests","Fri May 15 14:35:33 UTC 2026","passed","Fri May 15 14:35:33 UTC 2026","TestUpdateOrderStatus","orders_test","",""
"","9","products in listing include expected fields","","Fri May 15 14:35:23 UTC 2026","passed","Fri May 15 14:35:23 UTC 2026","Product Endpoints > GET /api/products","products_test.spec.ts","",""
"","74","returns HTTP 400 for invalid page parameter","","Fri May 15 14:35:30 UTC 2026","passed","Fri May 15 14:35:30 UTC 2026","User Endpoints > GET /api/users","user_test.spec.ts","",""
"","825","Sign-out clears session and redirects to login","chromium","Fri May 15 14:36:09 UTC 2026","passed","Fri May 15 14:36:10 UTC 2026","Navbar — Authenticated Admin","navbar_test.spec.ts","",""
"Verify new order has default pending status","34","testCreateOrderDefaultStatus","API Test Suite","Fri May 15 14:35:45 UTC 2026","passed","Fri May 15 14:35:45 UTC 2026","com.automationlab.tests.OrderTest","API Tests","com.automationlab.tests.OrderTest","testCreateOrderDefaultStatus"
"","4","test_delete_nonexistent_user_returns_404","tests","Fri May 15 14:35:36 UTC 2026","passed","Fri May 15 14:35:36 UTC 2026","TestDeleteUser","user_test","",""
"Verify root endpoint returns app information","52","testRootEndpoint","API Test Suite","Fri May 15 14:35:36 UTC 2026","passed","Fri May 15 14:35:36 UTC 2026","com.automationlab.tests.HealthTest","API Tests","com.automationlab.tests.HealthTest","testRootEndpoint"
"Clear button resets search results","1489","clearButtonResetsSearchResults","SQA Automation Lab — Selenium UI Suite","Fri May 15 14:38:43 UTC 2026","passed","Fri May 15 14:38:44 UTC 2026","com.sqa.ui.tests.ProductsTest","UI Tests","com.sqa.ui.tests.ProductsTest","clearButtonResetsSearchResults"
"","78","page navigation does not return overlapping results","","Fri May 15 14:35:30 UTC 2026","passed","Fri May 15 14:35:30 UTC 2026","User Endpoints > GET /api/users","user_test.spec.ts","",""
"","767","Sign-out redirects to login page","chromium","Fri May 15 14:35:53 UTC 2026","passed","Fri May 15 14:35:54 UTC 2026","Dashboard — Authenticated Regular User","dashboard_test.spec.ts","",""
"Sign in link is visible when unauthenticated","451","signInLinkIsVisibleWhenUnauthenticated","SQA Automation Lab — Selenium UI Suite","Fri May 15 14:42:22 UTC 2026","passed","Fri May 15 14:42:22 UTC 2026","com.sqa.ui.tests.NavigationTest","UI Tests","com.sqa.ui.tests.NavigationTest","signInLinkIsVisibleWhenUnauthenticated"
"","1","setup","","Fri May 15 14:38:14 UTC 2026","passed","Fri May 15 14:38:14 UTC 2026","","k6 Performance Tests","",""
"","37962","Step 2: Login","","Fri May 15 14:38:57 UTC 2026","passed","Fri May 15 14:39:35 UTC 2026","","k6 Performance Tests","",""
"","71","password field is not included in user response object","","Fri May 15 14:35:13 UTC 2026","passed","Fri May 15 14:35:13 UTC 2026","Authentication Endpoints > POST /api/auth/register","auth_test.spec.ts","",""
"","571","Valid registration renders authenticated navbar state","chromium","Fri May 15 14:37:03 UTC 2026","passed","Fri May 15 14:37:03 UTC 2026","Register","register_test.spec.ts","",""
"","844","Admin order error message shown on invalid product","chromium","Fri May 15 14:36:49 UTC 2026","passed","Fri May 15 14:36:49 UTC 2026","Product Detail — Authenticated Admin","product_detail_test.spec.ts","",""
"","247","returns HTTP 400 for negative stock quantity","","Fri May 15 14:35:26 UTC 2026","passed","Fri May 15 14:35:26 UTC 2026","Product Endpoints > POST /api/products","products_test.spec.ts","",""
"","65","test_register_with_minimum_fields","tests","Fri May 15 14:35:30 UTC 2026","passed","Fri May 15 14:35:30 UTC 2026","TestRegistration","auth_test","",""
"ILIKE search should be case-insensitive.","9","test_search_is_case_insensitive","tests","Fri May 15 14:35:34 UTC 2026","passed","Fri May 15 14:35:34 UTC 2026","TestFilterProducts","products_test","",""
"Verify successful user registration with valid data","116","testSuccessfulRegistration","API Test Suite","Fri May 15 14:35:38 UTC 2026","passed","Fri May 15 14:35:38 UTC 2026","com.automationlab.tests.AuthTest","API Tests","com.automationlab.tests.AuthTest","testSuccessfulRegistration"
"**Risk:** Medium
**Confidence:** 2
**Instances:** 4

**Description:**
Web browser data loading may be possible, due to a Cross Origin Resource Sharing (CORS) misconfiguration on the web server.

**Solution:**
Ensure that sensitive data is not available in an unauthenticated manner (using IP address white-listing, for instance).Configure the ""Access-Control-Allow-Origin"" HTTP header to a more restrictive set of domains, or remove all CORS headers entirely, to allow the web browser to enforce the Same Origin Policy (SOP) in a more restrictive manner.","0","Cross-Domain Misconfiguration","","Fri May 15 14:36:45 UTC 2026","broken","Fri May 15 14:36:45 UTC 2026","","Security - ZAP API Scan","",""
"Verify products can be filtered by multiple criteria","31","testListProductsMultipleFilters","API Test Suite","Fri May 15 14:35:43 UTC 2026","passed","Fri May 15 14:35:43 UTC 2026","com.automationlab.tests.ProductTest","API Tests","com.automationlab.tests.ProductTest","testListProductsMultipleFilters"
"Verify order calculates correct total amount","35","testOrderCalculatesTotalAmount","API Test Suite","Fri May 15 14:35:46 UTC 2026","passed","Fri May 15 14:35:46 UTC 2026","com.automationlab.tests.OrderTest","API Tests","com.automationlab.tests.OrderTest","testOrderCalculatesTotalAmount"
"","3","test_create_product_with_negative_stock_returns_400","tests","Fri May 15 14:35:35 UTC 2026","passed","Fri May 15 14:35:35 UTC 2026","TestCreateProduct","products_test","",""
"","916","User cancel order dismissed by user leaves order intact","chromium","Fri May 15 14:36:44 UTC 2026","passed","Fri May 15 14:36:45 UTC 2026","Orders — Authenticated User","orders_test.spec.ts","",""
"","3","test_list_products_returns_paginated_results","tests","Fri May 15 14:35:34 UTC 2026","passed","Fri May 15 14:35:34 UTC 2026","TestListProducts","products_test","",""
"","319","returns HTTP 400 for quantity exceeding available stock","","Fri May 15 14:35:16 UTC 2026","passed","Fri May 15 14:35:17 UTC 2026","Order Endpoints > POST /api/orders","orders_test.spec.ts","",""
"","324","returns only the authenticated users own orders","","Fri May 15 14:35:17 UTC 2026","passed","Fri May 15 14:35:17 UTC 2026","Order Endpoints > GET /api/orders","orders_test.spec.ts","",""
"Verify non-admin cannot update order status","14","testUpdateOrderStatusNonAdmin","API Test Suite","Fri May 15 14:35:46 UTC 2026","passed","Fri May 15 14:35:46 UTC 2026","com.automationlab.tests.OrderTest","API Tests","com.automationlab.tests.OrderTest","testUpdateOrderStatusNonAdmin"
"","389","Search with no matches shows no products found message","chromium","Fri May 15 14:36:54 UTC 2026","passed","Fri May 15 14:36:54 UTC 2026","Products — Unauthenticated","products_test.spec.ts","",""
"","894","Admin can navigate to product detail","chromium","Fri May 15 14:36:58 UTC 2026","passed","Fri May 15 14:36:59 UTC 2026","Products — Authenticated Admin","products_test.spec.ts","",""
"","743","Sign in link is not visible","chromium","Fri May 15 14:36:06 UTC 2026","passed","Fri May 15 14:36:07 UTC 2026","Navbar — Authenticated Admin","navbar_test.spec.ts","",""
"Product detail page displays product price","371","productDetailPageDisplaysProductPrice","SQA Automation Lab — Selenium UI Suite","Fri May 15 14:39:48 UTC 2026","failed","Fri May 15 14:39:48 UTC 2026","com.sqa.ui.tests.ProductDetailTest","UI Tests","com.sqa.ui.tests.ProductDetailTest","productDetailPageDisplaysProductPrice"
"","8","limit parameter is respected","","Fri May 15 14:35:23 UTC 2026","passed","Fri May 15 14:35:23 UTC 2026","Product Endpoints > GET /api/products","products_test.spec.ts","",""
"","512","Pagination prev button returns to page 1","chromium","Fri May 15 14:36:55 UTC 2026","passed","Fri May 15 14:36:56 UTC 2026","Products — Unauthenticated","products_test.spec.ts","",""
"Verify create order fails with missing items","17","testCreateOrderMissingItems","API Test Suite","Fri May 15 14:35:45 UTC 2026","passed","Fri May 15 14:35:45 UTC 2026","com.automationlab.tests.OrderTest","API Tests","com.automationlab.tests.OrderTest","testCreateOrderMissingItems"
"Empty email shows validation error","877","emptyEmailShowsValidationError","SQA Automation Lab — Selenium UI Suite","Fri May 15 14:36:11 UTC 2026","failed","Fri May 15 14:36:11 UTC 2026","com.sqa.ui.tests.LoginTest","UI Tests","com.sqa.ui.tests.LoginTest","emptyEmailShowsValidationError"
"","7","test_list_products_page_navigation","tests","Fri May 15 14:35:34 UTC 2026","passed","Fri May 15 14:35:34 UTC 2026","TestListProducts","products_test","",""
"","9","test_order_items_include_product_details","tests","Fri May 15 14:35:33 UTC 2026","passed","Fri May 15 14:35:33 UTC 2026","TestGetOrder","orders_test","",""
"","72","limit parameter is respected","","Fri May 15 14:35:30 UTC 2026","passed","Fri May 15 14:35:30 UTC 2026","User Endpoints > GET /api/users","user_test.spec.ts","",""
"Verify user only sees their own orders","35","testListOrdersOnlyOwnOrders","API Test Suite","Fri May 15 14:35:45 UTC 2026","passed","Fri May 15 14:35:45 UTC 2026","com.automationlab.tests.OrderTest","API Tests","com.automationlab.tests.OrderTest","testListOrdersOnlyOwnOrders"
"","490","Unauthenticated access redirects to login","chromium","Fri May 15 14:35:41 UTC 2026","passed","Fri May 15 14:35:42 UTC 2026","Dashboard — Unauthenticated","dashboard_test.spec.ts","",""
"","2","test_logout_returns_success","tests","Fri May 15 14:35:31 UTC 2026","passed","Fri May 15 14:35:31 UTC 2026","TestLogout","auth_test","",""
"","4","test_update_own_last_name","tests","Fri May 15 14:35:35 UTC 2026","passed","Fri May 15 14:35:35 UTC 2026","TestUpdateUser","user_test","",""
"","134","response contains token","","Fri May 15 14:35:13 UTC 2026","passed","Fri May 15 14:35:13 UTC 2026","Authentication Endpoints > POST /api/auth/login","auth_test.spec.ts","",""
"","746","Orders link is visible","chromium","Fri May 15 14:36:04 UTC 2026","passed","Fri May 15 14:36:05 UTC 2026","Navbar — Authenticated Admin","navbar_test.spec.ts","",""
"","334","stock is restored after order cancellation","","Fri May 15 14:35:22 UTC 2026","passed","Fri May 15 14:35:22 UTC 2026","Order Endpoints > DELETE /api/orders/:id","orders_test.spec.ts","",""
"","492","Back to products link navigates to products page","chromium","Fri May 15 14:36:46 UTC 2026","passed","Fri May 15 14:36:46 UTC 2026","Product Detail — Unauthenticated","product_detail_test.spec.ts","",""
"","323","order item details include product_id, quantity, and price","","Fri May 15 14:35:15 UTC 2026","passed","Fri May 15 14:35:16 UTC 2026","Order Endpoints > POST /api/orders","orders_test.spec.ts","",""
"","869","Browse products link navigates to products page","chromium","Fri May 15 14:35:47 UTC 2026","passed","Fri May 15 14:35:48 UTC 2026","Dashboard — Authenticated Admin","dashboard_test.spec.ts","",""
"Verify default pagination limit","36","testListProductsDefaultPaginationLimit","API Test Suite","Fri May 15 14:35:43 UTC 2026","passed","Fri May 15 14:35:43 UTC 2026","com.automationlab.tests.ProductTest","API Tests","com.automationlab.tests.ProductTest","testListProductsDefaultPaginationLimit"
"","30100","User Journey Tests","","Fri May 15 14:42:43 UTC 2026","passed","Fri May 15 14:43:13 UTC 2026","","JMeter Performance Tests","",""
"","5611","Mismatched passwords show validation error","chromium","Fri May 15 14:37:38 UTC 2026","failed","Fri May 15 14:37:44 UTC 2026","Register","register_test.spec.ts","",""
"","848","Admin status filter pending shows results","chromium","Fri May 15 14:36:18 UTC 2026","passed","Fri May 15 14:36:19 UTC 2026","Orders — Authenticated Admin","orders_test.spec.ts","",""
"","313","soft deleted user has is_active set to false","","Fri May 15 14:35:32 UTC 2026","passed","Fri May 15 14:35:33 UTC 2026","User Endpoints > DELETE /api/users/:id","user_test.spec.ts","",""
"","5673","Password shorter than 6 characters shows validation error","chromium","Fri May 15 14:37:31 UTC 2026","failed","Fri May 15 14:37:37 UTC 2026","Register","register_test.spec.ts","",""
"","38125","GET /api/products","","Fri May 15 14:37:32 UTC 2026","passed","Fri May 15 14:38:11 UTC 2026","","k6 Performance Tests","",""
"Authenticated user can view products page","1706","authenticatedUserCanViewProductsPage","SQA Automation Lab — Selenium UI Suite","Fri May 15 14:38:29 UTC 2026","passed","Fri May 15 14:38:31 UTC 2026","com.sqa.ui.tests.ProductsTest","UI Tests","com.sqa.ui.tests.ProductsTest","authenticatedUserCanViewProductsPage"
"","332","returns HTTP 400 for invalid status value","","Fri May 15 14:35:20 UTC 2026","passed","Fri May 15 14:35:21 UTC 2026","Order Endpoints > PATCH /api/orders/:id/status","orders_test.spec.ts","",""
"Empty last name shows validation error — AUT Bug C","11325","emptyLastNameShowsValidationError","SQA Automation Lab — Selenium UI Suite","Fri May 15 14:37:24 UTC 2026","failed","Fri May 15 14:37:35 UTC 2026","com.sqa.ui.tests.RegisterTest","UI Tests","com.sqa.ui.tests.RegisterTest","emptyLastNameShowsValidationError"
"","345","response body conforms to order schema","","Fri May 15 14:35:18 UTC 2026","passed","Fri May 15 14:35:19 UTC 2026","Order Endpoints > GET /api/orders/:id","orders_test.spec.ts","",""
"","11","test_update_with_invalid_status_returns_400","tests","Fri May 15 14:35:34 UTC 2026","passed","Fri May 15 14:35:34 UTC 2026","TestUpdateOrderStatus","orders_test","",""
"Products listing should be accessible without authentication.","3","test_list_products_is_public","tests","Fri May 15 14:35:34 UTC 2026","passed","Fri May 15 14:35:34 UTC 2026","TestListProducts","products_test","",""
"","38211","PATCH /api/orders/:id/status - admin","","Fri May 15 14:38:16 UTC 2026","passed","Fri May 15 14:38:54 UTC 2026","","k6 Performance Tests","",""
"","326","Products page displays product cards","chromium","Fri May 15 14:36:53 UTC 2026","passed","Fri May 15 14:36:53 UTC 2026","Products — Unauthenticated","products_test.spec.ts","",""
"Verify delete non-existent product returns 404","16","testDeleteNonExistentProduct","API Test Suite","Fri May 15 14:35:42 UTC 2026","passed","Fri May 15 14:35:42 UTC 2026","com.automationlab.tests.ProductTest","API Tests","com.automationlab.tests.ProductTest","testDeleteNonExistentProduct"
"","3","test_create_product_without_price_returns_400","tests","Fri May 15 14:35:35 UTC 2026","passed","Fri May 15 14:35:35 UTC 2026","TestCreateProduct","products_test","",""
"","39235","GET /api/users","","Fri May 15 14:36:50 UTC 2026","passed","Fri May 15 14:37:30 UTC 2026","","k6 Performance Tests","",""
"","889","Admin can view products page","chromium","Fri May 15 14:36:56 UTC 2026","passed","Fri May 15 14:36:57 UTC 2026","Products — Authenticated Admin","products_test.spec.ts","",""
"Verify update product fails without authentication","14","testUpdateProductNoAuth","API Test Suite","Fri May 15 14:35:43 UTC 2026","passed","Fri May 15 14:35:43 UTC 2026","com.automationlab.tests.ProductTest","API Tests","com.automationlab.tests.ProductTest","testUpdateProductNoAuth"
"Verify admin can update order status","42","testUpdateOrderStatus","API Test Suite","Fri May 15 14:35:46 UTC 2026","passed","Fri May 15 14:35:46 UTC 2026","com.automationlab.tests.OrderTest","API Tests","com.automationlab.tests.OrderTest","testUpdateOrderStatus"
"Empty email shows validation error","11447","emptyEmailShowsValidationError","SQA Automation Lab — Selenium UI Suite","Fri May 15 14:36:55 UTC 2026","failed","Fri May 15 14:37:06 UTC 2026","com.sqa.ui.tests.RegisterTest","UI Tests","com.sqa.ui.tests.RegisterTest","emptyEmailShowsValidationError"
"","416","returns HTTP 403 for another users order","","Fri May 15 14:35:19 UTC 2026","passed","Fri May 15 14:35:19 UTC 2026","Order Endpoints > GET /api/orders/:id","orders_test.spec.ts","",""
"Filter orders by status parameter.","4","test_filter_orders_by_status","tests","Fri May 15 14:35:32 UTC 2026","passed","Fri May 15 14:35:32 UTC 2026","TestListOrders","orders_test","",""
"","323","returns HTTP 401 without token","","Fri May 15 14:35:21 UTC 2026","passed","Fri May 15 14:35:21 UTC 2026","Order Endpoints > PATCH /api/orders/:id/status","orders_test.spec.ts","",""
"","828","Sign-out redirects to login page","chromium","Fri May 15 14:35:48 UTC 2026","passed","Fri May 15 14:35:49 UTC 2026","Dashboard — Authenticated Admin","dashboard_test.spec.ts","",""
"","3","test_combined_category_and_search","tests","Fri May 15 14:35:34 UTC 2026","passed","Fri May 15 14:35:34 UTC 2026","TestFilterProducts","products_test","",""
"Verify order can be created with multiple items","72","testCreateOrderMultipleItems","API Test Suite","Fri May 15 14:35:45 UTC 2026","passed","Fri May 15 14:35:45 UTC 2026","com.automationlab.tests.OrderTest","API Tests","com.automationlab.tests.OrderTest","testCreateOrderMultipleItems"
"","7","response contains products array and pagination object","","Fri May 15 14:35:23 UTC 2026","passed","Fri May 15 14:35:23 UTC 2026","Product Endpoints > GET /api/products","products_test.spec.ts","",""
"","72","response contains users array and pagination object","","Fri May 15 14:35:30 UTC 2026","passed","Fri May 15 14:35:30 UTC 2026","User Endpoints > GET /api/users","user_test.spec.ts","",""
"Status filter pending shows only pending orders — AUT Bug C","1000","statusFilterPendingShowsPendingOrders","SQA Automation Lab — Selenium UI Suite","Fri May 15 14:40:35 UTC 2026","passed","Fri May 15 14:40:36 UTC 2026","com.sqa.ui.tests.OrdersTest","UI Tests","com.sqa.ui.tests.OrdersTest","statusFilterPendingShowsPendingOrders"
"Verify update with invalid email format fails","17","testUpdateUserInvalidEmail","API Test Suite","Fri May 15 14:35:40 UTC 2026","passed","Fri May 15 14:35:40 UTC 2026","com.automationlab.tests.UserTest","API Tests","com.automationlab.tests.UserTest","testUpdateUserInvalidEmail"
"","4","test_filter_by_category","tests","Fri May 15 14:35:34 UTC 2026","passed","Fri May 15 14:35:34 UTC 2026","TestFilterProducts","products_test","",""
"","3","test_delete_nonexistent_product_returns_404","tests","Fri May 15 14:35:35 UTC 2026","passed","Fri May 15 14:35:35 UTC 2026","TestDeleteProduct","products_test","",""
"","38836","POST /api/auth/register","","Fri May 15 14:36:09 UTC 2026","passed","Fri May 15 14:36:48 UTC 2026","","k6 Performance Tests","",""
"","4","test_get_nonexistent_user_returns_404","tests","Fri May 15 14:35:35 UTC 2026","passed","Fri May 15 14:35:35 UTC 2026","TestGetUser","user_test","",""
"Cancel order dismissed by user leaves order intact — AUT Bug C","1078","cancelOrderDismissedLeavesOrderIntact","SQA Automation Lab — Selenium UI Suite","Fri May 15 14:40:06 UTC 2026","passed","Fri May 15 14:40:07 UTC 2026","com.sqa.ui.tests.OrdersTest","UI Tests","com.sqa.ui.tests.OrdersTest","cancelOrderDismissedLeavesOrderIntact"
"","6","returns HTTP 404 for non-existent product","","Fri May 15 14:35:24 UTC 2026","passed","Fri May 15 14:35:24 UTC 2026","Product Endpoints > GET /api/products/:id","products_test.spec.ts","",""
"","936","Admin can place order successfully","chromium","Fri May 15 14:36:47 UTC 2026","passed","Fri May 15 14:36:48 UTC 2026","Product Detail — Authenticated Admin","product_detail_test.spec.ts","",""
"","11","category filter returns only products from that category","","Fri May 15 14:35:23 UTC 2026","passed","Fri May 15 14:35:23 UTC 2026","Product Endpoints > GET /api/products","products_test.spec.ts","",""
"","325","admin can view any order","","Fri May 15 14:35:19 UTC 2026","passed","Fri May 15 14:35:20 UTC 2026","Order Endpoints > GET /api/orders/:id","orders_test.spec.ts","",""
"","575","Valid registration redirects to dashboard page","chromium","Fri May 15 14:37:02 UTC 2026","passed","Fri May 15 14:37:03 UTC 2026","Register","register_test.spec.ts","",""
"Verify created product has default active status","15","testCreateProductDefaultActiveStatus","API Test Suite","Fri May 15 14:35:42 UTC 2026","passed","Fri May 15 14:35:42 UTC 2026","com.automationlab.tests.ProductTest","API Tests","com.automationlab.tests.ProductTest","testCreateProductDefaultActiveStatus"
"Verify authenticated user can retrieve their own profile","49","testGetCurrentUser","API Test Suite","Fri May 15 14:35:36 UTC 2026","passed","Fri May 15 14:35:36 UTC 2026","com.automationlab.tests.AuthTest","API Tests","com.automationlab.tests.AuthTest","testGetCurrentUser"
"","2","test_list_users_without_auth_returns_401","tests","Fri May 15 14:35:35 UTC 2026","passed","Fri May 15 14:35:35 UTC 2026","TestListUsers","user_test","",""
"","39234","DELETE /api/users/:id","","Fri May 15 14:36:52 UTC 2026","passed","Fri May 15 14:37:32 UTC 2026","","k6 Performance Tests","",""
"","73","returns HTTP 200 with authentication","","Fri May 15 14:35:23 UTC 2026","passed","Fri May 15 14:35:23 UTC 2026","Product Endpoints > GET /api/products","products_test.spec.ts","",""
"Verify update user fails without authentication","22","testUpdateUserNoAuth","API Test Suite","Fri May 15 14:35:40 UTC 2026","passed","Fri May 15 14:35:40 UTC 2026","com.automationlab.tests.UserTest","API Tests","com.automationlab.tests.UserTest","testUpdateUserNoAuth"
"","14","returns HTTP 400 when password is missing","","Fri May 15 14:35:13 UTC 2026","passed","Fri May 15 14:35:13 UTC 2026","Authentication Endpoints > POST /api/auth/register","auth_test.spec.ts","",""
"","4","test_admin_can_update_any_user","tests","Fri May 15 14:35:36 UTC 2026","passed","Fri May 15 14:35:36 UTC 2026","TestUpdateUser","user_test","",""
"Verify products list supports pagination","56","testListProductsPagination","API Test Suite","Fri May 15 14:35:43 UTC 2026","passed","Fri May 15 14:35:43 UTC 2026","com.automationlab.tests.ProductTest","API Tests","com.automationlab.tests.ProductTest","testListProductsPagination"
"","314","returns HTTP 403 for non-admin authenticated user","","Fri May 15 14:35:29 UTC 2026","passed","Fri May 15 14:35:29 UTC 2026","Product Endpoints > DELETE /api/products/:id","products_test.spec.ts","",""
"","2","test_health_includes_environment","tests","Fri May 15 14:35:31 UTC 2026","passed","Fri May 15 14:35:31 UTC 2026","TestHealthEndpoint","health_test","",""
"Verify user cannot delete another user's account","15","testDeleteOtherUserForbidden","API Test Suite","Fri May 15 14:35:39 UTC 2026","passed","Fri May 15 14:35:39 UTC 2026","com.automationlab.tests.UserTest","API Tests","com.automationlab.tests.UserTest","testDeleteOtherUserForbidden"
"","30143","User Tests","","Fri May 15 14:40:58 UTC 2026","passed","Fri May 15 14:41:28 UTC 2026","","JMeter Performance Tests","",""
"","8","returns HTTP 400 for invalid email format","","Fri May 15 14:35:13 UTC 2026","passed","Fri May 15 14:35:13 UTC 2026","Authentication Endpoints > POST /api/auth/register","auth_test.spec.ts","",""
"","132","response body conforms to auth response schema","","Fri May 15 14:35:13 UTC 2026","passed","Fri May 15 14:35:13 UTC 2026","Authentication Endpoints > POST /api/auth/login","auth_test.spec.ts","",""
"","5","uptime is a positive number","","Fri May 15 14:35:14 UTC 2026","passed","Fri May 15 14:35:14 UTC 2026","Health Endpoints > GET /health","health_test.spec.ts","",""
"","83","response contains token","","Fri May 15 14:35:12 UTC 2026","passed","Fri May 15 14:35:13 UTC 2026","Authentication Endpoints > POST /api/auth/register","auth_test.spec.ts","",""
"Login page displays Sign In heading","480","loginPageDisplaysSignInHeading","SQA Automation Lab — Selenium UI Suite","Fri May 15 14:36:24 UTC 2026","passed","Fri May 15 14:36:24 UTC 2026","com.sqa.ui.tests.LoginTest","UI Tests","com.sqa.ui.tests.LoginTest","loginPageDisplaysSignInHeading"
"","38128","DELETE /api/products/:id","","Fri May 15 14:37:35 UTC 2026","passed","Fri May 15 14:38:13 UTC 2026","","k6 Performance Tests","",""
"","385","Products link navigates to products page","chromium","Fri May 15 14:36:02 UTC 2026","passed","Fri May 15 14:36:03 UTC 2026","Navbar — Unauthenticated","navbar_test.spec.ts","",""
"","884","Browse products link navigates to products page","chromium","Fri May 15 14:35:52 UTC 2026","passed","Fri May 15 14:35:53 UTC 2026","Dashboard — Authenticated Regular User","dashboard_test.spec.ts","",""
"","70","returns HTTP 201 with minimum required fields — email and password only","","Fri May 15 14:35:13 UTC 2026","passed","Fri May 15 14:35:13 UTC 2026","Authentication Endpoints > POST /api/auth/register","auth_test.spec.ts","",""
"Verify cancel order fails without authentication","13","testCancelOrderNoAuth","API Test Suite","Fri May 15 14:35:45 UTC 2026","passed","Fri May 15 14:35:45 UTC 2026","com.automationlab.tests.OrderTest","API Tests","com.automationlab.tests.OrderTest","testCancelOrderNoAuth"
"Verify delete product fails without authentication","13","testDeleteProductNoAuth","API Test Suite","Fri May 15 14:35:42 UTC 2026","passed","Fri May 15 14:35:42 UTC 2026","com.automationlab.tests.ProductTest","API Tests","com.automationlab.tests.ProductTest","testDeleteProductNoAuth"
"","39125","GET /","","Fri May 15 14:35:29 UTC 2026","passed","Fri May 15 14:36:08 UTC 2026","","k6 Performance Tests","",""
"Verify JWT token contains required claims","297","testTokenStructure","API Test Suite","Fri May 15 14:35:38 UTC 2026","passed","Fri May 15 14:35:38 UTC 2026","com.automationlab.tests.AuthTest","API Tests","com.automationlab.tests.AuthTest","testTokenStructure"
"Verify health endpoint response time is acceptable","61","testHealthEndpointResponseTime","API Test Suite","Fri May 15 14:35:35 UTC 2026","passed","Fri May 15 14:35:35 UTC 2026","com.automationlab.tests.HealthTest","API Tests","com.automationlab.tests.HealthTest","testHealthEndpointResponseTime"
"","72","response body conforms to paginated users schema","","Fri May 15 14:35:30 UTC 2026","passed","Fri May 15 14:35:30 UTC 2026","User Endpoints > GET /api/users","user_test.spec.ts","",""
"","4","test_update_own_email","tests","Fri May 15 14:35:36 UTC 2026","passed","Fri May 15 14:35:36 UTC 2026","TestUpdateUser","user_test","",""
"","249","admin can create a product and receives HTTP 201","","Fri May 15 14:35:24 UTC 2026","passed","Fri May 15 14:35:24 UTC 2026","Product Endpoints > POST /api/products","products_test.spec.ts","",""
"Verify logout fails without token","35","testLogoutNoToken","API Test Suite","Fri May 15 14:35:37 UTC 2026","passed","Fri May 15 14:35:37 UTC 2026","com.automationlab.tests.AuthTest","API Tests","com.automationlab.tests.AuthTest","testLogoutNoToken"
"","345","updated status is returned in response","","Fri May 15 14:35:20 UTC 2026","passed","Fri May 15 14:35:20 UTC 2026","Order Endpoints > PATCH /api/orders/:id/status","orders_test.spec.ts","",""
"Verify orders can be filtered by status","35","testListOrdersByStatus","API Test Suite","Fri May 15 14:35:45 UTC 2026","passed","Fri May 15 14:35:45 UTC 2026","com.automationlab.tests.OrderTest","API Tests","com.automationlab.tests.OrderTest","testListOrdersByStatus"
"Verify registration succeeds without last name (optional field)","98","testRegistrationMissingLastName","API Test Suite","Fri May 15 14:35:38 UTC 2026","passed","Fri May 15 14:35:38 UTC 2026","com.automationlab.tests.AuthTest","API Tests","com.automationlab.tests.AuthTest","testRegistrationMissingLastName"
"","1131","User cancel order with confirmation removes order from pending list","chromium","Fri May 15 14:36:42 UTC 2026","passed","Fri May 15 14:36:44 UTC 2026","Orders — Authenticated User","orders_test.spec.ts","",""
"","73","returns HTTP 400 or 404 for non-existent product","","Fri May 15 14:35:16 UTC 2026","passed","Fri May 15 14:35:16 UTC 2026","Order Endpoints > POST /api/orders","orders_test.spec.ts","",""
"","754","Sign out button is visible","chromium","Fri May 15 14:36:03 UTC 2026","passed","Fri May 15 14:36:04 UTC 2026","Navbar — Authenticated Admin","navbar_test.spec.ts","",""
"","5","returns HTTP 401 without token","","Fri May 15 14:35:14 UTC 2026","passed","Fri May 15 14:35:14 UTC 2026","Authentication Endpoints > GET /api/auth/me","auth_test.spec.ts","",""
"Orders link is visible when authenticated","1378","ordersLinkIsVisibleWhenAuthenticated","SQA Automation Lab — Selenium UI Suite","Fri May 15 14:41:47 UTC 2026","passed","Fri May 15 14:41:48 UTC 2026","com.sqa.ui.tests.NavigationTest","UI Tests","com.sqa.ui.tests.NavigationTest","ordersLinkIsVisibleWhenAuthenticated"
"","3","test_user_can_delete_own_account","tests","Fri May 15 14:35:36 UTC 2026","passed","Fri May 15 14:35:36 UTC 2026","TestDeleteUser","user_test","",""
"Authenticated user can place order successfully","1579","authenticatedUserCanPlaceOrderSuccessfully","SQA Automation Lab — Selenium UI Suite","Fri May 15 14:39:19 UTC 2026","passed","Fri May 15 14:39:20 UTC 2026","com.sqa.ui.tests.ProductDetailTest","UI Tests","com.sqa.ui.tests.ProductDetailTest","authenticatedUserCanPlaceOrderSuccessfully"
"","750","Register link is not visible","chromium","Fri May 15 14:36:13 UTC 2026","passed","Fri May 15 14:36:14 UTC 2026","Navbar — Authenticated Regular User","navbar_test.spec.ts","",""
"Verify admin can soft delete product","64","testDeleteProduct","API Test Suite","Fri May 15 14:35:42 UTC 2026","passed","Fri May 15 14:35:42 UTC 2026","com.automationlab.tests.ProductTest","API Tests","com.automationlab.tests.ProductTest","testDeleteProduct"
"","3","test_list_users_pagination_metadata","tests","Fri May 15 14:35:35 UTC 2026","passed","Fri May 15 14:35:35 UTC 2026","TestListUsers","user_test","",""
"","64","test_login_returns_user_info","tests","Fri May 15 14:35:30 UTC 2026","passed","Fri May 15 14:35:30 UTC 2026","TestLogin","auth_test","",""
"","3","test_list_products_pagination_metadata","tests","Fri May 15 14:35:34 UTC 2026","passed","Fri May 15 14:35:34 UTC 2026","TestListProducts","products_test","",""
"","5915","Admin status filter cancelled shows filtered results or empty state","chromium","Fri May 15 14:36:19 UTC 2026","failed","Fri May 15 14:36:25 UTC 2026","Orders — Authenticated Admin","orders_test.spec.ts","",""
"After deletion, user should still exist but be inactive.","11","test_deleted_user_is_soft_deleted","tests","Fri May 15 14:35:36 UTC 2026","passed","Fri May 15 14:35:36 UTC 2026","TestDeleteUser","user_test","",""
"Cancelling an order should return stock to the product.","18","test_cancel_restores_stock","tests","Fri May 15 14:35:34 UTC 2026","passed","Fri May 15 14:35:34 UTC 2026","TestCancelOrder","orders_test","",""
"Pagination next button advances to page 2 — AUT Bug E","1213","paginationNextButtonAdvancesToPage2","SQA Automation Lab — Selenium UI Suite","Fri May 15 14:38:48 UTC 2026","passed","Fri May 15 14:38:49 UTC 2026","com.sqa.ui.tests.ProductsTest","UI Tests","com.sqa.ui.tests.ProductsTest","paginationNextButtonAdvancesToPage2"
"","749","authenticated user visiting login page is redirected to products","chromium","Fri May 15 14:35:59 UTC 2026","passed","Fri May 15 14:35:59 UTC 2026","Login","login_test.spec.ts","",""
"Verify create order fails with insufficient stock","23","testCreateOrderInsufficientStock","API Test Suite","Fri May 15 14:35:45 UTC 2026","passed","Fri May 15 14:35:45 UTC 2026","com.automationlab.tests.OrderTest","API Tests","com.automationlab.tests.OrderTest","testCreateOrderInsufficientStock"
"Authenticated user visiting login page is redirected to dashboard — AUT Bug D","12177","authenticatedUserVisitingLoginIsRedirectedToDashboard","SQA Automation Lab — Selenium UI Suite","Fri May 15 14:35:55 UTC 2026","broken","Fri May 15 14:36:07 UTC 2026","com.sqa.ui.tests.LoginTest","UI Tests","com.sqa.ui.tests.LoginTest","authenticatedUserVisitingLoginIsRedirectedToDashboard"
"","3","test_order_fields_in_listing","tests","Fri May 15 14:35:32 UTC 2026","passed","Fri May 15 14:35:32 UTC 2026","TestListOrders","orders_test","",""
"","13","page navigation does not return overlapping results","","Fri May 15 14:35:23 UTC 2026","passed","Fri May 15 14:35:23 UTC 2026","Product Endpoints > GET /api/products","products_test.spec.ts","",""
"**Risk:** Informational
**Confidence:** 2
**Instances:** 3

**Description:**
Check for differences in response based on fuzzed User Agent (eg. mobile sites, access as a Search Engine Crawler). Compares the response statuscode and the hashcode of the response body with the original response.

**Solution:**
","0","User Agent Fuzzer","","Fri May 15 14:36:45 UTC 2026","passed","Fri May 15 14:36:45 UTC 2026","","Security - ZAP API Scan","",""
"","5984","Admin cancel order dismissed by user leaves order intact","chromium","Fri May 15 14:36:29 UTC 2026","failed","Fri May 15 14:36:35 UTC 2026","Orders — Authenticated Admin","orders_test.spec.ts","",""
"","38210","PATCH /api/orders/:id/status - unauthorized (non-admin)","","Fri May 15 14:38:16 UTC 2026","passed","Fri May 15 14:38:54 UTC 2026","","k6 Performance Tests","",""
"","3","test_regular_user_cannot_create_product","tests","Fri May 15 14:35:35 UTC 2026","passed","Fri May 15 14:35:35 UTC 2026","TestCreateProduct","products_test","",""
"","4","test_filter_with_no_results","tests","Fri May 15 14:35:34 UTC 2026","passed","Fri May 15 14:35:34 UTC 2026","TestFilterProducts","products_test","",""
"Valid registration redirects to dashboard page","2115","validRegistrationRedirectsToDashboardPage","SQA Automation Lab — Selenium UI Suite","Fri May 15 14:38:14 UTC 2026","passed","Fri May 15 14:38:16 UTC 2026","com.sqa.ui.tests.RegisterTest","UI Tests","com.sqa.ui.tests.RegisterTest","validRegistrationRedirectsToDashboardPage"
"Verify admin can soft delete any user","114","testAdminDeleteAnyUser","API Test Suite","Fri May 15 14:35:39 UTC 2026","passed","Fri May 15 14:35:39 UTC 2026","com.automationlab.tests.UserTest","API Tests","com.automationlab.tests.UserTest","testAdminDeleteAnyUser"
"","333","Register link is visible","chromium","Fri May 15 14:36:00 UTC 2026","passed","Fri May 15 14:36:01 UTC 2026","Navbar — Unauthenticated","navbar_test.spec.ts","",""
"","39236","GET /api/users/:id - own user","","Fri May 15 14:36:51 UTC 2026","passed","Fri May 15 14:37:30 UTC 2026","","k6 Performance Tests","",""
"","346","Sign-in link navigates to login page","chromium","Fri May 15 14:37:46 UTC 2026","passed","Fri May 15 14:37:46 UTC 2026","Register","register_test.spec.ts","",""
"","356","Sign-in link navigates to login page","chromium","Fri May 15 14:36:03 UTC 2026","passed","Fri May 15 14:36:03 UTC 2026","Navbar — Unauthenticated","navbar_test.spec.ts","",""
"Verify login fails with incorrect password","322","testLoginIncorrectPassword","API Test Suite","Fri May 15 14:35:36 UTC 2026","passed","Fri May 15 14:35:37 UTC 2026","com.automationlab.tests.AuthTest","API Tests","com.automationlab.tests.AuthTest","testLoginIncorrectPassword"
"Verify user can retrieve their own profile","52","testGetOwnUser","API Test Suite","Fri May 15 14:35:39 UTC 2026","passed","Fri May 15 14:35:40 UTC 2026","com.automationlab.tests.UserTest","API Tests","com.automationlab.tests.UserTest","testGetOwnUser"
"","74","returns HTTP 409 on duplicate email","","Fri May 15 14:35:13 UTC 2026","passed","Fri May 15 14:35:13 UTC 2026","Authentication Endpoints > POST /api/auth/register","auth_test.spec.ts","",""
"","14","returns HTTP 400 when email is missing","","Fri May 15 14:35:13 UTC 2026","passed","Fri May 15 14:35:13 UTC 2026","Authentication Endpoints > POST /api/auth/register","auth_test.spec.ts","",""
"Verify orders list supports pagination","49","testListOrdersPagination","API Test Suite","Fri May 15 14:35:45 UTC 2026","passed","Fri May 15 14:35:45 UTC 2026","com.automationlab.tests.OrderTest","API Tests","com.automationlab.tests.OrderTest","testListOrdersPagination"
"Verify empty category filter returns all products","37","testListProductsEmptyCategoryFilter","API Test Suite","Fri May 15 14:35:43 UTC 2026","passed","Fri May 15 14:35:43 UTC 2026","com.automationlab.tests.ProductTest","API Tests","com.automationlab.tests.ProductTest","testListProductsEmptyCategoryFilter"
"","3","test_current_user_includes_full_profile","tests","Fri May 15 14:35:31 UTC 2026","passed","Fri May 15 14:35:31 UTC 2026","TestCurrentUser","auth_test","",""
"","856","User can set quantity before ordering","chromium","Fri May 15 14:36:50 UTC 2026","passed","Fri May 15 14:36:51 UTC 2026","Product Detail — Authenticated User","product_detail_test.spec.ts","",""
"","136","returns HTTP 403 or 404 when updating another users data","","Fri May 15 14:35:32 UTC 2026","passed","Fri May 15 14:35:32 UTC 2026","User Endpoints > PUT /api/users/:id","user_test.spec.ts","",""
"","77","user objects in response do not expose password field","","Fri May 15 14:35:30 UTC 2026","passed","Fri May 15 14:35:30 UTC 2026","User Endpoints > GET /api/users","user_test.spec.ts","",""
"","613","Duplicate email shows error message","chromium","Fri May 15 14:37:45 UTC 2026","passed","Fri May 15 14:37:45 UTC 2026","Register","register_test.spec.ts","",""
"","141","returns HTTP 403 or 404 when accessing another users data","","Fri May 15 14:35:31 UTC 2026","passed","Fri May 15 14:35:31 UTC 2026","User Endpoints > GET /api/users/:id","user_test.spec.ts","",""
"","4","test_update_with_empty_body_returns_400","tests","Fri May 15 14:35:35 UTC 2026","passed","Fri May 15 14:35:35 UTC 2026","TestUpdateProduct","products_test","",""
"Verify login fails with non-existent email","28","testLoginNonExistentEmail","API Test Suite","Fri May 15 14:35:37 UTC 2026","passed","Fri May 15 14:35:37 UTC 2026","com.automationlab.tests.AuthTest","API Tests","com.automationlab.tests.AuthTest","testLoginNonExistentEmail"
"","4","test_list_users_respects_limit","tests","Fri May 15 14:35:35 UTC 2026","passed","Fri May 15 14:35:35 UTC 2026","TestListUsers","user_test","",""
"","251","returns HTTP 400 when price is missing","","Fri May 15 14:35:25 UTC 2026","passed","Fri May 15 14:35:26 UTC 2026","Product Endpoints > POST /api/products","products_test.spec.ts","",""
"","85","pagination metadata contains expected fields","","Fri May 15 14:35:17 UTC 2026","passed","Fri May 15 14:35:18 UTC 2026","Order Endpoints > GET /api/orders","orders_test.spec.ts","",""
"","71","returns HTTP 400 for empty update body","","Fri May 15 14:35:32 UTC 2026","passed","Fri May 15 14:35:32 UTC 2026","User Endpoints > PUT /api/users/:id","user_test.spec.ts","",""
"Verify user has correct role field","62","testGetUserRole","API Test Suite","Fri May 15 14:35:40 UTC 2026","passed","Fri May 15 14:35:40 UTC 2026","com.automationlab.tests.UserTest","API Tests","com.automationlab.tests.UserTest","testGetUserRole"
"Unauthenticated place order redirects to login","659","unauthenticatedPlaceOrderRedirectsToLogin","SQA Automation Lab — Selenium UI Suite","Fri May 15 14:39:56 UTC 2026","passed","Fri May 15 14:39:56 UTC 2026","com.sqa.ui.tests.ProductDetailTest","UI Tests","com.sqa.ui.tests.ProductDetailTest","unauthenticatedPlaceOrderRedirectsToLogin"
"","326","returns HTTP 400 when cancelling a non-pending order","","Fri May 15 14:35:23 UTC 2026","passed","Fri May 15 14:35:23 UTC 2026","Order Endpoints > DELETE /api/orders/:id","orders_test.spec.ts","",""
"","402","Product card link navigates to product detail page","chromium","Fri May 15 14:36:56 UTC 2026","passed","Fri May 15 14:36:56 UTC 2026","Products — Unauthenticated","products_test.spec.ts","",""
"","3","test_admin_can_delete_any_user","tests","Fri May 15 14:35:36 UTC 2026","passed","Fri May 15 14:35:36 UTC 2026","TestDeleteUser","user_test","",""
"","7","response body contains message field","","Fri May 15 14:35:14 UTC 2026","passed","Fri May 15 14:35:14 UTC 2026","Health Endpoints > GET /","health_test.spec.ts","",""
"","303","Product detail page displays product name","chromium","Fri May 15 14:36:45 UTC 2026","passed","Fri May 15 14:36:45 UTC 2026","Product Detail — Unauthenticated","product_detail_test.spec.ts","",""
"","272","login page displays sign in heading","chromium","Fri May 15 14:35:54 UTC 2026","passed","Fri May 15 14:35:54 UTC 2026","Login","login_test.spec.ts","",""
"Orders link navigates to orders page","1592","ordersLinkNavigatesToOrdersPage","SQA Automation Lab — Selenium UI Suite","Fri May 15 14:41:52 UTC 2026","passed","Fri May 15 14:41:53 UTC 2026","com.sqa.ui.tests.NavigationTest","UI Tests","com.sqa.ui.tests.NavigationTest","ordersLinkNavigatesToOrdersPage"
"","38209","DELETE /api/orders/:id","","Fri May 15 14:38:17 UTC 2026","passed","Fri May 15 14:38:55 UTC 2026","","k6 Performance Tests","",""
"Verify registered user has default role of 'user'","119","testRegistrationDefaultRole","API Test Suite","Fri May 15 14:35:37 UTC 2026","passed","Fri May 15 14:35:37 UTC 2026","com.automationlab.tests.AuthTest","API Tests","com.automationlab.tests.AuthTest","testRegistrationDefaultRole"
"","386","Orders link is not visible","chromium","Fri May 15 14:36:01 UTC 2026","passed","Fri May 15 14:36:01 UTC 2026","Navbar — Unauthenticated","navbar_test.spec.ts","",""
"Verify anyone can list products without authentication","39","testListProductsPublic","API Test Suite","Fri May 15 14:35:44 UTC 2026","passed","Fri May 15 14:35:44 UTC 2026","com.automationlab.tests.ProductTest","API Tests","com.automationlab.tests.ProductTest","testListProductsPublic"
"","844","View all orders link navigates to orders page","chromium","Fri May 15 14:35:48 UTC 2026","passed","Fri May 15 14:35:48 UTC 2026","Dashboard — Authenticated Admin","dashboard_test.spec.ts","",""
"Dashboard link navigates to dashboard page","1359","dashboardLinkNavigatesToDashboardPage","SQA Automation Lab — Selenium UI Suite","Fri May 15 14:41:35 UTC 2026","passed","Fri May 15 14:41:37 UTC 2026","com.sqa.ui.tests.NavigationTest","UI Tests","com.sqa.ui.tests.NavigationTest","dashboardLinkNavigatesToDashboardPage"
"Verify authenticated user can list all users","56","testListUsers","API Test Suite","Fri May 15 14:35:41 UTC 2026","passed","Fri May 15 14:35:41 UTC 2026","com.automationlab.tests.UserTest","API Tests","com.automationlab.tests.UserTest","testListUsers"
"","71","returns HTTP 401 without token","","Fri May 15 14:35:33 UTC 2026","passed","Fri May 15 14:35:33 UTC 2026","User Endpoints > DELETE /api/users/:id","user_test.spec.ts","",""
"","845","User pagination next button advances to page 2","chromium","Fri May 15 14:36:42 UTC 2026","passed","Fri May 15 14:36:42 UTC 2026","Orders — Authenticated User","orders_test.spec.ts","",""
"Verify pagination with custom page size","67","testListUsersCustomPageSize","API Test Suite","Fri May 15 14:35:40 UTC 2026","passed","Fri May 15 14:35:40 UTC 2026","com.automationlab.tests.UserTest","API Tests","com.automationlab.tests.UserTest","testListUsersCustomPageSize"
