"DESCRIPTION","DURATION IN MS","NAME","PARENT SUITE","START TIME","STATUS","STOP TIME","SUB SUITE","SUITE","TEST CLASS","TEST METHOD"
"","2","test_create_product_without_name_returns_400","tests","Tue Apr 07 06:41:51 UTC 2026","passed","Tue Apr 07 06:41:51 UTC 2026","TestCreateProduct","products_test","",""
"","9","products in listing include expected fields","","Tue Apr 07 06:41:44 UTC 2026","passed","Tue Apr 07 06:41:44 UTC 2026","Product Endpoints > GET /api/products","products_test.spec.ts","",""
"Verify get non-existent user returns 404","19","testGetNonExistentUser","API Test Suite","Tue Apr 07 06:41:54 UTC 2026","passed","Tue Apr 07 06:41:54 UTC 2026","com.automationlab.tests.UserTest","API Tests","com.automationlab.tests.UserTest","testGetNonExistentUser"
"Verify admin can soft delete product","51","testDeleteProduct","API Test Suite","Tue Apr 07 06:41:57 UTC 2026","passed","Tue Apr 07 06:41:57 UTC 2026","com.automationlab.tests.ProductTest","API Tests","com.automationlab.tests.ProductTest","testDeleteProduct"
"Verify get order fails without authentication","11","testGetOrderNoAuth","API Test Suite","Tue Apr 07 06:41:59 UTC 2026","passed","Tue Apr 07 06:41:59 UTC 2026","com.automationlab.tests.OrderTest","API Tests","com.automationlab.tests.OrderTest","testGetOrderNoAuth"
"No auth should be required for viewing a single product.","5","test_get_product_is_public","tests","Tue Apr 07 06:41:51 UTC 2026","passed","Tue Apr 07 06:41:51 UTC 2026","TestGetProduct","products_test","",""
"","1064","Admin cancel order with confirmation removes order from pending list","chromium","Tue Apr 07 06:42:51 UTC 2026","passed","Tue Apr 07 06:42:52 UTC 2026","Orders — Authenticated Admin","orders_test.spec.ts","",""
"","863","Admin pagination next button advances to page 2","chromium","Tue Apr 07 06:42:50 UTC 2026","passed","Tue Apr 07 06:42:51 UTC 2026","Orders — Authenticated Admin","orders_test.spec.ts","",""
"","842","Sign-out redirects to login page","chromium","Tue Apr 07 06:42:10 UTC 2026","passed","Tue Apr 07 06:42:11 UTC 2026","Dashboard — Authenticated Admin","dashboard_test.spec.ts","",""
"","1","setup","","Tue Apr 07 06:43:08 UTC 2026","passed","Tue Apr 07 06:43:08 UTC 2026","","k6 Performance Tests","",""
"","8","returns HTTP 400 for password shorter than minimum length","","Tue Apr 07 06:41:34 UTC 2026","passed","Tue Apr 07 06:41:34 UTC 2026","Authentication Endpoints > POST /api/auth/register","auth_test.spec.ts","",""
"","469","Search returns filtered results","chromium","Tue Apr 07 06:43:16 UTC 2026","passed","Tue Apr 07 06:43:16 UTC 2026","Products — Unauthenticated","products_test.spec.ts","",""
"","163","response contains token","","Tue Apr 07 06:41:34 UTC 2026","passed","Tue Apr 07 06:41:34 UTC 2026","Authentication Endpoints > POST /api/auth/login","auth_test.spec.ts","",""
"","836","User can set quantity before ordering","chromium","Tue Apr 07 06:43:13 UTC 2026","passed","Tue Apr 07 06:43:14 UTC 2026","Product Detail — Authenticated User","product_detail_test.spec.ts","",""
"","3","test_health_reports_healthy_status","tests","Tue Apr 07 06:41:47 UTC 2026","passed","Tue Apr 07 06:41:47 UTC 2026","TestHealthEndpoint","health_test","",""
"","39244","GET /api/users","","Tue Apr 07 06:43:08 UTC 2026","passed","Tue Apr 07 06:43:47 UTC 2026","","k6 Performance Tests","",""
"Orders link navigates to orders page","1064","ordersLinkNavigatesToOrdersPage","SQA Automation Lab — Selenium UI Suite","Tue Apr 07 06:47:53 UTC 2026","passed","Tue Apr 07 06:47:54 UTC 2026","com.sqa.ui.tests.NavigationTest","UI Tests","com.sqa.ui.tests.NavigationTest","ordersLinkNavigatesToOrdersPage"
"Verify empty category filter returns all products","35","testListProductsEmptyCategoryFilter","API Test Suite","Tue Apr 07 06:41:57 UTC 2026","passed","Tue Apr 07 06:41:57 UTC 2026","com.automationlab.tests.ProductTest","API Tests","com.automationlab.tests.ProductTest","testListProductsEmptyCategoryFilter"
"Create an order as admin, verify another user can't see it.","88","test_user_cannot_view_other_users_order","tests","Tue Apr 07 06:41:49 UTC 2026","passed","Tue Apr 07 06:41:49 UTC 2026","TestGetOrder","orders_test","",""
"Dashboard displays user role","1406","dashboardDisplaysUserRole","SQA Automation Lab — Selenium UI Suite","Tue Apr 07 06:47:02 UTC 2026","passed","Tue Apr 07 06:47:03 UTC 2026","com.sqa.ui.tests.DashboardTest","UI Tests","com.sqa.ui.tests.DashboardTest","dashboardDisplaysUserRole"
"","37995","Step 4: View product detail","","Tue Apr 07 06:45:17 UTC 2026","passed","Tue Apr 07 06:45:55 UTC 2026","","k6 Performance Tests","",""
"","38973","POST /api/auth/login - valid credentials","","Tue Apr 07 06:42:27 UTC 2026","passed","Tue Apr 07 06:43:06 UTC 2026","","k6 Performance Tests","",""
"","447","empty password stays on login page","chromium","Tue Apr 07 06:42:18 UTC 2026","passed","Tue Apr 07 06:42:19 UTC 2026","Login","login_test.spec.ts","",""
"","887","User can view products page","chromium","Tue Apr 07 06:43:22 UTC 2026","passed","Tue Apr 07 06:43:23 UTC 2026","Products — Authenticated User","products_test.spec.ts","",""
"","9","test_admin_can_cancel_any_pending_order","tests","Tue Apr 07 06:41:51 UTC 2026","passed","Tue Apr 07 06:41:51 UTC 2026","TestCancelOrder","orders_test","",""
"","465","Brand link navigates to products page","chromium","Tue Apr 07 06:42:24 UTC 2026","passed","Tue Apr 07 06:42:24 UTC 2026","Navbar — Unauthenticated","navbar_test.spec.ts","",""
"Dashboard page displays heading","1409","dashboardPageDisplaysHeading","SQA Automation Lab — Selenium UI Suite","Tue Apr 07 06:47:06 UTC 2026","passed","Tue Apr 07 06:47:08 UTC 2026","com.sqa.ui.tests.DashboardTest","UI Tests","com.sqa.ui.tests.DashboardTest","dashboardPageDisplaysHeading"
"","6","returns HTTP 404 for non-existent product","","Tue Apr 07 06:41:45 UTC 2026","passed","Tue Apr 07 06:41:45 UTC 2026","Product Endpoints > GET /api/products/:id","products_test.spec.ts","",""
"","3","test_admin_can_delete_product","tests","Tue Apr 07 06:41:52 UTC 2026","passed","Tue Apr 07 06:41:52 UTC 2026","TestDeleteProduct","products_test","",""
"","3","test_user_cannot_update_other_user","tests","Tue Apr 07 06:41:53 UTC 2026","passed","Tue Apr 07 06:41:53 UTC 2026","TestUpdateUser","user_test","",""
"","2","test_health_includes_timestamp","tests","Tue Apr 07 06:41:47 UTC 2026","passed","Tue Apr 07 06:41:47 UTC 2026","TestHealthEndpoint","health_test","",""
"","3","test_get_current_user_without_token_returns_401","tests","Tue Apr 07 06:41:47 UTC 2026","passed","Tue Apr 07 06:41:47 UTC 2026","TestCurrentUser","auth_test","",""
"Verify user cannot update another user's profile","15","testUpdateOtherUserForbidden","API Test Suite","Tue Apr 07 06:41:55 UTC 2026","passed","Tue Apr 07 06:41:55 UTC 2026","com.automationlab.tests.UserTest","API Tests","com.automationlab.tests.UserTest","testUpdateOtherUserForbidden"
"Verify create order fails with zero quantity","25","testCreateOrderZeroQuantity","API Test Suite","Tue Apr 07 06:41:59 UTC 2026","passed","Tue Apr 07 06:41:59 UTC 2026","com.automationlab.tests.OrderTest","API Tests","com.automationlab.tests.OrderTest","testCreateOrderZeroQuantity"
"","979","User cancel order dismissed by user leaves order intact","chromium","Tue Apr 07 06:43:06 UTC 2026","passed","Tue Apr 07 06:43:07 UTC 2026","Orders — Authenticated User","orders_test.spec.ts","",""
"User should see their own orders.","10","test_list_own_orders","tests","Tue Apr 07 06:41:49 UTC 2026","passed","Tue Apr 07 06:41:49 UTC 2026","TestListOrders","orders_test","",""
"Password shorter than 6 characters shows validation error","11747","shortPasswordShowsValidationError","SQA Automation Lab — Selenium UI Suite","Tue Apr 07 06:44:10 UTC 2026","failed","Tue Apr 07 06:44:22 UTC 2026","com.sqa.ui.tests.RegisterTest","UI Tests","com.sqa.ui.tests.RegisterTest","shortPasswordShowsValidationError"
"","244","returns correct product data","","Tue Apr 07 06:41:44 UTC 2026","passed","Tue Apr 07 06:41:45 UTC 2026","Product Endpoints > GET /api/products/:id","products_test.spec.ts","",""
"","4","test_list_users_returns_200","tests","Tue Apr 07 06:41:52 UTC 2026","passed","Tue Apr 07 06:41:52 UTC 2026","TestListUsers","user_test","",""
"","342","returns HTTP 200 for own order","","Tue Apr 07 06:41:39 UTC 2026","passed","Tue Apr 07 06:41:39 UTC 2026","Order Endpoints > GET /api/orders/:id","orders_test.spec.ts","",""
"Orders that have progressed past pending cannot be cancelled.","61","test_cannot_cancel_non_pending_order","tests","Tue Apr 07 06:41:51 UTC 2026","passed","Tue Apr 07 06:41:51 UTC 2026","TestCancelOrder","orders_test","",""
"","848","Admin status filter pending shows results","chromium","Tue Apr 07 06:42:41 UTC 2026","passed","Tue Apr 07 06:42:42 UTC 2026","Orders — Authenticated Admin","orders_test.spec.ts","",""
"Verify registered user is active by default","249","testRegistrationDefaultActiveStatus","API Test Suite","Tue Apr 07 06:41:51 UTC 2026","passed","Tue Apr 07 06:41:51 UTC 2026","com.automationlab.tests.AuthTest","API Tests","com.automationlab.tests.AuthTest","testRegistrationDefaultActiveStatus"
"Verify root endpoint lists available endpoints","87","testRootEndpointListsEndpoints","API Test Suite","Tue Apr 07 06:41:50 UTC 2026","passed","Tue Apr 07 06:41:50 UTC 2026","com.automationlab.tests.HealthTest","API Tests","com.automationlab.tests.HealthTest","testRootEndpointListsEndpoints"
"Verify registration fails with invalid email format","22","testRegistrationInvalidEmail","API Test Suite","Tue Apr 07 06:41:52 UTC 2026","passed","Tue Apr 07 06:41:52 UTC 2026","com.automationlab.tests.AuthTest","API Tests","com.automationlab.tests.AuthTest","testRegistrationInvalidEmail"
"","316","admin can view any order","","Tue Apr 07 06:41:40 UTC 2026","passed","Tue Apr 07 06:41:40 UTC 2026","Order Endpoints > GET /api/orders/:id","orders_test.spec.ts","",""
"","261","returns HTTP 200 for existing product","","Tue Apr 07 06:41:44 UTC 2026","passed","Tue Apr 07 06:41:44 UTC 2026","Product Endpoints > GET /api/products/:id","products_test.spec.ts","",""
"","350","Register link is visible","chromium","Tue Apr 07 06:42:23 UTC 2026","passed","Tue Apr 07 06:42:23 UTC 2026","Navbar — Unauthenticated","navbar_test.spec.ts","",""
"Verify authenticated user can logout","20","testLogout","API Test Suite","Tue Apr 07 06:41:51 UTC 2026","passed","Tue Apr 07 06:41:51 UTC 2026","com.automationlab.tests.AuthTest","API Tests","com.automationlab.tests.AuthTest","testLogout"
"","859","Admin can set quantity before ordering","chromium","Tue Apr 07 06:43:11 UTC 2026","passed","Tue Apr 07 06:43:11 UTC 2026","Product Detail — Authenticated Admin","product_detail_test.spec.ts","",""
"","4","test_get_user_returns_full_profile","tests","Tue Apr 07 06:41:52 UTC 2026","passed","Tue Apr 07 06:41:52 UTC 2026","TestGetUser","user_test","",""
"","134","returns HTTP 403 or 404 when updating another users data","","Tue Apr 07 06:41:52 UTC 2026","passed","Tue Apr 07 06:41:53 UTC 2026","User Endpoints > PUT /api/users/:id","user_test.spec.ts","",""
"","4","test_combined_category_and_search","tests","Tue Apr 07 06:41:51 UTC 2026","passed","Tue Apr 07 06:41:51 UTC 2026","TestFilterProducts","products_test","",""
"","4","test_register_duplicate_email_returns_409","tests","Tue Apr 07 06:41:46 UTC 2026","passed","Tue Apr 07 06:41:46 UTC 2026","TestRegistration","auth_test","",""
"Order quantity exceeding available stock should fail.","8","test_create_order_exceeding_stock_returns_400","tests","Tue Apr 07 06:41:49 UTC 2026","passed","Tue Apr 07 06:41:49 UTC 2026","TestCreateOrder","orders_test","",""
"Products link navigates to products page","626","productsLinkNavigatesToProductsPage","SQA Automation Lab — Selenium UI Suite","Tue Apr 07 06:48:00 UTC 2026","passed","Tue Apr 07 06:48:00 UTC 2026","com.sqa.ui.tests.NavigationTest","UI Tests","com.sqa.ui.tests.NavigationTest","productsLinkNavigatesToProductsPage"
"Verify registration fails with weak password","22","testRegistrationWeakPassword","API Test Suite","Tue Apr 07 06:41:52 UTC 2026","passed","Tue Apr 07 06:41:52 UTC 2026","com.automationlab.tests.AuthTest","API Tests","com.automationlab.tests.AuthTest","testRegistrationWeakPassword"
"","342","Unauthenticated place order redirects to login","chromium","Tue Apr 07 06:43:09 UTC 2026","passed","Tue Apr 07 06:43:09 UTC 2026","Product Detail — Unauthenticated","product_detail_test.spec.ts","",""
"**Risk:** Informational
**Confidence:** 3
**Instances:** 1

**Description:**
The given request has been identified as an authentication request. The 'Other Info' field contains a set of key=value lines which identify any relevant fields. If the request is in a context which has an Authentication Method set to ""Auto-Detect"" then this rule will change the authentication to match the request identified.

**Solution:**
This is an informational alert rather than a vulnerability and so there is nothing to fix.","0","Authentication Request Identified","","Tue Apr 07 06:42:58 UTC 2026","passed","Tue Apr 07 06:42:58 UTC 2026","","Security - ZAP API Scan","",""
"","238","returns HTTP 400 when price is missing","","Tue Apr 07 06:41:46 UTC 2026","passed","Tue Apr 07 06:41:46 UTC 2026","Product Endpoints > POST /api/products","products_test.spec.ts","",""
"Verify products list only returns active products","48","testListOnlyActiveProducts","API Test Suite","Tue Apr 07 06:41:57 UTC 2026","passed","Tue Apr 07 06:41:57 UTC 2026","com.automationlab.tests.ProductTest","API Tests","com.automationlab.tests.ProductTest","testListOnlyActiveProducts"
"Recent orders table displays when orders exist","1533","recentOrdersTableDisplaysWhenOrdersExist","SQA Automation Lab — Selenium UI Suite","Tue Apr 07 06:47:11 UTC 2026","passed","Tue Apr 07 06:47:12 UTC 2026","com.sqa.ui.tests.DashboardTest","UI Tests","com.sqa.ui.tests.DashboardTest","recentOrdersTableDisplaysWhenOrdersExist"
"Verify create order fails without authentication","9","testCreateOrderNoAuth","API Test Suite","Tue Apr 07 06:41:59 UTC 2026","passed","Tue Apr 07 06:41:59 UTC 2026","com.automationlab.tests.OrderTest","API Tests","com.automationlab.tests.OrderTest","testCreateOrderNoAuth"
"","69","returns HTTP 200 for own user","","Tue Apr 07 06:41:51 UTC 2026","passed","Tue Apr 07 06:41:51 UTC 2026","User Endpoints > GET /api/users/:id","user_test.spec.ts","",""
"","8","test_create_order_with_single_item","tests","Tue Apr 07 06:41:48 UTC 2026","passed","Tue Apr 07 06:41:48 UTC 2026","TestCreateOrder","orders_test","",""
"","38230","PATCH /api/orders/:id/status - unauthorized (non-admin)","","Tue Apr 07 06:44:34 UTC 2026","passed","Tue Apr 07 06:45:12 UTC 2026","","k6 Performance Tests","",""
"","352","Register link navigates to register page","chromium","Tue Apr 07 06:42:25 UTC 2026","passed","Tue Apr 07 06:42:26 UTC 2026","Navbar — Unauthenticated","navbar_test.spec.ts","",""
"","2","test_regular_user_cannot_delete_product","tests","Tue Apr 07 06:41:52 UTC 2026","passed","Tue Apr 07 06:41:52 UTC 2026","TestDeleteProduct","products_test","",""
"","306","login page displays sign in heading","chromium","Tue Apr 07 06:42:16 UTC 2026","passed","Tue Apr 07 06:42:16 UTC 2026","Login","login_test.spec.ts","",""
"","514","Clear button resets search results","chromium","Tue Apr 07 06:43:16 UTC 2026","passed","Tue Apr 07 06:43:17 UTC 2026","Products — Unauthenticated","products_test.spec.ts","",""
"","344","Brand link is visible","chromium","Tue Apr 07 06:42:21 UTC 2026","passed","Tue Apr 07 06:42:22 UTC 2026","Navbar — Unauthenticated","navbar_test.spec.ts","",""
"Authenticated user can view products page","1698","authenticatedUserCanViewProductsPage","SQA Automation Lab — Selenium UI Suite","Tue Apr 07 06:44:43 UTC 2026","passed","Tue Apr 07 06:44:45 UTC 2026","com.sqa.ui.tests.ProductsTest","UI Tests","com.sqa.ui.tests.ProductsTest","authenticatedUserCanViewProductsPage"
"","243","returns HTTP 401 without token","","Tue Apr 07 06:41:37 UTC 2026","passed","Tue Apr 07 06:41:37 UTC 2026","Order Endpoints > POST /api/orders","orders_test.spec.ts","",""
"","5","test_admin_can_update_product_price","tests","Tue Apr 07 06:41:51 UTC 2026","passed","Tue Apr 07 06:41:51 UTC 2026","TestUpdateProduct","products_test","",""
"","2","test_create_product_without_auth_returns_401","tests","Tue Apr 07 06:41:51 UTC 2026","passed","Tue Apr 07 06:41:51 UTC 2026","TestCreateProduct","products_test","",""
"Duplicate email shows error message","1711","duplicateEmailShowsErrorMessage","SQA Automation Lab — Selenium UI Suite","Tue Apr 07 06:43:04 UTC 2026","passed","Tue Apr 07 06:43:05 UTC 2026","com.sqa.ui.tests.RegisterTest","UI Tests","com.sqa.ui.tests.RegisterTest","duplicateEmailShowsErrorMessage"
"Verify created product returns ID","34","testCreateProductReturnsId","API Test Suite","Tue Apr 07 06:41:57 UTC 2026","passed","Tue Apr 07 06:41:57 UTC 2026","com.automationlab.tests.ProductTest","API Tests","com.automationlab.tests.ProductTest","testCreateProductReturnsId"
"Empty last name shows validation error — AUT Bug C","11688","emptyLastNameShowsValidationError","SQA Automation Lab — Selenium UI Suite","Tue Apr 07 06:43:38 UTC 2026","failed","Tue Apr 07 06:43:49 UTC 2026","com.sqa.ui.tests.RegisterTest","UI Tests","com.sqa.ui.tests.RegisterTest","emptyLastNameShowsValidationError"
"Verify registered user has default role of 'user'","139","testRegistrationDefaultRole","API Test Suite","Tue Apr 07 06:41:51 UTC 2026","passed","Tue Apr 07 06:41:52 UTC 2026","com.automationlab.tests.AuthTest","API Tests","com.automationlab.tests.AuthTest","testRegistrationDefaultRole"
"","846","Dashboard link navigates to dashboard page","chromium","Tue Apr 07 06:42:37 UTC 2026","passed","Tue Apr 07 06:42:38 UTC 2026","Navbar — Authenticated Regular User","navbar_test.spec.ts","",""
"","361","Unauthenticated access redirects to login","chromium","Tue Apr 07 06:42:04 UTC 2026","passed","Tue Apr 07 06:42:04 UTC 2026","Dashboard — Unauthenticated","dashboard_test.spec.ts","",""
"","313","returns HTTP 401 without token","","Tue Apr 07 06:41:42 UTC 2026","passed","Tue Apr 07 06:41:42 UTC 2026","Order Endpoints > PATCH /api/orders/:id/status","orders_test.spec.ts","",""
"","3","test_update_sets_updated_at","tests","Tue Apr 07 06:41:52 UTC 2026","passed","Tue Apr 07 06:41:52 UTC 2026","TestUpdateProduct","products_test","",""
"","133","returns HTTP 403 or 404 when deleting another users account","","Tue Apr 07 06:41:53 UTC 2026","passed","Tue Apr 07 06:41:54 UTC 2026","User Endpoints > DELETE /api/users/:id","user_test.spec.ts","",""
"Verify pagination returns correct total count","43","testListProductsPaginationTotalCount","API Test Suite","Tue Apr 07 06:41:57 UTC 2026","passed","Tue Apr 07 06:41:57 UTC 2026","com.automationlab.tests.ProductTest","API Tests","com.automationlab.tests.ProductTest","testListProductsPaginationTotalCount"
"","4","test_filter_with_no_results","tests","Tue Apr 07 06:41:51 UTC 2026","passed","Tue Apr 07 06:41:51 UTC 2026","TestFilterProducts","products_test","",""
"","320","returns HTTP 201 on successful order creation","","Tue Apr 07 06:41:35 UTC 2026","passed","Tue Apr 07 06:41:36 UTC 2026","Order Endpoints > POST /api/orders","orders_test.spec.ts","",""
"Verify multiple consecutive health checks return consistent status","210","testHealthEndpointConsistency","API Test Suite","Tue Apr 07 06:41:49 UTC 2026","passed","Tue Apr 07 06:41:50 UTC 2026","com.automationlab.tests.HealthTest","API Tests","com.automationlab.tests.HealthTest","testHealthEndpointConsistency"
"","407","Sign-in link navigates to login page","chromium","Tue Apr 07 06:42:25 UTC 2026","passed","Tue Apr 07 06:42:25 UTC 2026","Navbar — Unauthenticated","navbar_test.spec.ts","",""
"Verify login fails with missing password","28","testLoginMissingPassword","API Test Suite","Tue Apr 07 06:41:51 UTC 2026","passed","Tue Apr 07 06:41:51 UTC 2026","com.automationlab.tests.AuthTest","API Tests","com.automationlab.tests.AuthTest","testLoginMissingPassword"
"Verify JWT token contains required claims","289","testTokenStructure","API Test Suite","Tue Apr 07 06:41:52 UTC 2026","passed","Tue Apr 07 06:41:53 UTC 2026","com.automationlab.tests.AuthTest","API Tests","com.automationlab.tests.AuthTest","testTokenStructure"
"","4","test_admin_can_view_any_user","tests","Tue Apr 07 06:41:52 UTC 2026","passed","Tue Apr 07 06:41:52 UTC 2026","TestGetUser","user_test","",""
"","572","Valid registration redirects to dashboard page","chromium","Tue Apr 07 06:43:25 UTC 2026","passed","Tue Apr 07 06:43:25 UTC 2026","Register","register_test.spec.ts","",""
"","348","Dashboard link is not visible","chromium","Tue Apr 07 06:42:23 UTC 2026","passed","Tue Apr 07 06:42:24 UTC 2026","Navbar — Unauthenticated","navbar_test.spec.ts","",""
"","2","test_root_lists_available_endpoints","tests","Tue Apr 07 06:41:47 UTC 2026","passed","Tue Apr 07 06:41:47 UTC 2026","TestRootEndpoint","health_test","",""
"Verify password is not returned in registration response","117","testRegistrationDoesNotReturnPassword","API Test Suite","Tue Apr 07 06:41:52 UTC 2026","passed","Tue Apr 07 06:41:52 UTC 2026","com.automationlab.tests.AuthTest","API Tests","com.automationlab.tests.AuthTest","testRegistrationDoesNotReturnPassword"
"","759","Sign out button is visible","chromium","Tue Apr 07 06:42:32 UTC 2026","passed","Tue Apr 07 06:42:33 UTC 2026","Navbar — Authenticated Regular User","navbar_test.spec.ts","",""
"Register link is visible when unauthenticated","446","registerLinkIsVisibleWhenUnauthenticated","SQA Automation Lab — Selenium UI Suite","Tue Apr 07 06:48:07 UTC 2026","passed","Tue Apr 07 06:48:08 UTC 2026","com.sqa.ui.tests.NavigationTest","UI Tests","com.sqa.ui.tests.NavigationTest","registerLinkIsVisibleWhenUnauthenticated"
"Product detail page displays category","311","productDetailPageDisplaysCategory","SQA Automation Lab — Selenium UI Suite","Tue Apr 07 06:45:51 UTC 2026","failed","Tue Apr 07 06:45:51 UTC 2026","com.sqa.ui.tests.ProductDetailTest","UI Tests","com.sqa.ui.tests.ProductDetailTest","productDetailPageDisplaysCategory"
"Verify admin can create a new product","60","testCreateProduct","API Test Suite","Tue Apr 07 06:41:56 UTC 2026","passed","Tue Apr 07 06:41:56 UTC 2026","com.automationlab.tests.ProductTest","API Tests","com.automationlab.tests.ProductTest","testCreateProduct"
"","127","response body conforms to auth response schema","","Tue Apr 07 06:41:34 UTC 2026","passed","Tue Apr 07 06:41:35 UTC 2026","Authentication Endpoints > POST /api/auth/login","auth_test.spec.ts","",""
"","5","test_update_own_first_name","tests","Tue Apr 07 06:41:52 UTC 2026","passed","Tue Apr 07 06:41:52 UTC 2026","TestUpdateUser","user_test","",""
"Search with no matches shows no products found message","1393","searchWithNoMatchesShowsNoProductsFoundMessage","SQA Automation Lab — Selenium UI Suite","Tue Apr 07 06:45:26 UTC 2026","passed","Tue Apr 07 06:45:27 UTC 2026","com.sqa.ui.tests.ProductsTest","UI Tests","com.sqa.ui.tests.ProductsTest","searchWithNoMatchesShowsNoProductsFoundMessage"
"","368","Orders link is not visible","chromium","Tue Apr 07 06:42:23 UTC 2026","passed","Tue Apr 07 06:42:23 UTC 2026","Navbar — Unauthenticated","navbar_test.spec.ts","",""
"Unauthenticated place order redirects to login","358","unauthenticatedPlaceOrderRedirectsToLogin","SQA Automation Lab — Selenium UI Suite","Tue Apr 07 06:46:05 UTC 2026","failed","Tue Apr 07 06:46:05 UTC 2026","com.sqa.ui.tests.ProductDetailTest","UI Tests","com.sqa.ui.tests.ProductDetailTest","unauthenticatedPlaceOrderRedirectsToLogin"
"","403","Search with no matches shows no products found message","chromium","Tue Apr 07 06:43:17 UTC 2026","passed","Tue Apr 07 06:43:17 UTC 2026","Products — Unauthenticated","products_test.spec.ts","",""
"Verify registration fails with duplicate email","48","testRegistrationDuplicateEmail","API Test Suite","Tue Apr 07 06:41:52 UTC 2026","passed","Tue Apr 07 06:41:52 UTC 2026","com.automationlab.tests.AuthTest","API Tests","com.automationlab.tests.AuthTest","testRegistrationDuplicateEmail"
"Order error message shown on API failure","1054","orderErrorMessageShownOnApiFailure","SQA Automation Lab — Selenium UI Suite","Tue Apr 07 06:45:47 UTC 2026","failed","Tue Apr 07 06:45:48 UTC 2026","com.sqa.ui.tests.ProductDetailTest","UI Tests","com.sqa.ui.tests.ProductDetailTest","orderErrorMessageShownOnApiFailure"
"","4","test_order_fields_in_listing","tests","Tue Apr 07 06:41:49 UTC 2026","passed","Tue Apr 07 06:41:49 UTC 2026","TestListOrders","orders_test","",""
"Sign in link navigates to login page","841","signInLinkNavigatesToLoginPage","SQA Automation Lab — Selenium UI Suite","Tue Apr 07 06:44:25 UTC 2026","passed","Tue Apr 07 06:44:26 UTC 2026","com.sqa.ui.tests.RegisterTest","UI Tests","com.sqa.ui.tests.RegisterTest","signInLinkNavigatesToLoginPage"
"","351","Sign in link is visible","chromium","Tue Apr 07 06:42:22 UTC 2026","passed","Tue Apr 07 06:42:22 UTC 2026","Navbar — Unauthenticated","navbar_test.spec.ts","",""
"Verify user cannot delete another user's account","14","testDeleteOtherUserForbidden","API Test Suite","Tue Apr 07 06:41:54 UTC 2026","passed","Tue Apr 07 06:41:54 UTC 2026","com.automationlab.tests.UserTest","API Tests","com.automationlab.tests.UserTest","testDeleteOtherUserForbidden"
"Verify password is not included in user response","16","testGetUserDoesNotReturnPassword","API Test Suite","Tue Apr 07 06:41:54 UTC 2026","passed","Tue Apr 07 06:41:54 UTC 2026","com.automationlab.tests.UserTest","API Tests","com.automationlab.tests.UserTest","testGetUserDoesNotReturnPassword"
"","498","Pagination prev button returns to page 1","chromium","Tue Apr 07 06:43:18 UTC 2026","passed","Tue Apr 07 06:43:18 UTC 2026","Products — Unauthenticated","products_test.spec.ts","",""
"","270","Product detail page displays stock status","chromium","Tue Apr 07 06:43:08 UTC 2026","passed","Tue Apr 07 06:43:08 UTC 2026","Product Detail — Unauthenticated","product_detail_test.spec.ts","",""
"","4","test_create_order_with_nonexistent_product_returns_404","tests","Tue Apr 07 06:41:48 UTC 2026","passed","Tue Apr 07 06:41:48 UTC 2026","TestCreateOrder","orders_test","",""
"","11","category filter returns only products from that category","","Tue Apr 07 06:41:44 UTC 2026","passed","Tue Apr 07 06:41:44 UTC 2026","Product Endpoints > GET /api/products","products_test.spec.ts","",""
"","30008","User Tests","","Tue Apr 07 06:46:00 UTC 2026","passed","Tue Apr 07 06:46:30 UTC 2026","","JMeter Performance Tests","",""
"Verify admin can retrieve any user","27","testAdminGetAnyUser","API Test Suite","Tue Apr 07 06:41:54 UTC 2026","passed","Tue Apr 07 06:41:54 UTC 2026","com.automationlab.tests.UserTest","API Tests","com.automationlab.tests.UserTest","testAdminGetAnyUser"
"","4","test_current_user_includes_full_profile","tests","Tue Apr 07 06:41:47 UTC 2026","passed","Tue Apr 07 06:41:47 UTC 2026","TestCurrentUser","auth_test","",""
"","77","page navigation does not return overlapping results","","Tue Apr 07 06:41:51 UTC 2026","passed","Tue Apr 07 06:41:51 UTC 2026","User Endpoints > GET /api/users","user_test.spec.ts","",""
"","65","test_register_does_not_return_password","tests","Tue Apr 07 06:41:46 UTC 2026","passed","Tue Apr 07 06:41:46 UTC 2026","TestRegistration","auth_test","",""
"","897","Orders link navigates to orders page","chromium","Tue Apr 07 06:42:30 UTC 2026","passed","Tue Apr 07 06:42:31 UTC 2026","Navbar — Authenticated Admin","navbar_test.spec.ts","",""
"","5","returns HTTP 401 without token","","Tue Apr 07 06:41:47 UTC 2026","passed","Tue Apr 07 06:41:47 UTC 2026","Product Endpoints > POST /api/products","products_test.spec.ts","",""
"","3","test_list_users_returns_paginated_results","tests","Tue Apr 07 06:41:52 UTC 2026","passed","Tue Apr 07 06:41:52 UTC 2026","TestListUsers","user_test","",""
"","39239","PUT /api/users/:id","","Tue Apr 07 06:43:09 UTC 2026","passed","Tue Apr 07 06:43:48 UTC 2026","","k6 Performance Tests","",""
"Status filter cancelled shows filtered results or empty state — AUT Bug C","751","statusFilterCancelledShowsFilteredResultsOrEmptyState","SQA Automation Lab — Selenium UI Suite","Tue Apr 07 06:46:37 UTC 2026","passed","Tue Apr 07 06:46:38 UTC 2026","com.sqa.ui.tests.OrdersTest","UI Tests","com.sqa.ui.tests.OrdersTest","statusFilterCancelledShowsFilteredResultsOrEmptyState"
"Verify registration succeeds without first name (optional field)","155","testRegistrationMissingFirstName","API Test Suite","Tue Apr 07 06:41:52 UTC 2026","passed","Tue Apr 07 06:41:52 UTC 2026","com.automationlab.tests.AuthTest","API Tests","com.automationlab.tests.AuthTest","testRegistrationMissingFirstName"
"Navbar is visible on products page","521","navbarIsVisibleOnProductsPage","SQA Automation Lab — Selenium UI Suite","Tue Apr 07 06:47:42 UTC 2026","passed","Tue Apr 07 06:47:42 UTC 2026","com.sqa.ui.tests.NavigationTest","UI Tests","com.sqa.ui.tests.NavigationTest","navbarIsVisibleOnProductsPage"
"**Risk:** Informational
**Confidence:** 2
**Instances:** 3

**Description:**
Check for differences in response based on fuzzed User Agent (eg. mobile sites, access as a Search Engine Crawler). Compares the response statuscode and the hashcode of the response body with the original response.

**Solution:**
","0","User Agent Fuzzer","","Tue Apr 07 06:42:58 UTC 2026","passed","Tue Apr 07 06:42:58 UTC 2026","","Security - ZAP API Scan","",""
"Verify list orders fails without authentication","13","testListOrdersNoAuth","API Test Suite","Tue Apr 07 06:42:00 UTC 2026","passed","Tue Apr 07 06:42:00 UTC 2026","com.automationlab.tests.OrderTest","API Tests","com.automationlab.tests.OrderTest","testListOrdersNoAuth"
"Unauthenticated access to orders redirects to login — AUT Bug A","236","unauthenticatedAccessToOrdersRedirectsToLogin","SQA Automation Lab — Selenium UI Suite","Tue Apr 07 06:46:46 UTC 2026","passed","Tue Apr 07 06:46:46 UTC 2026","com.sqa.ui.tests.OrdersTest","UI Tests","com.sqa.ui.tests.OrdersTest","unauthenticatedAccessToOrdersRedirectsToLogin"
"Verify create order fails with negative quantity","11","testCreateOrderNegativeQuantity","API Test Suite","Tue Apr 07 06:41:59 UTC 2026","passed","Tue Apr 07 06:41:59 UTC 2026","com.automationlab.tests.OrderTest","API Tests","com.automationlab.tests.OrderTest","testCreateOrderNegativeQuantity"
"","37995","Step 1: Register new user","","Tue Apr 07 06:45:14 UTC 2026","passed","Tue Apr 07 06:45:52 UTC 2026","","k6 Performance Tests","",""
"","797","Dashboard link is visible","chromium","Tue Apr 07 06:42:34 UTC 2026","passed","Tue Apr 07 06:42:35 UTC 2026","Navbar — Authenticated Regular User","navbar_test.spec.ts","",""
"","81","response contains token","","Tue Apr 07 06:41:34 UTC 2026","passed","Tue Apr 07 06:41:34 UTC 2026","Authentication Endpoints > POST /api/auth/register","auth_test.spec.ts","",""
"","4","test_admin_can_update_any_user","tests","Tue Apr 07 06:41:52 UTC 2026","passed","Tue Apr 07 06:41:52 UTC 2026","TestUpdateUser","user_test","",""
"","38230","DELETE /api/orders/:id","","Tue Apr 07 06:44:35 UTC 2026","passed","Tue Apr 07 06:45:13 UTC 2026","","k6 Performance Tests","",""
"","2","test_404_response_includes_error_details","tests","Tue Apr 07 06:41:47 UTC 2026","passed","Tue Apr 07 06:41:47 UTC 2026","TestNotFound","health_test","",""
"Verify search is case-insensitive","26","testSearchProductsCaseInsensitive","API Test Suite","Tue Apr 07 06:41:57 UTC 2026","passed","Tue Apr 07 06:41:57 UTC 2026","com.automationlab.tests.ProductTest","API Tests","com.automationlab.tests.ProductTest","testSearchProductsCaseInsensitive"
"","3","test_register_without_password_returns_400","tests","Tue Apr 07 06:41:46 UTC 2026","passed","Tue Apr 07 06:41:46 UTC 2026","TestRegistration","auth_test","",""
"","2","test_create_product_with_negative_price_returns_400","tests","Tue Apr 07 06:41:51 UTC 2026","passed","Tue Apr 07 06:41:51 UTC 2026","TestCreateProduct","products_test","",""
"Verify update non-existent product returns 404","13","testUpdateNonExistentProduct","API Test Suite","Tue Apr 07 06:41:57 UTC 2026","passed","Tue Apr 07 06:41:57 UTC 2026","com.automationlab.tests.ProductTest","API Tests","com.automationlab.tests.ProductTest","testUpdateNonExistentProduct"
"","38230","PATCH /api/orders/:id/status - admin","","Tue Apr 07 06:44:34 UTC 2026","passed","Tue Apr 07 06:45:12 UTC 2026","","k6 Performance Tests","",""
"","38087","POST /api/products - unauthorized (non-admin)","","Tue Apr 07 06:43:51 UTC 2026","passed","Tue Apr 07 06:44:30 UTC 2026","","k6 Performance Tests","",""
"Verify invalid endpoint returns 404","41","testInvalidEndpoint","API Test Suite","Tue Apr 07 06:41:50 UTC 2026","passed","Tue Apr 07 06:41:50 UTC 2026","com.automationlab.tests.HealthTest","API Tests","com.automationlab.tests.HealthTest","testInvalidEndpoint"
"","7","status field value is ok","","Tue Apr 07 06:41:35 UTC 2026","passed","Tue Apr 07 06:41:35 UTC 2026","Health Endpoints > GET /health","health_test.spec.ts","",""
"After soft delete, product should not appear in public listing.","5","test_deleted_product_not_in_listing","tests","Tue Apr 07 06:41:52 UTC 2026","passed","Tue Apr 07 06:41:52 UTC 2026","TestDeleteProduct","products_test","",""
"","549","non-existent email stays on login page","chromium","Tue Apr 07 06:42:20 UTC 2026","passed","Tue Apr 07 06:42:20 UTC 2026","Login","login_test.spec.ts","",""
"","66","test_register_with_minimum_fields","tests","Tue Apr 07 06:41:46 UTC 2026","passed","Tue Apr 07 06:41:46 UTC 2026","TestRegistration","auth_test","",""
"","311","new order status is pending","","Tue Apr 07 06:41:36 UTC 2026","passed","Tue Apr 07 06:41:36 UTC 2026","Order Endpoints > POST /api/orders","orders_test.spec.ts","",""
"","37994","Step 5: Create order","","Tue Apr 07 06:45:18 UTC 2026","passed","Tue Apr 07 06:45:56 UTC 2026","","k6 Performance Tests","",""
"","331","Products page displays heading","chromium","Tue Apr 07 06:43:15 UTC 2026","passed","Tue Apr 07 06:43:15 UTC 2026","Products — Unauthenticated","products_test.spec.ts","",""
"","68","returns HTTP 403 for non-admin authenticated user","","Tue Apr 07 06:41:47 UTC 2026","passed","Tue Apr 07 06:41:47 UTC 2026","Product Endpoints > POST /api/products","products_test.spec.ts","",""
"Verify user response includes timestamps","52","testGetUserIncludesTimestamps","API Test Suite","Tue Apr 07 06:41:54 UTC 2026","passed","Tue Apr 07 06:41:54 UTC 2026","com.automationlab.tests.UserTest","API Tests","com.automationlab.tests.UserTest","testGetUserIncludesTimestamps"
"","6","test_list_users_page_navigation","tests","Tue Apr 07 06:41:52 UTC 2026","passed","Tue Apr 07 06:41:52 UTC 2026","TestListUsers","user_test","",""
"","5652","Empty last name shows validation error","chromium","Tue Apr 07 06:43:33 UTC 2026","failed","Tue Apr 07 06:43:38 UTC 2026","Register","register_test.spec.ts","",""
"","8","returns HTTP 200 without authentication","","Tue Apr 07 06:41:44 UTC 2026","passed","Tue Apr 07 06:41:44 UTC 2026","Product Endpoints > GET /api/products","products_test.spec.ts","",""
"Verify login fails with non-existent email","28","testLoginNonExistentEmail","API Test Suite","Tue Apr 07 06:41:51 UTC 2026","passed","Tue Apr 07 06:41:51 UTC 2026","com.automationlab.tests.AuthTest","API Tests","com.automationlab.tests.AuthTest","testLoginNonExistentEmail"
"All status filter options are selectable — AUT Bug C","1086","allStatusFilterOptionsAreSelectable","SQA Automation Lab — Selenium UI Suite","Tue Apr 07 06:46:09 UTC 2026","passed","Tue Apr 07 06:46:11 UTC 2026","com.sqa.ui.tests.OrdersTest","UI Tests","com.sqa.ui.tests.OrdersTest","allStatusFilterOptionsAreSelectable"
"Verify registration returns user ID","131","testRegistrationReturnsUserId","API Test Suite","Tue Apr 07 06:41:52 UTC 2026","passed","Tue Apr 07 06:41:52 UTC 2026","com.automationlab.tests.AuthTest","API Tests","com.automationlab.tests.AuthTest","testRegistrationReturnsUserId"
"","9","test_admin_can_update_status_to_delivered","tests","Tue Apr 07 06:41:50 UTC 2026","passed","Tue Apr 07 06:41:50 UTC 2026","TestUpdateOrderStatus","orders_test","",""
"","38929","GET /api/auth/me","","Tue Apr 07 06:42:28 UTC 2026","passed","Tue Apr 07 06:43:07 UTC 2026","","k6 Performance Tests","",""
"","3","test_list_products_returns_paginated_results","tests","Tue Apr 07 06:41:51 UTC 2026","passed","Tue Apr 07 06:41:51 UTC 2026","TestListProducts","products_test","",""
"","44","test_create_product_returns_id","tests","Tue Apr 07 06:41:51 UTC 2026","passed","Tue Apr 07 06:41:51 UTC 2026","TestCreateProduct","products_test","",""
"","6","returns HTTP 401 without token","","Tue Apr 07 06:41:35 UTC 2026","passed","Tue Apr 07 06:41:35 UTC 2026","Authentication Endpoints > GET /api/auth/me","auth_test.spec.ts","",""
"","3","test_login_without_password_returns_400","tests","Tue Apr 07 06:41:47 UTC 2026","passed","Tue Apr 07 06:41:47 UTC 2026","TestLogin","auth_test","",""
"","1","setup","","Tue Apr 07 06:44:32 UTC 2026","passed","Tue Apr 07 06:44:32 UTC 2026","","k6 Performance Tests","",""
"Search should find products by name substring.","8","test_search_by_name","tests","Tue Apr 07 06:41:51 UTC 2026","passed","Tue Apr 07 06:41:51 UTC 2026","TestFilterProducts","products_test","",""
"","765","Orders link is visible","chromium","Tue Apr 07 06:42:26 UTC 2026","passed","Tue Apr 07 06:42:27 UTC 2026","Navbar — Authenticated Admin","navbar_test.spec.ts","",""
"","14","returns HTTP 400 when email is missing","","Tue Apr 07 06:41:34 UTC 2026","passed","Tue Apr 07 06:41:34 UTC 2026","Authentication Endpoints > POST /api/auth/register","auth_test.spec.ts","",""
"","303","admin can retrieve any user","","Tue Apr 07 06:41:51 UTC 2026","passed","Tue Apr 07 06:41:51 UTC 2026","User Endpoints > GET /api/users/:id","user_test.spec.ts","",""
"Product card link navigates to product detail page","1279","productCardLinkNavigatesToProductDetailPage","SQA Automation Lab — Selenium UI Suite","Tue Apr 07 06:45:09 UTC 2026","passed","Tue Apr 07 06:45:11 UTC 2026","com.sqa.ui.tests.ProductsTest","UI Tests","com.sqa.ui.tests.ProductsTest","productCardLinkNavigatesToProductDetailPage"
"Verify update with invalid status fails","11","testUpdateOrderInvalidStatus","API Test Suite","Tue Apr 07 06:42:00 UTC 2026","passed","Tue Apr 07 06:42:00 UTC 2026","com.automationlab.tests.OrderTest","API Tests","com.automationlab.tests.OrderTest","testUpdateOrderInvalidStatus"
"","799","Sign-out redirects to login page","chromium","Tue Apr 07 06:42:15 UTC 2026","passed","Tue Apr 07 06:42:16 UTC 2026","Dashboard — Authenticated Regular User","dashboard_test.spec.ts","",""
"","3","test_get_current_user_with_invalid_token_returns_403","tests","Tue Apr 07 06:41:47 UTC 2026","passed","Tue Apr 07 06:41:47 UTC 2026","TestCurrentUser","auth_test","",""
"","459","wrong password stays on login page","chromium","Tue Apr 07 06:42:19 UTC 2026","passed","Tue Apr 07 06:42:20 UTC 2026","Login","login_test.spec.ts","",""
"","8","test_get_product_by_id","tests","Tue Apr 07 06:41:51 UTC 2026","passed","Tue Apr 07 06:41:51 UTC 2026","TestGetProduct","products_test","",""
"","2","test_health_returns_200","tests","Tue Apr 07 06:41:47 UTC 2026","passed","Tue Apr 07 06:41:47 UTC 2026","TestHealthEndpoint","health_test","",""
"","3","test_admin_can_delete_any_user","tests","Tue Apr 07 06:41:53 UTC 2026","passed","Tue Apr 07 06:41:53 UTC 2026","TestDeleteUser","user_test","",""
"","2","test_invalid_route_returns_404","tests","Tue Apr 07 06:41:47 UTC 2026","passed","Tue Apr 07 06:41:47 UTC 2026","TestNotFound","health_test","",""
"","241","admin can create a product and receives HTTP 201","","Tue Apr 07 06:41:45 UTC 2026","passed","Tue Apr 07 06:41:45 UTC 2026","Product Endpoints > POST /api/products","products_test.spec.ts","",""
"Verify users list supports pagination","54","testListUsersPagination","API Test Suite","Tue Apr 07 06:41:54 UTC 2026","passed","Tue Apr 07 06:41:54 UTC 2026","com.automationlab.tests.UserTest","API Tests","com.automationlab.tests.UserTest","testListUsersPagination"
"","7","response body conforms to health schema","","Tue Apr 07 06:41:35 UTC 2026","passed","Tue Apr 07 06:41:35 UTC 2026","Health Endpoints > GET /health","health_test.spec.ts","",""
"Brand link is visible","512","brandLinkIsVisible","SQA Automation Lab — Selenium UI Suite","Tue Apr 07 06:47:23 UTC 2026","passed","Tue Apr 07 06:47:24 UTC 2026","com.sqa.ui.tests.NavigationTest","UI Tests","com.sqa.ui.tests.NavigationTest","brandLinkIsVisible"
"","69","returns HTTP 400 when items key is absent from body","","Tue Apr 07 06:41:37 UTC 2026","passed","Tue Apr 07 06:41:37 UTC 2026","Order Endpoints > POST /api/orders","orders_test.spec.ts","",""
"Verify default pagination limit","54","testListUsersDefaultPaginationLimit","API Test Suite","Tue Apr 07 06:41:54 UTC 2026","passed","Tue Apr 07 06:41:54 UTC 2026","com.automationlab.tests.UserTest","API Tests","com.automationlab.tests.UserTest","testListUsersDefaultPaginationLimit"
"","3","test_get_nonexistent_user_returns_404","tests","Tue Apr 07 06:41:52 UTC 2026","passed","Tue Apr 07 06:41:52 UTC 2026","TestGetUser","user_test","",""
"Verify admin can update any user","35","testAdminUpdateAnyUser","API Test Suite","Tue Apr 07 06:41:54 UTC 2026","passed","Tue Apr 07 06:41:54 UTC 2026","com.automationlab.tests.UserTest","API Tests","com.automationlab.tests.UserTest","testAdminUpdateAnyUser"
"","38235","POST /api/orders","","Tue Apr 07 06:44:32 UTC 2026","passed","Tue Apr 07 06:45:10 UTC 2026","","k6 Performance Tests","",""
"Verify successful user registration with valid data","112","testSuccessfulRegistration","API Test Suite","Tue Apr 07 06:41:53 UTC 2026","passed","Tue Apr 07 06:41:53 UTC 2026","com.automationlab.tests.AuthTest","API Tests","com.automationlab.tests.AuthTest","testSuccessfulRegistration"
"","1023","User all status filter options are selectable","chromium","Tue Apr 07 06:43:03 UTC 2026","passed","Tue Apr 07 06:43:04 UTC 2026","Orders — Authenticated User","orders_test.spec.ts","",""
"Verify user can list their own orders","59","testListUserOrders","API Test Suite","Tue Apr 07 06:42:00 UTC 2026","passed","Tue Apr 07 06:42:00 UTC 2026","com.automationlab.tests.OrderTest","API Tests","com.automationlab.tests.OrderTest","testListUserOrders"
"","2","test_login_without_email_returns_400","tests","Tue Apr 07 06:41:47 UTC 2026","passed","Tue Apr 07 06:41:47 UTC 2026","TestLogin","auth_test","",""
"","339","Sign-in link navigates to login page","chromium","Tue Apr 07 06:44:08 UTC 2026","passed","Tue Apr 07 06:44:09 UTC 2026","Register","register_test.spec.ts","",""
"","37993","Step 2: Login","","Tue Apr 07 06:45:15 UTC 2026","passed","Tue Apr 07 06:45:53 UTC 2026","","k6 Performance Tests","",""
"","5674","Mismatched passwords show validation error","chromium","Tue Apr 07 06:44:00 UTC 2026","failed","Tue Apr 07 06:44:06 UTC 2026","Register","register_test.spec.ts","",""
"","301","admin can delete any user","","Tue Apr 07 06:41:53 UTC 2026","passed","Tue Apr 07 06:41:53 UTC 2026","User Endpoints > DELETE /api/users/:id","user_test.spec.ts","",""
"Verify delete user fails without authentication","14","testDeleteUserNoAuth","API Test Suite","Tue Apr 07 06:41:54 UTC 2026","passed","Tue Apr 07 06:41:54 UTC 2026","com.automationlab.tests.UserTest","API Tests","com.automationlab.tests.UserTest","testDeleteUserNoAuth"
"","331","Sign-out button is not visible","chromium","Tue Apr 07 06:42:24 UTC 2026","passed","Tue Apr 07 06:42:24 UTC 2026","Navbar — Unauthenticated","navbar_test.spec.ts","",""
"Verify create order fails with empty items array","16","testCreateOrderEmptyItems","API Test Suite","Tue Apr 07 06:41:59 UTC 2026","passed","Tue Apr 07 06:41:59 UTC 2026","com.automationlab.tests.OrderTest","API Tests","com.automationlab.tests.OrderTest","testCreateOrderEmptyItems"
"","4","test_update_own_last_name","tests","Tue Apr 07 06:41:52 UTC 2026","passed","Tue Apr 07 06:41:52 UTC 2026","TestUpdateUser","user_test","",""
"","740","authenticated user visiting login page is redirected to products","chromium","Tue Apr 07 06:42:21 UTC 2026","passed","Tue Apr 07 06:42:21 UTC 2026","Login","login_test.spec.ts","",""
"Verify logout fails without token","22","testLogoutNoToken","API Test Suite","Tue Apr 07 06:41:51 UTC 2026","passed","Tue Apr 07 06:41:51 UTC 2026","com.automationlab.tests.AuthTest","API Tests","com.automationlab.tests.AuthTest","testLogoutNoToken"
"","39241","GET /api/users/:id - unauthorized (different user)","","Tue Apr 07 06:43:09 UTC 2026","passed","Tue Apr 07 06:43:48 UTC 2026","","k6 Performance Tests","",""
"","38940","POST /api/auth/login - invalid credentials","","Tue Apr 07 06:42:27 UTC 2026","passed","Tue Apr 07 06:43:06 UTC 2026","","k6 Performance Tests","",""
"","3","test_get_nonexistent_order_returns_404","tests","Tue Apr 07 06:41:49 UTC 2026","passed","Tue Apr 07 06:41:49 UTC 2026","TestGetOrder","orders_test","",""
"Verify registration fails with missing password","18","testRegistrationMissingPassword","API Test Suite","Tue Apr 07 06:41:52 UTC 2026","passed","Tue Apr 07 06:41:52 UTC 2026","com.automationlab.tests.AuthTest","API Tests","com.automationlab.tests.AuthTest","testRegistrationMissingPassword"
"","74","test_register_returns_user_details","tests","Tue Apr 07 06:41:46 UTC 2026","passed","Tue Apr 07 06:41:46 UTC 2026","TestRegistration","auth_test","",""
"Verify product response includes timestamps","44","testGetProductIncludesTimestamps","API Test Suite","Tue Apr 07 06:41:57 UTC 2026","passed","Tue Apr 07 06:41:57 UTC 2026","com.automationlab.tests.ProductTest","API Tests","com.automationlab.tests.ProductTest","testGetProductIncludesTimestamps"
"","69","password field is not included in user response object","","Tue Apr 07 06:41:34 UTC 2026","passed","Tue Apr 07 06:41:34 UTC 2026","Authentication Endpoints > POST /api/auth/register","auth_test.spec.ts","",""
"","7","content-type is application/json","","Tue Apr 07 06:41:35 UTC 2026","passed","Tue Apr 07 06:41:35 UTC 2026","Health Endpoints > GET /health","health_test.spec.ts","",""
"","1003","User orders page displays heading","chromium","Tue Apr 07 06:42:59 UTC 2026","passed","Tue Apr 07 06:43:00 UTC 2026","Orders — Authenticated User","orders_test.spec.ts","",""
"","3","test_list_users_excludes_passwords","tests","Tue Apr 07 06:41:52 UTC 2026","passed","Tue Apr 07 06:41:52 UTC 2026","TestListUsers","user_test","",""
"Verify order includes item details","90","testOrderIncludesItemDetails","API Test Suite","Tue Apr 07 06:42:00 UTC 2026","passed","Tue Apr 07 06:42:00 UTC 2026","com.automationlab.tests.OrderTest","API Tests","com.automationlab.tests.OrderTest","testOrderIncludesItemDetails"
"","5","test_admin_can_update_product_name","tests","Tue Apr 07 06:41:51 UTC 2026","passed","Tue Apr 07 06:41:51 UTC 2026","TestUpdateProduct","products_test","",""
"","8","test_admin_can_update_status_to_shipped","tests","Tue Apr 07 06:41:50 UTC 2026","passed","Tue Apr 07 06:41:50 UTC 2026","TestUpdateOrderStatus","orders_test","",""
"Verify orders can be filtered by status","46","testListOrdersByStatus","API Test Suite","Tue Apr 07 06:42:00 UTC 2026","passed","Tue Apr 07 06:42:00 UTC 2026","com.automationlab.tests.OrderTest","API Tests","com.automationlab.tests.OrderTest","testListOrdersByStatus"
"","982","Admin can place order successfully","chromium","Tue Apr 07 06:43:10 UTC 2026","passed","Tue Apr 07 06:43:10 UTC 2026","Product Detail — Authenticated Admin","product_detail_test.spec.ts","",""
"","2","test_root_returns_200","tests","Tue Apr 07 06:41:47 UTC 2026","passed","Tue Apr 07 06:41:47 UTC 2026","TestRootEndpoint","health_test","",""
"Authenticated user visiting login page is redirected to dashboard — AUT Bug D","11997","authenticatedUserVisitingLoginIsRedirectedToDashboard","SQA Automation Lab — Selenium UI Suite","Tue Apr 07 06:42:11 UTC 2026","broken","Tue Apr 07 06:42:23 UTC 2026","com.sqa.ui.tests.LoginTest","UI Tests","com.sqa.ui.tests.LoginTest","authenticatedUserVisitingLoginIsRedirectedToDashboard"
"Verify created product has default active status","15","testCreateProductDefaultActiveStatus","API Test Suite","Tue Apr 07 06:41:56 UTC 2026","passed","Tue Apr 07 06:41:56 UTC 2026","com.automationlab.tests.ProductTest","API Tests","com.automationlab.tests.ProductTest","testCreateProductDefaultActiveStatus"
"Verify create product fails with negative stock","11","testCreateProductNegativeStock","API Test Suite","Tue Apr 07 06:41:56 UTC 2026","passed","Tue Apr 07 06:41:56 UTC 2026","com.automationlab.tests.ProductTest","API Tests","com.automationlab.tests.ProductTest","testCreateProductNegativeStock"
"","71","returns HTTP 400 for invalid page parameter","","Tue Apr 07 06:41:51 UTC 2026","passed","Tue Apr 07 06:41:51 UTC 2026","User Endpoints > GET /api/users","user_test.spec.ts","",""
"Verify delete non-existent user returns 404","16","testDeleteNonExistentUser","API Test Suite","Tue Apr 07 06:41:54 UTC 2026","passed","Tue Apr 07 06:41:54 UTC 2026","com.automationlab.tests.UserTest","API Tests","com.automationlab.tests.UserTest","testDeleteNonExistentUser"
"","247","updated product fields are returned in response","","Tue Apr 07 06:41:47 UTC 2026","passed","Tue Apr 07 06:41:47 UTC 2026","Product Endpoints > PUT /api/products/:id","products_test.spec.ts","",""
"Verify login fails with incorrect password","267","testLoginIncorrectPassword","API Test Suite","Tue Apr 07 06:41:51 UTC 2026","passed","Tue Apr 07 06:41:51 UTC 2026","com.automationlab.tests.AuthTest","API Tests","com.automationlab.tests.AuthTest","testLoginIncorrectPassword"
"","2","test_health_includes_environment","tests","Tue Apr 07 06:41:47 UTC 2026","passed","Tue Apr 07 06:41:47 UTC 2026","TestHealthEndpoint","health_test","",""
"","70","returns HTTP 200 with valid token","","Tue Apr 07 06:41:35 UTC 2026","passed","Tue Apr 07 06:41:35 UTC 2026","Authentication Endpoints > POST /api/auth/logout","auth_test.spec.ts","",""
"Verify products can be filtered by multiple criteria","27","testListProductsMultipleFilters","API Test Suite","Tue Apr 07 06:41:57 UTC 2026","passed","Tue Apr 07 06:41:57 UTC 2026","com.automationlab.tests.ProductTest","API Tests","com.automationlab.tests.ProductTest","testListProductsMultipleFilters"
"","2","test_list_users_without_auth_returns_401","tests","Tue Apr 07 06:41:52 UTC 2026","passed","Tue Apr 07 06:41:52 UTC 2026","TestListUsers","user_test","",""
"","942","Admin can navigate to product detail","chromium","Tue Apr 07 06:43:21 UTC 2026","passed","Tue Apr 07 06:43:22 UTC 2026","Products — Authenticated Admin","products_test.spec.ts","",""
"Verify product with zero stock can be created","24","testCreateProductZeroStock","API Test Suite","Tue Apr 07 06:41:57 UTC 2026","passed","Tue Apr 07 06:41:57 UTC 2026","com.automationlab.tests.ProductTest","API Tests","com.automationlab.tests.ProductTest","testCreateProductZeroStock"
"","4","test_update_nonexistent_product_returns_404","tests","Tue Apr 07 06:41:52 UTC 2026","passed","Tue Apr 07 06:41:52 UTC 2026","TestUpdateProduct","products_test","",""
"Cancel order with confirmation removes order from pending list — AUT Bug C","1060","cancelOrderWithConfirmationRemovesOrderFromPendingList","SQA Automation Lab — Selenium UI Suite","Tue Apr 07 06:46:19 UTC 2026","passed","Tue Apr 07 06:46:20 UTC 2026","com.sqa.ui.tests.OrdersTest","UI Tests","com.sqa.ui.tests.OrdersTest","cancelOrderWithConfirmationRemovesOrderFromPendingList"
"Verify products can be searched by name","31","testSearchProducts","API Test Suite","Tue Apr 07 06:41:57 UTC 2026","passed","Tue Apr 07 06:41:57 UTC 2026","com.automationlab.tests.ProductTest","API Tests","com.automationlab.tests.ProductTest","testSearchProducts"
"","976","User can navigate to product detail","chromium","Tue Apr 07 06:43:24 UTC 2026","passed","Tue Apr 07 06:43:24 UTC 2026","Products — Authenticated User","products_test.spec.ts","",""
"","3","test_update_with_empty_body_returns_400","tests","Tue Apr 07 06:41:53 UTC 2026","passed","Tue Apr 07 06:41:53 UTC 2026","TestUpdateUser","user_test","",""
"ILIKE search should be case-insensitive.","9","test_search_is_case_insensitive","tests","Tue Apr 07 06:41:51 UTC 2026","passed","Tue Apr 07 06:41:51 UTC 2026","TestFilterProducts","products_test","",""
"Verify user can get their own order details","37","testGetOwnOrder","API Test Suite","Tue Apr 07 06:41:59 UTC 2026","passed","Tue Apr 07 06:42:00 UTC 2026","com.automationlab.tests.OrderTest","API Tests","com.automationlab.tests.OrderTest","testGetOwnOrder"
"Verify health endpoint returns environment information","48","testHealthEndpointEnvironment","API Test Suite","Tue Apr 07 06:41:50 UTC 2026","passed","Tue Apr 07 06:41:50 UTC 2026","com.automationlab.tests.HealthTest","API Tests","com.automationlab.tests.HealthTest","testHealthEndpointEnvironment"
"","782","Orders link is visible","chromium","Tue Apr 07 06:42:33 UTC 2026","passed","Tue Apr 07 06:42:34 UTC 2026","Navbar — Authenticated Regular User","navbar_test.spec.ts","",""
"","2","test_create_product_with_negative_stock_returns_400","tests","Tue Apr 07 06:41:51 UTC 2026","passed","Tue Apr 07 06:41:51 UTC 2026","TestCreateProduct","products_test","",""
"","768","Register link is not visible","chromium","Tue Apr 07 06:42:35 UTC 2026","passed","Tue Apr 07 06:42:36 UTC 2026","Navbar — Authenticated Regular User","navbar_test.spec.ts","",""
"","4","test_get_own_user_profile","tests","Tue Apr 07 06:41:52 UTC 2026","passed","Tue Apr 07 06:41:52 UTC 2026","TestGetUser","user_test","",""
"","765","Dashboard displays user email","chromium","Tue Apr 07 06:42:12 UTC 2026","passed","Tue Apr 07 06:42:13 UTC 2026","Dashboard — Authenticated Regular User","dashboard_test.spec.ts","",""
"Sign in link is visible when unauthenticated","520","signInLinkIsVisibleWhenUnauthenticated","SQA Automation Lab — Selenium UI Suite","Tue Apr 07 06:48:19 UTC 2026","passed","Tue Apr 07 06:48:19 UTC 2026","com.sqa.ui.tests.NavigationTest","UI Tests","com.sqa.ui.tests.NavigationTest","signInLinkIsVisibleWhenUnauthenticated"
"Verify update user updates the updated_at timestamp","1067","testUpdateUserUpdatesTimestamp","API Test Suite","Tue Apr 07 06:41:55 UTC 2026","passed","Tue Apr 07 06:41:56 UTC 2026","com.automationlab.tests.UserTest","API Tests","com.automationlab.tests.UserTest","testUpdateUserUpdatesTimestamp"
"","38234","GET /api/orders","","Tue Apr 07 06:44:33 UTC 2026","passed","Tue Apr 07 06:45:11 UTC 2026","","k6 Performance Tests","",""
"Verify create order fails with insufficient stock","25","testCreateOrderInsufficientStock","API Test Suite","Tue Apr 07 06:41:59 UTC 2026","passed","Tue Apr 07 06:41:59 UTC 2026","com.automationlab.tests.OrderTest","API Tests","com.automationlab.tests.OrderTest","testCreateOrderInsufficientStock"
"","823","Sign-out clears session and redirects to login","chromium","Tue Apr 07 06:42:38 UTC 2026","passed","Tue Apr 07 06:42:39 UTC 2026","Navbar — Authenticated Regular User","navbar_test.spec.ts","",""
"","5","returns HTTP 400 when email is missing","","Tue Apr 07 06:41:35 UTC 2026","passed","Tue Apr 07 06:41:35 UTC 2026","Authentication Endpoints > POST /api/auth/login","auth_test.spec.ts","",""
"Verify create product fails with negative price","16","testCreateProductNegativePrice","API Test Suite","Tue Apr 07 06:41:56 UTC 2026","passed","Tue Apr 07 06:41:56 UTC 2026","com.automationlab.tests.ProductTest","API Tests","com.automationlab.tests.ProductTest","testCreateProductNegativePrice"
"Cancelling an order should return stock to the product.","17","test_cancel_restores_stock","tests","Tue Apr 07 06:41:50 UTC 2026","passed","Tue Apr 07 06:41:50 UTC 2026","TestCancelOrder","orders_test","",""
"","839","User pagination next button advances to page 2","chromium","Tue Apr 07 06:43:04 UTC 2026","passed","Tue Apr 07 06:43:05 UTC 2026","Orders — Authenticated User","orders_test.spec.ts","",""
"Valid login renders authenticated navbar state","1564","validLoginRendersAuthenticatedNavbarState","SQA Automation Lab — Selenium UI Suite","Tue Apr 07 06:42:55 UTC 2026","passed","Tue Apr 07 06:42:57 UTC 2026","com.sqa.ui.tests.LoginTest","UI Tests","com.sqa.ui.tests.LoginTest","validLoginRendersAuthenticatedNavbarState"
"Verify get current user fails without token","26","testGetCurrentUserNoToken","API Test Suite","Tue Apr 07 06:41:51 UTC 2026","passed","Tue Apr 07 06:41:51 UTC 2026","com.automationlab.tests.AuthTest","API Tests","com.automationlab.tests.AuthTest","testGetCurrentUserNoToken"
"Login page displays Sign In heading","526","loginPageDisplaysSignInHeading","SQA Automation Lab — Selenium UI Suite","Tue Apr 07 06:42:38 UTC 2026","passed","Tue Apr 07 06:42:39 UTC 2026","com.sqa.ui.tests.LoginTest","UI Tests","com.sqa.ui.tests.LoginTest","loginPageDisplaysSignInHeading"
"Sign out button is not visible when unauthenticated","501","signOutButtonIsNotVisibleWhenUnauthenticated","SQA Automation Lab — Selenium UI Suite","Tue Apr 07 06:48:30 UTC 2026","passed","Tue Apr 07 06:48:31 UTC 2026","com.sqa.ui.tests.NavigationTest","UI Tests","com.sqa.ui.tests.NavigationTest","signOutButtonIsNotVisibleWhenUnauthenticated"
"","8","returns HTTP 401 for non-existent email","","Tue Apr 07 06:41:35 UTC 2026","passed","Tue Apr 07 06:41:35 UTC 2026","Authentication Endpoints > POST /api/auth/login","auth_test.spec.ts","",""
"Verify cancel order fails without authentication","22","testCancelOrderNoAuth","API Test Suite","Tue Apr 07 06:41:59 UTC 2026","passed","Tue Apr 07 06:41:59 UTC 2026","com.automationlab.tests.OrderTest","API Tests","com.automationlab.tests.OrderTest","testCancelOrderNoAuth"
"","783","Dashboard displays admin role badge","chromium","Tue Apr 07 06:42:07 UTC 2026","passed","Tue Apr 07 06:42:08 UTC 2026","Dashboard — Authenticated Admin","dashboard_test.spec.ts","",""
"","316","user can cancel a pending order and receives HTTP 200","","Tue Apr 07 06:41:42 UTC 2026","passed","Tue Apr 07 06:41:42 UTC 2026","Order Endpoints > DELETE /api/orders/:id","orders_test.spec.ts","",""
"","37994","Step 6: Check order status","","Tue Apr 07 06:45:19 UTC 2026","passed","Tue Apr 07 06:45:57 UTC 2026","","k6 Performance Tests","",""
"Products link is visible","392","productsLinkIsVisible","SQA Automation Lab — Selenium UI Suite","Tue Apr 07 06:47:56 UTC 2026","passed","Tue Apr 07 06:47:57 UTC 2026","com.sqa.ui.tests.NavigationTest","UI Tests","com.sqa.ui.tests.NavigationTest","productsLinkIsVisible"
"","68","returns HTTP 201 with minimum required fields — email and password only","","Tue Apr 07 06:41:34 UTC 2026","passed","Tue Apr 07 06:41:34 UTC 2026","Authentication Endpoints > POST /api/auth/register","auth_test.spec.ts","",""
"","2","test_list_users_limit_exceeds_max_returns_400","tests","Tue Apr 07 06:41:52 UTC 2026","passed","Tue Apr 07 06:41:52 UTC 2026","TestListUsers","user_test","",""
"Verify login fails with missing email","28","testLoginMissingEmail","API Test Suite","Tue Apr 07 06:41:51 UTC 2026","passed","Tue Apr 07 06:41:51 UTC 2026","com.automationlab.tests.AuthTest","API Tests","com.automationlab.tests.AuthTest","testLoginMissingEmail"
"Sign in link is not visible when authenticated","935","signInLinkIsNotVisibleWhenAuthenticated","SQA Automation Lab — Selenium UI Suite","Tue Apr 07 06:48:15 UTC 2026","passed","Tue Apr 07 06:48:16 UTC 2026","com.sqa.ui.tests.NavigationTest","UI Tests","com.sqa.ui.tests.NavigationTest","signInLinkIsNotVisibleWhenAuthenticated"
"","3","test_update_nonexistent_order_returns_404","tests","Tue Apr 07 06:41:50 UTC 2026","passed","Tue Apr 07 06:41:50 UTC 2026","TestUpdateOrderStatus","orders_test","",""
"Products page displays heading","927","productsPageDisplaysHeading","SQA Automation Lab — Selenium UI Suite","Tue Apr 07 06:45:14 UTC 2026","passed","Tue Apr 07 06:45:15 UTC 2026","com.sqa.ui.tests.ProductsTest","UI Tests","com.sqa.ui.tests.ProductsTest","productsPageDisplaysHeading"
"","72","limit parameter is respected","","Tue Apr 07 06:41:50 UTC 2026","passed","Tue Apr 07 06:41:51 UTC 2026","User Endpoints > GET /api/users","user_test.spec.ts","",""
"","2","test_create_order_without_auth_returns_401","tests","Tue Apr 07 06:41:48 UTC 2026","passed","Tue Apr 07 06:41:48 UTC 2026","TestCreateOrder","orders_test","",""
"","773","Dashboard displays user email","chromium","Tue Apr 07 06:42:05 UTC 2026","passed","Tue Apr 07 06:42:06 UTC 2026","Dashboard — Authenticated Admin","dashboard_test.spec.ts","",""
"Non-existent email shows error message — AUT Bug A","1061","nonExistentEmailShowsErrorMessage","SQA Automation Lab — Selenium UI Suite","Tue Apr 07 06:42:42 UTC 2026","failed","Tue Apr 07 06:42:44 UTC 2026","com.sqa.ui.tests.LoginTest","UI Tests","com.sqa.ui.tests.LoginTest","nonExistentEmailShowsErrorMessage"
"","386","Products link navigates to products page","chromium","Tue Apr 07 06:42:24 UTC 2026","passed","Tue Apr 07 06:42:25 UTC 2026","Navbar — Unauthenticated","navbar_test.spec.ts","",""
"","238","returns HTTP 400 when name is missing","","Tue Apr 07 06:41:46 UTC 2026","passed","Tue Apr 07 06:41:46 UTC 2026","Product Endpoints > POST /api/products","products_test.spec.ts","",""
"","7","response contains products array and pagination object","","Tue Apr 07 06:41:44 UTC 2026","passed","Tue Apr 07 06:41:44 UTC 2026","Product Endpoints > GET /api/products","products_test.spec.ts","",""
"Verify user can retrieve their own profile","51","testGetOwnUser","API Test Suite","Tue Apr 07 06:41:54 UTC 2026","passed","Tue Apr 07 06:41:54 UTC 2026","com.automationlab.tests.UserTest","API Tests","com.automationlab.tests.UserTest","testGetOwnUser"
"","375","Category filter returns filtered results","chromium","Tue Apr 07 06:43:17 UTC 2026","passed","Tue Apr 07 06:43:17 UTC 2026","Products — Unauthenticated","products_test.spec.ts","",""
"","645","Duplicate email shows error message","chromium","Tue Apr 07 06:44:07 UTC 2026","passed","Tue Apr 07 06:44:08 UTC 2026","Register","register_test.spec.ts","",""
"","38084","DELETE /api/products/:id","","Tue Apr 07 06:43:52 UTC 2026","passed","Tue Apr 07 06:44:31 UTC 2026","","k6 Performance Tests","",""
"Authenticated user can set quantity before ordering","1481","authenticatedUserCanSetQuantityBeforeOrdering","SQA Automation Lab — Selenium UI Suite","Tue Apr 07 06:45:35 UTC 2026","failed","Tue Apr 07 06:45:37 UTC 2026","com.sqa.ui.tests.ProductDetailTest","UI Tests","com.sqa.ui.tests.ProductDetailTest","authenticatedUserCanSetQuantityBeforeOrdering"
"","4","test_filter_by_category","tests","Tue Apr 07 06:41:51 UTC 2026","passed","Tue Apr 07 06:41:51 UTC 2026","TestFilterProducts","products_test","",""
"","5","returns HTTP 401 without token","","Tue Apr 07 06:41:38 UTC 2026","passed","Tue Apr 07 06:41:38 UTC 2026","Order Endpoints > GET /api/orders","orders_test.spec.ts","",""
"","7","returns HTTP 200","","Tue Apr 07 06:41:35 UTC 2026","passed","Tue Apr 07 06:41:35 UTC 2026","Health Endpoints > GET /health","health_test.spec.ts","",""
"","7","response body contains message field","","Tue Apr 07 06:41:35 UTC 2026","passed","Tue Apr 07 06:41:35 UTC 2026","Health Endpoints > GET /","health_test.spec.ts","",""
"","5","test_cancel_nonexistent_order_returns_404","tests","Tue Apr 07 06:41:51 UTC 2026","passed","Tue Apr 07 06:41:51 UTC 2026","TestCancelOrder","orders_test","",""
"Create two products and order both.","14","test_create_order_with_multiple_items","tests","Tue Apr 07 06:41:48 UTC 2026","passed","Tue Apr 07 06:41:48 UTC 2026","TestCreateOrder","orders_test","",""
"Verify products list supports pagination","42","testListProductsPagination","API Test Suite","Tue Apr 07 06:41:57 UTC 2026","passed","Tue Apr 07 06:41:57 UTC 2026","com.automationlab.tests.ProductTest","API Tests","com.automationlab.tests.ProductTest","testListProductsPagination"
"","138","returns HTTP 403 or 404 when accessing another users data","","Tue Apr 07 06:41:52 UTC 2026","passed","Tue Apr 07 06:41:52 UTC 2026","User Endpoints > GET /api/users/:id","user_test.spec.ts","",""
"Verify create product fails without authentication","13","testCreateProductNoAuth","API Test Suite","Tue Apr 07 06:41:56 UTC 2026","passed","Tue Apr 07 06:41:56 UTC 2026","com.automationlab.tests.ProductTest","API Tests","com.automationlab.tests.ProductTest","testCreateProductNoAuth"
"","848","User orders page displays order cards","chromium","Tue Apr 07 06:43:00 UTC 2026","passed","Tue Apr 07 06:43:01 UTC 2026","Orders — Authenticated User","orders_test.spec.ts","",""
"","858","Sign-out clears session and redirects to login","chromium","Tue Apr 07 06:42:31 UTC 2026","passed","Tue Apr 07 06:42:32 UTC 2026","Navbar — Authenticated Admin","navbar_test.spec.ts","",""
"","244","returns HTTP 404 for non-existent product","","Tue Apr 07 06:41:48 UTC 2026","passed","Tue Apr 07 06:41:48 UTC 2026","Product Endpoints > PUT /api/products/:id","products_test.spec.ts","",""
"Verify health endpoint response time is acceptable","47","testHealthEndpointResponseTime","API Test Suite","Tue Apr 07 06:41:50 UTC 2026","passed","Tue Apr 07 06:41:50 UTC 2026","com.automationlab.tests.HealthTest","API Tests","com.automationlab.tests.HealthTest","testHealthEndpointResponseTime"
"","11","returns HTTP 401 without token","","Tue Apr 07 06:41:40 UTC 2026","passed","Tue Apr 07 06:41:40 UTC 2026","Order Endpoints > GET /api/orders/:id","orders_test.spec.ts","",""
"","335","response body conforms to order schema","","Tue Apr 07 06:41:39 UTC 2026","passed","Tue Apr 07 06:41:40 UTC 2026","Order Endpoints > GET /api/orders/:id","orders_test.spec.ts","",""
"","38981","POST /api/auth/register","","Tue Apr 07 06:42:26 UTC 2026","passed","Tue Apr 07 06:43:05 UTC 2026","","k6 Performance Tests","",""
"","1079","User cancel order with confirmation removes order from pending list","chromium","Tue Apr 07 06:43:05 UTC 2026","passed","Tue Apr 07 06:43:06 UTC 2026","Orders — Authenticated User","orders_test.spec.ts","",""
"","271","partial update — stock quantity — is supported","","Tue Apr 07 06:41:48 UTC 2026","passed","Tue Apr 07 06:41:48 UTC 2026","Product Endpoints > PUT /api/products/:id","products_test.spec.ts","",""
"","5623","Password shorter than 6 characters shows validation error","chromium","Tue Apr 07 06:43:54 UTC 2026","failed","Tue Apr 07 06:43:59 UTC 2026","Register","register_test.spec.ts","",""
"","433","Pagination next button advances to page 2","chromium","Tue Apr 07 06:43:17 UTC 2026","passed","Tue Apr 07 06:43:18 UTC 2026","Products — Unauthenticated","products_test.spec.ts","",""
"Verify update product updates the updated_at timestamp","1049","testUpdateProductUpdatesTimestamp","API Test Suite","Tue Apr 07 06:41:57 UTC 2026","passed","Tue Apr 07 06:41:58 UTC 2026","com.automationlab.tests.ProductTest","API Tests","com.automationlab.tests.ProductTest","testUpdateProductUpdatesTimestamp"
"Authenticated user can place order successfully","1738","authenticatedUserCanPlaceOrderSuccessfully","SQA Automation Lab — Selenium UI Suite","Tue Apr 07 06:45:30 UTC 2026","passed","Tue Apr 07 06:45:32 UTC 2026","com.sqa.ui.tests.ProductDetailTest","UI Tests","com.sqa.ui.tests.ProductDetailTest","authenticatedUserCanPlaceOrderSuccessfully"
"Verify registration fails with missing email","17","testRegistrationMissingEmail","API Test Suite","Tue Apr 07 06:41:52 UTC 2026","passed","Tue Apr 07 06:41:52 UTC 2026","com.automationlab.tests.AuthTest","API Tests","com.automationlab.tests.AuthTest","testRegistrationMissingEmail"
"","1210","Admin all status filter options are selectable","chromium","Tue Apr 07 06:42:49 UTC 2026","passed","Tue Apr 07 06:42:50 UTC 2026","Orders — Authenticated Admin","orders_test.spec.ts","",""
"","249","admin can update a product and receives HTTP 200","","Tue Apr 07 06:41:47 UTC 2026","passed","Tue Apr 07 06:41:47 UTC 2026","Product Endpoints > PUT /api/products/:id","products_test.spec.ts","",""
"Dashboard displays user email","1422","dashboardDisplaysUserEmail","SQA Automation Lab — Selenium UI Suite","Tue Apr 07 06:46:53 UTC 2026","passed","Tue Apr 07 06:46:55 UTC 2026","com.sqa.ui.tests.DashboardTest","UI Tests","com.sqa.ui.tests.DashboardTest","dashboardDisplaysUserEmail"
"","2","test_regular_user_cannot_update_product","tests","Tue Apr 07 06:41:52 UTC 2026","passed","Tue Apr 07 06:41:52 UTC 2026","TestUpdateProduct","products_test","",""
"Browse Products link navigates to products page","1660","browseProductsLinkNavigatesToProductsPage","SQA Automation Lab — Selenium UI Suite","Tue Apr 07 06:46:49 UTC 2026","passed","Tue Apr 07 06:46:50 UTC 2026","com.sqa.ui.tests.DashboardTest","UI Tests","com.sqa.ui.tests.DashboardTest","browseProductsLinkNavigatesToProductsPage"
"","39144","GET /","","Tue Apr 07 06:41:46 UTC 2026","passed","Tue Apr 07 06:42:25 UTC 2026","","k6 Performance Tests","",""
"Register link navigates to register page","737","registerLinkNavigatesToRegisterPage","SQA Automation Lab — Selenium UI Suite","Tue Apr 07 06:48:11 UTC 2026","passed","Tue Apr 07 06:48:11 UTC 2026","com.sqa.ui.tests.NavigationTest","UI Tests","com.sqa.ui.tests.NavigationTest","registerLinkNavigatesToRegisterPage"
"","258","Product detail page displays product price","chromium","Tue Apr 07 06:43:08 UTC 2026","passed","Tue Apr 07 06:43:08 UTC 2026","Product Detail — Unauthenticated","product_detail_test.spec.ts","",""
"Orders link is visible when authenticated","1161","ordersLinkIsVisibleWhenAuthenticated","SQA Automation Lab — Selenium UI Suite","Tue Apr 07 06:47:49 UTC 2026","passed","Tue Apr 07 06:47:50 UTC 2026","com.sqa.ui.tests.NavigationTest","UI Tests","com.sqa.ui.tests.NavigationTest","ordersLinkIsVisibleWhenAuthenticated"
"","37994","Step 3: Browse products","","Tue Apr 07 06:45:16 UTC 2026","passed","Tue Apr 07 06:45:54 UTC 2026","","k6 Performance Tests","",""
"Valid credentials redirect to dashboard","1734","validCredentialsRedirectToDashboard","SQA Automation Lab — Selenium UI Suite","Tue Apr 07 06:42:50 UTC 2026","passed","Tue Apr 07 06:42:52 UTC 2026","com.sqa.ui.tests.LoginTest","UI Tests","com.sqa.ui.tests.LoginTest","validCredentialsRedirectToDashboard"
"Verify authenticated user can retrieve their own profile","61","testGetCurrentUser","API Test Suite","Tue Apr 07 06:41:51 UTC 2026","passed","Tue Apr 07 06:41:51 UTC 2026","com.automationlab.tests.AuthTest","API Tests","com.automationlab.tests.AuthTest","testGetCurrentUser"
"","4","test_login_with_nonexistent_email_returns_401","tests","Tue Apr 07 06:41:47 UTC 2026","passed","Tue Apr 07 06:41:47 UTC 2026","TestLogin","auth_test","",""
"","798","Dashboard displays user name","chromium","Tue Apr 07 06:42:06 UTC 2026","passed","Tue Apr 07 06:42:07 UTC 2026","Dashboard — Authenticated Admin","dashboard_test.spec.ts","",""
"Authenticated user can navigate to product detail","1848","authenticatedUserCanNavigateToProductDetail","SQA Automation Lab — Selenium UI Suite","Tue Apr 07 06:44:39 UTC 2026","passed","Tue Apr 07 06:44:40 UTC 2026","com.sqa.ui.tests.ProductsTest","UI Tests","com.sqa.ui.tests.ProductsTest","authenticatedUserCanNavigateToProductDetail"
"","791","valid login renders authenticated navbar state","chromium","Tue Apr 07 06:42:17 UTC 2026","passed","Tue Apr 07 06:42:18 UTC 2026","Login","login_test.spec.ts","",""
"Verify order calculates correct total amount","95","testOrderCalculatesTotalAmount","API Test Suite","Tue Apr 07 06:42:00 UTC 2026","passed","Tue Apr 07 06:42:00 UTC 2026","com.automationlab.tests.OrderTest","API Tests","com.automationlab.tests.OrderTest","testOrderCalculatesTotalAmount"
"","68","returns HTTP 400 for empty items array","","Tue Apr 07 06:41:37 UTC 2026","passed","Tue Apr 07 06:41:37 UTC 2026","Order Endpoints > POST /api/orders","orders_test.spec.ts","",""
"","3","test_register_with_empty_body_returns_400","tests","Tue Apr 07 06:41:46 UTC 2026","passed","Tue Apr 07 06:41:46 UTC 2026","TestRegistration","auth_test","",""
"","303","admin can update any user","","Tue Apr 07 06:41:52 UTC 2026","passed","Tue Apr 07 06:41:52 UTC 2026","User Endpoints > PUT /api/users/:id","user_test.spec.ts","",""
"","38231","GET /api/orders/:id","","Tue Apr 07 06:44:33 UTC 2026","passed","Tue Apr 07 06:45:11 UTC 2026","","k6 Performance Tests","",""
"Verify update product fails without authentication","10","testUpdateProductNoAuth","API Test Suite","Tue Apr 07 06:41:57 UTC 2026","passed","Tue Apr 07 06:41:57 UTC 2026","com.automationlab.tests.ProductTest","API Tests","com.automationlab.tests.ProductTest","testUpdateProductNoAuth"
"Sign in link navigates to login page","667","signInLinkNavigatesToLoginPage","SQA Automation Lab — Selenium UI Suite","Tue Apr 07 06:48:22 UTC 2026","passed","Tue Apr 07 06:48:23 UTC 2026","com.sqa.ui.tests.NavigationTest","UI Tests","com.sqa.ui.tests.NavigationTest","signInLinkNavigatesToLoginPage"
"Verify get current user fails with invalid token","17","testGetCurrentUserInvalidToken","API Test Suite","Tue Apr 07 06:41:51 UTC 2026","passed","Tue Apr 07 06:41:51 UTC 2026","com.automationlab.tests.AuthTest","API Tests","com.automationlab.tests.AuthTest","testGetCurrentUserInvalidToken"
"","765","Sign-in link is not visible","chromium","Tue Apr 07 06:42:35 UTC 2026","passed","Tue Apr 07 06:42:35 UTC 2026","Navbar — Authenticated Regular User","navbar_test.spec.ts","",""
"","908","View all orders link navigates to orders page","chromium","Tue Apr 07 06:42:09 UTC 2026","passed","Tue Apr 07 06:42:10 UTC 2026","Dashboard — Authenticated Admin","dashboard_test.spec.ts","",""
"","847","Admin orders page displays order cards","chromium","Tue Apr 07 06:42:40 UTC 2026","passed","Tue Apr 07 06:42:41 UTC 2026","Orders — Authenticated Admin","orders_test.spec.ts","",""
"","5620","Empty email shows validation error","chromium","Tue Apr 07 06:43:40 UTC 2026","failed","Tue Apr 07 06:43:45 UTC 2026","Register","register_test.spec.ts","",""
"Verify non-admin cannot create product","12","testCreateProductNonAdmin","API Test Suite","Tue Apr 07 06:41:56 UTC 2026","passed","Tue Apr 07 06:41:57 UTC 2026","com.automationlab.tests.ProductTest","API Tests","com.automationlab.tests.ProductTest","testCreateProductNonAdmin"
"Verify anyone can list products without authentication","32","testListProductsPublic","API Test Suite","Tue Apr 07 06:41:58 UTC 2026","passed","Tue Apr 07 06:41:58 UTC 2026","com.automationlab.tests.ProductTest","API Tests","com.automationlab.tests.ProductTest","testListProductsPublic"
"Verify health endpoint rejects POST method","40","testHealthEndpointRejectsPost","API Test Suite","Tue Apr 07 06:41:50 UTC 2026","passed","Tue Apr 07 06:41:50 UTC 2026","com.automationlab.tests.HealthTest","API Tests","com.automationlab.tests.HealthTest","testHealthEndpointRejectsPost"
"","75","returns HTTP 404 for non-existent order","","Tue Apr 07 06:41:40 UTC 2026","passed","Tue Apr 07 06:41:40 UTC 2026","Order Endpoints > GET /api/orders/:id","orders_test.spec.ts","",""
"","73","returns HTTP 400 or 404 for non-existent product","","Tue Apr 07 06:41:37 UTC 2026","passed","Tue Apr 07 06:41:37 UTC 2026","Order Endpoints > POST /api/orders","orders_test.spec.ts","",""
"Verify product has all required fields","51","testGetProductRequiredFields","API Test Suite","Tue Apr 07 06:41:57 UTC 2026","passed","Tue Apr 07 06:41:57 UTC 2026","com.automationlab.tests.ProductTest","API Tests","com.automationlab.tests.ProductTest","testGetProductRequiredFields"
"","884","Browse products link navigates to products page","chromium","Tue Apr 07 06:42:08 UTC 2026","passed","Tue Apr 07 06:42:09 UTC 2026","Dashboard — Authenticated Admin","dashboard_test.spec.ts","",""
"Verify anyone can get product details without authentication","39","testGetProductPublic","API Test Suite","Tue Apr 07 06:41:57 UTC 2026","passed","Tue Apr 07 06:41:57 UTC 2026","com.automationlab.tests.ProductTest","API Tests","com.automationlab.tests.ProductTest","testGetProductPublic"
"","884","Browse products link navigates to products page","chromium","Tue Apr 07 06:42:13 UTC 2026","passed","Tue Apr 07 06:42:14 UTC 2026","Dashboard — Authenticated Regular User","dashboard_test.spec.ts","",""
"","8","response body conforms to paginated products schema","","Tue Apr 07 06:41:44 UTC 2026","passed","Tue Apr 07 06:41:44 UTC 2026","Product Endpoints > GET /api/products","products_test.spec.ts","",""
"","767","Sign out button is visible","chromium","Tue Apr 07 06:42:26 UTC 2026","passed","Tue Apr 07 06:42:26 UTC 2026","Navbar — Authenticated Admin","navbar_test.spec.ts","",""
"","766","Sign in link is not visible","chromium","Tue Apr 07 06:42:28 UTC 2026","passed","Tue Apr 07 06:42:29 UTC 2026","Navbar — Authenticated Admin","navbar_test.spec.ts","",""
"Product detail page displays stock status","316","productDetailPageDisplaysStockStatus","SQA Automation Lab — Selenium UI Suite","Tue Apr 07 06:46:02 UTC 2026","failed","Tue Apr 07 06:46:02 UTC 2026","com.sqa.ui.tests.ProductDetailTest","UI Tests","com.sqa.ui.tests.ProductDetailTest","productDetailPageDisplaysStockStatus"
"Orders page displays heading","795","ordersPageDisplaysHeading","SQA Automation Lab — Selenium UI Suite","Tue Apr 07 06:46:23 UTC 2026","passed","Tue Apr 07 06:46:24 UTC 2026","com.sqa.ui.tests.OrdersTest","UI Tests","com.sqa.ui.tests.OrdersTest","ordersPageDisplaysHeading"
"","920","Admin can view products page","chromium","Tue Apr 07 06:43:19 UTC 2026","passed","Tue Apr 07 06:43:20 UTC 2026","Products — Authenticated Admin","products_test.spec.ts","",""
"","249","returns HTTP 401 without token","","Tue Apr 07 06:41:50 UTC 2026","passed","Tue Apr 07 06:41:50 UTC 2026","Product Endpoints > DELETE /api/products/:id","products_test.spec.ts","",""
"","311","returns HTTP 400 for invalid status value","","Tue Apr 07 06:41:41 UTC 2026","passed","Tue Apr 07 06:41:41 UTC 2026","Order Endpoints > PATCH /api/orders/:id/status","orders_test.spec.ts","",""
"Products listing should be accessible without authentication.","3","test_list_products_is_public","tests","Tue Apr 07 06:41:51 UTC 2026","passed","Tue Apr 07 06:41:51 UTC 2026","TestListProducts","products_test","",""
"","894","User sees product cards","chromium","Tue Apr 07 06:43:23 UTC 2026","passed","Tue Apr 07 06:43:23 UTC 2026","Products — Authenticated User","products_test.spec.ts","",""
"Get order detail should include item breakdown.","10","test_get_order_with_items","tests","Tue Apr 07 06:41:49 UTC 2026","passed","Tue Apr 07 06:41:49 UTC 2026","TestGetOrder","orders_test","",""
"","240","returns HTTP 400 for negative price","","Tue Apr 07 06:41:46 UTC 2026","passed","Tue Apr 07 06:41:47 UTC 2026","Product Endpoints > POST /api/products","products_test.spec.ts","",""
"","7","search parameter returns HTTP 200","","Tue Apr 07 06:41:44 UTC 2026","passed","Tue Apr 07 06:41:44 UTC 2026","Product Endpoints > GET /api/products","products_test.spec.ts","",""
"","239","returns HTTP 404 for non-existent user","","Tue Apr 07 06:41:51 UTC 2026","passed","Tue Apr 07 06:41:52 UTC 2026","User Endpoints > GET /api/users/:id","user_test.spec.ts","",""
"","30105","User Journey Tests","","Tue Apr 07 06:47:44 UTC 2026","passed","Tue Apr 07 06:48:14 UTC 2026","","JMeter Performance Tests","",""
"","601","Valid registration renders authenticated navbar state","chromium","Tue Apr 07 06:43:25 UTC 2026","passed","Tue Apr 07 06:43:26 UTC 2026","Register","register_test.spec.ts","",""
"Unauthenticated access to dashboard redirects to login","354","unauthenticatedAccessRedirectsToLogin","SQA Automation Lab — Selenium UI Suite","Tue Apr 07 06:47:15 UTC 2026","passed","Tue Apr 07 06:47:15 UTC 2026","com.sqa.ui.tests.DashboardTest","UI Tests","com.sqa.ui.tests.DashboardTest","unauthenticatedAccessRedirectsToLogin"
"","329","returns only the authenticated users own orders","","Tue Apr 07 06:41:38 UTC 2026","passed","Tue Apr 07 06:41:38 UTC 2026","Order Endpoints > GET /api/orders","orders_test.spec.ts","",""
"Invalid product ID renders error state","352","invalidProductIdRendersErrorState","SQA Automation Lab — Selenium UI Suite","Tue Apr 07 06:45:44 UTC 2026","failed","Tue Apr 07 06:45:44 UTC 2026","com.sqa.ui.tests.ProductDetailTest","UI Tests","com.sqa.ui.tests.ProductDetailTest","invalidProductIdRendersErrorState"
"","6","response body contains endpoints field","","Tue Apr 07 06:41:35 UTC 2026","passed","Tue Apr 07 06:41:35 UTC 2026","Health Endpoints > GET /","health_test.spec.ts","",""
"","930","User can place order successfully","chromium","Tue Apr 07 06:43:12 UTC 2026","passed","Tue Apr 07 06:43:13 UTC 2026","Product Detail — Authenticated User","product_detail_test.spec.ts","",""
"","2","test_list_users_invalid_page_returns_400","tests","Tue Apr 07 06:41:52 UTC 2026","passed","Tue Apr 07 06:41:52 UTC 2026","TestListUsers","user_test","",""
"","3","test_list_users_respects_limit","tests","Tue Apr 07 06:41:52 UTC 2026","passed","Tue Apr 07 06:41:52 UTC 2026","TestListUsers","user_test","",""
"Verify non-admin cannot update order status","12","testUpdateOrderStatusNonAdmin","API Test Suite","Tue Apr 07 06:42:00 UTC 2026","passed","Tue Apr 07 06:42:00 UTC 2026","com.automationlab.tests.OrderTest","API Tests","com.automationlab.tests.OrderTest","testUpdateOrderStatusNonAdmin"
"","816","Dashboard link navigates to dashboard page","chromium","Tue Apr 07 06:42:31 UTC 2026","passed","Tue Apr 07 06:42:31 UTC 2026","Navbar — Authenticated Admin","navbar_test.spec.ts","",""
"","128","returns HTTP 401 for wrong password","","Tue Apr 07 06:41:35 UTC 2026","passed","Tue Apr 07 06:41:35 UTC 2026","Authentication Endpoints > POST /api/auth/login","auth_test.spec.ts","",""
"","7","test_regular_user_cannot_update_status","tests","Tue Apr 07 06:41:50 UTC 2026","passed","Tue Apr 07 06:41:50 UTC 2026","TestUpdateOrderStatus","orders_test","",""
"","390","Products page displays product cards","chromium","Tue Apr 07 06:43:15 UTC 2026","passed","Tue Apr 07 06:43:16 UTC 2026","Products — Unauthenticated","products_test.spec.ts","",""
"Verify delete product fails without authentication","18","testDeleteProductNoAuth","API Test Suite","Tue Apr 07 06:41:57 UTC 2026","passed","Tue Apr 07 06:41:57 UTC 2026","com.automationlab.tests.ProductTest","API Tests","com.automationlab.tests.ProductTest","testDeleteProductNoAuth"
"","241","test_login_as_admin","tests","Tue Apr 07 06:41:47 UTC 2026","passed","Tue Apr 07 06:41:47 UTC 2026","TestLogin","auth_test","",""
"Back to products link navigates to products page","1088","backToProductsLinkNavigatesToProductsPage","SQA Automation Lab — Selenium UI Suite","Tue Apr 07 06:45:40 UTC 2026","passed","Tue Apr 07 06:45:41 UTC 2026","com.sqa.ui.tests.ProductDetailTest","UI Tests","com.sqa.ui.tests.ProductDetailTest","backToProductsLinkNavigatesToProductsPage"
"","906","User status filter cancelled shows filtered results or empty state","chromium","Tue Apr 07 06:43:02 UTC 2026","passed","Tue Apr 07 06:43:03 UTC 2026","Orders — Authenticated User","orders_test.spec.ts","",""
"","6","test_get_nonexistent_product_returns_404","tests","Tue Apr 07 06:41:51 UTC 2026","passed","Tue Apr 07 06:41:51 UTC 2026","TestGetProduct","products_test","",""
"","39242","GET /api/users/:id - own user","","Tue Apr 07 06:43:08 UTC 2026","passed","Tue Apr 07 06:43:47 UTC 2026","","k6 Performance Tests","",""
"","345","returns HTTP 403 for non-admin authenticated user","","Tue Apr 07 06:41:48 UTC 2026","passed","Tue Apr 07 06:41:49 UTC 2026","Product Endpoints > PUT /api/products/:id","products_test.spec.ts","",""
"","71","returns HTTP 200 when updating own user","","Tue Apr 07 06:41:52 UTC 2026","passed","Tue Apr 07 06:41:52 UTC 2026","User Endpoints > PUT /api/users/:id","user_test.spec.ts","",""
"","5","test_list_orders_pagination","tests","Tue Apr 07 06:41:49 UTC 2026","passed","Tue Apr 07 06:41:49 UTC 2026","TestListOrders","orders_test","",""
"","2","test_root_returns_app_info","tests","Tue Apr 07 06:41:47 UTC 2026","passed","Tue Apr 07 06:41:47 UTC 2026","TestRootEndpoint","health_test","",""
"Verify create order fails with missing items","15","testCreateOrderMissingItems","API Test Suite","Tue Apr 07 06:41:59 UTC 2026","passed","Tue Apr 07 06:41:59 UTC 2026","com.automationlab.tests.OrderTest","API Tests","com.automationlab.tests.OrderTest","testCreateOrderMissingItems"
"","3","test_create_order_without_items_returns_400","tests","Tue Apr 07 06:41:48 UTC 2026","passed","Tue Apr 07 06:41:48 UTC 2026","TestCreateOrder","orders_test","",""
"","2","test_health_includes_uptime","tests","Tue Apr 07 06:41:47 UTC 2026","passed","Tue Apr 07 06:41:47 UTC 2026","TestHealthEndpoint","health_test","",""
"","4","test_delete_nonexistent_user_returns_404","tests","Tue Apr 07 06:41:53 UTC 2026","passed","Tue Apr 07 06:41:53 UTC 2026","TestDeleteUser","user_test","",""
"","64","test_login_with_wrong_password_returns_401","tests","Tue Apr 07 06:41:47 UTC 2026","passed","Tue Apr 07 06:41:47 UTC 2026","TestLogin","auth_test","",""
"Verify order can be created with multiple items","59","testCreateOrderMultipleItems","API Test Suite","Tue Apr 07 06:41:59 UTC 2026","passed","Tue Apr 07 06:41:59 UTC 2026","com.automationlab.tests.OrderTest","API Tests","com.automationlab.tests.OrderTest","testCreateOrderMultipleItems"
"","78","pagination metadata contains expected fields","","Tue Apr 07 06:41:38 UTC 2026","passed","Tue Apr 07 06:41:39 UTC 2026","Order Endpoints > GET /api/orders","orders_test.spec.ts","",""
"Invalid email format shows validation error — AUT Bug B","1043","invalidEmailFormatShowsValidationError","SQA Automation Lab — Selenium UI Suite","Tue Apr 07 06:42:35 UTC 2026","failed","Tue Apr 07 06:42:36 UTC 2026","com.sqa.ui.tests.LoginTest","UI Tests","com.sqa.ui.tests.LoginTest","invalidEmailFormatShowsValidationError"
"Verify user can cancel their own pending order","58","testCancelOwnOrder","API Test Suite","Tue Apr 07 06:41:59 UTC 2026","passed","Tue Apr 07 06:41:59 UTC 2026","com.automationlab.tests.OrderTest","API Tests","com.automationlab.tests.OrderTest","testCancelOwnOrder"
"Verify authenticated user can create an order","60","testCreateOrder","API Test Suite","Tue Apr 07 06:42:00 UTC 2026","passed","Tue Apr 07 06:42:00 UTC 2026","com.automationlab.tests.OrderTest","API Tests","com.automationlab.tests.OrderTest","testCreateOrder"
"Register link is not visible when authenticated","911","registerLinkIsNotVisibleWhenAuthenticated","SQA Automation Lab — Selenium UI Suite","Tue Apr 07 06:48:04 UTC 2026","passed","Tue Apr 07 06:48:05 UTC 2026","com.sqa.ui.tests.NavigationTest","UI Tests","com.sqa.ui.tests.NavigationTest","registerLinkIsNotVisibleWhenAuthenticated"
"","72","returns HTTP 200 with authentication","","Tue Apr 07 06:41:44 UTC 2026","passed","Tue Apr 07 06:41:44 UTC 2026","Product Endpoints > GET /api/products","products_test.spec.ts","",""
"","335","register link navigates to register page","chromium","Tue Apr 07 06:42:20 UTC 2026","passed","Tue Apr 07 06:42:21 UTC 2026","Login","login_test.spec.ts","",""
"Sign out button clears session and redirects to login","1126","signOutButtonClearsSessionAndRedirectsToLogin","SQA Automation Lab — Selenium UI Suite","Tue Apr 07 06:48:26 UTC 2026","passed","Tue Apr 07 06:48:27 UTC 2026","com.sqa.ui.tests.NavigationTest","UI Tests","com.sqa.ui.tests.NavigationTest","signOutButtonClearsSessionAndRedirectsToLogin"
"Verify create product fails with missing price","15","testCreateProductMissingPrice","API Test Suite","Tue Apr 07 06:41:56 UTC 2026","passed","Tue Apr 07 06:41:56 UTC 2026","com.automationlab.tests.ProductTest","API Tests","com.automationlab.tests.ProductTest","testCreateProductMissingPrice"
"","3","test_register_without_email_returns_400","tests","Tue Apr 07 06:41:46 UTC 2026","passed","Tue Apr 07 06:41:46 UTC 2026","TestRegistration","auth_test","",""
"","314","order item details include product_id, quantity, and price","","Tue Apr 07 06:41:37 UTC 2026","passed","Tue Apr 07 06:41:37 UTC 2026","Order Endpoints > POST /api/orders","orders_test.spec.ts","",""
"Products page displays product cards","957","productsPageDisplaysProductCards","SQA Automation Lab — Selenium UI Suite","Tue Apr 07 06:45:18 UTC 2026","passed","Tue Apr 07 06:45:19 UTC 2026","com.sqa.ui.tests.ProductsTest","UI Tests","com.sqa.ui.tests.ProductsTest","productsPageDisplaysProductCards"
"Empty email shows validation error","11679","emptyEmailShowsValidationError","SQA Automation Lab — Selenium UI Suite","Tue Apr 07 06:43:08 UTC 2026","failed","Tue Apr 07 06:43:20 UTC 2026","com.sqa.ui.tests.RegisterTest","UI Tests","com.sqa.ui.tests.RegisterTest","emptyEmailShowsValidationError"
"Verify new order has default pending status","35","testCreateOrderDefaultStatus","API Test Suite","Tue Apr 07 06:41:59 UTC 2026","passed","Tue Apr 07 06:41:59 UTC 2026","com.automationlab.tests.OrderTest","API Tests","com.automationlab.tests.OrderTest","testCreateOrderDefaultStatus"
"Verify user cannot cancel another user's order","57","testCancelOtherUserOrder","API Test Suite","Tue Apr 07 06:41:59 UTC 2026","passed","Tue Apr 07 06:41:59 UTC 2026","com.automationlab.tests.OrderTest","API Tests","com.automationlab.tests.OrderTest","testCancelOtherUserOrder"
"","2","test_delete_nonexistent_product_returns_404","tests","Tue Apr 07 06:41:52 UTC 2026","passed","Tue Apr 07 06:41:52 UTC 2026","TestDeleteProduct","products_test","",""
"","129","returns HTTP 200 on successful login","","Tue Apr 07 06:41:34 UTC 2026","passed","Tue Apr 07 06:41:34 UTC 2026","Authentication Endpoints > POST /api/auth/login","auth_test.spec.ts","",""
"Verify health check works with GET method","19","testHealthEndpointGetMethod","API Test Suite","Tue Apr 07 06:41:50 UTC 2026","passed","Tue Apr 07 06:41:50 UTC 2026","com.automationlab.tests.HealthTest","API Tests","com.automationlab.tests.HealthTest","testHealthEndpointGetMethod"
"","313","returns HTTP 401 without token","","Tue Apr 07 06:41:43 UTC 2026","passed","Tue Apr 07 06:41:43 UTC 2026","Order Endpoints > DELETE /api/orders/:id","orders_test.spec.ts","",""
"","312","total_amount is calculated correctly","","Tue Apr 07 06:41:36 UTC 2026","passed","Tue Apr 07 06:41:37 UTC 2026","Order Endpoints > POST /api/orders","orders_test.spec.ts","",""
"","6","test_filter_returns_metadata","tests","Tue Apr 07 06:41:51 UTC 2026","passed","Tue Apr 07 06:41:51 UTC 2026","TestFilterProducts","products_test","",""
"","5","test_get_current_user","tests","Tue Apr 07 06:41:47 UTC 2026","passed","Tue Apr 07 06:41:47 UTC 2026","TestCurrentUser","auth_test","",""
"","71","response body conforms to paginated users schema","","Tue Apr 07 06:41:50 UTC 2026","passed","Tue Apr 07 06:41:50 UTC 2026","User Endpoints > GET /api/users","user_test.spec.ts","",""
"","313","admin can update order status and receives HTTP 200","","Tue Apr 07 06:41:40 UTC 2026","passed","Tue Apr 07 06:41:41 UTC 2026","Order Endpoints > PATCH /api/orders/:id/status","orders_test.spec.ts","",""
"","38085","POST /api/products - admin","","Tue Apr 07 06:43:51 UTC 2026","passed","Tue Apr 07 06:44:29 UTC 2026","","k6 Performance Tests","",""
"","69","returns HTTP 400 for empty update body","","Tue Apr 07 06:41:52 UTC 2026","passed","Tue Apr 07 06:41:52 UTC 2026","User Endpoints > PUT /api/users/:id","user_test.spec.ts","",""
"","311","response contains order with items","","Tue Apr 07 06:41:36 UTC 2026","passed","Tue Apr 07 06:41:36 UTC 2026","Order Endpoints > POST /api/orders","orders_test.spec.ts","",""
"","68","returns HTTP 401 without token","","Tue Apr 07 06:41:52 UTC 2026","passed","Tue Apr 07 06:41:52 UTC 2026","User Endpoints > GET /api/users/:id","user_test.spec.ts","",""
"","9","test_admin_can_view_any_order","tests","Tue Apr 07 06:41:49 UTC 2026","passed","Tue Apr 07 06:41:49 UTC 2026","TestGetOrder","orders_test","",""
"","7","environment field is a non-empty string","","Tue Apr 07 06:41:35 UTC 2026","passed","Tue Apr 07 06:41:35 UTC 2026","Health Endpoints > GET /health","health_test.spec.ts","",""
"","5","returns HTTP 400 for non-numeric product id","","Tue Apr 07 06:41:45 UTC 2026","passed","Tue Apr 07 06:41:45 UTC 2026","Product Endpoints > GET /api/products/:id","products_test.spec.ts","",""
"Verify pagination with custom page size","60","testListUsersCustomPageSize","API Test Suite","Tue Apr 07 06:41:54 UTC 2026","passed","Tue Apr 07 06:41:54 UTC 2026","com.automationlab.tests.UserTest","API Tests","com.automationlab.tests.UserTest","testListUsersCustomPageSize"
"","11","test_order_items_include_product_details","tests","Tue Apr 07 06:41:49 UTC 2026","passed","Tue Apr 07 06:41:49 UTC 2026","TestGetOrder","orders_test","",""
"","314","status filter returns only orders matching that status","","Tue Apr 07 06:41:38 UTC 2026","passed","Tue Apr 07 06:41:38 UTC 2026","Order Endpoints > GET /api/orders","orders_test.spec.ts","",""
"Dashboard link is visible when authenticated","956","dashboardLinkIsVisibleWhenAuthenticated","SQA Automation Lab — Selenium UI Suite","Tue Apr 07 06:47:34 UTC 2026","passed","Tue Apr 07 06:47:35 UTC 2026","com.sqa.ui.tests.NavigationTest","UI Tests","com.sqa.ui.tests.NavigationTest","dashboardLinkIsVisibleWhenAuthenticated"
"","3","test_admin_can_update_stock","tests","Tue Apr 07 06:41:52 UTC 2026","passed","Tue Apr 07 06:41:52 UTC 2026","TestUpdateProduct","products_test","",""
"","829","Recent orders section displays order rows","chromium","Tue Apr 07 06:42:08 UTC 2026","passed","Tue Apr 07 06:42:08 UTC 2026","Dashboard — Authenticated Admin","dashboard_test.spec.ts","",""
"","2","test_create_product_without_price_returns_400","tests","Tue Apr 07 06:41:51 UTC 2026","passed","Tue Apr 07 06:41:51 UTC 2026","TestCreateProduct","products_test","",""
"Verify orders list supports pagination","81","testListOrdersPagination","API Test Suite","Tue Apr 07 06:42:00 UTC 2026","passed","Tue Apr 07 06:42:00 UTC 2026","com.automationlab.tests.OrderTest","API Tests","com.automationlab.tests.OrderTest","testListOrdersPagination"
"Dashboard link is not visible when unauthenticated","543","dashboardLinkIsNotVisibleWhenUnauthenticated","SQA Automation Lab — Selenium UI Suite","Tue Apr 07 06:47:30 UTC 2026","passed","Tue Apr 07 06:47:30 UTC 2026","com.sqa.ui.tests.NavigationTest","UI Tests","com.sqa.ui.tests.NavigationTest","dashboardLinkIsNotVisibleWhenUnauthenticated"
"Verify user cannot get another user's order","41","testGetOtherUserOrder","API Test Suite","Tue Apr 07 06:41:59 UTC 2026","passed","Tue Apr 07 06:41:59 UTC 2026","com.automationlab.tests.OrderTest","API Tests","com.automationlab.tests.OrderTest","testGetOtherUserOrder"
"","3","test_create_order_with_empty_items_returns_400","tests","Tue Apr 07 06:41:48 UTC 2026","passed","Tue Apr 07 06:41:48 UTC 2026","TestCreateOrder","orders_test","",""
"","5626","Invalid email format shows validation error","chromium","Tue Apr 07 06:43:47 UTC 2026","failed","Tue Apr 07 06:43:52 UTC 2026","Register","register_test.spec.ts","",""
"Verify user can update their own profile","91","testUpdateOwnUser","API Test Suite","Tue Apr 07 06:41:55 UTC 2026","passed","Tue Apr 07 06:41:55 UTC 2026","com.automationlab.tests.UserTest","API Tests","com.automationlab.tests.UserTest","testUpdateOwnUser"
"","4","test_update_with_empty_body_returns_400","tests","Tue Apr 07 06:41:52 UTC 2026","passed","Tue Apr 07 06:41:52 UTC 2026","TestUpdateProduct","products_test","",""
"","3","test_create_order_with_zero_quantity_returns_400","tests","Tue Apr 07 06:41:49 UTC 2026","passed","Tue Apr 07 06:41:49 UTC 2026","TestCreateOrder","orders_test","",""
"","310","returns HTTP 400 for quantity exceeding available stock","","Tue Apr 07 06:41:37 UTC 2026","passed","Tue Apr 07 06:41:38 UTC 2026","Order Endpoints > POST /api/orders","orders_test.spec.ts","",""
"Stock should decrease after order creation.","9","test_create_order_reduces_stock","tests","Tue Apr 07 06:41:48 UTC 2026","passed","Tue Apr 07 06:41:48 UTC 2026","TestCreateOrder","orders_test","",""
"","5","returns HTTP 400 when password is missing","","Tue Apr 07 06:41:35 UTC 2026","passed","Tue Apr 07 06:41:35 UTC 2026","Authentication Endpoints > POST /api/auth/login","auth_test.spec.ts","",""
"","827","View all orders link navigates to orders page","chromium","Tue Apr 07 06:42:14 UTC 2026","passed","Tue Apr 07 06:42:15 UTC 2026","Dashboard — Authenticated Regular User","dashboard_test.spec.ts","",""
"","113","returns HTTP 201 on successful registration","","Tue Apr 07 06:41:33 UTC 2026","passed","Tue Apr 07 06:41:34 UTC 2026","Authentication Endpoints > POST /api/auth/register","auth_test.spec.ts","",""
"","2","test_user_cannot_delete_other_user","tests","Tue Apr 07 06:41:53 UTC 2026","passed","Tue Apr 07 06:41:53 UTC 2026","TestDeleteUser","user_test","",""
"","790","Dashboard page displays welcome heading","chromium","Tue Apr 07 06:42:11 UTC 2026","passed","Tue Apr 07 06:42:12 UTC 2026","Dashboard — Authenticated Regular User","dashboard_test.spec.ts","",""
"Empty first name shows validation error — AUT Bug C","11457","emptyFirstNameShowsValidationError","SQA Automation Lab — Selenium UI Suite","Tue Apr 07 06:43:23 UTC 2026","failed","Tue Apr 07 06:43:35 UTC 2026","com.sqa.ui.tests.RegisterTest","UI Tests","com.sqa.ui.tests.RegisterTest","emptyFirstNameShowsValidationError"
"","71","returns HTTP 200 with valid token","","Tue Apr 07 06:41:35 UTC 2026","passed","Tue Apr 07 06:41:35 UTC 2026","Authentication Endpoints > GET /api/auth/me","auth_test.spec.ts","",""
"Verify update with invalid email format fails","22","testUpdateUserInvalidEmail","API Test Suite","Tue Apr 07 06:41:55 UTC 2026","passed","Tue Apr 07 06:41:55 UTC 2026","com.automationlab.tests.UserTest","API Tests","com.automationlab.tests.UserTest","testUpdateUserInvalidEmail"
"","10","test_user_can_cancel_pending_order","tests","Tue Apr 07 06:41:50 UTC 2026","passed","Tue Apr 07 06:41:50 UTC 2026","TestCancelOrder","orders_test","",""
"","248","response body conforms to product schema","","Tue Apr 07 06:41:45 UTC 2026","passed","Tue Apr 07 06:41:45 UTC 2026","Product Endpoints > GET /api/products/:id","products_test.spec.ts","",""
"","266","Register page displays create account heading","chromium","Tue Apr 07 06:43:25 UTC 2026","passed","Tue Apr 07 06:43:25 UTC 2026","Register","register_test.spec.ts","",""
"","72","returns correct user data for the token owner","","Tue Apr 07 06:41:35 UTC 2026","passed","Tue Apr 07 06:41:35 UTC 2026","Authentication Endpoints > GET /api/auth/me","auth_test.spec.ts","",""
"","39238","DELETE /api/users/:id","","Tue Apr 07 06:43:10 UTC 2026","passed","Tue Apr 07 06:43:49 UTC 2026","","k6 Performance Tests","",""
"","71","returns HTTP 409 when updating email to one already in use","","Tue Apr 07 06:41:52 UTC 2026","passed","Tue Apr 07 06:41:52 UTC 2026","User Endpoints > PUT /api/users/:id","user_test.spec.ts","",""
"Verify admin can soft delete any user","110","testAdminDeleteAnyUser","API Test Suite","Tue Apr 07 06:41:53 UTC 2026","passed","Tue Apr 07 06:41:54 UTC 2026","com.automationlab.tests.UserTest","API Tests","com.automationlab.tests.UserTest","testAdminDeleteAnyUser"
"A user should not be able to cancel another user's order.","93","test_user_cannot_cancel_other_users_order","tests","Tue Apr 07 06:41:51 UTC 2026","passed","Tue Apr 07 06:41:51 UTC 2026","TestCancelOrder","orders_test","",""
"Verify get user fails without authentication","21","testGetUserNoAuth","API Test Suite","Tue Apr 07 06:41:54 UTC 2026","passed","Tue Apr 07 06:41:54 UTC 2026","com.automationlab.tests.UserTest","API Tests","com.automationlab.tests.UserTest","testGetUserNoAuth"
"All returned products should be active.","5","test_list_products_only_returns_active","tests","Tue Apr 07 06:41:51 UTC 2026","passed","Tue Apr 07 06:41:51 UTC 2026","TestListProducts","products_test","",""
"Product detail page displays product price","511","productDetailPageDisplaysProductPrice","SQA Automation Lab — Selenium UI Suite","Tue Apr 07 06:45:58 UTC 2026","failed","Tue Apr 07 06:45:58 UTC 2026","com.sqa.ui.tests.ProductDetailTest","UI Tests","com.sqa.ui.tests.ProductDetailTest","productDetailPageDisplaysProductPrice"
"Valid registration renders authenticated navbar state","1886","validRegistrationRendersAuthenticatedNavbarState","SQA Automation Lab — Selenium UI Suite","Tue Apr 07 06:44:34 UTC 2026","passed","Tue Apr 07 06:44:36 UTC 2026","com.sqa.ui.tests.RegisterTest","UI Tests","com.sqa.ui.tests.RegisterTest","validRegistrationRendersAuthenticatedNavbarState"
"","826","Admin order error message shown on invalid product","chromium","Tue Apr 07 06:43:11 UTC 2026","passed","Tue Apr 07 06:43:12 UTC 2026","Product Detail — Authenticated Admin","product_detail_test.spec.ts","",""
"","9","test_admin_can_update_status_to_processing","tests","Tue Apr 07 06:41:49 UTC 2026","passed","Tue Apr 07 06:41:49 UTC 2026","TestUpdateOrderStatus","orders_test","",""
"","237","returns HTTP 400 for negative stock quantity","","Tue Apr 07 06:41:47 UTC 2026","passed","Tue Apr 07 06:41:47 UTC 2026","Product Endpoints > POST /api/products","products_test.spec.ts","",""
"Orders link is not visible when unauthenticated","479","ordersLinkIsNotVisibleWhenUnauthenticated","SQA Automation Lab — Selenium UI Suite","Tue Apr 07 06:47:45 UTC 2026","passed","Tue Apr 07 06:47:46 UTC 2026","com.sqa.ui.tests.NavigationTest","UI Tests","com.sqa.ui.tests.NavigationTest","ordersLinkIsNotVisibleWhenUnauthenticated"
"Pagination prev button returns to page 1 — AUT Bug E","1463","paginationPrevButtonReturnsToPAge1","SQA Automation Lab — Selenium UI Suite","Tue Apr 07 06:45:05 UTC 2026","passed","Tue Apr 07 06:45:06 UTC 2026","com.sqa.ui.tests.ProductsTest","UI Tests","com.sqa.ui.tests.ProductsTest","paginationPrevButtonReturnsToPAge1"
"","770","Dashboard link is visible","chromium","Tue Apr 07 06:42:27 UTC 2026","passed","Tue Apr 07 06:42:28 UTC 2026","Navbar — Authenticated Admin","navbar_test.spec.ts","",""
"","76","user objects in response do not expose password field","","Tue Apr 07 06:41:51 UTC 2026","passed","Tue Apr 07 06:41:51 UTC 2026","User Endpoints > GET /api/users","user_test.spec.ts","",""
"","39144","GET /health","","Tue Apr 07 06:41:46 UTC 2026","passed","Tue Apr 07 06:42:25 UTC 2026","","k6 Performance Tests","",""
"Verify products can be filtered by category","48","testListProductsByCategory","API Test Suite","Tue Apr 07 06:41:57 UTC 2026","passed","Tue Apr 07 06:41:57 UTC 2026","com.automationlab.tests.ProductTest","API Tests","com.automationlab.tests.ProductTest","testListProductsByCategory"
"","260","Unauthenticated access to orders redirects to login","chromium","Tue Apr 07 06:42:39 UTC 2026","passed","Tue Apr 07 06:42:39 UTC 2026","Orders — Unauthenticated","orders_test.spec.ts","",""
"Register link navigates to register page","782","registerLinkNavigatesToRegisterPage","SQA Automation Lab — Selenium UI Suite","Tue Apr 07 06:42:46 UTC 2026","passed","Tue Apr 07 06:42:47 UTC 2026","com.sqa.ui.tests.LoginTest","UI Tests","com.sqa.ui.tests.LoginTest","registerLinkNavigatesToRegisterPage"
"","70","response contains users array and pagination object","","Tue Apr 07 06:41:50 UTC 2026","passed","Tue Apr 07 06:41:50 UTC 2026","User Endpoints > GET /api/users","user_test.spec.ts","",""
"Verify update user fails without authentication","19","testUpdateUserNoAuth","API Test Suite","Tue Apr 07 06:41:55 UTC 2026","passed","Tue Apr 07 06:41:55 UTC 2026","com.automationlab.tests.UserTest","API Tests","com.automationlab.tests.UserTest","testUpdateUserNoAuth"
"Verify create order fails with non-existent product","13","testCreateOrderNonExistentProduct","API Test Suite","Tue Apr 07 06:41:59 UTC 2026","passed","Tue Apr 07 06:41:59 UTC 2026","com.automationlab.tests.OrderTest","API Tests","com.automationlab.tests.OrderTest","testCreateOrderNonExistentProduct"
"","92","test_admin_can_create_product","tests","Tue Apr 07 06:41:51 UTC 2026","passed","Tue Apr 07 06:41:51 UTC 2026","TestCreateProduct","products_test","",""
"Verify get non-existent product returns 404","17","testGetNonExistentProduct","API Test Suite","Tue Apr 07 06:41:57 UTC 2026","passed","Tue Apr 07 06:41:57 UTC 2026","com.automationlab.tests.ProductTest","API Tests","com.automationlab.tests.ProductTest","testGetNonExistentProduct"
"","313","returns HTTP 403 for non-admin authenticated user","","Tue Apr 07 06:41:41 UTC 2026","passed","Tue Apr 07 06:41:42 UTC 2026","Order Endpoints > PATCH /api/orders/:id/status","orders_test.spec.ts","",""
"Verify user can update multiple fields simultaneously","54","testUpdateMultipleFields","API Test Suite","Tue Apr 07 06:41:54 UTC 2026","passed","Tue Apr 07 06:41:55 UTC 2026","com.automationlab.tests.UserTest","API Tests","com.automationlab.tests.UserTest","testUpdateMultipleFields"
"","3","test_register_with_short_password_returns_400","tests","Tue Apr 07 06:41:46 UTC 2026","passed","Tue Apr 07 06:41:46 UTC 2026","TestRegistration","auth_test","",""
"","239","returns HTTP 404 for non-existent product","","Tue Apr 07 06:41:49 UTC 2026","passed","Tue Apr 07 06:41:50 UTC 2026","Product Endpoints > DELETE /api/products/:id","products_test.spec.ts","",""
"Verify admin can cancel any pending order","45","testAdminCancelAnyOrder","API Test Suite","Tue Apr 07 06:41:59 UTC 2026","passed","Tue Apr 07 06:41:59 UTC 2026","com.automationlab.tests.OrderTest","API Tests","com.automationlab.tests.OrderTest","testAdminCancelAnyOrder"
"","510","Back to products link navigates to products page","chromium","Tue Apr 07 06:43:08 UTC 2026","passed","Tue Apr 07 06:43:09 UTC 2026","Product Detail — Unauthenticated","product_detail_test.spec.ts","",""
"","5","test_create_order_returns_item_details","tests","Tue Apr 07 06:41:48 UTC 2026","passed","Tue Apr 07 06:41:48 UTC 2026","TestCreateOrder","orders_test","",""
"Verify admin can update stock quantity","22","testUpdateProductStock","API Test Suite","Tue Apr 07 06:41:57 UTC 2026","passed","Tue Apr 07 06:41:57 UTC 2026","com.automationlab.tests.ProductTest","API Tests","com.automationlab.tests.ProductTest","testUpdateProductStock"
"","779","Register link is not visible","chromium","Tue Apr 07 06:42:29 UTC 2026","passed","Tue Apr 07 06:42:30 UTC 2026","Navbar — Authenticated Admin","navbar_test.spec.ts","",""
"Search returns filtered results","1106","searchReturnsFilteredResults","SQA Automation Lab — Selenium UI Suite","Tue Apr 07 06:45:22 UTC 2026","passed","Tue Apr 07 06:45:23 UTC 2026","com.sqa.ui.tests.ProductsTest","UI Tests","com.sqa.ui.tests.ProductsTest","searchReturnsFilteredResults"
"","369","Product card link navigates to product detail page","chromium","Tue Apr 07 06:43:18 UTC 2026","passed","Tue Apr 07 06:43:19 UTC 2026","Products — Unauthenticated","products_test.spec.ts","",""
"","382","returns HTTP 403 for another users order","","Tue Apr 07 06:41:40 UTC 2026","passed","Tue Apr 07 06:41:40 UTC 2026","Order Endpoints > GET /api/orders/:id","orders_test.spec.ts","",""
"","38087","PUT /api/products/:id","","Tue Apr 07 06:43:52 UTC 2026","passed","Tue Apr 07 06:44:30 UTC 2026","","k6 Performance Tests","",""
"","6","uptime is a positive number","","Tue Apr 07 06:41:35 UTC 2026","passed","Tue Apr 07 06:41:35 UTC 2026","Health Endpoints > GET /health","health_test.spec.ts","",""
"","1","setup","","Tue Apr 07 06:43:50 UTC 2026","passed","Tue Apr 07 06:43:50 UTC 2026","","k6 Performance Tests","",""
"","378","returns HTTP 403 when cancelling another users order","","Tue Apr 07 06:41:43 UTC 2026","passed","Tue Apr 07 06:41:43 UTC 2026","Order Endpoints > DELETE /api/orders/:id","orders_test.spec.ts","",""
"","2","test_get_product_invalid_id_returns_400","tests","Tue Apr 07 06:41:51 UTC 2026","passed","Tue Apr 07 06:41:51 UTC 2026","TestGetProduct","products_test","",""
"Verify delete non-existent product returns 404","13","testDeleteNonExistentProduct","API Test Suite","Tue Apr 07 06:41:57 UTC 2026","passed","Tue Apr 07 06:41:57 UTC 2026","com.automationlab.tests.ProductTest","API Tests","com.automationlab.tests.ProductTest","testDeleteNonExistentProduct"
"Verify non-admin cannot update product","11","testUpdateProductNonAdmin","API Test Suite","Tue Apr 07 06:41:57 UTC 2026","passed","Tue Apr 07 06:41:57 UTC 2026","com.automationlab.tests.ProductTest","API Tests","com.automationlab.tests.ProductTest","testUpdateProductNonAdmin"
"","9","test_list_products_page_navigation","tests","Tue Apr 07 06:41:51 UTC 2026","passed","Tue Apr 07 06:41:51 UTC 2026","TestListProducts","products_test","",""
"Brand link navigates to products page","641","brandLinkNavigatesToProductsPage","SQA Automation Lab — Selenium UI Suite","Tue Apr 07 06:47:27 UTC 2026","passed","Tue Apr 07 06:47:27 UTC 2026","com.sqa.ui.tests.NavigationTest","UI Tests","com.sqa.ui.tests.NavigationTest","brandLinkNavigatesToProductsPage"
"Verify non-admin cannot delete product","16","testDeleteProductNonAdmin","API Test Suite","Tue Apr 07 06:41:57 UTC 2026","passed","Tue Apr 07 06:41:57 UTC 2026","com.automationlab.tests.ProductTest","API Tests","com.automationlab.tests.ProductTest","testDeleteProductNonAdmin"
"Pagination next button advances to page 2","818","paginationNextButtonAdvancesToPage2","SQA Automation Lab — Selenium UI Suite","Tue Apr 07 06:46:32 UTC 2026","passed","Tue Apr 07 06:46:33 UTC 2026","com.sqa.ui.tests.OrdersTest","UI Tests","com.sqa.ui.tests.OrdersTest","paginationNextButtonAdvancesToPage2"
"","69","returns HTTP 200 when soft deleting own account","","Tue Apr 07 06:41:53 UTC 2026","passed","Tue Apr 07 06:41:53 UTC 2026","User Endpoints > DELETE /api/users/:id","user_test.spec.ts","",""
"Orders page displays order cards","815","ordersPageDisplaysOrderCards","SQA Automation Lab — Selenium UI Suite","Tue Apr 07 06:46:28 UTC 2026","passed","Tue Apr 07 06:46:29 UTC 2026","com.sqa.ui.tests.OrdersTest","UI Tests","com.sqa.ui.tests.OrdersTest","ordersPageDisplaysOrderCards"
"","30020","Product Tests","","Tue Apr 07 06:46:34 UTC 2026","passed","Tue Apr 07 06:47:04 UTC 2026","","JMeter Performance Tests","",""
"","841","Dashboard page displays welcome heading","chromium","Tue Apr 07 06:42:04 UTC 2026","passed","Tue Apr 07 06:42:05 UTC 2026","Dashboard — Authenticated Admin","dashboard_test.spec.ts","",""
"","371","invalid email format stays on login page","chromium","Tue Apr 07 06:42:19 UTC 2026","passed","Tue Apr 07 06:42:19 UTC 2026","Login","login_test.spec.ts","",""
"View All Orders link navigates to orders page","1716","viewAllOrdersLinkNavigatesToOrdersPage","SQA Automation Lab — Selenium UI Suite","Tue Apr 07 06:47:18 UTC 2026","passed","Tue Apr 07 06:47:20 UTC 2026","com.sqa.ui.tests.DashboardTest","UI Tests","com.sqa.ui.tests.DashboardTest","viewAllOrdersLinkNavigatesToOrdersPage"
"","7","returns HTTP 400 for invalid email format","","Tue Apr 07 06:41:34 UTC 2026","passed","Tue Apr 07 06:41:34 UTC 2026","Authentication Endpoints > POST /api/auth/register","auth_test.spec.ts","",""
"Verify authenticated user can list all users","45","testListUsers","API Test Suite","Tue Apr 07 06:41:56 UTC 2026","passed","Tue Apr 07 06:41:56 UTC 2026","com.automationlab.tests.UserTest","API Tests","com.automationlab.tests.UserTest","testListUsers"
"","4","test_list_users_pagination_metadata","tests","Tue Apr 07 06:41:52 UTC 2026","passed","Tue Apr 07 06:41:52 UTC 2026","TestListUsers","user_test","",""
"","6","returns HTTP 403 with an invalid token","","Tue Apr 07 06:41:35 UTC 2026","passed","Tue Apr 07 06:41:35 UTC 2026","Authentication Endpoints > GET /api/auth/me","auth_test.spec.ts","",""
"Verify pagination returns correct total count","39","testListUsersPaginationTotalCount","API Test Suite","Tue Apr 07 06:41:54 UTC 2026","passed","Tue Apr 07 06:41:54 UTC 2026","com.automationlab.tests.UserTest","API Tests","com.automationlab.tests.UserTest","testListUsersPaginationTotalCount"
"","733","valid credentials redirect to products page","chromium","Tue Apr 07 06:42:16 UTC 2026","passed","Tue Apr 07 06:42:17 UTC 2026","Login","login_test.spec.ts","",""
"","268","admin can soft delete a product and receives HTTP 200","","Tue Apr 07 06:41:49 UTC 2026","passed","Tue Apr 07 06:41:49 UTC 2026","Product Endpoints > DELETE /api/products/:id","products_test.spec.ts","",""
"","279","Product detail page displays category","chromium","Tue Apr 07 06:43:08 UTC 2026","passed","Tue Apr 07 06:43:08 UTC 2026","Product Detail — Unauthenticated","product_detail_test.spec.ts","",""
"","76","returns HTTP 200 for authenticated user","","Tue Apr 07 06:41:38 UTC 2026","passed","Tue Apr 07 06:41:38 UTC 2026","Order Endpoints > GET /api/orders","orders_test.spec.ts","",""
"Product detail page displays product name","330","productDetailPageDisplaysProductName","SQA Automation Lab — Selenium UI Suite","Tue Apr 07 06:45:55 UTC 2026","failed","Tue Apr 07 06:45:55 UTC 2026","com.sqa.ui.tests.ProductDetailTest","UI Tests","com.sqa.ui.tests.ProductDetailTest","productDetailPageDisplaysProductName"
"Filter orders by status parameter.","4","test_filter_orders_by_status","tests","Tue Apr 07 06:41:49 UTC 2026","passed","Tue Apr 07 06:41:49 UTC 2026","TestListOrders","orders_test","",""
"","38083","GET /api/products/:id","","Tue Apr 07 06:43:50 UTC 2026","passed","Tue Apr 07 06:44:28 UTC 2026","","k6 Performance Tests","",""
"","13","page navigation does not return overlapping results","","Tue Apr 07 06:41:44 UTC 2026","passed","Tue Apr 07 06:41:44 UTC 2026","Product Endpoints > GET /api/products","products_test.spec.ts","",""
"Cancel order dismissed by user leaves order intact — AUT Bug C","1078","cancelOrderDismissedLeavesOrderIntact","SQA Automation Lab — Selenium UI Suite","Tue Apr 07 06:46:14 UTC 2026","passed","Tue Apr 07 06:46:15 UTC 2026","com.sqa.ui.tests.OrdersTest","UI Tests","com.sqa.ui.tests.OrdersTest","cancelOrderDismissedLeavesOrderIntact"
"","5","returns HTTP 401 without token","","Tue Apr 07 06:41:35 UTC 2026","passed","Tue Apr 07 06:41:35 UTC 2026","Authentication Endpoints > POST /api/auth/logout","auth_test.spec.ts","",""
"","70","returns correct user data for own user","","Tue Apr 07 06:41:51 UTC 2026","passed","Tue Apr 07 06:41:51 UTC 2026","User Endpoints > GET /api/users/:id","user_test.spec.ts","",""
"","6","returns HTTP 200","","Tue Apr 07 06:41:35 UTC 2026","passed","Tue Apr 07 06:41:35 UTC 2026","Health Endpoints > GET /","health_test.spec.ts","",""
"","38083","GET /api/products","","Tue Apr 07 06:43:50 UTC 2026","passed","Tue Apr 07 06:44:28 UTC 2026","","k6 Performance Tests","",""
"","5","returns HTTP 401 without token","","Tue Apr 07 06:41:51 UTC 2026","passed","Tue Apr 07 06:41:51 UTC 2026","User Endpoints > GET /api/users","user_test.spec.ts","",""
"","68","returns HTTP 401 without token","","Tue Apr 07 06:41:53 UTC 2026","passed","Tue Apr 07 06:41:53 UTC 2026","User Endpoints > DELETE /api/users/:id","user_test.spec.ts","",""
"Dashboard displays user name","1550","dashboardDisplaysUserName","SQA Automation Lab — Selenium UI Suite","Tue Apr 07 06:46:57 UTC 2026","passed","Tue Apr 07 06:46:59 UTC 2026","com.sqa.ui.tests.DashboardTest","UI Tests","com.sqa.ui.tests.DashboardTest","dashboardDisplaysUserName"
"","829","User order error message shown on invalid product","chromium","Tue Apr 07 06:43:14 UTC 2026","passed","Tue Apr 07 06:43:15 UTC 2026","Product Detail — Authenticated User","product_detail_test.spec.ts","",""
"","72","response contains orders array and pagination object","","Tue Apr 07 06:41:38 UTC 2026","passed","Tue Apr 07 06:41:38 UTC 2026","Order Endpoints > GET /api/orders","orders_test.spec.ts","",""
"Empty password shows validation error","916","emptyPasswordShowsValidationError","SQA Automation Lab — Selenium UI Suite","Tue Apr 07 06:42:30 UTC 2026","failed","Tue Apr 07 06:42:31 UTC 2026","com.sqa.ui.tests.LoginTest","UI Tests","com.sqa.ui.tests.LoginTest","emptyPasswordShowsValidationError"
"","71","returns HTTP 200 with valid token","","Tue Apr 07 06:41:50 UTC 2026","passed","Tue Apr 07 06:41:50 UTC 2026","User Endpoints > GET /api/users","user_test.spec.ts","",""
"","2","test_regular_user_cannot_create_product","tests","Tue Apr 07 06:41:51 UTC 2026","passed","Tue Apr 07 06:41:51 UTC 2026","TestCreateProduct","products_test","",""
"Valid registration redirects to dashboard page","2123","validRegistrationRedirectsToDashboardPage","SQA Automation Lab — Selenium UI Suite","Tue Apr 07 06:44:29 UTC 2026","passed","Tue Apr 07 06:44:31 UTC 2026","com.sqa.ui.tests.RegisterTest","UI Tests","com.sqa.ui.tests.RegisterTest","validRegistrationRedirectsToDashboardPage"
"","3","test_get_user_invalid_id_returns_400","tests","Tue Apr 07 06:41:52 UTC 2026","passed","Tue Apr 07 06:41:52 UTC 2026","TestGetUser","user_test","",""
"","309","Product detail page displays product name","chromium","Tue Apr 07 06:43:07 UTC 2026","passed","Tue Apr 07 06:43:07 UTC 2026","Product Detail — Unauthenticated","product_detail_test.spec.ts","",""
"","3","test_logout_without_token_returns_401","tests","Tue Apr 07 06:41:47 UTC 2026","passed","Tue Apr 07 06:41:47 UTC 2026","TestLogout","auth_test","",""
"Verify list users fails without authentication","17","testListUsersNoAuth","API Test Suite","Tue Apr 07 06:41:54 UTC 2026","passed","Tue Apr 07 06:41:54 UTC 2026","com.automationlab.tests.UserTest","API Tests","com.automationlab.tests.UserTest","testListUsersNoAuth"
"","4","test_register_with_invalid_email_returns_400","tests","Tue Apr 07 06:41:46 UTC 2026","passed","Tue Apr 07 06:41:46 UTC 2026","TestRegistration","auth_test","",""
"","92","test_register_new_user","tests","Tue Apr 07 06:41:46 UTC 2026","passed","Tue Apr 07 06:41:46 UTC 2026","TestRegistration","auth_test","",""
"Sign out button is visible when authenticated","1186","signOutButtonIsVisibleWhenAuthenticated","SQA Automation Lab — Selenium UI Suite","Tue Apr 07 06:48:33 UTC 2026","passed","Tue Apr 07 06:48:34 UTC 2026","com.sqa.ui.tests.NavigationTest","UI Tests","com.sqa.ui.tests.NavigationTest","signOutButtonIsVisibleWhenAuthenticated"
"Verify default pagination limit","48","testListProductsDefaultPaginationLimit","API Test Suite","Tue Apr 07 06:41:57 UTC 2026","passed","Tue Apr 07 06:41:57 UTC 2026","com.automationlab.tests.ProductTest","API Tests","com.automationlab.tests.ProductTest","testListProductsDefaultPaginationLimit"
"Verify user can soft delete their own account","119","testDeleteOwnUser","API Test Suite","Tue Apr 07 06:41:54 UTC 2026","passed","Tue Apr 07 06:41:54 UTC 2026","com.automationlab.tests.UserTest","API Tests","com.automationlab.tests.UserTest","testDeleteOwnUser"
"","259","Invalid product id renders error state","chromium","Tue Apr 07 06:43:09 UTC 2026","passed","Tue Apr 07 06:43:10 UTC 2026","Product Detail — Unauthenticated","product_detail_test.spec.ts","",""
"Verify health endpoint returns healthy status","67","testHealthEndpoint","API Test Suite","Tue Apr 07 06:41:50 UTC 2026","passed","Tue Apr 07 06:41:50 UTC 2026","com.automationlab.tests.HealthTest","API Tests","com.automationlab.tests.HealthTest","testHealthEndpoint"
"Verify user only sees their own orders","85","testListOrdersOnlyOwnOrders","API Test Suite","Tue Apr 07 06:42:00 UTC 2026","passed","Tue Apr 07 06:42:00 UTC 2026","com.automationlab.tests.OrderTest","API Tests","com.automationlab.tests.OrderTest","testListOrdersOnlyOwnOrders"
"","72","updated fields are returned in response","","Tue Apr 07 06:41:52 UTC 2026","passed","Tue Apr 07 06:41:52 UTC 2026","User Endpoints > PUT /api/users/:id","user_test.spec.ts","",""
"","64","test_login_with_valid_credentials","tests","Tue Apr 07 06:41:46 UTC 2026","passed","Tue Apr 07 06:41:46 UTC 2026","TestLogin","auth_test","",""
"Empty email shows validation error","1219","emptyEmailShowsValidationError","SQA Automation Lab — Selenium UI Suite","Tue Apr 07 06:42:26 UTC 2026","failed","Tue Apr 07 06:42:27 UTC 2026","com.sqa.ui.tests.LoginTest","UI Tests","com.sqa.ui.tests.LoginTest","emptyEmailShowsValidationError"
"","3","test_product_fields_in_listing","tests","Tue Apr 07 06:41:51 UTC 2026","passed","Tue Apr 07 06:41:51 UTC 2026","TestListProducts","products_test","",""
"Verify update order status fails without authentication","14","testUpdateOrderStatusNoAuth","API Test Suite","Tue Apr 07 06:42:00 UTC 2026","passed","Tue Apr 07 06:42:00 UTC 2026","com.automationlab.tests.OrderTest","API Tests","com.automationlab.tests.OrderTest","testUpdateOrderStatusNoAuth"
"","30135","Order Tests","","Tue Apr 07 06:47:09 UTC 2026","passed","Tue Apr 07 06:47:40 UTC 2026","","JMeter Performance Tests","",""
"Verify order response includes timestamps","28","testGetOrderIncludesTimestamps","API Test Suite","Tue Apr 07 06:41:59 UTC 2026","passed","Tue Apr 07 06:41:59 UTC 2026","com.automationlab.tests.OrderTest","API Tests","com.automationlab.tests.OrderTest","testGetOrderIncludesTimestamps"
"Verify admin can update order status","23","testUpdateOrderStatus","API Test Suite","Tue Apr 07 06:42:00 UTC 2026","passed","Tue Apr 07 06:42:00 UTC 2026","com.automationlab.tests.OrderTest","API Tests","com.automationlab.tests.OrderTest","testUpdateOrderStatus"
"Verify registration succeeds without last name (optional field)","107","testRegistrationMissingLastName","API Test Suite","Tue Apr 07 06:41:52 UTC 2026","passed","Tue Apr 07 06:41:52 UTC 2026","com.automationlab.tests.AuthTest","API Tests","com.automationlab.tests.AuthTest","testRegistrationMissingLastName"
"","800","Dashboard displays user role badge","chromium","Tue Apr 07 06:42:13 UTC 2026","passed","Tue Apr 07 06:42:13 UTC 2026","Dashboard — Authenticated Regular User","dashboard_test.spec.ts","",""
"","312","updated status is returned in response","","Tue Apr 07 06:41:41 UTC 2026","passed","Tue Apr 07 06:41:41 UTC 2026","Order Endpoints > PATCH /api/orders/:id/status","orders_test.spec.ts","",""
"Verify product with decimal price is created correctly","26","testCreateProductDecimalPrice","API Test Suite","Tue Apr 07 06:41:56 UTC 2026","passed","Tue Apr 07 06:41:56 UTC 2026","com.automationlab.tests.ProductTest","API Tests","com.automationlab.tests.ProductTest","testCreateProductDecimalPrice"
"","862","User status filter pending shows results","chromium","Tue Apr 07 06:43:01 UTC 2026","passed","Tue Apr 07 06:43:02 UTC 2026","Orders — Authenticated User","orders_test.spec.ts","",""
"After deletion, user should still exist but be inactive.","11","test_deleted_user_is_soft_deleted","tests","Tue Apr 07 06:41:53 UTC 2026","passed","Tue Apr 07 06:41:53 UTC 2026","TestDeleteUser","user_test","",""
"Register page displays Create Account heading","522","registerPageDisplaysCreateAccountHeading","SQA Automation Lab — Selenium UI Suite","Tue Apr 07 06:44:07 UTC 2026","passed","Tue Apr 07 06:44:07 UTC 2026","com.sqa.ui.tests.RegisterTest","UI Tests","com.sqa.ui.tests.RegisterTest","registerPageDisplaysCreateAccountHeading"
"","241","response contains created product data","","Tue Apr 07 06:41:45 UTC 2026","passed","Tue Apr 07 06:41:45 UTC 2026","Product Endpoints > POST /api/products","products_test.spec.ts","",""
"Status filter pending shows only pending orders — AUT Bug C","920","statusFilterPendingShowsPendingOrders","SQA Automation Lab — Selenium UI Suite","Tue Apr 07 06:46:41 UTC 2026","passed","Tue Apr 07 06:46:42 UTC 2026","com.sqa.ui.tests.OrdersTest","UI Tests","com.sqa.ui.tests.OrdersTest","statusFilterPendingShowsPendingOrders"
"Verify root endpoint returns app information","52","testRootEndpoint","API Test Suite","Tue Apr 07 06:41:50 UTC 2026","passed","Tue Apr 07 06:41:50 UTC 2026","com.automationlab.tests.HealthTest","API Tests","com.automationlab.tests.HealthTest","testRootEndpoint"
"","5953","Admin status filter cancelled shows filtered results or empty state","chromium","Tue Apr 07 06:42:42 UTC 2026","failed","Tue Apr 07 06:42:48 UTC 2026","Orders — Authenticated Admin","orders_test.spec.ts","",""
"","71","returns HTTP 401 without token","","Tue Apr 07 06:41:52 UTC 2026","passed","Tue Apr 07 06:41:52 UTC 2026","User Endpoints > PUT /api/users/:id","user_test.spec.ts","",""
"","241","response body conforms to product schema on creation","","Tue Apr 07 06:41:45 UTC 2026","passed","Tue Apr 07 06:41:46 UTC 2026","Product Endpoints > POST /api/products","products_test.spec.ts","",""
"Attempt to update email to one already in use.","3","test_update_with_duplicate_email_returns_409","tests","Tue Apr 07 06:41:53 UTC 2026","passed","Tue Apr 07 06:41:53 UTC 2026","TestUpdateUser","user_test","",""
"Verify users list does not include passwords","46","testListUsersDoesNotReturnPasswords","API Test Suite","Tue Apr 07 06:41:54 UTC 2026","passed","Tue Apr 07 06:41:54 UTC 2026","com.automationlab.tests.UserTest","API Tests","com.automationlab.tests.UserTest","testListUsersDoesNotReturnPasswords"
"","3","test_list_products_pagination_metadata","tests","Tue Apr 07 06:41:51 UTC 2026","passed","Tue Apr 07 06:41:51 UTC 2026","TestListProducts","products_test","",""
"Verify successful login with valid credentials","304","testSuccessfulLogin","API Test Suite","Tue Apr 07 06:41:53 UTC 2026","passed","Tue Apr 07 06:41:53 UTC 2026","com.automationlab.tests.AuthTest","API Tests","com.automationlab.tests.AuthTest","testSuccessfulLogin"
"Category filter returns filtered results — AUT Bug C","1048","categoryFilterReturnsFilteredResults","SQA Automation Lab — Selenium UI Suite","Tue Apr 07 06:44:52 UTC 2026","passed","Tue Apr 07 06:44:53 UTC 2026","com.sqa.ui.tests.ProductsTest","UI Tests","com.sqa.ui.tests.ProductsTest","categoryFilterReturnsFilteredResults"
"","354","Products link is visible","chromium","Tue Apr 07 06:42:22 UTC 2026","passed","Tue Apr 07 06:42:22 UTC 2026","Navbar — Unauthenticated","navbar_test.spec.ts","",""
"","2","test_list_orders_without_auth_returns_401","tests","Tue Apr 07 06:41:49 UTC 2026","passed","Tue Apr 07 06:41:49 UTC 2026","TestListOrders","orders_test","",""
"","326","stock is restored after order cancellation","","Tue Apr 07 06:41:42 UTC 2026","passed","Tue Apr 07 06:41:43 UTC 2026","Order Endpoints > DELETE /api/orders/:id","orders_test.spec.ts","",""
"","3","test_user_can_delete_own_account","tests","Tue Apr 07 06:41:53 UTC 2026","passed","Tue Apr 07 06:41:53 UTC 2026","TestDeleteUser","user_test","",""
"Verify admin can update product details","32","testUpdateProduct","API Test Suite","Tue Apr 07 06:41:57 UTC 2026","passed","Tue Apr 07 06:41:57 UTC 2026","com.automationlab.tests.ProductTest","API Tests","com.automationlab.tests.ProductTest","testUpdateProduct"
"","260","returns HTTP 401 without token","","Tue Apr 07 06:41:49 UTC 2026","passed","Tue Apr 07 06:41:49 UTC 2026","Product Endpoints > PUT /api/products/:id","products_test.spec.ts","",""
"","826","Admin orders page displays heading","chromium","Tue Apr 07 06:42:39 UTC 2026","passed","Tue Apr 07 06:42:40 UTC 2026","Orders — Authenticated Admin","orders_test.spec.ts","",""
"","316","returns HTTP 400 when cancelling a non-pending order","","Tue Apr 07 06:41:43 UTC 2026","passed","Tue Apr 07 06:41:44 UTC 2026","Order Endpoints > DELETE /api/orders/:id","orders_test.spec.ts","",""
"","394","empty email stays on login page","chromium","Tue Apr 07 06:42:18 UTC 2026","passed","Tue Apr 07 06:42:18 UTC 2026","Login","login_test.spec.ts","",""
"","3","test_list_products_respects_limit","tests","Tue Apr 07 06:41:51 UTC 2026","passed","Tue Apr 07 06:41:51 UTC 2026","TestListProducts","products_test","",""
"**Risk:** Medium
**Confidence:** 2
**Instances:** 4

**Description:**
Web browser data loading may be possible, due to a Cross Origin Resource Sharing (CORS) misconfiguration on the web server.

**Solution:**
Ensure that sensitive data is not available in an unauthenticated manner (using IP address white-listing, for instance).Configure the ""Access-Control-Allow-Origin"" HTTP header to a more restrictive set of domains, or remove all CORS headers entirely, to allow the web browser to enforce the Same Origin Policy (SOP) in a more restrictive manner.","0","Cross-Domain Misconfiguration","","Tue Apr 07 06:42:58 UTC 2026","broken","Tue Apr 07 06:42:58 UTC 2026","","Security - ZAP API Scan","",""
"","30054","Auth Tests","","Tue Apr 07 06:45:25 UTC 2026","passed","Tue Apr 07 06:45:55 UTC 2026","","JMeter Performance Tests","",""
"","240","creating with minimum fields returns 201 and stock defaults to zero","","Tue Apr 07 06:41:46 UTC 2026","passed","Tue Apr 07 06:41:46 UTC 2026","Product Endpoints > POST /api/products","products_test.spec.ts","",""
"Verify create product fails with missing name","14","testCreateProductMissingName","API Test Suite","Tue Apr 07 06:41:56 UTC 2026","passed","Tue Apr 07 06:41:56 UTC 2026","com.automationlab.tests.ProductTest","API Tests","com.automationlab.tests.ProductTest","testCreateProductMissingName"
"Regular users should not be able to view other users' profiles.","4","test_user_cannot_view_other_user","tests","Tue Apr 07 06:41:52 UTC 2026","passed","Tue Apr 07 06:41:52 UTC 2026","TestGetUser","user_test","",""
"Authenticated user sees product cards","1592","authenticatedUserSeesProductCards","SQA Automation Lab — Selenium UI Suite","Tue Apr 07 06:44:48 UTC 2026","passed","Tue Apr 07 06:44:49 UTC 2026","com.sqa.ui.tests.ProductsTest","UI Tests","com.sqa.ui.tests.ProductsTest","authenticatedUserSeesProductCards"
"","832","Orders link navigates to orders page","chromium","Tue Apr 07 06:42:36 UTC 2026","passed","Tue Apr 07 06:42:37 UTC 2026","Navbar — Authenticated Regular User","navbar_test.spec.ts","",""
"","2","test_logout_returns_success","tests","Tue Apr 07 06:41:47 UTC 2026","passed","Tue Apr 07 06:41:47 UTC 2026","TestLogout","auth_test","",""
"Wrong password shows error message — AUT Bug A","1287","wrongPasswordShowsErrorMessage","SQA Automation Lab — Selenium UI Suite","Tue Apr 07 06:42:59 UTC 2026","failed","Tue Apr 07 06:43:01 UTC 2026","com.sqa.ui.tests.LoginTest","UI Tests","com.sqa.ui.tests.LoginTest","wrongPasswordShowsErrorMessage"
"Invalid email format shows validation error — AUT Bug B","11655","invalidEmailFormatShowsValidationError","SQA Automation Lab — Selenium UI Suite","Tue Apr 07 06:43:52 UTC 2026","failed","Tue Apr 07 06:44:04 UTC 2026","com.sqa.ui.tests.RegisterTest","UI Tests","com.sqa.ui.tests.RegisterTest","invalidEmailFormatShowsValidationError"
"Verify user has correct role field","50","testGetUserRole","API Test Suite","Tue Apr 07 06:41:54 UTC 2026","passed","Tue Apr 07 06:41:54 UTC 2026","com.automationlab.tests.UserTest","API Tests","com.automationlab.tests.UserTest","testGetUserRole"
"","306","returns HTTP 403 for non-admin authenticated user","","Tue Apr 07 06:41:50 UTC 2026","passed","Tue Apr 07 06:41:50 UTC 2026","Product Endpoints > DELETE /api/products/:id","products_test.spec.ts","",""
"Dashboard link navigates to dashboard page","1103","dashboardLinkNavigatesToDashboardPage","SQA Automation Lab — Selenium UI Suite","Tue Apr 07 06:47:38 UTC 2026","passed","Tue Apr 07 06:47:39 UTC 2026","com.sqa.ui.tests.NavigationTest","UI Tests","com.sqa.ui.tests.NavigationTest","dashboardLinkNavigatesToDashboardPage"
"","72","pagination metadata contains expected fields","","Tue Apr 07 06:41:50 UTC 2026","passed","Tue Apr 07 06:41:50 UTC 2026","User Endpoints > GET /api/users","user_test.spec.ts","",""
"","29925","Health Tests","","Tue Apr 07 06:44:50 UTC 2026","passed","Tue Apr 07 06:45:20 UTC 2026","","JMeter Performance Tests","",""
"","43","test_create_product_with_minimum_fields","tests","Tue Apr 07 06:41:51 UTC 2026","passed","Tue Apr 07 06:41:51 UTC 2026","TestCreateProduct","products_test","",""
"","65","test_login_returns_user_info","tests","Tue Apr 07 06:41:46 UTC 2026","passed","Tue Apr 07 06:41:46 UTC 2026","TestLogin","auth_test","",""
"Verify get non-existent order returns 404","17","testGetNonExistentOrder","API Test Suite","Tue Apr 07 06:41:59 UTC 2026","passed","Tue Apr 07 06:41:59 UTC 2026","com.automationlab.tests.OrderTest","API Tests","com.automationlab.tests.OrderTest","testGetNonExistentOrder"
"Verify admin can get any order","34","testAdminGetAnyOrder","API Test Suite","Tue Apr 07 06:41:59 UTC 2026","passed","Tue Apr 07 06:41:59 UTC 2026","com.automationlab.tests.OrderTest","API Tests","com.automationlab.tests.OrderTest","testAdminGetAnyOrder"
"","5540","Empty first name shows validation error","chromium","Tue Apr 07 06:43:26 UTC 2026","failed","Tue Apr 07 06:43:32 UTC 2026","Register","register_test.spec.ts","",""
"","5","content-type is application/json","","Tue Apr 07 06:41:35 UTC 2026","passed","Tue Apr 07 06:41:35 UTC 2026","Health Endpoints > GET /","health_test.spec.ts","",""
"","72","returns HTTP 409 on duplicate email","","Tue Apr 07 06:41:34 UTC 2026","passed","Tue Apr 07 06:41:34 UTC 2026","Authentication Endpoints > POST /api/auth/register","auth_test.spec.ts","",""
"","313","soft deleted user has is_active set to false","","Tue Apr 07 06:41:53 UTC 2026","passed","Tue Apr 07 06:41:53 UTC 2026","User Endpoints > DELETE /api/users/:id","user_test.spec.ts","",""
"","77","response body conforms to auth response schema","","Tue Apr 07 06:41:34 UTC 2026","passed","Tue Apr 07 06:41:34 UTC 2026","Authentication Endpoints > POST /api/auth/register","auth_test.spec.ts","",""
"","5","test_update_own_email","tests","Tue Apr 07 06:41:52 UTC 2026","passed","Tue Apr 07 06:41:52 UTC 2026","TestUpdateUser","user_test","",""
"","929","Admin sees product cards","chromium","Tue Apr 07 06:43:20 UTC 2026","passed","Tue Apr 07 06:43:21 UTC 2026","Products — Authenticated Admin","products_test.spec.ts","",""
"","14","returns HTTP 400 when password is missing","","Tue Apr 07 06:41:34 UTC 2026","passed","Tue Apr 07 06:41:34 UTC 2026","Authentication Endpoints > POST /api/auth/register","auth_test.spec.ts","",""
"Verify health endpoint returns uptime information","74","testHealthEndpointUptime","API Test Suite","Tue Apr 07 06:41:50 UTC 2026","passed","Tue Apr 07 06:41:50 UTC 2026","com.automationlab.tests.HealthTest","API Tests","com.automationlab.tests.HealthTest","testHealthEndpointUptime"
"Clear button resets search results","1591","clearButtonResetsSearchResults","SQA Automation Lab — Selenium UI Suite","Tue Apr 07 06:44:56 UTC 2026","passed","Tue Apr 07 06:44:58 UTC 2026","com.sqa.ui.tests.ProductsTest","UI Tests","com.sqa.ui.tests.ProductsTest","clearButtonResetsSearchResults"
"Pagination next button advances to page 2 — AUT Bug E","1420","paginationNextButtonAdvancesToPage2","SQA Automation Lab — Selenium UI Suite","Tue Apr 07 06:45:01 UTC 2026","passed","Tue Apr 07 06:45:02 UTC 2026","com.sqa.ui.tests.ProductsTest","UI Tests","com.sqa.ui.tests.ProductsTest","paginationNextButtonAdvancesToPage2"
"","9","test_update_with_invalid_status_returns_400","tests","Tue Apr 07 06:41:50 UTC 2026","passed","Tue Apr 07 06:41:50 UTC 2026","TestUpdateOrderStatus","orders_test","",""
"","9","test_status_update_changes_updated_at","tests","Tue Apr 07 06:41:50 UTC 2026","passed","Tue Apr 07 06:41:50 UTC 2026","TestUpdateOrderStatus","orders_test","",""
"","9","category filter response includes filters metadata","","Tue Apr 07 06:41:44 UTC 2026","passed","Tue Apr 07 06:41:44 UTC 2026","Product Endpoints > GET /api/products","products_test.spec.ts","",""
"","7","limit parameter is respected","","Tue Apr 07 06:41:44 UTC 2026","passed","Tue Apr 07 06:41:44 UTC 2026","Product Endpoints > GET /api/products","products_test.spec.ts","",""
"","9","pagination metadata contains expected fields","","Tue Apr 07 06:41:44 UTC 2026","passed","Tue Apr 07 06:41:44 UTC 2026","Product Endpoints > GET /api/products","products_test.spec.ts","",""
"","299","returns HTTP 400 for empty update body","","Tue Apr 07 06:41:48 UTC 2026","passed","Tue Apr 07 06:41:48 UTC 2026","Product Endpoints > PUT /api/products/:id","products_test.spec.ts","",""
"","331","response contains order with items array","","Tue Apr 07 06:41:39 UTC 2026","passed","Tue Apr 07 06:41:39 UTC 2026","Order Endpoints > GET /api/orders/:id","orders_test.spec.ts","",""
"Verify users list only returns active users","105","testListOnlyActiveUsers","API Test Suite","Tue Apr 07 06:41:54 UTC 2026","passed","Tue Apr 07 06:41:54 UTC 2026","com.automationlab.tests.UserTest","API Tests","com.automationlab.tests.UserTest","testListOnlyActiveUsers"
"","5982","Admin cancel order dismissed by user leaves order intact","chromium","Tue Apr 07 06:42:52 UTC 2026","failed","Tue Apr 07 06:42:58 UTC 2026","Orders — Authenticated Admin","orders_test.spec.ts","",""
