"DESCRIPTION","DURATION IN MS","NAME","PARENT SUITE","START TIME","STATUS","STOP TIME","SUB SUITE","SUITE","TEST CLASS","TEST METHOD"
"","5","test_get_own_user_profile","tests","Tue Apr 07 07:12:23 UTC 2026","passed","Tue Apr 07 07:12:23 UTC 2026","TestGetUser","user_test","",""
"Orders link is visible when authenticated","1252","ordersLinkIsVisibleWhenAuthenticated","SQA Automation Lab — Selenium UI Suite","Tue Apr 07 07:18:50 UTC 2026","passed","Tue Apr 07 07:18:51 UTC 2026","com.sqa.ui.tests.NavigationTest","UI Tests","com.sqa.ui.tests.NavigationTest","ordersLinkIsVisibleWhenAuthenticated"
"Authenticated user visiting login page is redirected to dashboard — AUT Bug D","11878","authenticatedUserVisitingLoginIsRedirectedToDashboard","SQA Automation Lab — Selenium UI Suite","Tue Apr 07 07:12:45 UTC 2026","broken","Tue Apr 07 07:12:57 UTC 2026","com.sqa.ui.tests.LoginTest","UI Tests","com.sqa.ui.tests.LoginTest","authenticatedUserVisitingLoginIsRedirectedToDashboard"
"","121","limit parameter is respected","","Tue Apr 07 07:12:17 UTC 2026","passed","Tue Apr 07 07:12:17 UTC 2026","User Endpoints > GET /api/users","user_test.spec.ts","",""
"Verify update order status fails without authentication","15","testUpdateOrderStatusNoAuth","API Test Suite","Tue Apr 07 07:12:24 UTC 2026","passed","Tue Apr 07 07:12:24 UTC 2026","com.automationlab.tests.OrderTest","API Tests","com.automationlab.tests.OrderTest","testUpdateOrderStatusNoAuth"
"","831","Admin order error message shown on invalid product","chromium","Tue Apr 07 07:13:13 UTC 2026","passed","Tue Apr 07 07:13:14 UTC 2026","Product Detail — Authenticated Admin","product_detail_test.spec.ts","",""
"","4","test_admin_can_create_product","tests","Tue Apr 07 07:12:22 UTC 2026","passed","Tue Apr 07 07:12:22 UTC 2026","TestCreateProduct","products_test","",""
"Register link navigates to register page","662","registerLinkNavigatesToRegisterPage","SQA Automation Lab — Selenium UI Suite","Tue Apr 07 07:13:23 UTC 2026","passed","Tue Apr 07 07:13:24 UTC 2026","com.sqa.ui.tests.LoginTest","UI Tests","com.sqa.ui.tests.LoginTest","registerLinkNavigatesToRegisterPage"
"","4","test_get_nonexistent_user_returns_404","tests","Tue Apr 07 07:12:23 UTC 2026","passed","Tue Apr 07 07:12:23 UTC 2026","TestGetUser","user_test","",""
"","260","Register page displays create account heading","chromium","Tue Apr 07 07:13:26 UTC 2026","passed","Tue Apr 07 07:13:26 UTC 2026","Register","register_test.spec.ts","",""
"After soft delete, product should not appear in public listing.","7","test_deleted_product_not_in_listing","tests","Tue Apr 07 07:12:23 UTC 2026","passed","Tue Apr 07 07:12:23 UTC 2026","TestDeleteProduct","products_test","",""
"","38108","POST /api/products - admin","","Tue Apr 07 07:14:13 UTC 2026","passed","Tue Apr 07 07:14:51 UTC 2026","","k6 Performance Tests","",""
"","75","returns HTTP 400 or 404 for non-existent product","","Tue Apr 07 07:12:03 UTC 2026","passed","Tue Apr 07 07:12:03 UTC 2026","Order Endpoints > POST /api/orders","orders_test.spec.ts","",""
"","7","returns HTTP 401 for non-existent email","","Tue Apr 07 07:12:00 UTC 2026","passed","Tue Apr 07 07:12:00 UTC 2026","Authentication Endpoints > POST /api/auth/login","auth_test.spec.ts","",""
"","255","Product detail page displays product name","chromium","Tue Apr 07 07:13:10 UTC 2026","passed","Tue Apr 07 07:13:10 UTC 2026","Product Detail — Unauthenticated","product_detail_test.spec.ts","",""
"","71","returns HTTP 200 with valid token","","Tue Apr 07 07:12:16 UTC 2026","passed","Tue Apr 07 07:12:16 UTC 2026","User Endpoints > GET /api/users","user_test.spec.ts","",""
"","72","returns correct user data for own user","","Tue Apr 07 07:12:17 UTC 2026","passed","Tue Apr 07 07:12:17 UTC 2026","User Endpoints > GET /api/users/:id","user_test.spec.ts","",""
"","39242","GET /api/users/:id - own user","","Tue Apr 07 07:13:30 UTC 2026","passed","Tue Apr 07 07:14:10 UTC 2026","","k6 Performance Tests","",""
"Invalid email format shows validation error — AUT Bug B","1087","invalidEmailFormatShowsValidationError","SQA Automation Lab — Selenium UI Suite","Tue Apr 07 07:13:10 UTC 2026","failed","Tue Apr 07 07:13:11 UTC 2026","com.sqa.ui.tests.LoginTest","UI Tests","com.sqa.ui.tests.LoginTest","invalidEmailFormatShowsValidationError"
"","999","Admin cancel order with confirmation removes order from pending list","chromium","Tue Apr 07 07:13:01 UTC 2026","passed","Tue Apr 07 07:13:02 UTC 2026","Orders — Authenticated Admin","orders_test.spec.ts","",""
"Verify root endpoint returns app information","61","testRootEndpoint","API Test Suite","Tue Apr 07 07:12:14 UTC 2026","passed","Tue Apr 07 07:12:14 UTC 2026","com.automationlab.tests.HealthTest","API Tests","com.automationlab.tests.HealthTest","testRootEndpoint"
"","4","test_admin_can_view_any_user","tests","Tue Apr 07 07:12:23 UTC 2026","passed","Tue Apr 07 07:12:23 UTC 2026","TestGetUser","user_test","",""
"Valid credentials redirect to dashboard","1476","validCredentialsRedirectToDashboard","SQA Automation Lab — Selenium UI Suite","Tue Apr 07 07:13:27 UTC 2026","passed","Tue Apr 07 07:13:28 UTC 2026","com.sqa.ui.tests.LoginTest","UI Tests","com.sqa.ui.tests.LoginTest","validCredentialsRedirectToDashboard"
"Create an order as admin, verify another user can't see it.","81","test_user_cannot_view_other_users_order","tests","Tue Apr 07 07:12:20 UTC 2026","passed","Tue Apr 07 07:12:21 UTC 2026","TestGetOrder","orders_test","",""
"Sign in link is visible when unauthenticated","457","signInLinkIsVisibleWhenUnauthenticated","SQA Automation Lab — Selenium UI Suite","Tue Apr 07 07:19:24 UTC 2026","passed","Tue Apr 07 07:19:24 UTC 2026","com.sqa.ui.tests.NavigationTest","UI Tests","com.sqa.ui.tests.NavigationTest","signInLinkIsVisibleWhenUnauthenticated"
"","332","Dashboard link is not visible","chromium","Tue Apr 07 07:12:40 UTC 2026","passed","Tue Apr 07 07:12:40 UTC 2026","Navbar — Unauthenticated","navbar_test.spec.ts","",""
"","74","returns HTTP 200 with valid token","","Tue Apr 07 07:12:01 UTC 2026","passed","Tue Apr 07 07:12:01 UTC 2026","Authentication Endpoints > POST /api/auth/logout","auth_test.spec.ts","",""
"","38098","GET /api/products","","Tue Apr 07 07:14:12 UTC 2026","passed","Tue Apr 07 07:14:50 UTC 2026","","k6 Performance Tests","",""
"","69","returns HTTP 200 when soft deleting own account","","Tue Apr 07 07:12:19 UTC 2026","passed","Tue Apr 07 07:12:19 UTC 2026","User Endpoints > DELETE /api/users/:id","user_test.spec.ts","",""
"Status filter cancelled shows filtered results or empty state — AUT Bug C","460","statusFilterCancelledShowsFilteredResultsOrEmptyState","SQA Automation Lab — Selenium UI Suite","Tue Apr 07 07:17:29 UTC 2026","passed","Tue Apr 07 07:17:30 UTC 2026","com.sqa.ui.tests.OrdersTest","UI Tests","com.sqa.ui.tests.OrdersTest","statusFilterCancelledShowsFilteredResultsOrEmptyState"
"**Risk:** Informational
**Confidence:** 2
**Instances:** 3

**Description:**
Check for differences in response based on fuzzed User Agent (eg. mobile sites, access as a Search Engine Crawler). Compares the response statuscode and the hashcode of the response body with the original response.

**Solution:**
","0","User Agent Fuzzer","","Tue Apr 07 07:13:23 UTC 2026","passed","Tue Apr 07 07:13:23 UTC 2026","","Security - ZAP API Scan","",""
"","5602","Password shorter than 6 characters shows validation error","chromium","Tue Apr 07 07:13:54 UTC 2026","failed","Tue Apr 07 07:14:00 UTC 2026","Register","register_test.spec.ts","",""
"Verify pagination returns correct total count","36","testListUsersPaginationTotalCount","API Test Suite","Tue Apr 07 07:12:19 UTC 2026","passed","Tue Apr 07 07:12:19 UTC 2026","com.automationlab.tests.UserTest","API Tests","com.automationlab.tests.UserTest","testListUsersPaginationTotalCount"
"","253","Product detail page displays product price","chromium","Tue Apr 07 07:13:10 UTC 2026","passed","Tue Apr 07 07:13:10 UTC 2026","Product Detail — Unauthenticated","product_detail_test.spec.ts","",""
"","78","user objects in response do not expose password field","","Tue Apr 07 07:12:17 UTC 2026","passed","Tue Apr 07 07:12:17 UTC 2026","User Endpoints > GET /api/users","user_test.spec.ts","",""
"","892","Admin cancel order dismissed by user leaves order intact","chromium","Tue Apr 07 07:13:02 UTC 2026","passed","Tue Apr 07 07:13:02 UTC 2026","Orders — Authenticated Admin","orders_test.spec.ts","",""
"","5","test_list_users_respects_limit","tests","Tue Apr 07 07:12:23 UTC 2026","passed","Tue Apr 07 07:12:23 UTC 2026","TestListUsers","user_test","",""
"Verify get order fails without authentication","14","testGetOrderNoAuth","API Test Suite","Tue Apr 07 07:12:24 UTC 2026","passed","Tue Apr 07 07:12:24 UTC 2026","com.automationlab.tests.OrderTest","API Tests","com.automationlab.tests.OrderTest","testGetOrderNoAuth"
"Password shorter than 6 characters shows validation error","11627","shortPasswordShowsValidationError","SQA Automation Lab — Selenium UI Suite","Tue Apr 07 07:14:48 UTC 2026","failed","Tue Apr 07 07:15:00 UTC 2026","com.sqa.ui.tests.RegisterTest","UI Tests","com.sqa.ui.tests.RegisterTest","shortPasswordShowsValidationError"
"Verify admin can update product details","48","testUpdateProduct","API Test Suite","Tue Apr 07 07:12:22 UTC 2026","passed","Tue Apr 07 07:12:22 UTC 2026","com.automationlab.tests.ProductTest","API Tests","com.automationlab.tests.ProductTest","testUpdateProduct"
"","867","User can place order successfully","chromium","Tue Apr 07 07:13:14 UTC 2026","passed","Tue Apr 07 07:13:15 UTC 2026","Product Detail — Authenticated User","product_detail_test.spec.ts","",""
"","324","response contains order with items","","Tue Apr 07 07:12:01 UTC 2026","passed","Tue Apr 07 07:12:02 UTC 2026","Order Endpoints > POST /api/orders","orders_test.spec.ts","",""
"","2","test_404_response_includes_error_details","tests","Tue Apr 07 07:12:18 UTC 2026","passed","Tue Apr 07 07:12:18 UTC 2026","TestNotFound","health_test","",""
"","254","Product detail page displays stock status","chromium","Tue Apr 07 07:13:10 UTC 2026","passed","Tue Apr 07 07:13:11 UTC 2026","Product Detail — Unauthenticated","product_detail_test.spec.ts","",""
"","807","Admin orders page displays heading","chromium","Tue Apr 07 07:12:55 UTC 2026","passed","Tue Apr 07 07:12:56 UTC 2026","Orders — Authenticated Admin","orders_test.spec.ts","",""
"","348","returns HTTP 403 for non-admin authenticated user","","Tue Apr 07 07:12:16 UTC 2026","passed","Tue Apr 07 07:12:16 UTC 2026","Product Endpoints > DELETE /api/products/:id","products_test.spec.ts","",""
"","39242","GET /api/users/:id - unauthorized (different user)","","Tue Apr 07 07:13:31 UTC 2026","passed","Tue Apr 07 07:14:10 UTC 2026","","k6 Performance Tests","",""
"","9","products in listing include expected fields","","Tue Apr 07 07:12:10 UTC 2026","passed","Tue Apr 07 07:12:10 UTC 2026","Product Endpoints > GET /api/products","products_test.spec.ts","",""
"","37975","Step 1: Register new user","","Tue Apr 07 07:15:35 UTC 2026","passed","Tue Apr 07 07:16:13 UTC 2026","","k6 Performance Tests","",""
"Sign out button clears session and redirects to login","1135","signOutButtonClearsSessionAndRedirectsToLogin","SQA Automation Lab — Selenium UI Suite","Tue Apr 07 07:19:32 UTC 2026","passed","Tue Apr 07 07:19:33 UTC 2026","com.sqa.ui.tests.NavigationTest","UI Tests","com.sqa.ui.tests.NavigationTest","signOutButtonClearsSessionAndRedirectsToLogin"
"","788","Orders link navigates to orders page","chromium","Tue Apr 07 07:12:46 UTC 2026","passed","Tue Apr 07 07:12:47 UTC 2026","Navbar — Authenticated Admin","navbar_test.spec.ts","",""
"","6","returns HTTP 401 without token","","Tue Apr 07 07:12:01 UTC 2026","passed","Tue Apr 07 07:12:01 UTC 2026","Authentication Endpoints > GET /api/auth/me","auth_test.spec.ts","",""
"Verify list orders fails without authentication","21","testListOrdersNoAuth","API Test Suite","Tue Apr 07 07:12:24 UTC 2026","passed","Tue Apr 07 07:12:24 UTC 2026","com.automationlab.tests.OrderTest","API Tests","com.automationlab.tests.OrderTest","testListOrdersNoAuth"
"","339","Product card link navigates to product detail page","chromium","Tue Apr 07 07:13:20 UTC 2026","passed","Tue Apr 07 07:13:20 UTC 2026","Products — Unauthenticated","products_test.spec.ts","",""
"","30064","Auth Tests","","Tue Apr 07 07:21:40 UTC 2026","passed","Tue Apr 07 07:22:10 UTC 2026","","JMeter Performance Tests","",""
"","893","User can navigate to product detail","chromium","Tue Apr 07 07:13:25 UTC 2026","passed","Tue Apr 07 07:13:26 UTC 2026","Products — Authenticated User","products_test.spec.ts","",""
"","5","returns HTTP 401 without token","","Tue Apr 07 07:12:17 UTC 2026","passed","Tue Apr 07 07:12:17 UTC 2026","User Endpoints > GET /api/users","user_test.spec.ts","",""
"","6","test_list_users_returns_200","tests","Tue Apr 07 07:12:23 UTC 2026","passed","Tue Apr 07 07:12:23 UTC 2026","TestListUsers","user_test","",""
"","789","Sign out button is visible","chromium","Tue Apr 07 07:12:42 UTC 2026","passed","Tue Apr 07 07:12:43 UTC 2026","Navbar — Authenticated Admin","navbar_test.spec.ts","",""
"Verify users list does not include passwords","38","testListUsersDoesNotReturnPasswords","API Test Suite","Tue Apr 07 07:12:19 UTC 2026","passed","Tue Apr 07 07:12:19 UTC 2026","com.automationlab.tests.UserTest","API Tests","com.automationlab.tests.UserTest","testListUsersDoesNotReturnPasswords"
"","4","test_create_product_with_minimum_fields","tests","Tue Apr 07 07:12:22 UTC 2026","passed","Tue Apr 07 07:12:22 UTC 2026","TestCreateProduct","products_test","",""
"Verify create product fails with missing name","17","testCreateProductMissingName","API Test Suite","Tue Apr 07 07:12:21 UTC 2026","passed","Tue Apr 07 07:12:21 UTC 2026","com.automationlab.tests.ProductTest","API Tests","com.automationlab.tests.ProductTest","testCreateProductMissingName"
"Verify password is not included in user response","18","testGetUserDoesNotReturnPassword","API Test Suite","Tue Apr 07 07:12:18 UTC 2026","passed","Tue Apr 07 07:12:18 UTC 2026","com.automationlab.tests.UserTest","API Tests","com.automationlab.tests.UserTest","testGetUserDoesNotReturnPassword"
"Verify default pagination limit","47","testListProductsDefaultPaginationLimit","API Test Suite","Tue Apr 07 07:12:21 UTC 2026","passed","Tue Apr 07 07:12:21 UTC 2026","com.automationlab.tests.ProductTest","API Tests","com.automationlab.tests.ProductTest","testListProductsDefaultPaginationLimit"
"","2","test_list_orders_without_auth_returns_401","tests","Tue Apr 07 07:12:20 UTC 2026","passed","Tue Apr 07 07:12:20 UTC 2026","TestListOrders","orders_test","",""
"","796","User order error message shown on invalid product","chromium","Tue Apr 07 07:13:16 UTC 2026","passed","Tue Apr 07 07:13:17 UTC 2026","Product Detail — Authenticated User","product_detail_test.spec.ts","",""
"Verify created product has default active status","20","testCreateProductDefaultActiveStatus","API Test Suite","Tue Apr 07 07:12:21 UTC 2026","passed","Tue Apr 07 07:12:21 UTC 2026","com.automationlab.tests.ProductTest","API Tests","com.automationlab.tests.ProductTest","testCreateProductDefaultActiveStatus"
"","11","category filter returns only products from that category","","Tue Apr 07 07:12:10 UTC 2026","passed","Tue Apr 07 07:12:10 UTC 2026","Product Endpoints > GET /api/products","products_test.spec.ts","",""
"Verify order calculates correct total amount","25","testOrderCalculatesTotalAmount","API Test Suite","Tue Apr 07 07:12:24 UTC 2026","passed","Tue Apr 07 07:12:24 UTC 2026","com.automationlab.tests.OrderTest","API Tests","com.automationlab.tests.OrderTest","testOrderCalculatesTotalAmount"
"Order quantity exceeding available stock should fail.","9","test_create_order_exceeding_stock_returns_400","tests","Tue Apr 07 07:12:20 UTC 2026","passed","Tue Apr 07 07:12:20 UTC 2026","TestCreateOrder","orders_test","",""
"","5449","Empty first name shows validation error","chromium","Tue Apr 07 07:13:27 UTC 2026","failed","Tue Apr 07 07:13:33 UTC 2026","Register","register_test.spec.ts","",""
"Verify update with invalid status fails","11","testUpdateOrderInvalidStatus","API Test Suite","Tue Apr 07 07:12:24 UTC 2026","passed","Tue Apr 07 07:12:24 UTC 2026","com.automationlab.tests.OrderTest","API Tests","com.automationlab.tests.OrderTest","testUpdateOrderInvalidStatus"
"Verify empty category filter returns all products","30","testListProductsEmptyCategoryFilter","API Test Suite","Tue Apr 07 07:12:21 UTC 2026","passed","Tue Apr 07 07:12:21 UTC 2026","com.automationlab.tests.ProductTest","API Tests","com.automationlab.tests.ProductTest","testListProductsEmptyCategoryFilter"
"","256","returns HTTP 400 for empty update body","","Tue Apr 07 07:12:14 UTC 2026","passed","Tue Apr 07 07:12:14 UTC 2026","Product Endpoints > PUT /api/products/:id","products_test.spec.ts","",""
"","5","test_product_fields_in_listing","tests","Tue Apr 07 07:12:22 UTC 2026","passed","Tue Apr 07 07:12:22 UTC 2026","TestListProducts","products_test","",""
"","251","response body conforms to product schema","","Tue Apr 07 07:12:11 UTC 2026","passed","Tue Apr 07 07:12:11 UTC 2026","Product Endpoints > GET /api/products/:id","products_test.spec.ts","",""
"Verify create order fails without authentication","10","testCreateOrderNoAuth","API Test Suite","Tue Apr 07 07:12:24 UTC 2026","passed","Tue Apr 07 07:12:24 UTC 2026","com.automationlab.tests.OrderTest","API Tests","com.automationlab.tests.OrderTest","testCreateOrderNoAuth"
"","325","returns only the authenticated users own orders","","Tue Apr 07 07:12:04 UTC 2026","passed","Tue Apr 07 07:12:04 UTC 2026","Order Endpoints > GET /api/orders","orders_test.spec.ts","",""
"Verify health endpoint returns uptime information","65","testHealthEndpointUptime","API Test Suite","Tue Apr 07 07:12:14 UTC 2026","passed","Tue Apr 07 07:12:14 UTC 2026","com.automationlab.tests.HealthTest","API Tests","com.automationlab.tests.HealthTest","testHealthEndpointUptime"
"","819","Sign-out redirects to login page","chromium","Tue Apr 07 07:12:27 UTC 2026","passed","Tue Apr 07 07:12:28 UTC 2026","Dashboard — Authenticated Admin","dashboard_test.spec.ts","",""
"","67","test_register_does_not_return_password","tests","Tue Apr 07 07:12:17 UTC 2026","passed","Tue Apr 07 07:12:17 UTC 2026","TestRegistration","auth_test","",""
"","915","Admin can view products page","chromium","Tue Apr 07 07:13:20 UTC 2026","passed","Tue Apr 07 07:13:21 UTC 2026","Products — Authenticated Admin","products_test.spec.ts","",""
"","74","returns HTTP 401 without token","","Tue Apr 07 07:12:18 UTC 2026","passed","Tue Apr 07 07:12:18 UTC 2026","User Endpoints > GET /api/users/:id","user_test.spec.ts","",""
"","1","setup","","Tue Apr 07 07:13:30 UTC 2026","passed","Tue Apr 07 07:13:30 UTC 2026","","k6 Performance Tests","",""
"All returned products should be active.","5","test_list_products_only_returns_active","tests","Tue Apr 07 07:12:22 UTC 2026","passed","Tue Apr 07 07:12:22 UTC 2026","TestListProducts","products_test","",""
"Verify registered user has default role of 'user'","114","testRegistrationDefaultRole","API Test Suite","Tue Apr 07 07:12:16 UTC 2026","passed","Tue Apr 07 07:12:16 UTC 2026","com.automationlab.tests.AuthTest","API Tests","com.automationlab.tests.AuthTest","testRegistrationDefaultRole"
"","14","returns HTTP 400 when password is missing","","Tue Apr 07 07:12:00 UTC 2026","passed","Tue Apr 07 07:12:00 UTC 2026","Authentication Endpoints > POST /api/auth/register","auth_test.spec.ts","",""
"","4","test_register_duplicate_email_returns_409","tests","Tue Apr 07 07:12:17 UTC 2026","passed","Tue Apr 07 07:12:17 UTC 2026","TestRegistration","auth_test","",""
"","83","response contains token","","Tue Apr 07 07:11:59 UTC 2026","passed","Tue Apr 07 07:11:59 UTC 2026","Authentication Endpoints > POST /api/auth/register","auth_test.spec.ts","",""
"","3","test_list_users_without_auth_returns_401","tests","Tue Apr 07 07:12:23 UTC 2026","passed","Tue Apr 07 07:12:23 UTC 2026","TestListUsers","user_test","",""
"","3","test_list_users_invalid_page_returns_400","tests","Tue Apr 07 07:12:23 UTC 2026","passed","Tue Apr 07 07:12:23 UTC 2026","TestListUsers","user_test","",""
"Invalid email format shows validation error — AUT Bug B","11400","invalidEmailFormatShowsValidationError","SQA Automation Lab — Selenium UI Suite","Tue Apr 07 07:14:30 UTC 2026","failed","Tue Apr 07 07:14:41 UTC 2026","com.sqa.ui.tests.RegisterTest","UI Tests","com.sqa.ui.tests.RegisterTest","invalidEmailFormatShowsValidationError"
"","324","admin can update order status and receives HTTP 200","","Tue Apr 07 07:12:06 UTC 2026","passed","Tue Apr 07 07:12:07 UTC 2026","Order Endpoints > PATCH /api/orders/:id/status","orders_test.spec.ts","",""
"","332","Sign in link is visible","chromium","Tue Apr 07 07:12:39 UTC 2026","passed","Tue Apr 07 07:12:39 UTC 2026","Navbar — Unauthenticated","navbar_test.spec.ts","",""
"","862","Admin can place order successfully","chromium","Tue Apr 07 07:13:12 UTC 2026","passed","Tue Apr 07 07:13:13 UTC 2026","Product Detail — Authenticated Admin","product_detail_test.spec.ts","",""
"Verify user can update multiple fields simultaneously","77","testUpdateMultipleFields","API Test Suite","Tue Apr 07 07:12:19 UTC 2026","passed","Tue Apr 07 07:12:19 UTC 2026","com.automationlab.tests.UserTest","API Tests","com.automationlab.tests.UserTest","testUpdateMultipleFields"
"Create two products and order both.","18","test_create_order_with_multiple_items","tests","Tue Apr 07 07:12:19 UTC 2026","passed","Tue Apr 07 07:12:19 UTC 2026","TestCreateOrder","orders_test","",""
"","76","returns HTTP 200 for authenticated user","","Tue Apr 07 07:12:03 UTC 2026","passed","Tue Apr 07 07:12:03 UTC 2026","Order Endpoints > GET /api/orders","orders_test.spec.ts","",""
"","71","returns HTTP 403 for non-admin authenticated user","","Tue Apr 07 07:12:13 UTC 2026","passed","Tue Apr 07 07:12:13 UTC 2026","Product Endpoints > POST /api/products","products_test.spec.ts","",""
"","12","page navigation does not return overlapping results","","Tue Apr 07 07:12:10 UTC 2026","passed","Tue Apr 07 07:12:10 UTC 2026","Product Endpoints > GET /api/products","products_test.spec.ts","",""
"Verify user can list their own orders","27","testListUserOrders","API Test Suite","Tue Apr 07 07:12:24 UTC 2026","passed","Tue Apr 07 07:12:24 UTC 2026","com.automationlab.tests.OrderTest","API Tests","com.automationlab.tests.OrderTest","testListUserOrders"
"","260","returns HTTP 401 without token","","Tue Apr 07 07:12:16 UTC 2026","passed","Tue Apr 07 07:12:16 UTC 2026","Product Endpoints > DELETE /api/products/:id","products_test.spec.ts","",""
"Verify user can soft delete their own account","117","testDeleteOwnUser","API Test Suite","Tue Apr 07 07:12:18 UTC 2026","passed","Tue Apr 07 07:12:18 UTC 2026","com.automationlab.tests.UserTest","API Tests","com.automationlab.tests.UserTest","testDeleteOwnUser"
"","3","test_user_cannot_delete_other_user","tests","Tue Apr 07 07:12:24 UTC 2026","passed","Tue Apr 07 07:12:24 UTC 2026","TestDeleteUser","user_test","",""
"","37976","Step 5: Create order","","Tue Apr 07 07:15:39 UTC 2026","passed","Tue Apr 07 07:16:17 UTC 2026","","k6 Performance Tests","",""
"","6","content-type is application/json","","Tue Apr 07 07:12:01 UTC 2026","passed","Tue Apr 07 07:12:01 UTC 2026","Health Endpoints > GET /","health_test.spec.ts","",""
"","410","Search returns filtered results","chromium","Tue Apr 07 07:13:17 UTC 2026","passed","Tue Apr 07 07:13:18 UTC 2026","Products — Unauthenticated","products_test.spec.ts","",""
"","904","User cancel order dismissed by user leaves order intact","chromium","Tue Apr 07 07:13:09 UTC 2026","passed","Tue Apr 07 07:13:10 UTC 2026","Orders — Authenticated User","orders_test.spec.ts","",""
"","323","Sign-in link navigates to login page","chromium","Tue Apr 07 07:12:42 UTC 2026","passed","Tue Apr 07 07:12:42 UTC 2026","Navbar — Unauthenticated","navbar_test.spec.ts","",""
"","893","Admin can navigate to product detail","chromium","Tue Apr 07 07:13:22 UTC 2026","passed","Tue Apr 07 07:13:23 UTC 2026","Products — Authenticated Admin","products_test.spec.ts","",""
"","527","Valid registration redirects to dashboard page","chromium","Tue Apr 07 07:13:26 UTC 2026","passed","Tue Apr 07 07:13:27 UTC 2026","Register","register_test.spec.ts","",""
"","5","returns HTTP 400 for non-numeric product id","","Tue Apr 07 07:12:11 UTC 2026","passed","Tue Apr 07 07:12:11 UTC 2026","Product Endpoints > GET /api/products/:id","products_test.spec.ts","",""
"","454","invalid email format stays on login page","chromium","Tue Apr 07 07:12:36 UTC 2026","passed","Tue Apr 07 07:12:36 UTC 2026","Login","login_test.spec.ts","",""
"","37974","Step 2: Login","","Tue Apr 07 07:15:36 UTC 2026","passed","Tue Apr 07 07:16:14 UTC 2026","","k6 Performance Tests","",""
"Verify create order fails with empty items array","15","testCreateOrderEmptyItems","API Test Suite","Tue Apr 07 07:12:23 UTC 2026","passed","Tue Apr 07 07:12:23 UTC 2026","com.automationlab.tests.OrderTest","API Tests","com.automationlab.tests.OrderTest","testCreateOrderEmptyItems"
"Unauthenticated access to orders redirects to login — AUT Bug A","228","unauthenticatedAccessToOrdersRedirectsToLogin","SQA Automation Lab — Selenium UI Suite","Tue Apr 07 07:17:39 UTC 2026","passed","Tue Apr 07 07:17:39 UTC 2026","com.sqa.ui.tests.OrdersTest","UI Tests","com.sqa.ui.tests.OrdersTest","unauthenticatedAccessToOrdersRedirectsToLogin"
"","833","Sign-out clears session and redirects to login","chromium","Tue Apr 07 07:12:48 UTC 2026","passed","Tue Apr 07 07:12:49 UTC 2026","Navbar — Authenticated Admin","navbar_test.spec.ts","",""
"","496","Clear button resets search results","chromium","Tue Apr 07 07:13:18 UTC 2026","passed","Tue Apr 07 07:13:18 UTC 2026","Products — Unauthenticated","products_test.spec.ts","",""
"","4","test_update_own_last_name","tests","Tue Apr 07 07:12:23 UTC 2026","passed","Tue Apr 07 07:12:23 UTC 2026","TestUpdateUser","user_test","",""
"","4","test_list_users_pagination_metadata","tests","Tue Apr 07 07:12:23 UTC 2026","passed","Tue Apr 07 07:12:23 UTC 2026","TestListUsers","user_test","",""
"","321","returns HTTP 400 for invalid status value","","Tue Apr 07 07:12:07 UTC 2026","passed","Tue Apr 07 07:12:07 UTC 2026","Order Endpoints > PATCH /api/orders/:id/status","orders_test.spec.ts","",""
"","815","User orders page displays order cards","chromium","Tue Apr 07 07:13:03 UTC 2026","passed","Tue Apr 07 07:13:04 UTC 2026","Orders — Authenticated User","orders_test.spec.ts","",""
"Empty first name shows validation error — AUT Bug C","11826","emptyFirstNameShowsValidationError","SQA Automation Lab — Selenium UI Suite","Tue Apr 07 07:14:00 UTC 2026","failed","Tue Apr 07 07:14:12 UTC 2026","com.sqa.ui.tests.RegisterTest","UI Tests","com.sqa.ui.tests.RegisterTest","emptyFirstNameShowsValidationError"
"","38857","POST /api/auth/register","","Tue Apr 07 07:12:48 UTC 2026","passed","Tue Apr 07 07:13:27 UTC 2026","","k6 Performance Tests","",""
"","256","partial update — stock quantity — is supported","","Tue Apr 07 07:12:14 UTC 2026","passed","Tue Apr 07 07:12:14 UTC 2026","Product Endpoints > PUT /api/products/:id","products_test.spec.ts","",""
"","10","test_status_update_changes_updated_at","tests","Tue Apr 07 07:12:21 UTC 2026","passed","Tue Apr 07 07:12:21 UTC 2026","TestUpdateOrderStatus","orders_test","",""
"","734","Sign in link is not visible","chromium","Tue Apr 07 07:12:45 UTC 2026","passed","Tue Apr 07 07:12:45 UTC 2026","Navbar — Authenticated Admin","navbar_test.spec.ts","",""
"Dashboard page displays heading","1479","dashboardPageDisplaysHeading","SQA Automation Lab — Selenium UI Suite","Tue Apr 07 07:18:03 UTC 2026","passed","Tue Apr 07 07:18:04 UTC 2026","com.sqa.ui.tests.DashboardTest","UI Tests","com.sqa.ui.tests.DashboardTest","dashboardPageDisplaysHeading"
"","361","Category filter returns filtered results","chromium","Tue Apr 07 07:13:19 UTC 2026","passed","Tue Apr 07 07:13:19 UTC 2026","Products — Unauthenticated","products_test.spec.ts","",""
"Valid registration renders authenticated navbar state","1859","validRegistrationRendersAuthenticatedNavbarState","SQA Automation Lab — Selenium UI Suite","Tue Apr 07 07:15:12 UTC 2026","passed","Tue Apr 07 07:15:14 UTC 2026","com.sqa.ui.tests.RegisterTest","UI Tests","com.sqa.ui.tests.RegisterTest","validRegistrationRendersAuthenticatedNavbarState"
"","74","returns correct user data for the token owner","","Tue Apr 07 07:12:00 UTC 2026","passed","Tue Apr 07 07:12:01 UTC 2026","Authentication Endpoints > GET /api/auth/me","auth_test.spec.ts","",""
"","9","test_list_users_page_navigation","tests","Tue Apr 07 07:12:23 UTC 2026","passed","Tue Apr 07 07:12:23 UTC 2026","TestListUsers","user_test","",""
"","6","response body contains endpoints field","","Tue Apr 07 07:12:01 UTC 2026","passed","Tue Apr 07 07:12:01 UTC 2026","Health Endpoints > GET /","health_test.spec.ts","",""
"Verify update user fails without authentication","19","testUpdateUserNoAuth","API Test Suite","Tue Apr 07 07:12:19 UTC 2026","passed","Tue Apr 07 07:12:19 UTC 2026","com.automationlab.tests.UserTest","API Tests","com.automationlab.tests.UserTest","testUpdateUserNoAuth"
"","71","returns HTTP 400 for empty items array","","Tue Apr 07 07:12:03 UTC 2026","passed","Tue Apr 07 07:12:03 UTC 2026","Order Endpoints > POST /api/orders","orders_test.spec.ts","",""
"","307","Sign-out button is not visible","chromium","Tue Apr 07 07:12:41 UTC 2026","passed","Tue Apr 07 07:12:41 UTC 2026","Navbar — Unauthenticated","navbar_test.spec.ts","",""
"Verify product has all required fields","77","testGetProductRequiredFields","API Test Suite","Tue Apr 07 07:12:21 UTC 2026","passed","Tue Apr 07 07:12:21 UTC 2026","com.automationlab.tests.ProductTest","API Tests","com.automationlab.tests.ProductTest","testGetProductRequiredFields"
"","4","test_update_nonexistent_order_returns_404","tests","Tue Apr 07 07:12:21 UTC 2026","passed","Tue Apr 07 07:12:21 UTC 2026","TestUpdateOrderStatus","orders_test","",""
"Verify admin can update any user","36","testAdminUpdateAnyUser","API Test Suite","Tue Apr 07 07:12:18 UTC 2026","passed","Tue Apr 07 07:12:18 UTC 2026","com.automationlab.tests.UserTest","API Tests","com.automationlab.tests.UserTest","testAdminUpdateAnyUser"
"","11","response contains products array and pagination object","","Tue Apr 07 07:12:10 UTC 2026","passed","Tue Apr 07 07:12:10 UTC 2026","Product Endpoints > GET /api/products","products_test.spec.ts","",""
"","38828","POST /api/auth/login - invalid credentials","","Tue Apr 07 07:12:50 UTC 2026","passed","Tue Apr 07 07:13:28 UTC 2026","","k6 Performance Tests","",""
"","4","test_get_nonexistent_product_returns_404","tests","Tue Apr 07 07:12:22 UTC 2026","passed","Tue Apr 07 07:12:22 UTC 2026","TestGetProduct","products_test","",""
"","321","Products link is visible","chromium","Tue Apr 07 07:12:39 UTC 2026","passed","Tue Apr 07 07:12:39 UTC 2026","Navbar — Unauthenticated","navbar_test.spec.ts","",""
"","301","Products page displays product cards","chromium","Tue Apr 07 07:13:17 UTC 2026","passed","Tue Apr 07 07:13:17 UTC 2026","Products — Unauthenticated","products_test.spec.ts","",""
"","119","returns HTTP 201 on successful registration","","Tue Apr 07 07:11:59 UTC 2026","passed","Tue Apr 07 07:11:59 UTC 2026","Authentication Endpoints > POST /api/auth/register","auth_test.spec.ts","",""
"Search should find products by name substring.","7","test_search_by_name","tests","Tue Apr 07 07:12:22 UTC 2026","passed","Tue Apr 07 07:12:22 UTC 2026","TestFilterProducts","products_test","",""
"","3","test_create_product_with_negative_price_returns_400","tests","Tue Apr 07 07:12:22 UTC 2026","passed","Tue Apr 07 07:12:22 UTC 2026","TestCreateProduct","products_test","",""
"Verify products can be searched by name","88","testSearchProducts","API Test Suite","Tue Apr 07 07:12:21 UTC 2026","passed","Tue Apr 07 07:12:21 UTC 2026","com.automationlab.tests.ProductTest","API Tests","com.automationlab.tests.ProductTest","testSearchProducts"
"","8","test_regular_user_cannot_update_status","tests","Tue Apr 07 07:12:21 UTC 2026","passed","Tue Apr 07 07:12:21 UTC 2026","TestUpdateOrderStatus","orders_test","",""
"","137","returns HTTP 200 on successful login","","Tue Apr 07 07:12:00 UTC 2026","passed","Tue Apr 07 07:12:00 UTC 2026","Authentication Endpoints > POST /api/auth/login","auth_test.spec.ts","",""
"","37974","Step 3: Browse products","","Tue Apr 07 07:15:37 UTC 2026","passed","Tue Apr 07 07:16:15 UTC 2026","","k6 Performance Tests","",""
"A user should not be able to cancel another user's order.","79","test_user_cannot_cancel_other_users_order","tests","Tue Apr 07 07:12:22 UTC 2026","passed","Tue Apr 07 07:12:22 UTC 2026","TestCancelOrder","orders_test","",""
"","355","Unauthenticated access redirects to login","chromium","Tue Apr 07 07:12:21 UTC 2026","passed","Tue Apr 07 07:12:21 UTC 2026","Dashboard — Unauthenticated","dashboard_test.spec.ts","",""
"","387","returns HTTP 403 for another users order","","Tue Apr 07 07:12:05 UTC 2026","passed","Tue Apr 07 07:12:06 UTC 2026","Order Endpoints > GET /api/orders/:id","orders_test.spec.ts","",""
"","11","test_update_with_invalid_status_returns_400","tests","Tue Apr 07 07:12:21 UTC 2026","passed","Tue Apr 07 07:12:21 UTC 2026","TestUpdateOrderStatus","orders_test","",""
"","5597","Mismatched passwords show validation error","chromium","Tue Apr 07 07:14:01 UTC 2026","failed","Tue Apr 07 07:14:07 UTC 2026","Register","register_test.spec.ts","",""
"","7","returns HTTP 403 with an invalid token","","Tue Apr 07 07:12:01 UTC 2026","passed","Tue Apr 07 07:12:01 UTC 2026","Authentication Endpoints > GET /api/auth/me","auth_test.spec.ts","",""
"","424","empty password stays on login page","chromium","Tue Apr 07 07:12:35 UTC 2026","passed","Tue Apr 07 07:12:36 UTC 2026","Login","login_test.spec.ts","",""
"","360","empty email stays on login page","chromium","Tue Apr 07 07:12:35 UTC 2026","passed","Tue Apr 07 07:12:35 UTC 2026","Login","login_test.spec.ts","",""
"","779","Dashboard displays user name","chromium","Tue Apr 07 07:12:23 UTC 2026","passed","Tue Apr 07 07:12:24 UTC 2026","Dashboard — Authenticated Admin","dashboard_test.spec.ts","",""
"","853","Admin status filter pending shows results","chromium","Tue Apr 07 07:12:57 UTC 2026","passed","Tue Apr 07 07:12:58 UTC 2026","Orders — Authenticated Admin","orders_test.spec.ts","",""
"","38198","PATCH /api/orders/:id/status - unauthorized (non-admin)","","Tue Apr 07 07:14:56 UTC 2026","passed","Tue Apr 07 07:15:34 UTC 2026","","k6 Performance Tests","",""
"","133","returns HTTP 401 for wrong password","","Tue Apr 07 07:12:00 UTC 2026","passed","Tue Apr 07 07:12:00 UTC 2026","Authentication Endpoints > POST /api/auth/login","auth_test.spec.ts","",""
"","249","admin can create a product and receives HTTP 201","","Tue Apr 07 07:12:11 UTC 2026","passed","Tue Apr 07 07:12:11 UTC 2026","Product Endpoints > POST /api/products","products_test.spec.ts","",""
"Verify non-admin cannot update order status","10","testUpdateOrderStatusNonAdmin","API Test Suite","Tue Apr 07 07:12:24 UTC 2026","passed","Tue Apr 07 07:12:24 UTC 2026","com.automationlab.tests.OrderTest","API Tests","com.automationlab.tests.OrderTest","testUpdateOrderStatusNonAdmin"
"Verify admin can get any order","31","testAdminGetAnyOrder","API Test Suite","Tue Apr 07 07:12:23 UTC 2026","passed","Tue Apr 07 07:12:23 UTC 2026","com.automationlab.tests.OrderTest","API Tests","com.automationlab.tests.OrderTest","testAdminGetAnyOrder"
"Verify orders can be filtered by status","33","testListOrdersByStatus","API Test Suite","Tue Apr 07 07:12:24 UTC 2026","passed","Tue Apr 07 07:12:24 UTC 2026","com.automationlab.tests.OrderTest","API Tests","com.automationlab.tests.OrderTest","testListOrdersByStatus"
"","1016","User cancel order with confirmation removes order from pending list","chromium","Tue Apr 07 07:13:08 UTC 2026","passed","Tue Apr 07 07:13:09 UTC 2026","Orders — Authenticated User","orders_test.spec.ts","",""
"","38823","GET /api/auth/me","","Tue Apr 07 07:12:50 UTC 2026","passed","Tue Apr 07 07:13:29 UTC 2026","","k6 Performance Tests","",""
"","8","test_list_products_page_navigation","tests","Tue Apr 07 07:12:22 UTC 2026","passed","Tue Apr 07 07:12:22 UTC 2026","TestListProducts","products_test","",""
"","38197","DELETE /api/orders/:id","","Tue Apr 07 07:14:56 UTC 2026","passed","Tue Apr 07 07:15:35 UTC 2026","","k6 Performance Tests","",""
"Verify health endpoint returns healthy status","67","testHealthEndpoint","API Test Suite","Tue Apr 07 07:12:14 UTC 2026","passed","Tue Apr 07 07:12:14 UTC 2026","com.automationlab.tests.HealthTest","API Tests","com.automationlab.tests.HealthTest","testHealthEndpoint"
"Verify get current user fails without token","23","testGetCurrentUserNoToken","API Test Suite","Tue Apr 07 07:12:15 UTC 2026","passed","Tue Apr 07 07:12:15 UTC 2026","com.automationlab.tests.AuthTest","API Tests","com.automationlab.tests.AuthTest","testGetCurrentUserNoToken"
"","148","response contains token","","Tue Apr 07 07:12:00 UTC 2026","passed","Tue Apr 07 07:12:00 UTC 2026","Authentication Endpoints > POST /api/auth/login","auth_test.spec.ts","",""
"Product detail page displays product name","433","productDetailPageDisplaysProductName","SQA Automation Lab — Selenium UI Suite","Tue Apr 07 07:16:41 UTC 2026","passed","Tue Apr 07 07:16:41 UTC 2026","com.sqa.ui.tests.ProductDetailTest","UI Tests","com.sqa.ui.tests.ProductDetailTest","productDetailPageDisplaysProductName"
"","12","returns HTTP 401 without token","","Tue Apr 07 07:12:13 UTC 2026","passed","Tue Apr 07 07:12:13 UTC 2026","Product Endpoints > POST /api/products","products_test.spec.ts","",""
"Verify password is not returned in registration response","122","testRegistrationDoesNotReturnPassword","API Test Suite","Tue Apr 07 07:12:16 UTC 2026","passed","Tue Apr 07 07:12:16 UTC 2026","com.automationlab.tests.AuthTest","API Tests","com.automationlab.tests.AuthTest","testRegistrationDoesNotReturnPassword"
"Verify update user updates the updated_at timestamp","1056","testUpdateUserUpdatesTimestamp","API Test Suite","Tue Apr 07 07:12:19 UTC 2026","passed","Tue Apr 07 07:12:20 UTC 2026","com.automationlab.tests.UserTest","API Tests","com.automationlab.tests.UserTest","testUpdateUserUpdatesTimestamp"
"","6","returns HTTP 200","","Tue Apr 07 07:12:01 UTC 2026","passed","Tue Apr 07 07:12:01 UTC 2026","Health Endpoints > GET /health","health_test.spec.ts","",""
"Verify authenticated user can logout","29","testLogout","API Test Suite","Tue Apr 07 07:12:15 UTC 2026","passed","Tue Apr 07 07:12:15 UTC 2026","com.automationlab.tests.AuthTest","API Tests","com.automationlab.tests.AuthTest","testLogout"
"","845","Admin status filter cancelled shows filtered results or empty state","chromium","Tue Apr 07 07:12:58 UTC 2026","passed","Tue Apr 07 07:12:59 UTC 2026","Orders — Authenticated Admin","orders_test.spec.ts","",""
"","730","Register link is not visible","chromium","Tue Apr 07 07:12:52 UTC 2026","passed","Tue Apr 07 07:12:53 UTC 2026","Navbar — Authenticated Regular User","navbar_test.spec.ts","",""
"","8","category filter response includes filters metadata","","Tue Apr 07 07:12:10 UTC 2026","passed","Tue Apr 07 07:12:10 UTC 2026","Product Endpoints > GET /api/products","products_test.spec.ts","",""
"","39242","PUT /api/users/:id","","Tue Apr 07 07:13:31 UTC 2026","passed","Tue Apr 07 07:14:11 UTC 2026","","k6 Performance Tests","",""
"","279","login page displays sign in heading","chromium","Tue Apr 07 07:12:33 UTC 2026","passed","Tue Apr 07 07:12:33 UTC 2026","Login","login_test.spec.ts","",""
"Verify health endpoint returns environment information","65","testHealthEndpointEnvironment","API Test Suite","Tue Apr 07 07:12:14 UTC 2026","passed","Tue Apr 07 07:12:14 UTC 2026","com.automationlab.tests.HealthTest","API Tests","com.automationlab.tests.HealthTest","testHealthEndpointEnvironment"
"Verify create order fails with insufficient stock","25","testCreateOrderInsufficientStock","API Test Suite","Tue Apr 07 07:12:23 UTC 2026","passed","Tue Apr 07 07:12:23 UTC 2026","com.automationlab.tests.OrderTest","API Tests","com.automationlab.tests.OrderTest","testCreateOrderInsufficientStock"
"Back to products link navigates to products page","1395","backToProductsLinkNavigatesToProductsPage","SQA Automation Lab — Selenium UI Suite","Tue Apr 07 07:16:23 UTC 2026","passed","Tue Apr 07 07:16:24 UTC 2026","com.sqa.ui.tests.ProductDetailTest","UI Tests","com.sqa.ui.tests.ProductDetailTest","backToProductsLinkNavigatesToProductsPage"
"","1","setup","","Tue Apr 07 07:14:54 UTC 2026","passed","Tue Apr 07 07:14:54 UTC 2026","","k6 Performance Tests","",""
"","8","returns HTTP 200 without authentication","","Tue Apr 07 07:12:10 UTC 2026","passed","Tue Apr 07 07:12:10 UTC 2026","Product Endpoints > GET /api/products","products_test.spec.ts","",""
"","5","test_combined_category_and_search","tests","Tue Apr 07 07:12:22 UTC 2026","passed","Tue Apr 07 07:12:22 UTC 2026","TestFilterProducts","products_test","",""
"","7","status field value is ok","","Tue Apr 07 07:12:01 UTC 2026","passed","Tue Apr 07 07:12:01 UTC 2026","Health Endpoints > GET /health","health_test.spec.ts","",""
"","4","test_user_can_delete_own_account","tests","Tue Apr 07 07:12:24 UTC 2026","passed","Tue Apr 07 07:12:24 UTC 2026","TestDeleteUser","user_test","",""
"","6","returns HTTP 401 without token","","Tue Apr 07 07:12:04 UTC 2026","passed","Tue Apr 07 07:12:04 UTC 2026","Order Endpoints > GET /api/orders","orders_test.spec.ts","",""
"Verify update with invalid email format fails","14","testUpdateUserInvalidEmail","API Test Suite","Tue Apr 07 07:12:19 UTC 2026","passed","Tue Apr 07 07:12:19 UTC 2026","com.automationlab.tests.UserTest","API Tests","com.automationlab.tests.UserTest","testUpdateUserInvalidEmail"
"","765","Register link is not visible","chromium","Tue Apr 07 07:12:45 UTC 2026","passed","Tue Apr 07 07:12:46 UTC 2026","Navbar — Authenticated Admin","navbar_test.spec.ts","",""
"**Risk:** Informational
**Confidence:** 3
**Instances:** 1

**Description:**
The given request has been identified as an authentication request. The 'Other Info' field contains a set of key=value lines which identify any relevant fields. If the request is in a context which has an Authentication Method set to ""Auto-Detect"" then this rule will change the authentication to match the request identified.

**Solution:**
This is an informational alert rather than a vulnerability and so there is nothing to fix.","0","Authentication Request Identified","","Tue Apr 07 07:13:23 UTC 2026","passed","Tue Apr 07 07:13:23 UTC 2026","","Security - ZAP API Scan","",""
"","8","test_create_order_returns_item_details","tests","Tue Apr 07 07:12:19 UTC 2026","passed","Tue Apr 07 07:12:19 UTC 2026","TestCreateOrder","orders_test","",""
"Verify products can be filtered by category","51","testListProductsByCategory","API Test Suite","Tue Apr 07 07:12:21 UTC 2026","passed","Tue Apr 07 07:12:21 UTC 2026","com.automationlab.tests.ProductTest","API Tests","com.automationlab.tests.ProductTest","testListProductsByCategory"
"","4","test_get_user_returns_full_profile","tests","Tue Apr 07 07:12:23 UTC 2026","passed","Tue Apr 07 07:12:23 UTC 2026","TestGetUser","user_test","",""
"","804","User orders page displays heading","chromium","Tue Apr 07 07:13:02 UTC 2026","passed","Tue Apr 07 07:13:03 UTC 2026","Orders — Authenticated User","orders_test.spec.ts","",""
"","6","test_register_with_invalid_email_returns_400","tests","Tue Apr 07 07:12:17 UTC 2026","passed","Tue Apr 07 07:12:17 UTC 2026","TestRegistration","auth_test","",""
"","10","pagination metadata contains expected fields","","Tue Apr 07 07:12:10 UTC 2026","passed","Tue Apr 07 07:12:10 UTC 2026","Product Endpoints > GET /api/products","products_test.spec.ts","",""
"Verify authenticated user can list all users","40","testListUsers","API Test Suite","Tue Apr 07 07:12:20 UTC 2026","passed","Tue Apr 07 07:12:20 UTC 2026","com.automationlab.tests.UserTest","API Tests","com.automationlab.tests.UserTest","testListUsers"
"","5","test_get_product_by_id","tests","Tue Apr 07 07:12:22 UTC 2026","passed","Tue Apr 07 07:12:22 UTC 2026","TestGetProduct","products_test","",""
"","6","test_update_own_email","tests","Tue Apr 07 07:12:23 UTC 2026","passed","Tue Apr 07 07:12:23 UTC 2026","TestUpdateUser","user_test","",""
"Non-existent email shows error message — AUT Bug A","1232","nonExistentEmailShowsErrorMessage","SQA Automation Lab — Selenium UI Suite","Tue Apr 07 07:13:18 UTC 2026","broken","Tue Apr 07 07:13:19 UTC 2026","com.sqa.ui.tests.LoginTest","UI Tests","com.sqa.ui.tests.LoginTest","nonExistentEmailShowsErrorMessage"
"Sign in link is not visible when authenticated","952","signInLinkIsNotVisibleWhenAuthenticated","SQA Automation Lab — Selenium UI Suite","Tue Apr 07 07:19:20 UTC 2026","passed","Tue Apr 07 07:19:21 UTC 2026","com.sqa.ui.tests.NavigationTest","UI Tests","com.sqa.ui.tests.NavigationTest","signInLinkIsNotVisibleWhenAuthenticated"
"","888","Browse products link navigates to products page","chromium","Tue Apr 07 07:12:31 UTC 2026","passed","Tue Apr 07 07:12:31 UTC 2026","Dashboard — Authenticated Regular User","dashboard_test.spec.ts","",""
"Verify order can be created with multiple items","47","testCreateOrderMultipleItems","API Test Suite","Tue Apr 07 07:12:23 UTC 2026","passed","Tue Apr 07 07:12:24 UTC 2026","com.automationlab.tests.OrderTest","API Tests","com.automationlab.tests.OrderTest","testCreateOrderMultipleItems"
"","255","returns HTTP 200 for existing product","","Tue Apr 07 07:12:10 UTC 2026","passed","Tue Apr 07 07:12:10 UTC 2026","Product Endpoints > GET /api/products/:id","products_test.spec.ts","",""
"Verify create order fails with missing items","11","testCreateOrderMissingItems","API Test Suite","Tue Apr 07 07:12:23 UTC 2026","passed","Tue Apr 07 07:12:23 UTC 2026","com.automationlab.tests.OrderTest","API Tests","com.automationlab.tests.OrderTest","testCreateOrderMissingItems"
"","803","Dashboard displays user email","chromium","Tue Apr 07 07:12:22 UTC 2026","passed","Tue Apr 07 07:12:23 UTC 2026","Dashboard — Authenticated Admin","dashboard_test.spec.ts","",""
"Attempt to update email to one already in use.","4","test_update_with_duplicate_email_returns_409","tests","Tue Apr 07 07:12:24 UTC 2026","passed","Tue Apr 07 07:12:24 UTC 2026","TestUpdateUser","user_test","",""
"Verify authenticated user can create an order","42","testCreateOrder","API Test Suite","Tue Apr 07 07:12:24 UTC 2026","passed","Tue Apr 07 07:12:24 UTC 2026","com.automationlab.tests.OrderTest","API Tests","com.automationlab.tests.OrderTest","testCreateOrder"
"","314","soft deleted user has is_active set to false","","Tue Apr 07 07:12:19 UTC 2026","passed","Tue Apr 07 07:12:20 UTC 2026","User Endpoints > DELETE /api/users/:id","user_test.spec.ts","",""
"","80","pagination metadata contains expected fields","","Tue Apr 07 07:12:04 UTC 2026","passed","Tue Apr 07 07:12:04 UTC 2026","Order Endpoints > GET /api/orders","orders_test.spec.ts","",""
"","5","test_filter_by_category","tests","Tue Apr 07 07:12:22 UTC 2026","passed","Tue Apr 07 07:12:22 UTC 2026","TestFilterProducts","products_test","",""
"Register page displays Create Account heading","491","registerPageDisplaysCreateAccountHeading","SQA Automation Lab — Selenium UI Suite","Tue Apr 07 07:14:45 UTC 2026","passed","Tue Apr 07 07:14:45 UTC 2026","com.sqa.ui.tests.RegisterTest","UI Tests","com.sqa.ui.tests.RegisterTest","registerPageDisplaysCreateAccountHeading"
"","76","returns HTTP 409 on duplicate email","","Tue Apr 07 07:12:00 UTC 2026","passed","Tue Apr 07 07:12:00 UTC 2026","Authentication Endpoints > POST /api/auth/register","auth_test.spec.ts","",""
"Empty password shows validation error","1138","emptyPasswordShowsValidationError","SQA Automation Lab — Selenium UI Suite","Tue Apr 07 07:13:05 UTC 2026","failed","Tue Apr 07 07:13:06 UTC 2026","com.sqa.ui.tests.LoginTest","UI Tests","com.sqa.ui.tests.LoginTest","emptyPasswordShowsValidationError"
"","3","test_logout_returns_success","tests","Tue Apr 07 07:12:18 UTC 2026","passed","Tue Apr 07 07:12:18 UTC 2026","TestLogout","auth_test","",""
"Verify get non-existent user returns 404","15","testGetNonExistentUser","API Test Suite","Tue Apr 07 07:12:18 UTC 2026","passed","Tue Apr 07 07:12:18 UTC 2026","com.automationlab.tests.UserTest","API Tests","com.automationlab.tests.UserTest","testGetNonExistentUser"
"","4","test_get_nonexistent_order_returns_404","tests","Tue Apr 07 07:12:21 UTC 2026","passed","Tue Apr 07 07:12:21 UTC 2026","TestGetOrder","orders_test","",""
"","10","test_admin_can_update_status_to_processing","tests","Tue Apr 07 07:12:21 UTC 2026","passed","Tue Apr 07 07:12:21 UTC 2026","TestUpdateOrderStatus","orders_test","",""
"","247","Unauthenticated access to orders redirects to login","chromium","Tue Apr 07 07:12:55 UTC 2026","passed","Tue Apr 07 07:12:55 UTC 2026","Orders — Unauthenticated","orders_test.spec.ts","",""
"","38203","GET /api/orders","","Tue Apr 07 07:14:54 UTC 2026","passed","Tue Apr 07 07:15:32 UTC 2026","","k6 Performance Tests","",""
"","29923","Health Tests","","Tue Apr 07 07:21:05 UTC 2026","passed","Tue Apr 07 07:21:35 UTC 2026","","JMeter Performance Tests","",""
"","8","response body conforms to health schema","","Tue Apr 07 07:12:01 UTC 2026","passed","Tue Apr 07 07:12:01 UTC 2026","Health Endpoints > GET /health","health_test.spec.ts","",""
"Search with no matches shows no products found message","1446","searchWithNoMatchesShowsNoProductsFoundMessage","SQA Automation Lab — Selenium UI Suite","Tue Apr 07 07:16:08 UTC 2026","passed","Tue Apr 07 07:16:10 UTC 2026","com.sqa.ui.tests.ProductsTest","UI Tests","com.sqa.ui.tests.ProductsTest","searchWithNoMatchesShowsNoProductsFoundMessage"
"","323","new order status is pending","","Tue Apr 07 07:12:02 UTC 2026","passed","Tue Apr 07 07:12:02 UTC 2026","Order Endpoints > POST /api/orders","orders_test.spec.ts","",""
"","7","test_admin_can_update_product_name","tests","Tue Apr 07 07:12:22 UTC 2026","passed","Tue Apr 07 07:12:22 UTC 2026","TestUpdateProduct","products_test","",""
"","3","test_user_cannot_update_other_user","tests","Tue Apr 07 07:12:24 UTC 2026","passed","Tue Apr 07 07:12:24 UTC 2026","TestUpdateUser","user_test","",""
"","2","test_invalid_route_returns_404","tests","Tue Apr 07 07:12:18 UTC 2026","passed","Tue Apr 07 07:12:18 UTC 2026","TestNotFound","health_test","",""
"Get order detail should include item breakdown.","12","test_get_order_with_items","tests","Tue Apr 07 07:12:20 UTC 2026","passed","Tue Apr 07 07:12:20 UTC 2026","TestGetOrder","orders_test","",""
"","817","Dashboard link navigates to dashboard page","chromium","Tue Apr 07 07:12:53 UTC 2026","passed","Tue Apr 07 07:12:54 UTC 2026","Navbar — Authenticated Regular User","navbar_test.spec.ts","",""
"User should see their own orders.","12","test_list_own_orders","tests","Tue Apr 07 07:12:20 UTC 2026","passed","Tue Apr 07 07:12:20 UTC 2026","TestListOrders","orders_test","",""
"Verify login fails with missing password","25","testLoginMissingPassword","API Test Suite","Tue Apr 07 07:12:15 UTC 2026","passed","Tue Apr 07 07:12:15 UTC 2026","com.automationlab.tests.AuthTest","API Tests","com.automationlab.tests.AuthTest","testLoginMissingPassword"
"Login page displays Sign In heading","705","loginPageDisplaysSignInHeading","SQA Automation Lab — Selenium UI Suite","Tue Apr 07 07:13:14 UTC 2026","passed","Tue Apr 07 07:13:15 UTC 2026","com.sqa.ui.tests.LoginTest","UI Tests","com.sqa.ui.tests.LoginTest","loginPageDisplaysSignInHeading"
"","135","returns HTTP 403 or 404 when updating another users data","","Tue Apr 07 07:12:19 UTC 2026","passed","Tue Apr 07 07:12:19 UTC 2026","User Endpoints > PUT /api/users/:id","user_test.spec.ts","",""
"Brand link is visible","510","brandLinkIsVisible","SQA Automation Lab — Selenium UI Suite","Tue Apr 07 07:18:21 UTC 2026","passed","Tue Apr 07 07:18:22 UTC 2026","com.sqa.ui.tests.NavigationTest","UI Tests","com.sqa.ui.tests.NavigationTest","brandLinkIsVisible"
"Verify list users fails without authentication","12","testListUsersNoAuth","API Test Suite","Tue Apr 07 07:12:19 UTC 2026","passed","Tue Apr 07 07:12:19 UTC 2026","com.automationlab.tests.UserTest","API Tests","com.automationlab.tests.UserTest","testListUsersNoAuth"
"Verify registration returns user ID","136","testRegistrationReturnsUserId","API Test Suite","Tue Apr 07 07:12:16 UTC 2026","passed","Tue Apr 07 07:12:16 UTC 2026","com.automationlab.tests.AuthTest","API Tests","com.automationlab.tests.AuthTest","testRegistrationReturnsUserId"
"","4","test_order_fields_in_listing","tests","Tue Apr 07 07:12:20 UTC 2026","passed","Tue Apr 07 07:12:20 UTC 2026","TestListOrders","orders_test","",""
"","337","register link navigates to register page","chromium","Tue Apr 07 07:12:37 UTC 2026","passed","Tue Apr 07 07:12:38 UTC 2026","Login","login_test.spec.ts","",""
"Verify registration fails with invalid email format","21","testRegistrationInvalidEmail","API Test Suite","Tue Apr 07 07:12:16 UTC 2026","passed","Tue Apr 07 07:12:16 UTC 2026","com.automationlab.tests.AuthTest","API Tests","com.automationlab.tests.AuthTest","testRegistrationInvalidEmail"
"","13","test_user_can_cancel_pending_order","tests","Tue Apr 07 07:12:22 UTC 2026","passed","Tue Apr 07 07:12:22 UTC 2026","TestCancelOrder","orders_test","",""
"Verify non-admin cannot create product","17","testCreateProductNonAdmin","API Test Suite","Tue Apr 07 07:12:21 UTC 2026","passed","Tue Apr 07 07:12:21 UTC 2026","com.automationlab.tests.ProductTest","API Tests","com.automationlab.tests.ProductTest","testCreateProductNonAdmin"
"Verify get user fails without authentication","22","testGetUserNoAuth","API Test Suite","Tue Apr 07 07:12:18 UTC 2026","passed","Tue Apr 07 07:12:18 UTC 2026","com.automationlab.tests.UserTest","API Tests","com.automationlab.tests.UserTest","testGetUserNoAuth"
"","3","test_health_includes_timestamp","tests","Tue Apr 07 07:12:18 UTC 2026","passed","Tue Apr 07 07:12:18 UTC 2026","TestHealthEndpoint","health_test","",""
"","806","View all orders link navigates to orders page","chromium","Tue Apr 07 07:12:31 UTC 2026","passed","Tue Apr 07 07:12:32 UTC 2026","Dashboard — Authenticated Regular User","dashboard_test.spec.ts","",""
"Register link is not visible when authenticated","1126","registerLinkIsNotVisibleWhenAuthenticated","SQA Automation Lab — Selenium UI Suite","Tue Apr 07 07:19:07 UTC 2026","passed","Tue Apr 07 07:19:08 UTC 2026","com.sqa.ui.tests.NavigationTest","UI Tests","com.sqa.ui.tests.NavigationTest","registerLinkIsNotVisibleWhenAuthenticated"
"","74","response contains orders array and pagination object","","Tue Apr 07 07:12:03 UTC 2026","passed","Tue Apr 07 07:12:04 UTC 2026","Order Endpoints > GET /api/orders","orders_test.spec.ts","",""
"Verify admin can soft delete product","45","testDeleteProduct","API Test Suite","Tue Apr 07 07:12:21 UTC 2026","passed","Tue Apr 07 07:12:21 UTC 2026","com.automationlab.tests.ProductTest","API Tests","com.automationlab.tests.ProductTest","testDeleteProduct"
"","312","admin can retrieve any user","","Tue Apr 07 07:12:17 UTC 2026","passed","Tue Apr 07 07:12:17 UTC 2026","User Endpoints > GET /api/users/:id","user_test.spec.ts","",""
"Clear button resets search results","1252","clearButtonResetsSearchResults","SQA Automation Lab — Selenium UI Suite","Tue Apr 07 07:15:37 UTC 2026","passed","Tue Apr 07 07:15:38 UTC 2026","com.sqa.ui.tests.ProductsTest","UI Tests","com.sqa.ui.tests.ProductsTest","clearButtonResetsSearchResults"
"","815","User status filter pending shows results","chromium","Tue Apr 07 07:13:04 UTC 2026","passed","Tue Apr 07 07:13:05 UTC 2026","Orders — Authenticated User","orders_test.spec.ts","",""
"Products listing should be accessible without authentication.","4","test_list_products_is_public","tests","Tue Apr 07 07:12:22 UTC 2026","passed","Tue Apr 07 07:12:22 UTC 2026","TestListProducts","products_test","",""
"","137","returns HTTP 403 or 404 when deleting another users account","","Tue Apr 07 07:12:20 UTC 2026","passed","Tue Apr 07 07:12:20 UTC 2026","User Endpoints > DELETE /api/users/:id","user_test.spec.ts","",""
"","2","test_get_current_user_with_invalid_token_returns_403","tests","Tue Apr 07 07:12:18 UTC 2026","passed","Tue Apr 07 07:12:18 UTC 2026","TestCurrentUser","auth_test","",""
"","66","test_register_with_minimum_fields","tests","Tue Apr 07 07:12:17 UTC 2026","passed","Tue Apr 07 07:12:17 UTC 2026","TestRegistration","auth_test","",""
"Orders that have progressed past pending cannot be cancelled.","28","test_cannot_cancel_non_pending_order","tests","Tue Apr 07 07:12:22 UTC 2026","passed","Tue Apr 07 07:12:22 UTC 2026","TestCancelOrder","orders_test","",""
"","5","test_get_current_user","tests","Tue Apr 07 07:12:18 UTC 2026","passed","Tue Apr 07 07:12:18 UTC 2026","TestCurrentUser","auth_test","",""
"","249","response contains created product data","","Tue Apr 07 07:12:11 UTC 2026","passed","Tue Apr 07 07:12:11 UTC 2026","Product Endpoints > POST /api/products","products_test.spec.ts","",""
"","4","test_create_order_with_nonexistent_product_returns_404","tests","Tue Apr 07 07:12:20 UTC 2026","passed","Tue Apr 07 07:12:20 UTC 2026","TestCreateOrder","orders_test","",""
"Cancel order with confirmation removes order from pending list — AUT Bug C","1128","cancelOrderWithConfirmationRemovesOrderFromPendingList","SQA Automation Lab — Selenium UI Suite","Tue Apr 07 07:17:08 UTC 2026","passed","Tue Apr 07 07:17:10 UTC 2026","com.sqa.ui.tests.OrdersTest","UI Tests","com.sqa.ui.tests.OrdersTest","cancelOrderWithConfirmationRemovesOrderFromPendingList"
"Verify health endpoint response time is acceptable","63","testHealthEndpointResponseTime","API Test Suite","Tue Apr 07 07:12:14 UTC 2026","passed","Tue Apr 07 07:12:14 UTC 2026","com.automationlab.tests.HealthTest","API Tests","com.automationlab.tests.HealthTest","testHealthEndpointResponseTime"
"Dashboard link navigates to dashboard page","1455","dashboardLinkNavigatesToDashboardPage","SQA Automation Lab — Selenium UI Suite","Tue Apr 07 07:18:38 UTC 2026","passed","Tue Apr 07 07:18:39 UTC 2026","com.sqa.ui.tests.NavigationTest","UI Tests","com.sqa.ui.tests.NavigationTest","dashboardLinkNavigatesToDashboardPage"
"Verify registration succeeds without first name (optional field)","97","testRegistrationMissingFirstName","API Test Suite","Tue Apr 07 07:12:16 UTC 2026","passed","Tue Apr 07 07:12:16 UTC 2026","com.automationlab.tests.AuthTest","API Tests","com.automationlab.tests.AuthTest","testRegistrationMissingFirstName"
"Duplicate email shows error message","1379","duplicateEmailShowsErrorMessage","SQA Automation Lab — Selenium UI Suite","Tue Apr 07 07:13:41 UTC 2026","passed","Tue Apr 07 07:13:43 UTC 2026","com.sqa.ui.tests.RegisterTest","UI Tests","com.sqa.ui.tests.RegisterTest","duplicateEmailShowsErrorMessage"
"","38201","GET /api/orders/:id","","Tue Apr 07 07:14:55 UTC 2026","passed","Tue Apr 07 07:15:33 UTC 2026","","k6 Performance Tests","",""
"","6","returns HTTP 401 without token","","Tue Apr 07 07:12:01 UTC 2026","passed","Tue Apr 07 07:12:01 UTC 2026","Authentication Endpoints > POST /api/auth/logout","auth_test.spec.ts","",""
"","9","test_create_order_with_single_item","tests","Tue Apr 07 07:12:19 UTC 2026","passed","Tue Apr 07 07:12:19 UTC 2026","TestCreateOrder","orders_test","",""
"","73","pagination metadata contains expected fields","","Tue Apr 07 07:12:17 UTC 2026","passed","Tue Apr 07 07:12:17 UTC 2026","User Endpoints > GET /api/users","user_test.spec.ts","",""
"","749","Orders link is visible","chromium","Tue Apr 07 07:12:50 UTC 2026","passed","Tue Apr 07 07:12:50 UTC 2026","Navbar — Authenticated Regular User","navbar_test.spec.ts","",""
"","355","response body conforms to order schema","","Tue Apr 07 07:12:05 UTC 2026","passed","Tue Apr 07 07:12:05 UTC 2026","Order Endpoints > GET /api/orders/:id","orders_test.spec.ts","",""
"Verify anyone can list products without authentication","34","testListProductsPublic","API Test Suite","Tue Apr 07 07:12:23 UTC 2026","passed","Tue Apr 07 07:12:23 UTC 2026","com.automationlab.tests.ProductTest","API Tests","com.automationlab.tests.ProductTest","testListProductsPublic"
"","4","test_create_product_returns_id","tests","Tue Apr 07 07:12:22 UTC 2026","passed","Tue Apr 07 07:12:22 UTC 2026","TestCreateProduct","products_test","",""
"","484","Pagination prev button returns to page 1","chromium","Tue Apr 07 07:13:20 UTC 2026","passed","Tue Apr 07 07:13:20 UTC 2026","Products — Unauthenticated","products_test.spec.ts","",""
"","30189","User Tests","","Tue Apr 07 07:22:15 UTC 2026","passed","Tue Apr 07 07:22:45 UTC 2026","","JMeter Performance Tests","",""
"","254","returns HTTP 404 for non-existent user","","Tue Apr 07 07:12:17 UTC 2026","passed","Tue Apr 07 07:12:18 UTC 2026","User Endpoints > GET /api/users/:id","user_test.spec.ts","",""
"","481","wrong password stays on login page","chromium","Tue Apr 07 07:12:36 UTC 2026","passed","Tue Apr 07 07:12:37 UTC 2026","Login","login_test.spec.ts","",""
"Verify admin can retrieve any user","29","testAdminGetAnyUser","API Test Suite","Tue Apr 07 07:12:18 UTC 2026","passed","Tue Apr 07 07:12:18 UTC 2026","com.automationlab.tests.UserTest","API Tests","com.automationlab.tests.UserTest","testAdminGetAnyUser"
"","330","status filter returns only orders matching that status","","Tue Apr 07 07:12:04 UTC 2026","passed","Tue Apr 07 07:12:04 UTC 2026","Order Endpoints > GET /api/orders","orders_test.spec.ts","",""
"","311","admin can delete any user","","Tue Apr 07 07:12:19 UTC 2026","passed","Tue Apr 07 07:12:19 UTC 2026","User Endpoints > DELETE /api/users/:id","user_test.spec.ts","",""
"Orders link is not visible when unauthenticated","471","ordersLinkIsNotVisibleWhenUnauthenticated","SQA Automation Lab — Selenium UI Suite","Tue Apr 07 07:18:47 UTC 2026","passed","Tue Apr 07 07:18:47 UTC 2026","com.sqa.ui.tests.NavigationTest","UI Tests","com.sqa.ui.tests.NavigationTest","ordersLinkIsNotVisibleWhenUnauthenticated"
"Verify create order fails with non-existent product","18","testCreateOrderNonExistentProduct","API Test Suite","Tue Apr 07 07:12:24 UTC 2026","passed","Tue Apr 07 07:12:24 UTC 2026","com.automationlab.tests.OrderTest","API Tests","com.automationlab.tests.OrderTest","testCreateOrderNonExistentProduct"
"","70","returns HTTP 201 with minimum required fields — email and password only","","Tue Apr 07 07:12:00 UTC 2026","passed","Tue Apr 07 07:12:00 UTC 2026","Authentication Endpoints > POST /api/auth/register","auth_test.spec.ts","",""
"Authenticated user sees product cards","1319","authenticatedUserSeesProductCards","SQA Automation Lab — Selenium UI Suite","Tue Apr 07 07:15:28 UTC 2026","passed","Tue Apr 07 07:15:29 UTC 2026","com.sqa.ui.tests.ProductsTest","UI Tests","com.sqa.ui.tests.ProductsTest","authenticatedUserSeesProductCards"
"","331","returns HTTP 201 on successful order creation","","Tue Apr 07 07:12:01 UTC 2026","passed","Tue Apr 07 07:12:01 UTC 2026","Order Endpoints > POST /api/orders","orders_test.spec.ts","",""
"","386","returns HTTP 401 without token","","Tue Apr 07 07:12:08 UTC 2026","passed","Tue Apr 07 07:12:08 UTC 2026","Order Endpoints > PATCH /api/orders/:id/status","orders_test.spec.ts","",""
"","247","returns HTTP 400 when price is missing","","Tue Apr 07 07:12:12 UTC 2026","passed","Tue Apr 07 07:12:12 UTC 2026","Product Endpoints > POST /api/products","products_test.spec.ts","",""
"Verify JWT token contains required claims","304","testTokenStructure","API Test Suite","Tue Apr 07 07:12:16 UTC 2026","passed","Tue Apr 07 07:12:17 UTC 2026","com.automationlab.tests.AuthTest","API Tests","com.automationlab.tests.AuthTest","testTokenStructure"
"","386","Brand link navigates to products page","chromium","Tue Apr 07 07:12:41 UTC 2026","passed","Tue Apr 07 07:12:41 UTC 2026","Navbar — Unauthenticated","navbar_test.spec.ts","",""
"Verify user cannot delete another user's account","13","testDeleteOtherUserForbidden","API Test Suite","Tue Apr 07 07:12:18 UTC 2026","passed","Tue Apr 07 07:12:18 UTC 2026","com.automationlab.tests.UserTest","API Tests","com.automationlab.tests.UserTest","testDeleteOtherUserForbidden"
"","256","returns correct product data","","Tue Apr 07 07:12:10 UTC 2026","passed","Tue Apr 07 07:12:11 UTC 2026","Product Endpoints > GET /api/products/:id","products_test.spec.ts","",""
"","6","test_list_users_excludes_passwords","tests","Tue Apr 07 07:12:23 UTC 2026","passed","Tue Apr 07 07:12:23 UTC 2026","TestListUsers","user_test","",""
"Verify user response includes timestamps","52","testGetUserIncludesTimestamps","API Test Suite","Tue Apr 07 07:12:18 UTC 2026","passed","Tue Apr 07 07:12:18 UTC 2026","com.automationlab.tests.UserTest","API Tests","com.automationlab.tests.UserTest","testGetUserIncludesTimestamps"
"","307","Unauthenticated place order redirects to login","chromium","Tue Apr 07 07:13:11 UTC 2026","passed","Tue Apr 07 07:13:11 UTC 2026","Product Detail — Unauthenticated","product_detail_test.spec.ts","",""
"Verify user can cancel their own pending order","51","testCancelOwnOrder","API Test Suite","Tue Apr 07 07:12:23 UTC 2026","passed","Tue Apr 07 07:12:23 UTC 2026","com.automationlab.tests.OrderTest","API Tests","com.automationlab.tests.OrderTest","testCancelOwnOrder"
"","322","returns HTTP 403 for non-admin authenticated user","","Tue Apr 07 07:12:15 UTC 2026","passed","Tue Apr 07 07:12:15 UTC 2026","Product Endpoints > PUT /api/products/:id","products_test.spec.ts","",""
"","4","test_delete_nonexistent_product_returns_404","tests","Tue Apr 07 07:12:23 UTC 2026","passed","Tue Apr 07 07:12:23 UTC 2026","TestDeleteProduct","products_test","",""
"Status filter pending shows only pending orders — AUT Bug C","867","statusFilterPendingShowsPendingOrders","SQA Automation Lab — Selenium UI Suite","Tue Apr 07 07:17:34 UTC 2026","passed","Tue Apr 07 07:17:35 UTC 2026","com.sqa.ui.tests.OrdersTest","UI Tests","com.sqa.ui.tests.OrdersTest","statusFilterPendingShowsPendingOrders"
"","758","authenticated user visiting login page is redirected to products","chromium","Tue Apr 07 07:12:38 UTC 2026","passed","Tue Apr 07 07:12:38 UTC 2026","Login","login_test.spec.ts","",""
"","4","test_register_with_short_password_returns_400","tests","Tue Apr 07 07:12:17 UTC 2026","passed","Tue Apr 07 07:12:17 UTC 2026","TestRegistration","auth_test","",""
"Verify registered user is active by default","246","testRegistrationDefaultActiveStatus","API Test Suite","Tue Apr 07 07:12:15 UTC 2026","passed","Tue Apr 07 07:12:16 UTC 2026","com.automationlab.tests.AuthTest","API Tests","com.automationlab.tests.AuthTest","testRegistrationDefaultActiveStatus"
"Verify get non-existent product returns 404","15","testGetNonExistentProduct","API Test Suite","Tue Apr 07 07:12:21 UTC 2026","passed","Tue Apr 07 07:12:21 UTC 2026","com.automationlab.tests.ProductTest","API Tests","com.automationlab.tests.ProductTest","testGetNonExistentProduct"
"Verify admin can cancel any pending order","43","testAdminCancelAnyOrder","API Test Suite","Tue Apr 07 07:12:23 UTC 2026","passed","Tue Apr 07 07:12:23 UTC 2026","com.automationlab.tests.OrderTest","API Tests","com.automationlab.tests.OrderTest","testAdminCancelAnyOrder"
"Orders page displays order cards","837","ordersPageDisplaysOrderCards","SQA Automation Lab — Selenium UI Suite","Tue Apr 07 07:17:19 UTC 2026","passed","Tue Apr 07 07:17:20 UTC 2026","com.sqa.ui.tests.OrdersTest","UI Tests","com.sqa.ui.tests.OrdersTest","ordersPageDisplaysOrderCards"
"","3","test_health_reports_healthy_status","tests","Tue Apr 07 07:12:18 UTC 2026","passed","Tue Apr 07 07:12:18 UTC 2026","TestHealthEndpoint","health_test","",""
"Verify invalid endpoint returns 404","32","testInvalidEndpoint","API Test Suite","Tue Apr 07 07:12:14 UTC 2026","passed","Tue Apr 07 07:12:14 UTC 2026","com.automationlab.tests.HealthTest","API Tests","com.automationlab.tests.HealthTest","testInvalidEndpoint"
"Verify authenticated user can retrieve their own profile","62","testGetCurrentUser","API Test Suite","Tue Apr 07 07:12:15 UTC 2026","passed","Tue Apr 07 07:12:15 UTC 2026","com.automationlab.tests.AuthTest","API Tests","com.automationlab.tests.AuthTest","testGetCurrentUser"
"","4","test_list_products_returns_paginated_results","tests","Tue Apr 07 07:12:22 UTC 2026","passed","Tue Apr 07 07:12:22 UTC 2026","TestListProducts","products_test","",""
"Register link navigates to register page","675","registerLinkNavigatesToRegisterPage","SQA Automation Lab — Selenium UI Suite","Tue Apr 07 07:19:16 UTC 2026","passed","Tue Apr 07 07:19:16 UTC 2026","com.sqa.ui.tests.NavigationTest","UI Tests","com.sqa.ui.tests.NavigationTest","registerLinkNavigatesToRegisterPage"
"","3","test_regular_user_cannot_delete_product","tests","Tue Apr 07 07:12:23 UTC 2026","passed","Tue Apr 07 07:12:23 UTC 2026","TestDeleteProduct","products_test","",""
"","247","returns HTTP 400 for negative price","","Tue Apr 07 07:12:12 UTC 2026","passed","Tue Apr 07 07:12:13 UTC 2026","Product Endpoints > POST /api/products","products_test.spec.ts","",""
"Category filter returns filtered results — AUT Bug C","1420","categoryFilterReturnsFilteredResults","SQA Automation Lab — Selenium UI Suite","Tue Apr 07 07:15:32 UTC 2026","passed","Tue Apr 07 07:15:33 UTC 2026","com.sqa.ui.tests.ProductsTest","UI Tests","com.sqa.ui.tests.ProductsTest","categoryFilterReturnsFilteredResults"
"","7","test_admin_can_update_product_price","tests","Tue Apr 07 07:12:22 UTC 2026","passed","Tue Apr 07 07:12:22 UTC 2026","TestUpdateProduct","products_test","",""
"","38107","DELETE /api/products/:id","","Tue Apr 07 07:14:15 UTC 2026","passed","Tue Apr 07 07:14:53 UTC 2026","","k6 Performance Tests","",""
"Verify update product updates the updated_at timestamp","1048","testUpdateProductUpdatesTimestamp","API Test Suite","Tue Apr 07 07:12:22 UTC 2026","passed","Tue Apr 07 07:12:23 UTC 2026","com.automationlab.tests.ProductTest","API Tests","com.automationlab.tests.ProductTest","testUpdateProductUpdatesTimestamp"
"Dashboard link is visible when authenticated","1039","dashboardLinkIsVisibleWhenAuthenticated","SQA Automation Lab — Selenium UI Suite","Tue Apr 07 07:18:34 UTC 2026","passed","Tue Apr 07 07:18:35 UTC 2026","com.sqa.ui.tests.NavigationTest","UI Tests","com.sqa.ui.tests.NavigationTest","dashboardLinkIsVisibleWhenAuthenticated"
"","5609","Empty email shows validation error","chromium","Tue Apr 07 07:13:41 UTC 2026","failed","Tue Apr 07 07:13:46 UTC 2026","Register","register_test.spec.ts","",""
"Verify health check works with GET method","35","testHealthEndpointGetMethod","API Test Suite","Tue Apr 07 07:12:14 UTC 2026","passed","Tue Apr 07 07:12:14 UTC 2026","com.automationlab.tests.HealthTest","API Tests","com.automationlab.tests.HealthTest","testHealthEndpointGetMethod"
"","72","updated fields are returned in response","","Tue Apr 07 07:12:18 UTC 2026","passed","Tue Apr 07 07:12:18 UTC 2026","User Endpoints > PUT /api/users/:id","user_test.spec.ts","",""
"","3","test_root_returns_app_info","tests","Tue Apr 07 07:12:18 UTC 2026","passed","Tue Apr 07 07:12:18 UTC 2026","TestRootEndpoint","health_test","",""
"Brand link navigates to products page","736","brandLinkNavigatesToProductsPage","SQA Automation Lab — Selenium UI Suite","Tue Apr 07 07:18:25 UTC 2026","passed","Tue Apr 07 07:18:26 UTC 2026","com.sqa.ui.tests.NavigationTest","UI Tests","com.sqa.ui.tests.NavigationTest","brandLinkNavigatesToProductsPage"
"","757","valid credentials redirect to products page","chromium","Tue Apr 07 07:12:33 UTC 2026","passed","Tue Apr 07 07:12:34 UTC 2026","Login","login_test.spec.ts","",""
"","73","response body conforms to paginated users schema","","Tue Apr 07 07:12:16 UTC 2026","passed","Tue Apr 07 07:12:16 UTC 2026","User Endpoints > GET /api/users","user_test.spec.ts","",""
"","373","Register link is visible","chromium","Tue Apr 07 07:12:39 UTC 2026","passed","Tue Apr 07 07:12:40 UTC 2026","Navbar — Unauthenticated","navbar_test.spec.ts","",""
"","69","returns HTTP 401 without token","","Tue Apr 07 07:12:19 UTC 2026","passed","Tue Apr 07 07:12:19 UTC 2026","User Endpoints > PUT /api/users/:id","user_test.spec.ts","",""
"","37975","Step 4: View product detail","","Tue Apr 07 07:15:38 UTC 2026","passed","Tue Apr 07 07:16:16 UTC 2026","","k6 Performance Tests","",""
"Authenticated user can place order successfully","1147","authenticatedUserCanPlaceOrderSuccessfully","SQA Automation Lab — Selenium UI Suite","Tue Apr 07 07:16:13 UTC 2026","passed","Tue Apr 07 07:16:15 UTC 2026","com.sqa.ui.tests.ProductDetailTest","UI Tests","com.sqa.ui.tests.ProductDetailTest","authenticatedUserCanPlaceOrderSuccessfully"
"","39243","GET /api/users","","Tue Apr 07 07:13:30 UTC 2026","passed","Tue Apr 07 07:14:09 UTC 2026","","k6 Performance Tests","",""
"Verify user has correct role field","55","testGetUserRole","API Test Suite","Tue Apr 07 07:12:18 UTC 2026","passed","Tue Apr 07 07:12:18 UTC 2026","com.automationlab.tests.UserTest","API Tests","com.automationlab.tests.UserTest","testGetUserRole"
"Verify created product returns ID","35","testCreateProductReturnsId","API Test Suite","Tue Apr 07 07:12:21 UTC 2026","passed","Tue Apr 07 07:12:21 UTC 2026","com.automationlab.tests.ProductTest","API Tests","com.automationlab.tests.ProductTest","testCreateProductReturnsId"
"","5","returns HTTP 400 when email is missing","","Tue Apr 07 07:12:00 UTC 2026","passed","Tue Apr 07 07:12:00 UTC 2026","Authentication Endpoints > POST /api/auth/login","auth_test.spec.ts","",""
"Verify create product fails with negative stock","17","testCreateProductNegativeStock","API Test Suite","Tue Apr 07 07:12:21 UTC 2026","passed","Tue Apr 07 07:12:21 UTC 2026","com.automationlab.tests.ProductTest","API Tests","com.automationlab.tests.ProductTest","testCreateProductNegativeStock"
"","6","test_update_own_first_name","tests","Tue Apr 07 07:12:23 UTC 2026","passed","Tue Apr 07 07:12:23 UTC 2026","TestUpdateUser","user_test","",""
"","414","returns HTTP 403 when cancelling another users order","","Tue Apr 07 07:12:09 UTC 2026","passed","Tue Apr 07 07:12:09 UTC 2026","Order Endpoints > DELETE /api/orders/:id","orders_test.spec.ts","",""
"","5","test_update_sets_updated_at","tests","Tue Apr 07 07:12:22 UTC 2026","passed","Tue Apr 07 07:12:23 UTC 2026","TestUpdateProduct","products_test","",""
"","582","Valid registration renders authenticated navbar state","chromium","Tue Apr 07 07:13:27 UTC 2026","passed","Tue Apr 07 07:13:27 UTC 2026","Register","register_test.spec.ts","",""
"","249","returns HTTP 401 without token","","Tue Apr 07 07:12:15 UTC 2026","passed","Tue Apr 07 07:12:15 UTC 2026","Product Endpoints > PUT /api/products/:id","products_test.spec.ts","",""
"Invalid product ID renders error state","396","invalidProductIdRendersErrorState","SQA Automation Lab — Selenium UI Suite","Tue Apr 07 07:16:28 UTC 2026","passed","Tue Apr 07 07:16:29 UTC 2026","com.sqa.ui.tests.ProductDetailTest","UI Tests","com.sqa.ui.tests.ProductDetailTest","invalidProductIdRendersErrorState"
"","30055","User Journey Tests","","Tue Apr 07 07:24:00 UTC 2026","passed","Tue Apr 07 07:24:30 UTC 2026","","JMeter Performance Tests","",""
"","39130","GET /health","","Tue Apr 07 07:12:08 UTC 2026","passed","Tue Apr 07 07:12:47 UTC 2026","","k6 Performance Tests","",""
"Verify user only sees their own orders","27","testListOrdersOnlyOwnOrders","API Test Suite","Tue Apr 07 07:12:24 UTC 2026","passed","Tue Apr 07 07:12:24 UTC 2026","com.automationlab.tests.OrderTest","API Tests","com.automationlab.tests.OrderTest","testListOrdersOnlyOwnOrders"
"","3","test_login_without_email_returns_400","tests","Tue Apr 07 07:12:18 UTC 2026","passed","Tue Apr 07 07:12:18 UTC 2026","TestLogin","auth_test","",""
"Verify login fails with incorrect password","296","testLoginIncorrectPassword","API Test Suite","Tue Apr 07 07:12:15 UTC 2026","passed","Tue Apr 07 07:12:15 UTC 2026","com.automationlab.tests.AuthTest","API Tests","com.automationlab.tests.AuthTest","testLoginIncorrectPassword"
"","63","test_login_with_wrong_password_returns_401","tests","Tue Apr 07 07:12:18 UTC 2026","passed","Tue Apr 07 07:12:18 UTC 2026","TestLogin","auth_test","",""
"","797","Sign-out redirects to login page","chromium","Tue Apr 07 07:12:32 UTC 2026","passed","Tue Apr 07 07:12:33 UTC 2026","Dashboard — Authenticated Regular User","dashboard_test.spec.ts","",""
"Products link is visible","527","productsLinkIsVisible","SQA Automation Lab — Selenium UI Suite","Tue Apr 07 07:18:59 UTC 2026","passed","Tue Apr 07 07:19:00 UTC 2026","com.sqa.ui.tests.NavigationTest","UI Tests","com.sqa.ui.tests.NavigationTest","productsLinkIsVisible"
"","3","test_regular_user_cannot_update_product","tests","Tue Apr 07 07:12:23 UTC 2026","passed","Tue Apr 07 07:12:23 UTC 2026","TestUpdateProduct","products_test","",""
"","6","returns HTTP 401 without token","","Tue Apr 07 07:12:05 UTC 2026","passed","Tue Apr 07 07:12:05 UTC 2026","Order Endpoints > GET /api/orders/:id","orders_test.spec.ts","",""
"Verify update non-existent product returns 404","25","testUpdateNonExistentProduct","API Test Suite","Tue Apr 07 07:12:21 UTC 2026","passed","Tue Apr 07 07:12:22 UTC 2026","com.automationlab.tests.ProductTest","API Tests","com.automationlab.tests.ProductTest","testUpdateNonExistentProduct"
"","325","admin can view any order","","Tue Apr 07 07:12:06 UTC 2026","passed","Tue Apr 07 07:12:06 UTC 2026","Order Endpoints > GET /api/orders/:id","orders_test.spec.ts","",""
"","329","user can cancel a pending order and receives HTTP 200","","Tue Apr 07 07:12:08 UTC 2026","passed","Tue Apr 07 07:12:08 UTC 2026","Order Endpoints > DELETE /api/orders/:id","orders_test.spec.ts","",""
"","752","Dashboard displays admin role badge","chromium","Tue Apr 07 07:12:24 UTC 2026","passed","Tue Apr 07 07:12:25 UTC 2026","Dashboard — Authenticated Admin","dashboard_test.spec.ts","",""
"Verify user can update their own profile","34","testUpdateOwnUser","API Test Suite","Tue Apr 07 07:12:19 UTC 2026","passed","Tue Apr 07 07:12:19 UTC 2026","com.automationlab.tests.UserTest","API Tests","com.automationlab.tests.UserTest","testUpdateOwnUser"
"","71","returns HTTP 400 when items key is absent from body","","Tue Apr 07 07:12:03 UTC 2026","passed","Tue Apr 07 07:12:03 UTC 2026","Order Endpoints > POST /api/orders","orders_test.spec.ts","",""
"Pagination prev button returns to page 1 — AUT Bug E","1225","paginationPrevButtonReturnsToPAge1","SQA Automation Lab — Selenium UI Suite","Tue Apr 07 07:15:46 UTC 2026","passed","Tue Apr 07 07:15:48 UTC 2026","com.sqa.ui.tests.ProductsTest","UI Tests","com.sqa.ui.tests.ProductsTest","paginationPrevButtonReturnsToPAge1"
"Verify product with decimal price is created correctly","35","testCreateProductDecimalPrice","API Test Suite","Tue Apr 07 07:12:20 UTC 2026","passed","Tue Apr 07 07:12:21 UTC 2026","com.automationlab.tests.ProductTest","API Tests","com.automationlab.tests.ProductTest","testCreateProductDecimalPrice"
"Verify admin can update stock quantity","29","testUpdateProductStock","API Test Suite","Tue Apr 07 07:12:22 UTC 2026","passed","Tue Apr 07 07:12:22 UTC 2026","com.automationlab.tests.ProductTest","API Tests","com.automationlab.tests.ProductTest","testUpdateProductStock"
"","4","test_create_order_with_zero_quantity_returns_400","tests","Tue Apr 07 07:12:20 UTC 2026","passed","Tue Apr 07 07:12:20 UTC 2026","TestCreateOrder","orders_test","",""
"","260","updated product fields are returned in response","","Tue Apr 07 07:12:13 UTC 2026","passed","Tue Apr 07 07:12:14 UTC 2026","Product Endpoints > PUT /api/products/:id","products_test.spec.ts","",""
"","332","returns HTTP 200 for own order","","Tue Apr 07 07:12:04 UTC 2026","passed","Tue Apr 07 07:12:05 UTC 2026","Order Endpoints > GET /api/orders/:id","orders_test.spec.ts","",""
"Verify root endpoint lists available endpoints","84","testRootEndpointListsEndpoints","API Test Suite","Tue Apr 07 07:12:14 UTC 2026","passed","Tue Apr 07 07:12:14 UTC 2026","com.automationlab.tests.HealthTest","API Tests","com.automationlab.tests.HealthTest","testRootEndpointListsEndpoints"
"","72","returns HTTP 200 for own user","","Tue Apr 07 07:12:17 UTC 2026","passed","Tue Apr 07 07:12:17 UTC 2026","User Endpoints > GET /api/users/:id","user_test.spec.ts","",""
"","3","test_create_product_without_price_returns_400","tests","Tue Apr 07 07:12:22 UTC 2026","passed","Tue Apr 07 07:12:22 UTC 2026","TestCreateProduct","products_test","",""
"","38854","POST /api/auth/login - valid credentials","","Tue Apr 07 07:12:49 UTC 2026","passed","Tue Apr 07 07:13:28 UTC 2026","","k6 Performance Tests","",""
"After deletion, user should still exist but be inactive.","13","test_deleted_user_is_soft_deleted","tests","Tue Apr 07 07:12:24 UTC 2026","passed","Tue Apr 07 07:12:24 UTC 2026","TestDeleteUser","user_test","",""
"Verify non-admin cannot delete product","13","testDeleteProductNonAdmin","API Test Suite","Tue Apr 07 07:12:21 UTC 2026","passed","Tue Apr 07 07:12:21 UTC 2026","com.automationlab.tests.ProductTest","API Tests","com.automationlab.tests.ProductTest","testDeleteProductNonAdmin"
"","4","test_create_product_without_name_returns_400","tests","Tue Apr 07 07:12:22 UTC 2026","passed","Tue Apr 07 07:12:22 UTC 2026","TestCreateProduct","products_test","",""
"","5615","Invalid email format shows validation error","chromium","Tue Apr 07 07:13:48 UTC 2026","failed","Tue Apr 07 07:13:53 UTC 2026","Register","register_test.spec.ts","",""
"Products page displays heading","919","productsPageDisplaysHeading","SQA Automation Lab — Selenium UI Suite","Tue Apr 07 07:15:56 UTC 2026","passed","Tue Apr 07 07:15:56 UTC 2026","com.sqa.ui.tests.ProductsTest","UI Tests","com.sqa.ui.tests.ProductsTest","productsPageDisplaysHeading"
"","39129","GET /","","Tue Apr 07 07:12:08 UTC 2026","passed","Tue Apr 07 07:12:48 UTC 2026","","k6 Performance Tests","",""
"","809","Admin pagination next button advances to page 2","chromium","Tue Apr 07 07:13:00 UTC 2026","passed","Tue Apr 07 07:13:01 UTC 2026","Orders — Authenticated Admin","orders_test.spec.ts","",""
"Product detail page displays product price","400","productDetailPageDisplaysProductPrice","SQA Automation Lab — Selenium UI Suite","Tue Apr 07 07:16:44 UTC 2026","failed","Tue Apr 07 07:16:45 UTC 2026","com.sqa.ui.tests.ProductDetailTest","UI Tests","com.sqa.ui.tests.ProductDetailTest","productDetailPageDisplaysProductPrice"
"Verify create order fails with negative quantity","12","testCreateOrderNegativeQuantity","API Test Suite","Tue Apr 07 07:12:24 UTC 2026","passed","Tue Apr 07 07:12:24 UTC 2026","com.automationlab.tests.OrderTest","API Tests","com.automationlab.tests.OrderTest","testCreateOrderNegativeQuantity"
"Verify delete user fails without authentication","11","testDeleteUserNoAuth","API Test Suite","Tue Apr 07 07:12:18 UTC 2026","passed","Tue Apr 07 07:12:18 UTC 2026","com.automationlab.tests.UserTest","API Tests","com.automationlab.tests.UserTest","testDeleteUserNoAuth"
"Product detail page displays stock status","406","productDetailPageDisplaysStockStatus","SQA Automation Lab — Selenium UI Suite","Tue Apr 07 07:16:48 UTC 2026","failed","Tue Apr 07 07:16:49 UTC 2026","com.sqa.ui.tests.ProductDetailTest","UI Tests","com.sqa.ui.tests.ProductDetailTest","productDetailPageDisplaysStockStatus"
"","3","test_login_without_password_returns_400","tests","Tue Apr 07 07:12:18 UTC 2026","passed","Tue Apr 07 07:12:18 UTC 2026","TestLogin","auth_test","",""
"","806","Admin can set quantity before ordering","chromium","Tue Apr 07 07:13:13 UTC 2026","passed","Tue Apr 07 07:13:13 UTC 2026","Product Detail — Authenticated Admin","product_detail_test.spec.ts","",""
"","5","test_register_with_empty_body_returns_400","tests","Tue Apr 07 07:12:17 UTC 2026","passed","Tue Apr 07 07:12:17 UTC 2026","TestRegistration","auth_test","",""
"","319","returns HTTP 400 for quantity exceeding available stock","","Tue Apr 07 07:12:03 UTC 2026","passed","Tue Apr 07 07:12:03 UTC 2026","Order Endpoints > POST /api/orders","orders_test.spec.ts","",""
"","4","test_update_with_empty_body_returns_400","tests","Tue Apr 07 07:12:24 UTC 2026","passed","Tue Apr 07 07:12:24 UTC 2026","TestUpdateUser","user_test","",""
"Cancel order dismissed by user leaves order intact — AUT Bug C","975","cancelOrderDismissedLeavesOrderIntact","SQA Automation Lab — Selenium UI Suite","Tue Apr 07 07:17:03 UTC 2026","passed","Tue Apr 07 07:17:04 UTC 2026","com.sqa.ui.tests.OrdersTest","UI Tests","com.sqa.ui.tests.OrdersTest","cancelOrderDismissedLeavesOrderIntact"
"","39243","DELETE /api/users/:id","","Tue Apr 07 07:13:32 UTC 2026","passed","Tue Apr 07 07:14:11 UTC 2026","","k6 Performance Tests","",""
"","758","valid login renders authenticated navbar state","chromium","Tue Apr 07 07:12:34 UTC 2026","passed","Tue Apr 07 07:12:35 UTC 2026","Login","login_test.spec.ts","",""
"Verify pagination with custom page size","64","testListUsersCustomPageSize","API Test Suite","Tue Apr 07 07:12:18 UTC 2026","passed","Tue Apr 07 07:12:18 UTC 2026","com.automationlab.tests.UserTest","API Tests","com.automationlab.tests.UserTest","testListUsersCustomPageSize"
"","71","returns HTTP 200 when updating own user","","Tue Apr 07 07:12:18 UTC 2026","passed","Tue Apr 07 07:12:18 UTC 2026","User Endpoints > PUT /api/users/:id","user_test.spec.ts","",""
"","4","test_list_users_returns_paginated_results","tests","Tue Apr 07 07:12:23 UTC 2026","passed","Tue Apr 07 07:12:23 UTC 2026","TestListUsers","user_test","",""
"","71","password field is not included in user response object","","Tue Apr 07 07:11:59 UTC 2026","passed","Tue Apr 07 07:11:59 UTC 2026","Authentication Endpoints > POST /api/auth/register","auth_test.spec.ts","",""
"","868","Admin sees product cards","chromium","Tue Apr 07 07:13:21 UTC 2026","passed","Tue Apr 07 07:13:22 UTC 2026","Products — Authenticated Admin","products_test.spec.ts","",""
"Wrong password shows error message — AUT Bug A","1108","wrongPasswordShowsErrorMessage","SQA Automation Lab — Selenium UI Suite","Tue Apr 07 07:13:36 UTC 2026","failed","Tue Apr 07 07:13:38 UTC 2026","com.sqa.ui.tests.LoginTest","UI Tests","com.sqa.ui.tests.LoginTest","wrongPasswordShowsErrorMessage"
"Verify delete non-existent product returns 404","16","testDeleteNonExistentProduct","API Test Suite","Tue Apr 07 07:12:21 UTC 2026","passed","Tue Apr 07 07:12:21 UTC 2026","com.automationlab.tests.ProductTest","API Tests","com.automationlab.tests.ProductTest","testDeleteNonExistentProduct"
"","4","test_filter_with_no_results","tests","Tue Apr 07 07:12:22 UTC 2026","passed","Tue Apr 07 07:12:22 UTC 2026","TestFilterProducts","products_test","",""
"Verify update product fails without authentication","11","testUpdateProductNoAuth","API Test Suite","Tue Apr 07 07:12:22 UTC 2026","passed","Tue Apr 07 07:12:22 UTC 2026","com.automationlab.tests.ProductTest","API Tests","com.automationlab.tests.ProductTest","testUpdateProductNoAuth"
"Sign out button is not visible when unauthenticated","541","signOutButtonIsNotVisibleWhenUnauthenticated","SQA Automation Lab — Selenium UI Suite","Tue Apr 07 07:19:36 UTC 2026","passed","Tue Apr 07 07:19:37 UTC 2026","com.sqa.ui.tests.NavigationTest","UI Tests","com.sqa.ui.tests.NavigationTest","signOutButtonIsNotVisibleWhenUnauthenticated"
"","314","Products page displays heading","chromium","Tue Apr 07 07:13:17 UTC 2026","passed","Tue Apr 07 07:13:17 UTC 2026","Products — Unauthenticated","products_test.spec.ts","",""
"","2","test_logout_without_token_returns_401","tests","Tue Apr 07 07:12:18 UTC 2026","passed","Tue Apr 07 07:12:18 UTC 2026","TestLogout","auth_test","",""
"Verify health endpoint rejects POST method","46","testHealthEndpointRejectsPost","API Test Suite","Tue Apr 07 07:12:14 UTC 2026","passed","Tue Apr 07 07:12:14 UTC 2026","com.automationlab.tests.HealthTest","API Tests","com.automationlab.tests.HealthTest","testHealthEndpointRejectsPost"
"","4","test_current_user_includes_full_profile","tests","Tue Apr 07 07:12:18 UTC 2026","passed","Tue Apr 07 07:12:18 UTC 2026","TestCurrentUser","auth_test","",""
"","340","updated status is returned in response","","Tue Apr 07 07:12:07 UTC 2026","passed","Tue Apr 07 07:12:07 UTC 2026","Order Endpoints > PATCH /api/orders/:id/status","orders_test.spec.ts","",""
"","6","returns HTTP 200","","Tue Apr 07 07:12:01 UTC 2026","passed","Tue Apr 07 07:12:01 UTC 2026","Health Endpoints > GET /","health_test.spec.ts","",""
"Verify create order fails with zero quantity","19","testCreateOrderZeroQuantity","API Test Suite","Tue Apr 07 07:12:24 UTC 2026","passed","Tue Apr 07 07:12:24 UTC 2026","com.automationlab.tests.OrderTest","API Tests","com.automationlab.tests.OrderTest","testCreateOrderZeroQuantity"
"","5","test_update_with_empty_body_returns_400","tests","Tue Apr 07 07:12:23 UTC 2026","passed","Tue Apr 07 07:12:23 UTC 2026","TestUpdateProduct","products_test","",""
"Navbar is visible on products page","588","navbarIsVisibleOnProductsPage","SQA Automation Lab — Selenium UI Suite","Tue Apr 07 07:18:43 UTC 2026","passed","Tue Apr 07 07:18:43 UTC 2026","com.sqa.ui.tests.NavigationTest","UI Tests","com.sqa.ui.tests.NavigationTest","navbarIsVisibleOnProductsPage"
"","405","Pagination next button advances to page 2","chromium","Tue Apr 07 07:13:19 UTC 2026","passed","Tue Apr 07 07:13:20 UTC 2026","Products — Unauthenticated","products_test.spec.ts","",""
"Browse Products link navigates to products page","1572","browseProductsLinkNavigatesToProductsPage","SQA Automation Lab — Selenium UI Suite","Tue Apr 07 07:17:43 UTC 2026","passed","Tue Apr 07 07:17:44 UTC 2026","com.sqa.ui.tests.DashboardTest","UI Tests","com.sqa.ui.tests.DashboardTest","browseProductsLinkNavigatesToProductsPage"
"Verify search is case-insensitive","29","testSearchProductsCaseInsensitive","API Test Suite","Tue Apr 07 07:12:21 UTC 2026","passed","Tue Apr 07 07:12:21 UTC 2026","com.automationlab.tests.ProductTest","API Tests","com.automationlab.tests.ProductTest","testSearchProductsCaseInsensitive"
"","38107","PUT /api/products/:id","","Tue Apr 07 07:14:14 UTC 2026","passed","Tue Apr 07 07:14:52 UTC 2026","","k6 Performance Tests","",""
"Verify product response includes timestamps","46","testGetProductIncludesTimestamps","API Test Suite","Tue Apr 07 07:12:21 UTC 2026","passed","Tue Apr 07 07:12:21 UTC 2026","com.automationlab.tests.ProductTest","API Tests","com.automationlab.tests.ProductTest","testGetProductIncludesTimestamps"
"","751","Dashboard displays user role badge","chromium","Tue Apr 07 07:12:30 UTC 2026","passed","Tue Apr 07 07:12:31 UTC 2026","Dashboard — Authenticated Regular User","dashboard_test.spec.ts","",""
"Verify get current user fails with invalid token","25","testGetCurrentUserInvalidToken","API Test Suite","Tue Apr 07 07:12:15 UTC 2026","passed","Tue Apr 07 07:12:15 UTC 2026","com.automationlab.tests.AuthTest","API Tests","com.automationlab.tests.AuthTest","testGetCurrentUserInvalidToken"
"Verify registration fails with missing email","16","testRegistrationMissingEmail","API Test Suite","Tue Apr 07 07:12:16 UTC 2026","passed","Tue Apr 07 07:12:16 UTC 2026","com.automationlab.tests.AuthTest","API Tests","com.automationlab.tests.AuthTest","testRegistrationMissingEmail"
"","3","test_create_product_without_auth_returns_401","tests","Tue Apr 07 07:12:22 UTC 2026","passed","Tue Apr 07 07:12:22 UTC 2026","TestCreateProduct","products_test","",""
"Verify product with zero stock can be created","31","testCreateProductZeroStock","API Test Suite","Tue Apr 07 07:12:21 UTC 2026","passed","Tue Apr 07 07:12:21 UTC 2026","com.automationlab.tests.ProductTest","API Tests","com.automationlab.tests.ProductTest","testCreateProductZeroStock"
"Orders link navigates to orders page","1512","ordersLinkNavigatesToOrdersPage","SQA Automation Lab — Selenium UI Suite","Tue Apr 07 07:18:55 UTC 2026","passed","Tue Apr 07 07:18:56 UTC 2026","com.sqa.ui.tests.NavigationTest","UI Tests","com.sqa.ui.tests.NavigationTest","ordersLinkNavigatesToOrdersPage"
"","406","Search with no matches shows no products found message","chromium","Tue Apr 07 07:13:18 UTC 2026","passed","Tue Apr 07 07:13:19 UTC 2026","Products — Unauthenticated","products_test.spec.ts","",""
"Verify login fails with missing email","25","testLoginMissingEmail","API Test Suite","Tue Apr 07 07:12:15 UTC 2026","passed","Tue Apr 07 07:12:15 UTC 2026","com.automationlab.tests.AuthTest","API Tests","com.automationlab.tests.AuthTest","testLoginMissingEmail"
"Orders page displays heading","370","ordersPageDisplaysHeading","SQA Automation Lab — Selenium UI Suite","Tue Apr 07 07:17:14 UTC 2026","passed","Tue Apr 07 07:17:14 UTC 2026","com.sqa.ui.tests.OrdersTest","UI Tests","com.sqa.ui.tests.OrdersTest","ordersPageDisplaysHeading"
"","11","test_order_items_include_product_details","tests","Tue Apr 07 07:12:20 UTC 2026","passed","Tue Apr 07 07:12:20 UTC 2026","TestGetOrder","orders_test","",""
"","529","non-existent email stays on login page","chromium","Tue Apr 07 07:12:37 UTC 2026","passed","Tue Apr 07 07:12:37 UTC 2026","Login","login_test.spec.ts","",""
"Authenticated user can navigate to product detail","2541","authenticatedUserCanNavigateToProductDetail","SQA Automation Lab — Selenium UI Suite","Tue Apr 07 07:15:17 UTC 2026","passed","Tue Apr 07 07:15:20 UTC 2026","com.sqa.ui.tests.ProductsTest","UI Tests","com.sqa.ui.tests.ProductsTest","authenticatedUserCanNavigateToProductDetail"
"","373","Products link navigates to products page","chromium","Tue Apr 07 07:12:41 UTC 2026","passed","Tue Apr 07 07:12:42 UTC 2026","Navbar — Unauthenticated","navbar_test.spec.ts","",""
"Verify pagination returns correct total count","44","testListProductsPaginationTotalCount","API Test Suite","Tue Apr 07 07:12:21 UTC 2026","passed","Tue Apr 07 07:12:21 UTC 2026","com.automationlab.tests.ProductTest","API Tests","com.automationlab.tests.ProductTest","testListProductsPaginationTotalCount"
"No auth should be required for viewing a single product.","5","test_get_product_is_public","tests","Tue Apr 07 07:12:22 UTC 2026","passed","Tue Apr 07 07:12:22 UTC 2026","TestGetProduct","products_test","",""
"","840","User can set quantity before ordering","chromium","Tue Apr 07 07:13:15 UTC 2026","passed","Tue Apr 07 07:13:16 UTC 2026","Product Detail — Authenticated User","product_detail_test.spec.ts","",""
"Verify order response includes timestamps","34","testGetOrderIncludesTimestamps","API Test Suite","Tue Apr 07 07:12:24 UTC 2026","passed","Tue Apr 07 07:12:24 UTC 2026","com.automationlab.tests.OrderTest","API Tests","com.automationlab.tests.OrderTest","testGetOrderIncludesTimestamps"
"","6","returns HTTP 404 for non-existent product","","Tue Apr 07 07:12:11 UTC 2026","passed","Tue Apr 07 07:12:11 UTC 2026","Product Endpoints > GET /api/products/:id","products_test.spec.ts","",""
"","253","admin can soft delete a product and receives HTTP 200","","Tue Apr 07 07:12:15 UTC 2026","passed","Tue Apr 07 07:12:15 UTC 2026","Product Endpoints > DELETE /api/products/:id","products_test.spec.ts","",""
"","6","test_register_without_password_returns_400","tests","Tue Apr 07 07:12:17 UTC 2026","passed","Tue Apr 07 07:12:17 UTC 2026","TestRegistration","auth_test","",""
"","3","test_create_order_without_auth_returns_401","tests","Tue Apr 07 07:12:19 UTC 2026","passed","Tue Apr 07 07:12:19 UTC 2026","TestCreateOrder","orders_test","",""
"","863","User status filter cancelled shows filtered results or empty state","chromium","Tue Apr 07 07:13:05 UTC 2026","passed","Tue Apr 07 07:13:06 UTC 2026","Orders — Authenticated User","orders_test.spec.ts","",""
"","71","returns HTTP 400 for empty update body","","Tue Apr 07 07:12:19 UTC 2026","passed","Tue Apr 07 07:12:19 UTC 2026","User Endpoints > PUT /api/users/:id","user_test.spec.ts","",""
"Verify anyone can get product details without authentication","50","testGetProductPublic","API Test Suite","Tue Apr 07 07:12:21 UTC 2026","passed","Tue Apr 07 07:12:21 UTC 2026","com.automationlab.tests.ProductTest","API Tests","com.automationlab.tests.ProductTest","testGetProductPublic"
"","74","returns HTTP 400 for invalid page parameter","","Tue Apr 07 07:12:17 UTC 2026","passed","Tue Apr 07 07:12:17 UTC 2026","User Endpoints > GET /api/users","user_test.spec.ts","",""
"","4","test_get_user_invalid_id_returns_400","tests","Tue Apr 07 07:12:23 UTC 2026","passed","Tue Apr 07 07:12:23 UTC 2026","TestGetUser","user_test","",""
"","65","test_login_with_valid_credentials","tests","Tue Apr 07 07:12:17 UTC 2026","passed","Tue Apr 07 07:12:17 UTC 2026","TestLogin","auth_test","",""
"","7","search parameter returns HTTP 200","","Tue Apr 07 07:12:10 UTC 2026","passed","Tue Apr 07 07:12:10 UTC 2026","Product Endpoints > GET /api/products","products_test.spec.ts","",""
"","3","test_health_includes_environment","tests","Tue Apr 07 07:12:18 UTC 2026","passed","Tue Apr 07 07:12:18 UTC 2026","TestHealthEndpoint","health_test","",""
"Verify delete non-existent user returns 404","15","testDeleteNonExistentUser","API Test Suite","Tue Apr 07 07:12:18 UTC 2026","passed","Tue Apr 07 07:12:18 UTC 2026","com.automationlab.tests.UserTest","API Tests","com.automationlab.tests.UserTest","testDeleteNonExistentUser"
"Cancelling an order should return stock to the product.","22","test_cancel_restores_stock","tests","Tue Apr 07 07:12:22 UTC 2026","passed","Tue Apr 07 07:12:22 UTC 2026","TestCancelOrder","orders_test","",""
"","4","test_list_products_pagination_metadata","tests","Tue Apr 07 07:12:22 UTC 2026","passed","Tue Apr 07 07:12:22 UTC 2026","TestListProducts","products_test","",""
"Verify delete product fails without authentication","22","testDeleteProductNoAuth","API Test Suite","Tue Apr 07 07:12:21 UTC 2026","passed","Tue Apr 07 07:12:21 UTC 2026","com.automationlab.tests.ProductTest","API Tests","com.automationlab.tests.ProductTest","testDeleteProductNoAuth"
"","874","User can view products page","chromium","Tue Apr 07 07:13:23 UTC 2026","passed","Tue Apr 07 07:13:24 UTC 2026","Products — Authenticated User","products_test.spec.ts","",""
"**Risk:** Medium
**Confidence:** 2
**Instances:** 4

**Description:**
Web browser data loading may be possible, due to a Cross Origin Resource Sharing (CORS) misconfiguration on the web server.

**Solution:**
Ensure that sensitive data is not available in an unauthenticated manner (using IP address white-listing, for instance).Configure the ""Access-Control-Allow-Origin"" HTTP header to a more restrictive set of domains, or remove all CORS headers entirely, to allow the web browser to enforce the Same Origin Policy (SOP) in a more restrictive manner.","0","Cross-Domain Misconfiguration","","Tue Apr 07 07:13:23 UTC 2026","broken","Tue Apr 07 07:13:23 UTC 2026","","Security - ZAP API Scan","",""
"","247","returns HTTP 400 when name is missing","","Tue Apr 07 07:12:12 UTC 2026","passed","Tue Apr 07 07:12:12 UTC 2026","Product Endpoints > POST /api/products","products_test.spec.ts","",""
"","11","test_admin_can_cancel_any_pending_order","tests","Tue Apr 07 07:12:22 UTC 2026","passed","Tue Apr 07 07:12:22 UTC 2026","TestCancelOrder","orders_test","",""
"Verify login fails with non-existent email","30","testLoginNonExistentEmail","API Test Suite","Tue Apr 07 07:12:15 UTC 2026","passed","Tue Apr 07 07:12:15 UTC 2026","com.automationlab.tests.AuthTest","API Tests","com.automationlab.tests.AuthTest","testLoginNonExistentEmail"
"","929","Admin all status filter options are selectable","chromium","Tue Apr 07 07:12:59 UTC 2026","passed","Tue Apr 07 07:13:00 UTC 2026","Orders — Authenticated Admin","orders_test.spec.ts","",""
"","862","User sees product cards","chromium","Tue Apr 07 07:13:24 UTC 2026","passed","Tue Apr 07 07:13:25 UTC 2026","Products — Authenticated User","products_test.spec.ts","",""
"Pagination next button advances to page 2 — AUT Bug E","1251","paginationNextButtonAdvancesToPage2","SQA Automation Lab — Selenium UI Suite","Tue Apr 07 07:15:42 UTC 2026","passed","Tue Apr 07 07:15:43 UTC 2026","com.sqa.ui.tests.ProductsTest","UI Tests","com.sqa.ui.tests.ProductsTest","paginationNextButtonAdvancesToPage2"
"Verify registration succeeds without last name (optional field)","97","testRegistrationMissingLastName","API Test Suite","Tue Apr 07 07:12:16 UTC 2026","passed","Tue Apr 07 07:12:16 UTC 2026","com.automationlab.tests.AuthTest","API Tests","com.automationlab.tests.AuthTest","testRegistrationMissingLastName"
"Verify create product fails with missing price","15","testCreateProductMissingPrice","API Test Suite","Tue Apr 07 07:12:21 UTC 2026","passed","Tue Apr 07 07:12:21 UTC 2026","com.automationlab.tests.ProductTest","API Tests","com.automationlab.tests.ProductTest","testCreateProductMissingPrice"
"Verify user can retrieve their own profile","47","testGetOwnUser","API Test Suite","Tue Apr 07 07:12:18 UTC 2026","passed","Tue Apr 07 07:12:18 UTC 2026","com.automationlab.tests.UserTest","API Tests","com.automationlab.tests.UserTest","testGetOwnUser"
"","4","test_register_without_email_returns_400","tests","Tue Apr 07 07:12:17 UTC 2026","passed","Tue Apr 07 07:12:17 UTC 2026","TestRegistration","auth_test","",""
"Verify users list supports pagination","46","testListUsersPagination","API Test Suite","Tue Apr 07 07:12:19 UTC 2026","passed","Tue Apr 07 07:12:19 UTC 2026","com.automationlab.tests.UserTest","API Tests","com.automationlab.tests.UserTest","testListUsersPagination"
"","858","View all orders link navigates to orders page","chromium","Tue Apr 07 07:12:26 UTC 2026","passed","Tue Apr 07 07:12:27 UTC 2026","Dashboard — Authenticated Admin","dashboard_test.spec.ts","",""
"","770","Recent orders section displays order rows","chromium","Tue Apr 07 07:12:25 UTC 2026","passed","Tue Apr 07 07:12:26 UTC 2026","Dashboard — Authenticated Admin","dashboard_test.spec.ts","",""
"","1","setup","","Tue Apr 07 07:14:12 UTC 2026","passed","Tue Apr 07 07:14:12 UTC 2026","","k6 Performance Tests","",""
"","11","test_admin_can_update_status_to_delivered","tests","Tue Apr 07 07:12:21 UTC 2026","passed","Tue Apr 07 07:12:21 UTC 2026","TestUpdateOrderStatus","orders_test","",""
"Verify products list supports pagination","38","testListProductsPagination","API Test Suite","Tue Apr 07 07:12:21 UTC 2026","passed","Tue Apr 07 07:12:21 UTC 2026","com.automationlab.tests.ProductTest","API Tests","com.automationlab.tests.ProductTest","testListProductsPagination"
"","38108","POST /api/products - unauthorized (non-admin)","","Tue Apr 07 07:14:14 UTC 2026","passed","Tue Apr 07 07:14:52 UTC 2026","","k6 Performance Tests","",""
"Verify user cannot get another user's order","39","testGetOtherUserOrder","API Test Suite","Tue Apr 07 07:12:24 UTC 2026","passed","Tue Apr 07 07:12:24 UTC 2026","com.automationlab.tests.OrderTest","API Tests","com.automationlab.tests.OrderTest","testGetOtherUserOrder"
"","73","returns HTTP 401 without token","","Tue Apr 07 07:12:20 UTC 2026","passed","Tue Apr 07 07:12:20 UTC 2026","User Endpoints > DELETE /api/users/:id","user_test.spec.ts","",""
"Pagination next button advances to page 2","718","paginationNextButtonAdvancesToPage2","SQA Automation Lab — Selenium UI Suite","Tue Apr 07 07:17:24 UTC 2026","passed","Tue Apr 07 07:17:25 UTC 2026","com.sqa.ui.tests.OrdersTest","UI Tests","com.sqa.ui.tests.OrdersTest","paginationNextButtonAdvancesToPage2"
"Empty email shows validation error","11795","emptyEmailShowsValidationError","SQA Automation Lab — Selenium UI Suite","Tue Apr 07 07:13:46 UTC 2026","failed","Tue Apr 07 07:13:57 UTC 2026","com.sqa.ui.tests.RegisterTest","UI Tests","com.sqa.ui.tests.RegisterTest","emptyEmailShowsValidationError"
"","3","test_create_order_with_empty_items_returns_400","tests","Tue Apr 07 07:12:19 UTC 2026","passed","Tue Apr 07 07:12:19 UTC 2026","TestCreateOrder","orders_test","",""
"","5580","Empty last name shows validation error","chromium","Tue Apr 07 07:13:34 UTC 2026","failed","Tue Apr 07 07:13:40 UTC 2026","Register","register_test.spec.ts","",""
"","3","test_create_product_with_negative_stock_returns_400","tests","Tue Apr 07 07:12:22 UTC 2026","passed","Tue Apr 07 07:12:22 UTC 2026","TestCreateProduct","products_test","",""
"","70","returns HTTP 409 when updating email to one already in use","","Tue Apr 07 07:12:18 UTC 2026","passed","Tue Apr 07 07:12:19 UTC 2026","User Endpoints > PUT /api/users/:id","user_test.spec.ts","",""
"Valid login renders authenticated navbar state","1111","validLoginRendersAuthenticatedNavbarState","SQA Automation Lab — Selenium UI Suite","Tue Apr 07 07:13:32 UTC 2026","passed","Tue Apr 07 07:13:33 UTC 2026","com.sqa.ui.tests.LoginTest","UI Tests","com.sqa.ui.tests.LoginTest","validLoginRendersAuthenticatedNavbarState"
"Verify registration fails with missing password","17","testRegistrationMissingPassword","API Test Suite","Tue Apr 07 07:12:16 UTC 2026","passed","Tue Apr 07 07:12:16 UTC 2026","com.automationlab.tests.AuthTest","API Tests","com.automationlab.tests.AuthTest","testRegistrationMissingPassword"
"","336","response contains order with items array","","Tue Apr 07 07:12:05 UTC 2026","passed","Tue Apr 07 07:12:05 UTC 2026","Order Endpoints > GET /api/orders/:id","orders_test.spec.ts","",""
"","30023","Product Tests","","Tue Apr 07 07:22:50 UTC 2026","passed","Tue Apr 07 07:23:20 UTC 2026","","JMeter Performance Tests","",""
"","332","Register link navigates to register page","chromium","Tue Apr 07 07:12:42 UTC 2026","passed","Tue Apr 07 07:12:42 UTC 2026","Navbar — Unauthenticated","navbar_test.spec.ts","",""
"","5","test_admin_can_update_any_user","tests","Tue Apr 07 07:12:23 UTC 2026","passed","Tue Apr 07 07:12:23 UTC 2026","TestUpdateUser","user_test","",""
"","249","response body conforms to product schema on creation","","Tue Apr 07 07:12:11 UTC 2026","passed","Tue Apr 07 07:12:12 UTC 2026","Product Endpoints > POST /api/products","products_test.spec.ts","",""
"Verify admin can create a new product","54","testCreateProduct","API Test Suite","Tue Apr 07 07:12:20 UTC 2026","passed","Tue Apr 07 07:12:20 UTC 2026","com.automationlab.tests.ProductTest","API Tests","com.automationlab.tests.ProductTest","testCreateProduct"
"","3","test_health_includes_uptime","tests","Tue Apr 07 07:12:18 UTC 2026","passed","Tue Apr 07 07:12:18 UTC 2026","TestHealthEndpoint","health_test","",""
"","74","response contains users array and pagination object","","Tue Apr 07 07:12:16 UTC 2026","passed","Tue Apr 07 07:12:16 UTC 2026","User Endpoints > GET /api/users","user_test.spec.ts","",""
"","766","Orders link is visible","chromium","Tue Apr 07 07:12:43 UTC 2026","passed","Tue Apr 07 07:12:44 UTC 2026","Navbar — Authenticated Admin","navbar_test.spec.ts","",""
"","7","uptime is a positive number","","Tue Apr 07 07:12:01 UTC 2026","passed","Tue Apr 07 07:12:01 UTC 2026","Health Endpoints > GET /health","health_test.spec.ts","",""
"","604","Duplicate email shows error message","chromium","Tue Apr 07 07:14:08 UTC 2026","passed","Tue Apr 07 07:14:09 UTC 2026","Register","register_test.spec.ts","",""
"","312","admin can update any user","","Tue Apr 07 07:12:18 UTC 2026","passed","Tue Apr 07 07:12:18 UTC 2026","User Endpoints > PUT /api/users/:id","user_test.spec.ts","",""
"","7","test_filter_returns_metadata","tests","Tue Apr 07 07:12:22 UTC 2026","passed","Tue Apr 07 07:12:22 UTC 2026","TestFilterProducts","products_test","",""
"Verify user can get their own order details","41","testGetOwnOrder","API Test Suite","Tue Apr 07 07:12:24 UTC 2026","passed","Tue Apr 07 07:12:24 UTC 2026","com.automationlab.tests.OrderTest","API Tests","com.automationlab.tests.OrderTest","testGetOwnOrder"
"Valid registration redirects to dashboard page","1794","validRegistrationRedirectsToDashboardPage","SQA Automation Lab — Selenium UI Suite","Tue Apr 07 07:15:07 UTC 2026","passed","Tue Apr 07 07:15:09 UTC 2026","com.sqa.ui.tests.RegisterTest","UI Tests","com.sqa.ui.tests.RegisterTest","validRegistrationRedirectsToDashboardPage"
"","3","test_get_current_user_without_token_returns_401","tests","Tue Apr 07 07:12:18 UTC 2026","passed","Tue Apr 07 07:12:18 UTC 2026","TestCurrentUser","auth_test","",""
"","94","test_register_new_user","tests","Tue Apr 07 07:12:17 UTC 2026","passed","Tue Apr 07 07:12:17 UTC 2026","TestRegistration","auth_test","",""
"","326","returns HTTP 400 when cancelling a non-pending order","","Tue Apr 07 07:12:09 UTC 2026","passed","Tue Apr 07 07:12:10 UTC 2026","Order Endpoints > DELETE /api/orders/:id","orders_test.spec.ts","",""
"Order error message shown on API failure","1133","orderErrorMessageShownOnApiFailure","SQA Automation Lab — Selenium UI Suite","Tue Apr 07 07:16:32 UTC 2026","failed","Tue Apr 07 07:16:33 UTC 2026","com.sqa.ui.tests.ProductDetailTest","UI Tests","com.sqa.ui.tests.ProductDetailTest","orderErrorMessageShownOnApiFailure"
"Verify user cannot update another user's profile","17","testUpdateOtherUserForbidden","API Test Suite","Tue Apr 07 07:12:19 UTC 2026","passed","Tue Apr 07 07:12:19 UTC 2026","com.automationlab.tests.UserTest","API Tests","com.automationlab.tests.UserTest","testUpdateOtherUserForbidden"
"Verify logout fails without token","23","testLogoutNoToken","API Test Suite","Tue Apr 07 07:12:15 UTC 2026","passed","Tue Apr 07 07:12:15 UTC 2026","com.automationlab.tests.AuthTest","API Tests","com.automationlab.tests.AuthTest","testLogoutNoToken"
"Verify cancel order fails without authentication","11","testCancelOrderNoAuth","API Test Suite","Tue Apr 07 07:12:23 UTC 2026","passed","Tue Apr 07 07:12:23 UTC 2026","com.automationlab.tests.OrderTest","API Tests","com.automationlab.tests.OrderTest","testCancelOrderNoAuth"
"","7","content-type is application/json","","Tue Apr 07 07:12:01 UTC 2026","passed","Tue Apr 07 07:12:01 UTC 2026","Health Endpoints > GET /health","health_test.spec.ts","",""
"Verify registration fails with duplicate email","45","testRegistrationDuplicateEmail","API Test Suite","Tue Apr 07 07:12:16 UTC 2026","passed","Tue Apr 07 07:12:16 UTC 2026","com.automationlab.tests.AuthTest","API Tests","com.automationlab.tests.AuthTest","testRegistrationDuplicateEmail"
"","72","returns HTTP 404 for non-existent order","","Tue Apr 07 07:12:06 UTC 2026","passed","Tue Apr 07 07:12:06 UTC 2026","Order Endpoints > GET /api/orders/:id","orders_test.spec.ts","",""
"Search returns filtered results","1133","searchReturnsFilteredResults","SQA Automation Lab — Selenium UI Suite","Tue Apr 07 07:16:04 UTC 2026","passed","Tue Apr 07 07:16:05 UTC 2026","com.sqa.ui.tests.ProductsTest","UI Tests","com.sqa.ui.tests.ProductsTest","searchReturnsFilteredResults"
"","3","test_admin_can_delete_product","tests","Tue Apr 07 07:12:23 UTC 2026","passed","Tue Apr 07 07:12:23 UTC 2026","TestDeleteProduct","products_test","",""
"Verify admin can update order status","19","testUpdateOrderStatus","API Test Suite","Tue Apr 07 07:12:24 UTC 2026","passed","Tue Apr 07 07:12:24 UTC 2026","com.automationlab.tests.OrderTest","API Tests","com.automationlab.tests.OrderTest","testUpdateOrderStatus"
"","2","test_health_returns_200","tests","Tue Apr 07 07:12:18 UTC 2026","passed","Tue Apr 07 07:12:18 UTC 2026","TestHealthEndpoint","health_test","",""
"","38098","GET /api/products/:id","","Tue Apr 07 07:14:13 UTC 2026","passed","Tue Apr 07 07:14:51 UTC 2026","","k6 Performance Tests","",""
"","776","Sign out button is visible","chromium","Tue Apr 07 07:12:49 UTC 2026","passed","Tue Apr 07 07:12:50 UTC 2026","Navbar — Authenticated Regular User","navbar_test.spec.ts","",""
"","3","test_root_returns_200","tests","Tue Apr 07 07:12:18 UTC 2026","passed","Tue Apr 07 07:12:18 UTC 2026","TestRootEndpoint","health_test","",""
"","3","test_create_order_without_items_returns_400","tests","Tue Apr 07 07:12:19 UTC 2026","passed","Tue Apr 07 07:12:19 UTC 2026","TestCreateOrder","orders_test","",""
"Verify admin can soft delete any user","133","testAdminDeleteAnyUser","API Test Suite","Tue Apr 07 07:12:18 UTC 2026","passed","Tue Apr 07 07:12:18 UTC 2026","com.automationlab.tests.UserTest","API Tests","com.automationlab.tests.UserTest","testAdminDeleteAnyUser"
"","7","response body contains message field","","Tue Apr 07 07:12:01 UTC 2026","passed","Tue Apr 07 07:12:01 UTC 2026","Health Endpoints > GET /","health_test.spec.ts","",""
"All status filter options are selectable — AUT Bug C","1412","allStatusFilterOptionsAreSelectable","SQA Automation Lab — Selenium UI Suite","Tue Apr 07 07:16:57 UTC 2026","passed","Tue Apr 07 07:16:59 UTC 2026","com.sqa.ui.tests.OrdersTest","UI Tests","com.sqa.ui.tests.OrdersTest","allStatusFilterOptionsAreSelectable"
"","8","returns HTTP 400 for invalid email format","","Tue Apr 07 07:12:00 UTC 2026","passed","Tue Apr 07 07:12:00 UTC 2026","Authentication Endpoints > POST /api/auth/register","auth_test.spec.ts","",""
"","769","Dashboard displays user email","chromium","Tue Apr 07 07:12:29 UTC 2026","passed","Tue Apr 07 07:12:30 UTC 2026","Dashboard — Authenticated Regular User","dashboard_test.spec.ts","",""
"","78","returns HTTP 200 with authentication","","Tue Apr 07 07:12:10 UTC 2026","passed","Tue Apr 07 07:12:10 UTC 2026","Product Endpoints > GET /api/products","products_test.spec.ts","",""
"Authenticated user can view products page","1433","authenticatedUserCanViewProductsPage","SQA Automation Lab — Selenium UI Suite","Tue Apr 07 07:15:23 UTC 2026","passed","Tue Apr 07 07:15:25 UTC 2026","com.sqa.ui.tests.ProductsTest","UI Tests","com.sqa.ui.tests.ProductsTest","authenticatedUserCanViewProductsPage"
"Sign in link navigates to login page","711","signInLinkNavigatesToLoginPage","SQA Automation Lab — Selenium UI Suite","Tue Apr 07 07:15:03 UTC 2026","passed","Tue Apr 07 07:15:04 UTC 2026","com.sqa.ui.tests.RegisterTest","UI Tests","com.sqa.ui.tests.RegisterTest","signInLinkNavigatesToLoginPage"
"","37975","Step 6: Check order status","","Tue Apr 07 07:15:40 UTC 2026","passed","Tue Apr 07 07:16:18 UTC 2026","","k6 Performance Tests","",""
"Empty email shows validation error","951","emptyEmailShowsValidationError","SQA Automation Lab — Selenium UI Suite","Tue Apr 07 07:13:01 UTC 2026","failed","Tue Apr 07 07:13:02 UTC 2026","com.sqa.ui.tests.LoginTest","UI Tests","com.sqa.ui.tests.LoginTest","emptyEmailShowsValidationError"
"","893","Orders link navigates to orders page","chromium","Tue Apr 07 07:12:53 UTC 2026","passed","Tue Apr 07 07:12:53 UTC 2026","Navbar — Authenticated Regular User","navbar_test.spec.ts","",""
"","247","returns HTTP 400 for negative stock quantity","","Tue Apr 07 07:12:13 UTC 2026","passed","Tue Apr 07 07:12:13 UTC 2026","Product Endpoints > POST /api/products","products_test.spec.ts","",""
"","142","returns HTTP 403 or 404 when accessing another users data","","Tue Apr 07 07:12:18 UTC 2026","passed","Tue Apr 07 07:12:18 UTC 2026","User Endpoints > GET /api/users/:id","user_test.spec.ts","",""
"","248","returns HTTP 404 for non-existent product","","Tue Apr 07 07:12:15 UTC 2026","passed","Tue Apr 07 07:12:16 UTC 2026","Product Endpoints > DELETE /api/products/:id","products_test.spec.ts","",""
"Verify create product fails without authentication","11","testCreateProductNoAuth","API Test Suite","Tue Apr 07 07:12:21 UTC 2026","passed","Tue Apr 07 07:12:21 UTC 2026","com.automationlab.tests.ProductTest","API Tests","com.automationlab.tests.ProductTest","testCreateProductNoAuth"
"Verify get non-existent order returns 404","14","testGetNonExistentOrder","API Test Suite","Tue Apr 07 07:12:24 UTC 2026","passed","Tue Apr 07 07:12:24 UTC 2026","com.automationlab.tests.OrderTest","API Tests","com.automationlab.tests.OrderTest","testGetNonExistentOrder"
"Verify create product fails with negative price","16","testCreateProductNegativePrice","API Test Suite","Tue Apr 07 07:12:21 UTC 2026","passed","Tue Apr 07 07:12:21 UTC 2026","com.automationlab.tests.ProductTest","API Tests","com.automationlab.tests.ProductTest","testCreateProductNegativePrice"
"Dashboard displays user email","1605","dashboardDisplaysUserEmail","SQA Automation Lab — Selenium UI Suite","Tue Apr 07 07:17:48 UTC 2026","passed","Tue Apr 07 07:17:49 UTC 2026","com.sqa.ui.tests.DashboardTest","UI Tests","com.sqa.ui.tests.DashboardTest","dashboardDisplaysUserEmail"
"","344","Brand link is visible","chromium","Tue Apr 07 07:12:38 UTC 2026","passed","Tue Apr 07 07:12:39 UTC 2026","Navbar — Unauthenticated","navbar_test.spec.ts","",""
"Verify successful user registration with valid data","129","testSuccessfulRegistration","API Test Suite","Tue Apr 07 07:12:17 UTC 2026","passed","Tue Apr 07 07:12:17 UTC 2026","com.automationlab.tests.AuthTest","API Tests","com.automationlab.tests.AuthTest","testSuccessfulRegistration"
"","241","test_login_as_admin","tests","Tue Apr 07 07:12:18 UTC 2026","passed","Tue Apr 07 07:12:18 UTC 2026","TestLogin","auth_test","",""
"","3","test_root_lists_available_endpoints","tests","Tue Apr 07 07:12:18 UTC 2026","passed","Tue Apr 07 07:12:18 UTC 2026","TestRootEndpoint","health_test","",""
"","841","Dashboard link navigates to dashboard page","chromium","Tue Apr 07 07:12:47 UTC 2026","passed","Tue Apr 07 07:12:48 UTC 2026","Navbar — Authenticated Admin","navbar_test.spec.ts","",""
"","14","returns HTTP 400 when email is missing","","Tue Apr 07 07:12:00 UTC 2026","passed","Tue Apr 07 07:12:00 UTC 2026","Authentication Endpoints > POST /api/auth/register","auth_test.spec.ts","",""
"","334","returns HTTP 401 without token","","Tue Apr 07 07:12:09 UTC 2026","passed","Tue Apr 07 07:12:09 UTC 2026","Order Endpoints > DELETE /api/orders/:id","orders_test.spec.ts","",""
"Verify user cannot cancel another user's order","34","testCancelOtherUserOrder","API Test Suite","Tue Apr 07 07:12:23 UTC 2026","passed","Tue Apr 07 07:12:23 UTC 2026","com.automationlab.tests.OrderTest","API Tests","com.automationlab.tests.OrderTest","testCancelOtherUserOrder"
"Verify products list only returns active products","61","testListOnlyActiveProducts","API Test Suite","Tue Apr 07 07:12:21 UTC 2026","passed","Tue Apr 07 07:12:21 UTC 2026","com.automationlab.tests.ProductTest","API Tests","com.automationlab.tests.ProductTest","testListOnlyActiveProducts"
"","760","Dashboard page displays welcome heading","chromium","Tue Apr 07 07:12:28 UTC 2026","passed","Tue Apr 07 07:12:29 UTC 2026","Dashboard — Authenticated Regular User","dashboard_test.spec.ts","",""
"","8","returns HTTP 400 for password shorter than minimum length","","Tue Apr 07 07:12:00 UTC 2026","passed","Tue Apr 07 07:12:00 UTC 2026","Authentication Endpoints > POST /api/auth/register","auth_test.spec.ts","",""
"Verify multiple consecutive health checks return consistent status","213","testHealthEndpointConsistency","API Test Suite","Tue Apr 07 07:12:13 UTC 2026","passed","Tue Apr 07 07:12:14 UTC 2026","com.automationlab.tests.HealthTest","API Tests","com.automationlab.tests.HealthTest","testHealthEndpointConsistency"
"","838","Dashboard page displays welcome heading","chromium","Tue Apr 07 07:12:22 UTC 2026","passed","Tue Apr 07 07:12:22 UTC 2026","Dashboard — Authenticated Admin","dashboard_test.spec.ts","",""
"","7","limit parameter is respected","","Tue Apr 07 07:12:10 UTC 2026","passed","Tue Apr 07 07:12:10 UTC 2026","Product Endpoints > GET /api/products","products_test.spec.ts","",""
"","30079","Order Tests","","Tue Apr 07 07:23:25 UTC 2026","passed","Tue Apr 07 07:23:55 UTC 2026","","JMeter Performance Tests","",""
"","921","Browse products link navigates to products page","chromium","Tue Apr 07 07:12:26 UTC 2026","passed","Tue Apr 07 07:12:26 UTC 2026","Dashboard — Authenticated Admin","dashboard_test.spec.ts","",""
"Verify successful login with valid credentials","279","testSuccessfulLogin","API Test Suite","Tue Apr 07 07:12:17 UTC 2026","passed","Tue Apr 07 07:12:17 UTC 2026","com.automationlab.tests.AuthTest","API Tests","com.automationlab.tests.AuthTest","testSuccessfulLogin"
"Verify registration fails with weak password","21","testRegistrationWeakPassword","API Test Suite","Tue Apr 07 07:12:16 UTC 2026","passed","Tue Apr 07 07:12:16 UTC 2026","com.automationlab.tests.AuthTest","API Tests","com.automationlab.tests.AuthTest","testRegistrationWeakPassword"
"","38199","PATCH /api/orders/:id/status - admin","","Tue Apr 07 07:14:55 UTC 2026","passed","Tue Apr 07 07:15:33 UTC 2026","","k6 Performance Tests","",""
"Product card link navigates to product detail page","1331","productCardLinkNavigatesToProductDetailPage","SQA Automation Lab — Selenium UI Suite","Tue Apr 07 07:15:51 UTC 2026","passed","Tue Apr 07 07:15:52 UTC 2026","com.sqa.ui.tests.ProductsTest","UI Tests","com.sqa.ui.tests.ProductsTest","productCardLinkNavigatesToProductDetailPage"
"","7","environment field is a non-empty string","","Tue Apr 07 07:12:01 UTC 2026","passed","Tue Apr 07 07:12:01 UTC 2026","Health Endpoints > GET /health","health_test.spec.ts","",""
"","74","returns HTTP 200 with valid token","","Tue Apr 07 07:12:00 UTC 2026","passed","Tue Apr 07 07:12:00 UTC 2026","Authentication Endpoints > GET /api/auth/me","auth_test.spec.ts","",""
"","438","Back to products link navigates to products page","chromium","Tue Apr 07 07:13:11 UTC 2026","passed","Tue Apr 07 07:13:11 UTC 2026","Product Detail — Unauthenticated","product_detail_test.spec.ts","",""
"Unauthenticated access to dashboard redirects to login","370","unauthenticatedAccessRedirectsToLogin","SQA Automation Lab — Selenium UI Suite","Tue Apr 07 07:18:13 UTC 2026","passed","Tue Apr 07 07:18:13 UTC 2026","com.sqa.ui.tests.DashboardTest","UI Tests","com.sqa.ui.tests.DashboardTest","unauthenticatedAccessRedirectsToLogin"
"","4","test_login_with_nonexistent_email_returns_401","tests","Tue Apr 07 07:12:18 UTC 2026","passed","Tue Apr 07 07:12:18 UTC 2026","TestLogin","auth_test","",""
"Filter orders by status parameter.","4","test_filter_orders_by_status","tests","Tue Apr 07 07:12:20 UTC 2026","passed","Tue Apr 07 07:12:20 UTC 2026","TestListOrders","orders_test","",""
"","4","test_update_nonexistent_product_returns_404","tests","Tue Apr 07 07:12:23 UTC 2026","passed","Tue Apr 07 07:12:23 UTC 2026","TestUpdateProduct","products_test","",""
"","321","Orders link is not visible","chromium","Tue Apr 07 07:12:40 UTC 2026","passed","Tue Apr 07 07:12:40 UTC 2026","Navbar — Unauthenticated","navbar_test.spec.ts","",""
"","4","test_admin_can_delete_any_user","tests","Tue Apr 07 07:12:24 UTC 2026","passed","Tue Apr 07 07:12:24 UTC 2026","TestDeleteUser","user_test","",""
"Sign in link navigates to login page","693","signInLinkNavigatesToLoginPage","SQA Automation Lab — Selenium UI Suite","Tue Apr 07 07:19:28 UTC 2026","passed","Tue Apr 07 07:19:29 UTC 2026","com.sqa.ui.tests.NavigationTest","UI Tests","com.sqa.ui.tests.NavigationTest","signInLinkNavigatesToLoginPage"
"","5","test_delete_nonexistent_user_returns_404","tests","Tue Apr 07 07:12:24 UTC 2026","passed","Tue Apr 07 07:12:24 UTC 2026","TestDeleteUser","user_test","",""
"","68","test_login_returns_user_info","tests","Tue Apr 07 07:12:18 UTC 2026","passed","Tue Apr 07 07:12:18 UTC 2026","TestLogin","auth_test","",""
"","288","admin can update a product and receives HTTP 200","","Tue Apr 07 07:12:13 UTC 2026","passed","Tue Apr 07 07:12:13 UTC 2026","Product Endpoints > PUT /api/products/:id","products_test.spec.ts","",""
"","346","returns HTTP 403 for non-admin authenticated user","","Tue Apr 07 07:12:07 UTC 2026","passed","Tue Apr 07 07:12:08 UTC 2026","Order Endpoints > PATCH /api/orders/:id/status","orders_test.spec.ts","",""
"","329","Sign-in link navigates to login page","chromium","Tue Apr 07 07:14:09 UTC 2026","passed","Tue Apr 07 07:14:09 UTC 2026","Register","register_test.spec.ts","",""
"","249","returns HTTP 404 for non-existent product","","Tue Apr 07 07:12:14 UTC 2026","passed","Tue Apr 07 07:12:14 UTC 2026","Product Endpoints > PUT /api/products/:id","products_test.spec.ts","",""
"Product detail page displays category","355","productDetailPageDisplaysCategory","SQA Automation Lab — Selenium UI Suite","Tue Apr 07 07:16:37 UTC 2026","failed","Tue Apr 07 07:16:37 UTC 2026","com.sqa.ui.tests.ProductDetailTest","UI Tests","com.sqa.ui.tests.ProductDetailTest","productDetailPageDisplaysCategory"
"","4","test_list_products_respects_limit","tests","Tue Apr 07 07:12:22 UTC 2026","passed","Tue Apr 07 07:12:22 UTC 2026","TestListProducts","products_test","",""
"","4","test_admin_can_update_stock","tests","Tue Apr 07 07:12:22 UTC 2026","passed","Tue Apr 07 07:12:22 UTC 2026","TestUpdateProduct","products_test","",""
"Register link is visible when unauthenticated","519","registerLinkIsVisibleWhenUnauthenticated","SQA Automation Lab — Selenium UI Suite","Tue Apr 07 07:19:12 UTC 2026","passed","Tue Apr 07 07:19:12 UTC 2026","com.sqa.ui.tests.NavigationTest","UI Tests","com.sqa.ui.tests.NavigationTest","registerLinkIsVisibleWhenUnauthenticated"
"","799","Admin orders page displays order cards","chromium","Tue Apr 07 07:12:56 UTC 2026","passed","Tue Apr 07 07:12:57 UTC 2026","Orders — Authenticated Admin","orders_test.spec.ts","",""
"","81","page navigation does not return overlapping results","","Tue Apr 07 07:12:17 UTC 2026","passed","Tue Apr 07 07:12:17 UTC 2026","User Endpoints > GET /api/users","user_test.spec.ts","",""
"","10","test_admin_can_view_any_order","tests","Tue Apr 07 07:12:20 UTC 2026","passed","Tue Apr 07 07:12:20 UTC 2026","TestGetOrder","orders_test","",""
"","251","creating with minimum fields returns 201 and stock defaults to zero","","Tue Apr 07 07:12:12 UTC 2026","passed","Tue Apr 07 07:12:12 UTC 2026","Product Endpoints > POST /api/products","products_test.spec.ts","",""
"Verify non-admin cannot update product","15","testUpdateProductNonAdmin","API Test Suite","Tue Apr 07 07:12:22 UTC 2026","passed","Tue Apr 07 07:12:22 UTC 2026","com.automationlab.tests.ProductTest","API Tests","com.automationlab.tests.ProductTest","testUpdateProductNonAdmin"
"Sign out button is visible when authenticated","1062","signOutButtonIsVisibleWhenAuthenticated","SQA Automation Lab — Selenium UI Suite","Tue Apr 07 07:19:40 UTC 2026","passed","Tue Apr 07 07:19:41 UTC 2026","com.sqa.ui.tests.NavigationTest","UI Tests","com.sqa.ui.tests.NavigationTest","signOutButtonIsVisibleWhenAuthenticated"
"","7","returns HTTP 400 when password is missing","","Tue Apr 07 07:12:00 UTC 2026","passed","Tue Apr 07 07:12:00 UTC 2026","Authentication Endpoints > POST /api/auth/login","auth_test.spec.ts","",""
"","739","Sign-in link is not visible","chromium","Tue Apr 07 07:12:51 UTC 2026","passed","Tue Apr 07 07:12:52 UTC 2026","Navbar — Authenticated Regular User","navbar_test.spec.ts","",""
"Unauthenticated place order redirects to login","340","unauthenticatedPlaceOrderRedirectsToLogin","SQA Automation Lab — Selenium UI Suite","Tue Apr 07 07:16:53 UTC 2026","failed","Tue Apr 07 07:16:53 UTC 2026","com.sqa.ui.tests.ProductDetailTest","UI Tests","com.sqa.ui.tests.ProductDetailTest","unauthenticatedPlaceOrderRedirectsToLogin"
"Dashboard displays user name","1479","dashboardDisplaysUserName","SQA Automation Lab — Selenium UI Suite","Tue Apr 07 07:17:53 UTC 2026","passed","Tue Apr 07 07:17:54 UTC 2026","com.sqa.ui.tests.DashboardTest","UI Tests","com.sqa.ui.tests.DashboardTest","dashboardDisplaysUserName"
"","323","total_amount is calculated correctly","","Tue Apr 07 07:12:02 UTC 2026","passed","Tue Apr 07 07:12:02 UTC 2026","Order Endpoints > POST /api/orders","orders_test.spec.ts","",""
"Recent orders table displays when orders exist","1457","recentOrdersTableDisplaysWhenOrdersExist","SQA Automation Lab — Selenium UI Suite","Tue Apr 07 07:18:08 UTC 2026","passed","Tue Apr 07 07:18:09 UTC 2026","com.sqa.ui.tests.DashboardTest","UI Tests","com.sqa.ui.tests.DashboardTest","recentOrdersTableDisplaysWhenOrdersExist"
"","80","response body conforms to auth response schema","","Tue Apr 07 07:11:59 UTC 2026","passed","Tue Apr 07 07:11:59 UTC 2026","Authentication Endpoints > POST /api/auth/register","auth_test.spec.ts","",""
"Regular users should not be able to view other users' profiles.","4","test_user_cannot_view_other_user","tests","Tue Apr 07 07:12:23 UTC 2026","passed","Tue Apr 07 07:12:23 UTC 2026","TestGetUser","user_test","",""
"","5","test_list_orders_pagination","tests","Tue Apr 07 07:12:20 UTC 2026","passed","Tue Apr 07 07:12:20 UTC 2026","TestListOrders","orders_test","",""
"","806","User pagination next button advances to page 2","chromium","Tue Apr 07 07:13:07 UTC 2026","passed","Tue Apr 07 07:13:08 UTC 2026","Orders — Authenticated User","orders_test.spec.ts","",""
"Products page displays product cards","1001","productsPageDisplaysProductCards","SQA Automation Lab — Selenium UI Suite","Tue Apr 07 07:16:00 UTC 2026","passed","Tue Apr 07 07:16:01 UTC 2026","com.sqa.ui.tests.ProductsTest","UI Tests","com.sqa.ui.tests.ProductsTest","productsPageDisplaysProductCards"
"Verify order includes item details","49","testOrderIncludesItemDetails","API Test Suite","Tue Apr 07 07:12:24 UTC 2026","passed","Tue Apr 07 07:12:24 UTC 2026","com.automationlab.tests.OrderTest","API Tests","com.automationlab.tests.OrderTest","testOrderIncludesItemDetails"
"","7","test_cancel_nonexistent_order_returns_404","tests","Tue Apr 07 07:12:22 UTC 2026","passed","Tue Apr 07 07:12:22 UTC 2026","TestCancelOrder","orders_test","",""
"","253","returns HTTP 401 without token","","Tue Apr 07 07:12:03 UTC 2026","passed","Tue Apr 07 07:12:03 UTC 2026","Order Endpoints > POST /api/orders","orders_test.spec.ts","",""
"","14","response body conforms to paginated products schema","","Tue Apr 07 07:12:10 UTC 2026","passed","Tue Apr 07 07:12:10 UTC 2026","Product Endpoints > GET /api/products","products_test.spec.ts","",""
"View All Orders link navigates to orders page","1551","viewAllOrdersLinkNavigatesToOrdersPage","SQA Automation Lab — Selenium UI Suite","Tue Apr 07 07:18:17 UTC 2026","passed","Tue Apr 07 07:18:18 UTC 2026","com.sqa.ui.tests.DashboardTest","UI Tests","com.sqa.ui.tests.DashboardTest","viewAllOrdersLinkNavigatesToOrdersPage"
"Verify new order has default pending status","27","testCreateOrderDefaultStatus","API Test Suite","Tue Apr 07 07:12:23 UTC 2026","passed","Tue Apr 07 07:12:23 UTC 2026","com.automationlab.tests.OrderTest","API Tests","com.automationlab.tests.OrderTest","testCreateOrderDefaultStatus"
"Dashboard displays user role","1584","dashboardDisplaysUserRole","SQA Automation Lab — Selenium UI Suite","Tue Apr 07 07:17:58 UTC 2026","passed","Tue Apr 07 07:17:59 UTC 2026","com.sqa.ui.tests.DashboardTest","UI Tests","com.sqa.ui.tests.DashboardTest","dashboardDisplaysUserRole"
"Verify orders list supports pagination","41","testListOrdersPagination","API Test Suite","Tue Apr 07 07:12:24 UTC 2026","passed","Tue Apr 07 07:12:24 UTC 2026","com.automationlab.tests.OrderTest","API Tests","com.automationlab.tests.OrderTest","testListOrdersPagination"
"","807","Sign-out clears session and redirects to login","chromium","Tue Apr 07 07:12:54 UTC 2026","passed","Tue Apr 07 07:12:55 UTC 2026","Navbar — Authenticated Regular User","navbar_test.spec.ts","",""
"","68","test_register_returns_user_details","tests","Tue Apr 07 07:12:17 UTC 2026","passed","Tue Apr 07 07:12:17 UTC 2026","TestRegistration","auth_test","",""
"Verify users list only returns active users","113","testListOnlyActiveUsers","API Test Suite","Tue Apr 07 07:12:18 UTC 2026","passed","Tue Apr 07 07:12:18 UTC 2026","com.automationlab.tests.UserTest","API Tests","com.automationlab.tests.UserTest","testListOnlyActiveUsers"
"Dashboard link is not visible when unauthenticated","449","dashboardLinkIsNotVisibleWhenUnauthenticated","SQA Automation Lab — Selenium UI Suite","Tue Apr 07 07:18:30 UTC 2026","passed","Tue Apr 07 07:18:30 UTC 2026","com.sqa.ui.tests.NavigationTest","UI Tests","com.sqa.ui.tests.NavigationTest","dashboardLinkIsNotVisibleWhenUnauthenticated"
"","328","order item details include product_id, quantity, and price","","Tue Apr 07 07:12:02 UTC 2026","passed","Tue Apr 07 07:12:03 UTC 2026","Order Endpoints > POST /api/orders","orders_test.spec.ts","",""
"","3","test_regular_user_cannot_create_product","tests","Tue Apr 07 07:12:22 UTC 2026","passed","Tue Apr 07 07:12:22 UTC 2026","TestCreateProduct","products_test","",""
"ILIKE search should be case-insensitive.","11","test_search_is_case_insensitive","tests","Tue Apr 07 07:12:22 UTC 2026","passed","Tue Apr 07 07:12:22 UTC 2026","TestFilterProducts","products_test","",""
"","969","User all status filter options are selectable","chromium","Tue Apr 07 07:13:06 UTC 2026","passed","Tue Apr 07 07:13:07 UTC 2026","Orders — Authenticated User","orders_test.spec.ts","",""
"","332","stock is restored after order cancellation","","Tue Apr 07 07:12:08 UTC 2026","passed","Tue Apr 07 07:12:09 UTC 2026","Order Endpoints > DELETE /api/orders/:id","orders_test.spec.ts","",""
"Verify products can be filtered by multiple criteria","23","testListProductsMultipleFilters","API Test Suite","Tue Apr 07 07:12:21 UTC 2026","passed","Tue Apr 07 07:12:21 UTC 2026","com.automationlab.tests.ProductTest","API Tests","com.automationlab.tests.ProductTest","testListProductsMultipleFilters"
"","38204","POST /api/orders","","Tue Apr 07 07:14:54 UTC 2026","passed","Tue Apr 07 07:15:32 UTC 2026","","k6 Performance Tests","",""
"Stock should decrease after order creation.","11","test_create_order_reduces_stock","tests","Tue Apr 07 07:12:19 UTC 2026","passed","Tue Apr 07 07:12:19 UTC 2026","TestCreateOrder","orders_test","",""
"","3","test_list_users_limit_exceeds_max_returns_400","tests","Tue Apr 07 07:12:23 UTC 2026","passed","Tue Apr 07 07:12:23 UTC 2026","TestListUsers","user_test","",""
"Empty last name shows validation error — AUT Bug C","11384","emptyLastNameShowsValidationError","SQA Automation Lab — Selenium UI Suite","Tue Apr 07 07:14:15 UTC 2026","failed","Tue Apr 07 07:14:27 UTC 2026","com.sqa.ui.tests.RegisterTest","UI Tests","com.sqa.ui.tests.RegisterTest","emptyLastNameShowsValidationError"
"","3","test_get_product_invalid_id_returns_400","tests","Tue Apr 07 07:12:22 UTC 2026","passed","Tue Apr 07 07:12:22 UTC 2026","TestGetProduct","products_test","",""
"","134","response body conforms to auth response schema","","Tue Apr 07 07:12:00 UTC 2026","passed","Tue Apr 07 07:12:00 UTC 2026","Authentication Endpoints > POST /api/auth/login","auth_test.spec.ts","",""
"","764","Dashboard link is visible","chromium","Tue Apr 07 07:12:44 UTC 2026","passed","Tue Apr 07 07:12:45 UTC 2026","Navbar — Authenticated Admin","navbar_test.spec.ts","",""
"Products link navigates to products page","699","productsLinkNavigatesToProductsPage","SQA Automation Lab — Selenium UI Suite","Tue Apr 07 07:19:03 UTC 2026","passed","Tue Apr 07 07:19:04 UTC 2026","com.sqa.ui.tests.NavigationTest","UI Tests","com.sqa.ui.tests.NavigationTest","productsLinkNavigatesToProductsPage"
"Verify default pagination limit","59","testListUsersDefaultPaginationLimit","API Test Suite","Tue Apr 07 07:12:18 UTC 2026","passed","Tue Apr 07 07:12:19 UTC 2026","com.automationlab.tests.UserTest","API Tests","com.automationlab.tests.UserTest","testListUsersDefaultPaginationLimit"
"","282","Invalid product id renders error state","chromium","Tue Apr 07 07:13:11 UTC 2026","passed","Tue Apr 07 07:13:12 UTC 2026","Product Detail — Unauthenticated","product_detail_test.spec.ts","",""
"","252","Product detail page displays category","chromium","Tue Apr 07 07:13:10 UTC 2026","passed","Tue Apr 07 07:13:10 UTC 2026","Product Detail — Unauthenticated","product_detail_test.spec.ts","",""
"","754","Dashboard link is visible","chromium","Tue Apr 07 07:12:50 UTC 2026","passed","Tue Apr 07 07:12:51 UTC 2026","Navbar — Authenticated Regular User","navbar_test.spec.ts","",""
"","10","test_admin_can_update_status_to_shipped","tests","Tue Apr 07 07:12:21 UTC 2026","passed","Tue Apr 07 07:12:21 UTC 2026","TestUpdateOrderStatus","orders_test","",""
"Authenticated user can set quantity before ordering","1552","authenticatedUserCanSetQuantityBeforeOrdering","SQA Automation Lab — Selenium UI Suite","Tue Apr 07 07:16:18 UTC 2026","failed","Tue Apr 07 07:16:20 UTC 2026","com.sqa.ui.tests.ProductDetailTest","UI Tests","com.sqa.ui.tests.ProductDetailTest","authenticatedUserCanSetQuantityBeforeOrdering"
