"DESCRIPTION","DURATION IN MS","NAME","PARENT SUITE","START TIME","STATUS","STOP TIME","SUB SUITE","SUITE","TEST CLASS","TEST METHOD"
"","2","test_health_includes_uptime","tests","Fri Mar 27 19:53:00 UTC 2026","passed","Fri Mar 27 19:53:00 UTC 2026","TestHealthEndpoint","health_test","",""
"Verify update order status fails without authentication","14","testUpdateOrderStatusNoAuth","API Test Suite","Fri Mar 27 19:53:17 UTC 2026","passed","Fri Mar 27 19:53:17 UTC 2026","com.automationlab.tests.OrderTest","API Tests","com.automationlab.tests.OrderTest","testUpdateOrderStatusNoAuth"
"Verify authenticated user can create an order","49","testCreateOrder","API Test Suite","Fri Mar 27 19:53:17 UTC 2026","passed","Fri Mar 27 19:53:17 UTC 2026","com.automationlab.tests.OrderTest","API Tests","com.automationlab.tests.OrderTest","testCreateOrder"
"","523","non-existent email stays on login page","chromium","Fri Mar 27 19:53:35 UTC 2026","passed","Fri Mar 27 19:53:36 UTC 2026","Login","login_test.spec.ts","",""
"Verify password is not returned in registration response","114","testRegistrationDoesNotReturnPassword","API Test Suite","Fri Mar 27 19:53:08 UTC 2026","passed","Fri Mar 27 19:53:08 UTC 2026","com.automationlab.tests.AuthTest","API Tests","com.automationlab.tests.AuthTest","testRegistrationDoesNotReturnPassword"
"","38197","GET /api/orders/:id","","Fri Mar 27 19:55:39 UTC 2026","passed","Fri Mar 27 19:56:17 UTC 2026","","k6 Performance Tests","",""
"","942","Admin cancel order dismissed by user leaves order intact","chromium","Fri Mar 27 19:54:01 UTC 2026","passed","Fri Mar 27 19:54:02 UTC 2026","Orders — Authenticated Admin","orders_test.spec.ts","",""
"","13","returns HTTP 400 when email is missing","","Fri Mar 27 19:52:50 UTC 2026","passed","Fri Mar 27 19:52:50 UTC 2026","Authentication Endpoints > POST /api/auth/register","auth_test.spec.ts","",""
"","762","Sign in link is not visible","chromium","Fri Mar 27 19:53:43 UTC 2026","passed","Fri Mar 27 19:53:44 UTC 2026","Navbar — Authenticated Admin","navbar_test.spec.ts","",""
"","3","test_list_users_invalid_page_returns_400","tests","Fri Mar 27 19:53:05 UTC 2026","passed","Fri Mar 27 19:53:05 UTC 2026","TestListUsers","user_test","",""
"","2","test_root_returns_app_info","tests","Fri Mar 27 19:53:00 UTC 2026","passed","Fri Mar 27 19:53:00 UTC 2026","TestRootEndpoint","health_test","",""
"Verify user cannot get another user's order","45","testGetOtherUserOrder","API Test Suite","Fri Mar 27 19:53:17 UTC 2026","passed","Fri Mar 27 19:53:17 UTC 2026","com.automationlab.tests.OrderTest","API Tests","com.automationlab.tests.OrderTest","testGetOtherUserOrder"
"","881","Sign-out redirects to login page","chromium","Fri Mar 27 19:53:30 UTC 2026","passed","Fri Mar 27 19:53:31 UTC 2026","Dashboard — Authenticated Regular User","dashboard_test.spec.ts","",""
"","316","user can cancel a pending order and receives HTTP 200","","Fri Mar 27 19:52:58 UTC 2026","passed","Fri Mar 27 19:52:58 UTC 2026","Order Endpoints > DELETE /api/orders/:id","orders_test.spec.ts","",""
"","895","Admin can set quantity before ordering","chromium","Fri Mar 27 19:54:13 UTC 2026","passed","Fri Mar 27 19:54:14 UTC 2026","Product Detail — Authenticated Admin","product_detail_test.spec.ts","",""
"","280","Invalid product id renders error state","chromium","Fri Mar 27 19:54:12 UTC 2026","passed","Fri Mar 27 19:54:12 UTC 2026","Product Detail — Unauthenticated","product_detail_test.spec.ts","",""
"","29984","Auth Tests","","Fri Mar 27 19:55:26 UTC 2026","passed","Fri Mar 27 19:55:56 UTC 2026","","JMeter Performance Tests","",""
"","803","Dashboard displays user email","chromium","Fri Mar 27 19:53:20 UTC 2026","passed","Fri Mar 27 19:53:21 UTC 2026","Dashboard — Authenticated Admin","dashboard_test.spec.ts","",""
"","315","admin can view any order","","Fri Mar 27 19:52:56 UTC 2026","passed","Fri Mar 27 19:52:56 UTC 2026","Order Endpoints > GET /api/orders/:id","orders_test.spec.ts","",""
"","9","category filter response includes filters metadata","","Fri Mar 27 19:53:00 UTC 2026","passed","Fri Mar 27 19:53:00 UTC 2026","Product Endpoints > GET /api/products","products_test.spec.ts","",""
"","39124","GET /health","","Fri Mar 27 19:52:51 UTC 2026","passed","Fri Mar 27 19:53:31 UTC 2026","","k6 Performance Tests","",""
"","10","test_order_items_include_product_details","tests","Fri Mar 27 19:53:02 UTC 2026","passed","Fri Mar 27 19:53:02 UTC 2026","TestGetOrder","orders_test","",""
"","3","test_get_nonexistent_order_returns_404","tests","Fri Mar 27 19:53:02 UTC 2026","passed","Fri Mar 27 19:53:02 UTC 2026","TestGetOrder","orders_test","",""
"","6","content-type is application/json","","Fri Mar 27 19:52:51 UTC 2026","passed","Fri Mar 27 19:52:51 UTC 2026","Health Endpoints > GET /health","health_test.spec.ts","",""
"Verify password is not included in user response","22","testGetUserDoesNotReturnPassword","API Test Suite","Fri Mar 27 19:53:11 UTC 2026","passed","Fri Mar 27 19:53:11 UTC 2026","com.automationlab.tests.UserTest","API Tests","com.automationlab.tests.UserTest","testGetUserDoesNotReturnPassword"
"Verify admin can soft delete any user","146","testAdminDeleteAnyUser","API Test Suite","Fri Mar 27 19:53:10 UTC 2026","passed","Fri Mar 27 19:53:10 UTC 2026","com.automationlab.tests.UserTest","API Tests","com.automationlab.tests.UserTest","testAdminDeleteAnyUser"
"","245","returns HTTP 401 without token","","Fri Mar 27 19:52:53 UTC 2026","passed","Fri Mar 27 19:52:53 UTC 2026","Order Endpoints > POST /api/orders","orders_test.spec.ts","",""
"","37984","Step 3: Browse products","","Fri Mar 27 19:56:22 UTC 2026","passed","Fri Mar 27 19:57:00 UTC 2026","","k6 Performance Tests","",""
"Verify new order has default pending status","28","testCreateOrderDefaultStatus","API Test Suite","Fri Mar 27 19:53:16 UTC 2026","passed","Fri Mar 27 19:53:16 UTC 2026","com.automationlab.tests.OrderTest","API Tests","com.automationlab.tests.OrderTest","testCreateOrderDefaultStatus"
"","392","Sign-out button is not visible","chromium","Fri Mar 27 19:53:39 UTC 2026","passed","Fri Mar 27 19:53:39 UTC 2026","Navbar — Unauthenticated","navbar_test.spec.ts","",""
"Verify health endpoint response time is acceptable","64","testHealthEndpointResponseTime","API Test Suite","Fri Mar 27 19:53:06 UTC 2026","passed","Fri Mar 27 19:53:07 UTC 2026","com.automationlab.tests.HealthTest","API Tests","com.automationlab.tests.HealthTest","testHealthEndpointResponseTime"
"","792","Orders link is visible","chromium","Fri Mar 27 19:53:49 UTC 2026","passed","Fri Mar 27 19:53:49 UTC 2026","Navbar — Authenticated Regular User","navbar_test.spec.ts","",""
"Verify JWT token contains required claims","296","testTokenStructure","API Test Suite","Fri Mar 27 19:53:09 UTC 2026","passed","Fri Mar 27 19:53:09 UTC 2026","com.automationlab.tests.AuthTest","API Tests","com.automationlab.tests.AuthTest","testTokenStructure"
"Verify root endpoint lists available endpoints","64","testRootEndpointListsEndpoints","API Test Suite","Fri Mar 27 19:53:07 UTC 2026","passed","Fri Mar 27 19:53:07 UTC 2026","com.automationlab.tests.HealthTest","API Tests","com.automationlab.tests.HealthTest","testRootEndpointListsEndpoints"
"","911","Admin sees product cards","chromium","Fri Mar 27 19:54:23 UTC 2026","passed","Fri Mar 27 19:54:24 UTC 2026","Products — Authenticated Admin","products_test.spec.ts","",""
"","778","Dashboard displays user email","chromium","Fri Mar 27 19:53:27 UTC 2026","passed","Fri Mar 27 19:53:27 UTC 2026","Dashboard — Authenticated Regular User","dashboard_test.spec.ts","",""
"","39248","GET /api/users","","Fri Mar 27 19:54:14 UTC 2026","passed","Fri Mar 27 19:54:54 UTC 2026","","k6 Performance Tests","",""
"Verify create product fails without authentication","13","testCreateProductNoAuth","API Test Suite","Fri Mar 27 19:53:13 UTC 2026","passed","Fri Mar 27 19:53:13 UTC 2026","com.automationlab.tests.ProductTest","API Tests","com.automationlab.tests.ProductTest","testCreateProductNoAuth"
"","2","test_create_product_without_name_returns_400","tests","Fri Mar 27 19:53:04 UTC 2026","passed","Fri Mar 27 19:53:04 UTC 2026","TestCreateProduct","products_test","",""
"","11","returns HTTP 401 without token","","Fri Mar 27 19:52:55 UTC 2026","passed","Fri Mar 27 19:52:55 UTC 2026","Order Endpoints > GET /api/orders/:id","orders_test.spec.ts","",""
"Verify create product fails with negative price","13","testCreateProductNegativePrice","API Test Suite","Fri Mar 27 19:53:13 UTC 2026","passed","Fri Mar 27 19:53:13 UTC 2026","com.automationlab.tests.ProductTest","API Tests","com.automationlab.tests.ProductTest","testCreateProductNegativePrice"
"","788","Sign-in link is not visible","chromium","Fri Mar 27 19:53:50 UTC 2026","passed","Fri Mar 27 19:53:51 UTC 2026","Navbar — Authenticated Regular User","navbar_test.spec.ts","",""
"Dashboard displays user email","1358","dashboardDisplaysUserEmail","SQA Automation Lab — Selenium UI Suite","Fri Mar 27 19:57:51 UTC 2026","passed","Fri Mar 27 19:57:52 UTC 2026","com.sqa.ui.tests.DashboardTest","UI Tests","com.sqa.ui.tests.DashboardTest","dashboardDisplaysUserEmail"
"","7","response body contains message field","","Fri Mar 27 19:52:51 UTC 2026","passed","Fri Mar 27 19:52:51 UTC 2026","Health Endpoints > GET /","health_test.spec.ts","",""
"Register link navigates to register page","672","registerLinkNavigatesToRegisterPage","SQA Automation Lab — Selenium UI Suite","Fri Mar 27 19:59:17 UTC 2026","passed","Fri Mar 27 19:59:17 UTC 2026","com.sqa.ui.tests.NavigationTest","UI Tests","com.sqa.ui.tests.NavigationTest","registerLinkNavigatesToRegisterPage"
"","859","Orders link navigates to orders page","chromium","Fri Mar 27 19:53:52 UTC 2026","passed","Fri Mar 27 19:53:53 UTC 2026","Navbar — Authenticated Regular User","navbar_test.spec.ts","",""
"","3","test_update_nonexistent_order_returns_404","tests","Fri Mar 27 19:53:03 UTC 2026","passed","Fri Mar 27 19:53:03 UTC 2026","TestUpdateOrderStatus","orders_test","",""
"Verify non-admin cannot create product","12","testCreateProductNonAdmin","API Test Suite","Fri Mar 27 19:53:13 UTC 2026","passed","Fri Mar 27 19:53:13 UTC 2026","com.automationlab.tests.ProductTest","API Tests","com.automationlab.tests.ProductTest","testCreateProductNonAdmin"
"","243","response body conforms to product schema","","Fri Mar 27 19:53:00 UTC 2026","passed","Fri Mar 27 19:53:01 UTC 2026","Product Endpoints > GET /api/products/:id","products_test.spec.ts","",""
"","9","test_admin_can_update_status_to_processing","tests","Fri Mar 27 19:53:02 UTC 2026","passed","Fri Mar 27 19:53:02 UTC 2026","TestUpdateOrderStatus","orders_test","",""
"","2","test_health_reports_healthy_status","tests","Fri Mar 27 19:53:00 UTC 2026","passed","Fri Mar 27 19:53:00 UTC 2026","TestHealthEndpoint","health_test","",""
"Verify health check works with GET method","27","testHealthEndpointGetMethod","API Test Suite","Fri Mar 27 19:53:06 UTC 2026","passed","Fri Mar 27 19:53:06 UTC 2026","com.automationlab.tests.HealthTest","API Tests","com.automationlab.tests.HealthTest","testHealthEndpointGetMethod"
"","69","returns HTTP 400 for empty update body","","Fri Mar 27 19:53:08 UTC 2026","passed","Fri Mar 27 19:53:08 UTC 2026","User Endpoints > PUT /api/users/:id","user_test.spec.ts","",""
"","339","response body conforms to order schema","","Fri Mar 27 19:52:55 UTC 2026","passed","Fri Mar 27 19:52:55 UTC 2026","Order Endpoints > GET /api/orders/:id","orders_test.spec.ts","",""
"","2","test_create_product_with_negative_stock_returns_400","tests","Fri Mar 27 19:53:04 UTC 2026","passed","Fri Mar 27 19:53:04 UTC 2026","TestCreateProduct","products_test","",""
"Cancel order dismissed by user leaves order intact — AUT Bug C","1103","cancelOrderDismissedLeavesOrderIntact","SQA Automation Lab — Selenium UI Suite","Fri Mar 27 19:57:08 UTC 2026","passed","Fri Mar 27 19:57:09 UTC 2026","com.sqa.ui.tests.OrdersTest","UI Tests","com.sqa.ui.tests.OrdersTest","cancelOrderDismissedLeavesOrderIntact"
"","409","Search with no matches shows no products found message","chromium","Fri Mar 27 19:54:20 UTC 2026","passed","Fri Mar 27 19:54:20 UTC 2026","Products — Unauthenticated","products_test.spec.ts","",""
"","3","test_get_nonexistent_user_returns_404","tests","Fri Mar 27 19:53:05 UTC 2026","passed","Fri Mar 27 19:53:05 UTC 2026","TestGetUser","user_test","",""
"","14","returns HTTP 400 when password is missing","","Fri Mar 27 19:52:50 UTC 2026","passed","Fri Mar 27 19:52:50 UTC 2026","Authentication Endpoints > POST /api/auth/register","auth_test.spec.ts","",""
"Verify delete product fails without authentication","14","testDeleteProductNoAuth","API Test Suite","Fri Mar 27 19:53:14 UTC 2026","passed","Fri Mar 27 19:53:14 UTC 2026","com.automationlab.tests.ProductTest","API Tests","com.automationlab.tests.ProductTest","testDeleteProductNoAuth"
"Verify pagination returns correct total count","89","testListUsersPaginationTotalCount","API Test Suite","Fri Mar 27 19:53:11 UTC 2026","passed","Fri Mar 27 19:53:11 UTC 2026","com.automationlab.tests.UserTest","API Tests","com.automationlab.tests.UserTest","testListUsersPaginationTotalCount"
"","7","response contains products array and pagination object","","Fri Mar 27 19:53:00 UTC 2026","passed","Fri Mar 27 19:53:00 UTC 2026","Product Endpoints > GET /api/products","products_test.spec.ts","",""
"","779","Register link is not visible","chromium","Fri Mar 27 19:53:51 UTC 2026","passed","Fri Mar 27 19:53:52 UTC 2026","Navbar — Authenticated Regular User","navbar_test.spec.ts","",""
"","7","response body conforms to health schema","","Fri Mar 27 19:52:51 UTC 2026","passed","Fri Mar 27 19:52:51 UTC 2026","Health Endpoints > GET /health","health_test.spec.ts","",""
"","314","updated status is returned in response","","Fri Mar 27 19:52:57 UTC 2026","passed","Fri Mar 27 19:52:57 UTC 2026","Order Endpoints > PATCH /api/orders/:id/status","orders_test.spec.ts","",""
"Verify get order fails without authentication","11","testGetOrderNoAuth","API Test Suite","Fri Mar 27 19:53:17 UTC 2026","passed","Fri Mar 27 19:53:17 UTC 2026","com.automationlab.tests.OrderTest","API Tests","com.automationlab.tests.OrderTest","testGetOrderNoAuth"
"","39248","GET /api/users/:id - own user","","Fri Mar 27 19:54:15 UTC 2026","passed","Fri Mar 27 19:54:54 UTC 2026","","k6 Performance Tests","",""
"Verify create product fails with missing price","15","testCreateProductMissingPrice","API Test Suite","Fri Mar 27 19:53:13 UTC 2026","passed","Fri Mar 27 19:53:13 UTC 2026","com.automationlab.tests.ProductTest","API Tests","com.automationlab.tests.ProductTest","testCreateProductMissingPrice"
"Verify user can soft delete their own account","124","testDeleteOwnUser","API Test Suite","Fri Mar 27 19:53:11 UTC 2026","passed","Fri Mar 27 19:53:11 UTC 2026","com.automationlab.tests.UserTest","API Tests","com.automationlab.tests.UserTest","testDeleteOwnUser"
"","2","test_root_lists_available_endpoints","tests","Fri Mar 27 19:53:00 UTC 2026","passed","Fri Mar 27 19:53:00 UTC 2026","TestRootEndpoint","health_test","",""
"","897","User sees product cards","chromium","Fri Mar 27 19:54:26 UTC 2026","passed","Fri Mar 27 19:54:26 UTC 2026","Products — Authenticated User","products_test.spec.ts","",""
"","313","returns HTTP 401 without token","","Fri Mar 27 19:52:59 UTC 2026","passed","Fri Mar 27 19:52:59 UTC 2026","Order Endpoints > DELETE /api/orders/:id","orders_test.spec.ts","",""
"Verify get current user fails with invalid token","28","testGetCurrentUserInvalidToken","API Test Suite","Fri Mar 27 19:53:07 UTC 2026","passed","Fri Mar 27 19:53:07 UTC 2026","com.automationlab.tests.AuthTest","API Tests","com.automationlab.tests.AuthTest","testGetCurrentUserInvalidToken"
"","9","test_admin_can_update_status_to_delivered","tests","Fri Mar 27 19:53:03 UTC 2026","passed","Fri Mar 27 19:53:03 UTC 2026","TestUpdateOrderStatus","orders_test","",""
"","8","returns HTTP 200 without authentication","","Fri Mar 27 19:53:00 UTC 2026","passed","Fri Mar 27 19:53:00 UTC 2026","Product Endpoints > GET /api/products","products_test.spec.ts","",""
"","9","test_create_order_with_single_item","tests","Fri Mar 27 19:53:00 UTC 2026","passed","Fri Mar 27 19:53:00 UTC 2026","TestCreateOrder","orders_test","",""
"Verify admin can get any order","24","testAdminGetAnyOrder","API Test Suite","Fri Mar 27 19:53:16 UTC 2026","passed","Fri Mar 27 19:53:16 UTC 2026","com.automationlab.tests.OrderTest","API Tests","com.automationlab.tests.OrderTest","testAdminGetAnyOrder"
"","315","returns only the authenticated users own orders","","Fri Mar 27 19:52:54 UTC 2026","passed","Fri Mar 27 19:52:54 UTC 2026","Order Endpoints > GET /api/orders","orders_test.spec.ts","",""
"","7","returns HTTP 200","","Fri Mar 27 19:52:51 UTC 2026","passed","Fri Mar 27 19:52:51 UTC 2026","Health Endpoints > GET /health","health_test.spec.ts","",""
"","47","test_create_order_returns_item_details","tests","Fri Mar 27 19:53:01 UTC 2026","passed","Fri Mar 27 19:53:01 UTC 2026","TestCreateOrder","orders_test","",""
"","956","User can place order successfully","chromium","Fri Mar 27 19:54:15 UTC 2026","passed","Fri Mar 27 19:54:16 UTC 2026","Product Detail — Authenticated User","product_detail_test.spec.ts","",""
"","2","test_register_with_empty_body_returns_400","tests","Fri Mar 27 19:52:59 UTC 2026","passed","Fri Mar 27 19:52:59 UTC 2026","TestRegistration","auth_test","",""
"Search returns filtered results","1119","searchReturnsFilteredResults","SQA Automation Lab — Selenium UI Suite","Fri Mar 27 19:56:11 UTC 2026","passed","Fri Mar 27 19:56:12 UTC 2026","com.sqa.ui.tests.ProductsTest","UI Tests","com.sqa.ui.tests.ProductsTest","searchReturnsFilteredResults"
"Verify orders can be filtered by status","37","testListOrdersByStatus","API Test Suite","Fri Mar 27 19:53:17 UTC 2026","passed","Fri Mar 27 19:53:17 UTC 2026","com.automationlab.tests.OrderTest","API Tests","com.automationlab.tests.OrderTest","testListOrdersByStatus"
"","2","test_create_order_with_empty_items_returns_400","tests","Fri Mar 27 19:53:01 UTC 2026","passed","Fri Mar 27 19:53:01 UTC 2026","TestCreateOrder","orders_test","",""
"","275","Register page displays create account heading","chromium","Fri Mar 27 19:54:27 UTC 2026","passed","Fri Mar 27 19:54:28 UTC 2026","Register","register_test.spec.ts","",""
"Order error message shown on API failure","978","orderErrorMessageShownOnApiFailure","SQA Automation Lab — Selenium UI Suite","Fri Mar 27 19:56:39 UTC 2026","passed","Fri Mar 27 19:56:40 UTC 2026","com.sqa.ui.tests.ProductDetailTest","UI Tests","com.sqa.ui.tests.ProductDetailTest","orderErrorMessageShownOnApiFailure"
"Product detail page displays stock status","357","productDetailPageDisplaysStockStatus","SQA Automation Lab — Selenium UI Suite","Fri Mar 27 19:56:55 UTC 2026","failed","Fri Mar 27 19:56:55 UTC 2026","com.sqa.ui.tests.ProductDetailTest","UI Tests","com.sqa.ui.tests.ProductDetailTest","productDetailPageDisplaysStockStatus"
"","384","returns HTTP 403 when cancelling another users order","","Fri Mar 27 19:52:59 UTC 2026","passed","Fri Mar 27 19:52:59 UTC 2026","Order Endpoints > DELETE /api/orders/:id","orders_test.spec.ts","",""
"View All Orders link navigates to orders page","1696","viewAllOrdersLinkNavigatesToOrdersPage","SQA Automation Lab — Selenium UI Suite","Fri Mar 27 19:58:18 UTC 2026","passed","Fri Mar 27 19:58:20 UTC 2026","com.sqa.ui.tests.DashboardTest","UI Tests","com.sqa.ui.tests.DashboardTest","viewAllOrdersLinkNavigatesToOrdersPage"
"","365","Orders link is not visible","chromium","Fri Mar 27 19:53:38 UTC 2026","passed","Fri Mar 27 19:53:39 UTC 2026","Navbar — Unauthenticated","navbar_test.spec.ts","",""
"Browse Products link navigates to products page","1527","browseProductsLinkNavigatesToProductsPage","SQA Automation Lab — Selenium UI Suite","Fri Mar 27 19:57:46 UTC 2026","passed","Fri Mar 27 19:57:47 UTC 2026","com.sqa.ui.tests.DashboardTest","UI Tests","com.sqa.ui.tests.DashboardTest","browseProductsLinkNavigatesToProductsPage"
"","3","test_login_without_password_returns_400","tests","Fri Mar 27 19:52:59 UTC 2026","passed","Fri Mar 27 19:52:59 UTC 2026","TestLogin","auth_test","",""
"Attempt to update email to one already in use.","4","test_update_with_duplicate_email_returns_409","tests","Fri Mar 27 19:53:05 UTC 2026","passed","Fri Mar 27 19:53:05 UTC 2026","TestUpdateUser","user_test","",""
"","78","page navigation does not return overlapping results","","Fri Mar 27 19:53:06 UTC 2026","passed","Fri Mar 27 19:53:06 UTC 2026","User Endpoints > GET /api/users","user_test.spec.ts","",""
"Verify products can be filtered by category","36","testListProductsByCategory","API Test Suite","Fri Mar 27 19:53:14 UTC 2026","passed","Fri Mar 27 19:53:14 UTC 2026","com.automationlab.tests.ProductTest","API Tests","com.automationlab.tests.ProductTest","testListProductsByCategory"
"","38197","DELETE /api/orders/:id","","Fri Mar 27 19:55:41 UTC 2026","passed","Fri Mar 27 19:56:19 UTC 2026","","k6 Performance Tests","",""
"","2","test_get_current_user_with_invalid_token_returns_403","tests","Fri Mar 27 19:53:00 UTC 2026","passed","Fri Mar 27 19:53:00 UTC 2026","TestCurrentUser","auth_test","",""
"","274","login page displays sign in heading","chromium","Fri Mar 27 19:53:31 UTC 2026","passed","Fri Mar 27 19:53:31 UTC 2026","Login","login_test.spec.ts","",""
"","29911","Health Tests","","Fri Mar 27 19:54:51 UTC 2026","passed","Fri Mar 27 19:55:21 UTC 2026","","JMeter Performance Tests","",""
"","38134","GET /api/products","","Fri Mar 27 19:54:56 UTC 2026","passed","Fri Mar 27 19:55:35 UTC 2026","","k6 Performance Tests","",""
"Verify user can get their own order details","47","testGetOwnOrder","API Test Suite","Fri Mar 27 19:53:17 UTC 2026","passed","Fri Mar 27 19:53:17 UTC 2026","com.automationlab.tests.OrderTest","API Tests","com.automationlab.tests.OrderTest","testGetOwnOrder"
"","3","test_register_with_invalid_email_returns_400","tests","Fri Mar 27 19:52:59 UTC 2026","passed","Fri Mar 27 19:52:59 UTC 2026","TestRegistration","auth_test","",""
"","316","status filter returns only orders matching that status","","Fri Mar 27 19:52:54 UTC 2026","passed","Fri Mar 27 19:52:54 UTC 2026","Order Endpoints > GET /api/orders","orders_test.spec.ts","",""
"","362","returns HTTP 403 for non-admin authenticated user","","Fri Mar 27 19:53:04 UTC 2026","passed","Fri Mar 27 19:53:04 UTC 2026","Product Endpoints > PUT /api/products/:id","products_test.spec.ts","",""
"","73","test_register_with_minimum_fields","tests","Fri Mar 27 19:52:58 UTC 2026","passed","Fri Mar 27 19:52:59 UTC 2026","TestRegistration","auth_test","",""
"","862","Admin order error message shown on invalid product","chromium","Fri Mar 27 19:54:14 UTC 2026","passed","Fri Mar 27 19:54:15 UTC 2026","Product Detail — Authenticated Admin","product_detail_test.spec.ts","",""
"","6","response body contains endpoints field","","Fri Mar 27 19:52:51 UTC 2026","passed","Fri Mar 27 19:52:51 UTC 2026","Health Endpoints > GET /","health_test.spec.ts","",""
"","2","test_get_user_invalid_id_returns_400","tests","Fri Mar 27 19:53:05 UTC 2026","passed","Fri Mar 27 19:53:05 UTC 2026","TestGetUser","user_test","",""
"","3","test_get_product_invalid_id_returns_400","tests","Fri Mar 27 19:53:04 UTC 2026","passed","Fri Mar 27 19:53:04 UTC 2026","TestGetProduct","products_test","",""
"","10","test_status_update_changes_updated_at","tests","Fri Mar 27 19:53:03 UTC 2026","passed","Fri Mar 27 19:53:03 UTC 2026","TestUpdateOrderStatus","orders_test","",""
"","3","test_root_returns_200","tests","Fri Mar 27 19:53:00 UTC 2026","passed","Fri Mar 27 19:53:00 UTC 2026","TestRootEndpoint","health_test","",""
"Verify authenticated user can retrieve their own profile","68","testGetCurrentUser","API Test Suite","Fri Mar 27 19:53:07 UTC 2026","passed","Fri Mar 27 19:53:07 UTC 2026","com.automationlab.tests.AuthTest","API Tests","com.automationlab.tests.AuthTest","testGetCurrentUser"
"","921","Admin orders page displays heading","chromium","Fri Mar 27 19:53:55 UTC 2026","passed","Fri Mar 27 19:53:56 UTC 2026","Orders — Authenticated Admin","orders_test.spec.ts","",""
"","5","returns HTTP 400 when password is missing","","Fri Mar 27 19:52:50 UTC 2026","passed","Fri Mar 27 19:52:50 UTC 2026","Authentication Endpoints > POST /api/auth/login","auth_test.spec.ts","",""
"","482","Mismatched passwords show validation error","chromium","Fri Mar 27 19:54:44 UTC 2026","passed","Fri Mar 27 19:54:45 UTC 2026","Register","register_test.spec.ts","",""
"Verify admin can update any user","40","testAdminUpdateAnyUser","API Test Suite","Fri Mar 27 19:53:10 UTC 2026","passed","Fri Mar 27 19:53:10 UTC 2026","com.automationlab.tests.UserTest","API Tests","com.automationlab.tests.UserTest","testAdminUpdateAnyUser"
"","30111","Order Tests","","Fri Mar 27 19:57:13 UTC 2026","passed","Fri Mar 27 19:57:43 UTC 2026","","JMeter Performance Tests","",""
"","6","uptime is a positive number","","Fri Mar 27 19:52:51 UTC 2026","passed","Fri Mar 27 19:52:51 UTC 2026","Health Endpoints > GET /health","health_test.spec.ts","",""
"","931","valid login renders authenticated navbar state","chromium","Fri Mar 27 19:53:32 UTC 2026","passed","Fri Mar 27 19:53:33 UTC 2026","Login","login_test.spec.ts","",""
"","37983","Step 2: Login","","Fri Mar 27 19:56:21 UTC 2026","passed","Fri Mar 27 19:56:59 UTC 2026","","k6 Performance Tests","",""
"","2","test_register_with_short_password_returns_400","tests","Fri Mar 27 19:52:59 UTC 2026","passed","Fri Mar 27 19:52:59 UTC 2026","TestRegistration","auth_test","",""
"","6","returns HTTP 401 for non-existent email","","Fri Mar 27 19:52:50 UTC 2026","passed","Fri Mar 27 19:52:50 UTC 2026","Authentication Endpoints > POST /api/auth/login","auth_test.spec.ts","",""
"","37983","Step 4: View product detail","","Fri Mar 27 19:56:23 UTC 2026","passed","Fri Mar 27 19:57:01 UTC 2026","","k6 Performance Tests","",""
"","4","test_admin_can_update_any_user","tests","Fri Mar 27 19:53:05 UTC 2026","passed","Fri Mar 27 19:53:05 UTC 2026","TestUpdateUser","user_test","",""
"","5474","Empty first name shows validation error","chromium","Fri Mar 27 19:54:29 UTC 2026","failed","Fri Mar 27 19:54:34 UTC 2026","Register","register_test.spec.ts","",""
"","7","returns HTTP 404 for non-existent product","","Fri Mar 27 19:53:01 UTC 2026","passed","Fri Mar 27 19:53:01 UTC 2026","Product Endpoints > GET /api/products/:id","products_test.spec.ts","",""
"","239","returns HTTP 400 for negative price","","Fri Mar 27 19:53:02 UTC 2026","passed","Fri Mar 27 19:53:02 UTC 2026","Product Endpoints > POST /api/products","products_test.spec.ts","",""
"","6","returns HTTP 401 without token","","Fri Mar 27 19:52:51 UTC 2026","passed","Fri Mar 27 19:52:51 UTC 2026","Authentication Endpoints > GET /api/auth/me","auth_test.spec.ts","",""
"","238","returns HTTP 404 for non-existent product","","Fri Mar 27 19:53:05 UTC 2026","passed","Fri Mar 27 19:53:05 UTC 2026","Product Endpoints > DELETE /api/products/:id","products_test.spec.ts","",""
"Authenticated user sees product cards","1447","authenticatedUserSeesProductCards","SQA Automation Lab — Selenium UI Suite","Fri Mar 27 19:55:36 UTC 2026","passed","Fri Mar 27 19:55:37 UTC 2026","com.sqa.ui.tests.ProductsTest","UI Tests","com.sqa.ui.tests.ProductsTest","authenticatedUserSeesProductCards"
"","10","products in listing include expected fields","","Fri Mar 27 19:53:00 UTC 2026","passed","Fri Mar 27 19:53:00 UTC 2026","Product Endpoints > GET /api/products","products_test.spec.ts","",""
"","763","Dashboard link is visible","chromium","Fri Mar 27 19:53:43 UTC 2026","passed","Fri Mar 27 19:53:43 UTC 2026","Navbar — Authenticated Admin","navbar_test.spec.ts","",""
"Verify products list supports pagination","59","testListProductsPagination","API Test Suite","Fri Mar 27 19:53:14 UTC 2026","passed","Fri Mar 27 19:53:14 UTC 2026","com.automationlab.tests.ProductTest","API Tests","com.automationlab.tests.ProductTest","testListProductsPagination"
"Sign out button is visible when authenticated","1155","signOutButtonIsVisibleWhenAuthenticated","SQA Automation Lab — Selenium UI Suite","Fri Mar 27 19:59:41 UTC 2026","passed","Fri Mar 27 19:59:42 UTC 2026","com.sqa.ui.tests.NavigationTest","UI Tests","com.sqa.ui.tests.NavigationTest","signOutButtonIsVisibleWhenAuthenticated"
"","939","User can navigate to product detail","chromium","Fri Mar 27 19:54:26 UTC 2026","passed","Fri Mar 27 19:54:27 UTC 2026","Products — Authenticated User","products_test.spec.ts","",""
"","70","returns HTTP 200 with valid token","","Fri Mar 27 19:52:51 UTC 2026","passed","Fri Mar 27 19:52:51 UTC 2026","Authentication Endpoints > POST /api/auth/logout","auth_test.spec.ts","",""
"","37984","Step 6: Check order status","","Fri Mar 27 19:56:25 UTC 2026","passed","Fri Mar 27 19:57:03 UTC 2026","","k6 Performance Tests","",""
"Authenticated user can place order successfully","1543","authenticatedUserCanPlaceOrderSuccessfully","SQA Automation Lab — Selenium UI Suite","Fri Mar 27 19:56:20 UTC 2026","passed","Fri Mar 27 19:56:22 UTC 2026","com.sqa.ui.tests.ProductDetailTest","UI Tests","com.sqa.ui.tests.ProductDetailTest","authenticatedUserCanPlaceOrderSuccessfully"
"","3","test_register_without_password_returns_400","tests","Fri Mar 27 19:52:59 UTC 2026","passed","Fri Mar 27 19:52:59 UTC 2026","TestRegistration","auth_test","",""
"","38136","DELETE /api/products/:id","","Fri Mar 27 19:54:59 UTC 2026","passed","Fri Mar 27 19:55:37 UTC 2026","","k6 Performance Tests","",""
"","3","test_invalid_route_returns_404","tests","Fri Mar 27 19:53:00 UTC 2026","passed","Fri Mar 27 19:53:00 UTC 2026","TestNotFound","health_test","",""
"Stock should decrease after order creation.","10","test_create_order_reduces_stock","tests","Fri Mar 27 19:53:00 UTC 2026","passed","Fri Mar 27 19:53:00 UTC 2026","TestCreateOrder","orders_test","",""
"Verify products list only returns active products","63","testListOnlyActiveProducts","API Test Suite","Fri Mar 27 19:53:14 UTC 2026","passed","Fri Mar 27 19:53:14 UTC 2026","com.automationlab.tests.ProductTest","API Tests","com.automationlab.tests.ProductTest","testListOnlyActiveProducts"
"Valid credentials redirect to dashboard","1404","validCredentialsRedirectToDashboard","SQA Automation Lab — Selenium UI Suite","Fri Mar 27 19:54:06 UTC 2026","passed","Fri Mar 27 19:54:07 UTC 2026","com.sqa.ui.tests.LoginTest","UI Tests","com.sqa.ui.tests.LoginTest","validCredentialsRedirectToDashboard"
"","2","test_create_product_with_negative_price_returns_400","tests","Fri Mar 27 19:53:04 UTC 2026","passed","Fri Mar 27 19:53:04 UTC 2026","TestCreateProduct","products_test","",""
"Orders link navigates to orders page","1111","ordersLinkNavigatesToOrdersPage","SQA Automation Lab — Selenium UI Suite","Fri Mar 27 19:58:56 UTC 2026","passed","Fri Mar 27 19:58:57 UTC 2026","com.sqa.ui.tests.NavigationTest","UI Tests","com.sqa.ui.tests.NavigationTest","ordersLinkNavigatesToOrdersPage"
"Products page displays heading","889","productsPageDisplaysHeading","SQA Automation Lab — Selenium UI Suite","Fri Mar 27 19:56:03 UTC 2026","passed","Fri Mar 27 19:56:04 UTC 2026","com.sqa.ui.tests.ProductsTest","UI Tests","com.sqa.ui.tests.ProductsTest","productsPageDisplaysHeading"
"Pagination prev button returns to page 1 — AUT Bug E","1464","paginationPrevButtonReturnsToPAge1","SQA Automation Lab — Selenium UI Suite","Fri Mar 27 19:55:54 UTC 2026","passed","Fri Mar 27 19:55:55 UTC 2026","com.sqa.ui.tests.ProductsTest","UI Tests","com.sqa.ui.tests.ProductsTest","paginationPrevButtonReturnsToPAge1"
"","431","Pagination next button advances to page 2","chromium","Fri Mar 27 19:54:20 UTC 2026","passed","Fri Mar 27 19:54:21 UTC 2026","Products — Unauthenticated","products_test.spec.ts","",""
"All returned products should be active.","5","test_list_products_only_returns_active","tests","Fri Mar 27 19:53:04 UTC 2026","passed","Fri Mar 27 19:53:04 UTC 2026","TestListProducts","products_test","",""
"","5","test_list_orders_pagination","tests","Fri Mar 27 19:53:02 UTC 2026","passed","Fri Mar 27 19:53:02 UTC 2026","TestListOrders","orders_test","",""
"","5","test_update_own_last_name","tests","Fri Mar 27 19:53:05 UTC 2026","passed","Fri Mar 27 19:53:05 UTC 2026","TestUpdateUser","user_test","",""
"Verify create order fails with zero quantity","16","testCreateOrderZeroQuantity","API Test Suite","Fri Mar 27 19:53:16 UTC 2026","passed","Fri Mar 27 19:53:16 UTC 2026","com.automationlab.tests.OrderTest","API Tests","com.automationlab.tests.OrderTest","testCreateOrderZeroQuantity"
"Cancelling an order should return stock to the product.","17","test_cancel_restores_stock","tests","Fri Mar 27 19:53:03 UTC 2026","passed","Fri Mar 27 19:53:04 UTC 2026","TestCancelOrder","orders_test","",""
"Product detail page displays product price","367","productDetailPageDisplaysProductPrice","SQA Automation Lab — Selenium UI Suite","Fri Mar 27 19:56:51 UTC 2026","failed","Fri Mar 27 19:56:51 UTC 2026","com.sqa.ui.tests.ProductDetailTest","UI Tests","com.sqa.ui.tests.ProductDetailTest","productDetailPageDisplaysProductPrice"
"Verify create product fails with missing name","13","testCreateProductMissingName","API Test Suite","Fri Mar 27 19:53:13 UTC 2026","passed","Fri Mar 27 19:53:13 UTC 2026","com.automationlab.tests.ProductTest","API Tests","com.automationlab.tests.ProductTest","testCreateProductMissingName"
"Orders page displays heading","713","ordersPageDisplaysHeading","SQA Automation Lab — Selenium UI Suite","Fri Mar 27 19:57:19 UTC 2026","passed","Fri Mar 27 19:57:20 UTC 2026","com.sqa.ui.tests.OrdersTest","UI Tests","com.sqa.ui.tests.OrdersTest","ordersPageDisplaysHeading"
"","2","test_regular_user_cannot_delete_product","tests","Fri Mar 27 19:53:05 UTC 2026","passed","Fri Mar 27 19:53:05 UTC 2026","TestDeleteProduct","products_test","",""
"Unauthenticated access to orders redirects to login — AUT Bug A","211","unauthenticatedAccessToOrdersRedirectsToLogin","SQA Automation Lab — Selenium UI Suite","Fri Mar 27 19:57:42 UTC 2026","passed","Fri Mar 27 19:57:43 UTC 2026","com.sqa.ui.tests.OrdersTest","UI Tests","com.sqa.ui.tests.OrdersTest","unauthenticatedAccessToOrdersRedirectsToLogin"
"","813","Register link is not visible","chromium","Fri Mar 27 19:53:44 UTC 2026","passed","Fri Mar 27 19:53:45 UTC 2026","Navbar — Authenticated Admin","navbar_test.spec.ts","",""
"","448","empty password stays on login page","chromium","Fri Mar 27 19:53:34 UTC 2026","passed","Fri Mar 27 19:53:34 UTC 2026","Login","login_test.spec.ts","",""
"","141","returns HTTP 403 or 404 when accessing another users data","","Fri Mar 27 19:53:07 UTC 2026","passed","Fri Mar 27 19:53:07 UTC 2026","User Endpoints > GET /api/users/:id","user_test.spec.ts","",""
"","1082","User cancel order with confirmation removes order from pending list","chromium","Fri Mar 27 19:54:08 UTC 2026","passed","Fri Mar 27 19:54:09 UTC 2026","Orders — Authenticated User","orders_test.spec.ts","",""
"Verify authenticated user can list all users","44","testListUsers","API Test Suite","Fri Mar 27 19:53:13 UTC 2026","passed","Fri Mar 27 19:53:13 UTC 2026","com.automationlab.tests.UserTest","API Tests","com.automationlab.tests.UserTest","testListUsers"
"","38135","POST /api/products - admin","","Fri Mar 27 19:54:57 UTC 2026","passed","Fri Mar 27 19:55:36 UTC 2026","","k6 Performance Tests","",""
"","314","order item details include product_id, quantity, and price","","Fri Mar 27 19:52:52 UTC 2026","passed","Fri Mar 27 19:52:53 UTC 2026","Order Endpoints > POST /api/orders","orders_test.spec.ts","",""
"Verify get non-existent user returns 404","32","testGetNonExistentUser","API Test Suite","Fri Mar 27 19:53:11 UTC 2026","passed","Fri Mar 27 19:53:11 UTC 2026","com.automationlab.tests.UserTest","API Tests","com.automationlab.tests.UserTest","testGetNonExistentUser"
"","4","test_combined_category_and_search","tests","Fri Mar 27 19:53:04 UTC 2026","passed","Fri Mar 27 19:53:04 UTC 2026","TestFilterProducts","products_test","",""
"Sign out button clears session and redirects to login","1300","signOutButtonClearsSessionAndRedirectsToLogin","SQA Automation Lab — Selenium UI Suite","Fri Mar 27 19:59:33 UTC 2026","passed","Fri Mar 27 19:59:34 UTC 2026","com.sqa.ui.tests.NavigationTest","UI Tests","com.sqa.ui.tests.NavigationTest","signOutButtonClearsSessionAndRedirectsToLogin"
"","69","returns HTTP 200 for own user","","Fri Mar 27 19:53:07 UTC 2026","passed","Fri Mar 27 19:53:07 UTC 2026","User Endpoints > GET /api/users/:id","user_test.spec.ts","",""
"","1101","User all status filter options are selectable","chromium","Fri Mar 27 19:54:06 UTC 2026","passed","Fri Mar 27 19:54:07 UTC 2026","Orders — Authenticated User","orders_test.spec.ts","",""
"","4","test_admin_can_create_product","tests","Fri Mar 27 19:53:04 UTC 2026","passed","Fri Mar 27 19:53:04 UTC 2026","TestCreateProduct","products_test","",""
"","857","View all orders link navigates to orders page","chromium","Fri Mar 27 19:53:29 UTC 2026","passed","Fri Mar 27 19:53:30 UTC 2026","Dashboard — Authenticated Regular User","dashboard_test.spec.ts","",""
"","933","User cancel order dismissed by user leaves order intact","chromium","Fri Mar 27 19:54:09 UTC 2026","passed","Fri Mar 27 19:54:10 UTC 2026","Orders — Authenticated User","orders_test.spec.ts","",""
"Status filter cancelled shows filtered results or empty state — AUT Bug C","448","statusFilterCancelledShowsFilteredResultsOrEmptyState","SQA Automation Lab — Selenium UI Suite","Fri Mar 27 19:57:33 UTC 2026","passed","Fri Mar 27 19:57:33 UTC 2026","com.sqa.ui.tests.OrdersTest","UI Tests","com.sqa.ui.tests.OrdersTest","statusFilterCancelledShowsFilteredResultsOrEmptyState"
"","38196","PATCH /api/orders/:id/status - admin","","Fri Mar 27 19:55:40 UTC 2026","passed","Fri Mar 27 19:56:18 UTC 2026","","k6 Performance Tests","",""
"","825","Sign-out clears session and redirects to login","chromium","Fri Mar 27 19:53:47 UTC 2026","passed","Fri Mar 27 19:53:48 UTC 2026","Navbar — Authenticated Admin","navbar_test.spec.ts","",""
"","482","Duplicate email shows error message","chromium","Fri Mar 27 19:54:45 UTC 2026","passed","Fri Mar 27 19:54:45 UTC 2026","Register","register_test.spec.ts","",""
"","2","test_list_users_without_auth_returns_401","tests","Fri Mar 27 19:53:05 UTC 2026","passed","Fri Mar 27 19:53:05 UTC 2026","TestListUsers","user_test","",""
"","514","empty email stays on login page","chromium","Fri Mar 27 19:53:33 UTC 2026","passed","Fri Mar 27 19:53:34 UTC 2026","Login","login_test.spec.ts","",""
"","362","Sign-in link navigates to login page","chromium","Fri Mar 27 19:53:40 UTC 2026","passed","Fri Mar 27 19:53:41 UTC 2026","Navbar — Unauthenticated","navbar_test.spec.ts","",""
"","3","test_create_product_with_minimum_fields","tests","Fri Mar 27 19:53:04 UTC 2026","passed","Fri Mar 27 19:53:04 UTC 2026","TestCreateProduct","products_test","",""
"","6","test_filter_returns_metadata","tests","Fri Mar 27 19:53:04 UTC 2026","passed","Fri Mar 27 19:53:04 UTC 2026","TestFilterProducts","products_test","",""
"","39246","GET /api/users/:id - unauthorized (different user)","","Fri Mar 27 19:54:15 UTC 2026","passed","Fri Mar 27 19:54:55 UTC 2026","","k6 Performance Tests","",""
"","132","returns HTTP 403 or 404 when deleting another users account","","Fri Mar 27 19:53:09 UTC 2026","passed","Fri Mar 27 19:53:09 UTC 2026","User Endpoints > DELETE /api/users/:id","user_test.spec.ts","",""
"Verify logout fails without token","23","testLogoutNoToken","API Test Suite","Fri Mar 27 19:53:08 UTC 2026","passed","Fri Mar 27 19:53:08 UTC 2026","com.automationlab.tests.AuthTest","API Tests","com.automationlab.tests.AuthTest","testLogoutNoToken"
"","39886","POST /api/auth/login - invalid credentials","","Fri Mar 27 19:53:33 UTC 2026","passed","Fri Mar 27 19:54:13 UTC 2026","","k6 Performance Tests","",""
"","1","setup","","Fri Mar 27 19:55:38 UTC 2026","passed","Fri Mar 27 19:55:38 UTC 2026","","k6 Performance Tests","",""
"Empty email shows validation error","1749","emptyEmailShowsValidationError","SQA Automation Lab — Selenium UI Suite","Fri Mar 27 19:54:24 UTC 2026","passed","Fri Mar 27 19:54:26 UTC 2026","com.sqa.ui.tests.RegisterTest","UI Tests","com.sqa.ui.tests.RegisterTest","emptyEmailShowsValidationError"
"","3","test_list_products_respects_limit","tests","Fri Mar 27 19:53:04 UTC 2026","passed","Fri Mar 27 19:53:04 UTC 2026","TestListProducts","products_test","",""
"Products listing should be accessible without authentication.","4","test_list_products_is_public","tests","Fri Mar 27 19:53:04 UTC 2026","passed","Fri Mar 27 19:53:04 UTC 2026","TestListProducts","products_test","",""
"","855","User order error message shown on invalid product","chromium","Fri Mar 27 19:54:17 UTC 2026","passed","Fri Mar 27 19:54:18 UTC 2026","Product Detail — Authenticated User","product_detail_test.spec.ts","",""
"Verify update product fails without authentication","14","testUpdateProductNoAuth","API Test Suite","Fri Mar 27 19:53:14 UTC 2026","passed","Fri Mar 27 19:53:14 UTC 2026","com.automationlab.tests.ProductTest","API Tests","com.automationlab.tests.ProductTest","testUpdateProductNoAuth"
"","856","Sign-out clears session and redirects to login","chromium","Fri Mar 27 19:53:54 UTC 2026","passed","Fri Mar 27 19:53:54 UTC 2026","Navbar — Authenticated Regular User","navbar_test.spec.ts","",""
"Dashboard page displays heading","1463","dashboardPageDisplaysHeading","SQA Automation Lab — Selenium UI Suite","Fri Mar 27 19:58:05 UTC 2026","passed","Fri Mar 27 19:58:06 UTC 2026","com.sqa.ui.tests.DashboardTest","UI Tests","com.sqa.ui.tests.DashboardTest","dashboardPageDisplaysHeading"
"Products link navigates to products page","665","productsLinkNavigatesToProductsPage","SQA Automation Lab — Selenium UI Suite","Fri Mar 27 19:59:04 UTC 2026","passed","Fri Mar 27 19:59:05 UTC 2026","com.sqa.ui.tests.NavigationTest","UI Tests","com.sqa.ui.tests.NavigationTest","productsLinkNavigatesToProductsPage"
"Status filter pending shows only pending orders — AUT Bug C","856","statusFilterPendingShowsPendingOrders","SQA Automation Lab — Selenium UI Suite","Fri Mar 27 19:57:37 UTC 2026","passed","Fri Mar 27 19:57:38 UTC 2026","com.sqa.ui.tests.OrdersTest","UI Tests","com.sqa.ui.tests.OrdersTest","statusFilterPendingShowsPendingOrders"
"Verify non-admin cannot update order status","11","testUpdateOrderStatusNonAdmin","API Test Suite","Fri Mar 27 19:53:17 UTC 2026","passed","Fri Mar 27 19:53:17 UTC 2026","com.automationlab.tests.OrderTest","API Tests","com.automationlab.tests.OrderTest","testUpdateOrderStatusNonAdmin"
"","4","test_admin_can_view_any_user","tests","Fri Mar 27 19:53:05 UTC 2026","passed","Fri Mar 27 19:53:05 UTC 2026","TestGetUser","user_test","",""
"","4","test_list_users_returns_200","tests","Fri Mar 27 19:53:05 UTC 2026","passed","Fri Mar 27 19:53:05 UTC 2026","TestListUsers","user_test","",""
"A user should not be able to cancel another user's order.","83","test_user_cannot_cancel_other_users_order","tests","Fri Mar 27 19:53:04 UTC 2026","passed","Fri Mar 27 19:53:04 UTC 2026","TestCancelOrder","orders_test","",""
"Password shorter than 6 characters shows validation error","1276","shortPasswordShowsValidationError","SQA Automation Lab — Selenium UI Suite","Fri Mar 27 19:55:07 UTC 2026","passed","Fri Mar 27 19:55:09 UTC 2026","com.sqa.ui.tests.RegisterTest","UI Tests","com.sqa.ui.tests.RegisterTest","shortPasswordShowsValidationError"
"Verify create order fails with missing items","12","testCreateOrderMissingItems","API Test Suite","Fri Mar 27 19:53:16 UTC 2026","passed","Fri Mar 27 19:53:16 UTC 2026","com.automationlab.tests.OrderTest","API Tests","com.automationlab.tests.OrderTest","testCreateOrderMissingItems"
"","4","test_current_user_includes_full_profile","tests","Fri Mar 27 19:53:00 UTC 2026","passed","Fri Mar 27 19:53:00 UTC 2026","TestCurrentUser","auth_test","",""
"Verify authenticated user can logout","29","testLogout","API Test Suite","Fri Mar 27 19:53:08 UTC 2026","passed","Fri Mar 27 19:53:08 UTC 2026","com.automationlab.tests.AuthTest","API Tests","com.automationlab.tests.AuthTest","testLogout"
"Verify get non-existent product returns 404","18","testGetNonExistentProduct","API Test Suite","Fri Mar 27 19:53:14 UTC 2026","passed","Fri Mar 27 19:53:14 UTC 2026","com.automationlab.tests.ProductTest","API Tests","com.automationlab.tests.ProductTest","testGetNonExistentProduct"
"","76","returns HTTP 200 for authenticated user","","Fri Mar 27 19:52:53 UTC 2026","passed","Fri Mar 27 19:52:53 UTC 2026","Order Endpoints > GET /api/orders","orders_test.spec.ts","",""
"","3","test_list_users_pagination_metadata","tests","Fri Mar 27 19:53:05 UTC 2026","passed","Fri Mar 27 19:53:05 UTC 2026","TestListUsers","user_test","",""
"","3","test_register_without_email_returns_400","tests","Fri Mar 27 19:52:59 UTC 2026","passed","Fri Mar 27 19:52:59 UTC 2026","TestRegistration","auth_test","",""
"","38137","POST /api/products - unauthorized (non-admin)","","Fri Mar 27 19:54:58 UTC 2026","passed","Fri Mar 27 19:55:36 UTC 2026","","k6 Performance Tests","",""
"","1148","Admin cancel order with confirmation removes order from pending list","chromium","Fri Mar 27 19:54:00 UTC 2026","passed","Fri Mar 27 19:54:01 UTC 2026","Orders — Authenticated Admin","orders_test.spec.ts","",""
"Empty last name shows validation error — AUT Bug C","11493","emptyLastNameShowsValidationError","SQA Automation Lab — Selenium UI Suite","Fri Mar 27 19:54:44 UTC 2026","failed","Fri Mar 27 19:54:55 UTC 2026","com.sqa.ui.tests.RegisterTest","UI Tests","com.sqa.ui.tests.RegisterTest","emptyLastNameShowsValidationError"
"","37983","Step 5: Create order","","Fri Mar 27 19:56:24 UTC 2026","passed","Fri Mar 27 19:57:02 UTC 2026","","k6 Performance Tests","",""
"","358","Register link navigates to register page","chromium","Fri Mar 27 19:53:41 UTC 2026","passed","Fri Mar 27 19:53:41 UTC 2026","Navbar — Unauthenticated","navbar_test.spec.ts","",""
"","898","Browse products link navigates to products page","chromium","Fri Mar 27 19:53:28 UTC 2026","passed","Fri Mar 27 19:53:29 UTC 2026","Dashboard — Authenticated Regular User","dashboard_test.spec.ts","",""
"","77","response body conforms to auth response schema","","Fri Mar 27 19:52:49 UTC 2026","passed","Fri Mar 27 19:52:49 UTC 2026","Authentication Endpoints > POST /api/auth/register","auth_test.spec.ts","",""
"","11","category filter returns only products from that category","","Fri Mar 27 19:53:00 UTC 2026","passed","Fri Mar 27 19:53:00 UTC 2026","Product Endpoints > GET /api/products","products_test.spec.ts","",""
"","268","admin can soft delete a product and receives HTTP 200","","Fri Mar 27 19:53:05 UTC 2026","passed","Fri Mar 27 19:53:05 UTC 2026","Product Endpoints > DELETE /api/products/:id","products_test.spec.ts","",""
"Valid registration renders authenticated navbar state","2227","validRegistrationRendersAuthenticatedNavbarState","SQA Automation Lab — Selenium UI Suite","Fri Mar 27 19:55:21 UTC 2026","passed","Fri Mar 27 19:55:23 UTC 2026","com.sqa.ui.tests.RegisterTest","UI Tests","com.sqa.ui.tests.RegisterTest","validRegistrationRendersAuthenticatedNavbarState"
"Authenticated user can set quantity before ordering","1509","authenticatedUserCanSetQuantityBeforeOrdering","SQA Automation Lab — Selenium UI Suite","Fri Mar 27 19:56:25 UTC 2026","failed","Fri Mar 27 19:56:27 UTC 2026","com.sqa.ui.tests.ProductDetailTest","UI Tests","com.sqa.ui.tests.ProductDetailTest","authenticatedUserCanSetQuantityBeforeOrdering"
"Verify health endpoint returns environment information","48","testHealthEndpointEnvironment","API Test Suite","Fri Mar 27 19:53:06 UTC 2026","passed","Fri Mar 27 19:53:06 UTC 2026","com.automationlab.tests.HealthTest","API Tests","com.automationlab.tests.HealthTest","testHealthEndpointEnvironment"
"","837","Admin pagination next button advances to page 2","chromium","Fri Mar 27 19:53:59 UTC 2026","passed","Fri Mar 27 19:54:00 UTC 2026","Orders — Authenticated Admin","orders_test.spec.ts","",""
"Brand link is visible","516","brandLinkIsVisible","SQA Automation Lab — Selenium UI Suite","Fri Mar 27 19:58:23 UTC 2026","passed","Fri Mar 27 19:58:24 UTC 2026","com.sqa.ui.tests.NavigationTest","UI Tests","com.sqa.ui.tests.NavigationTest","brandLinkIsVisible"
"","339","returns HTTP 200 for own order","","Fri Mar 27 19:52:54 UTC 2026","passed","Fri Mar 27 19:52:55 UTC 2026","Order Endpoints > GET /api/orders/:id","orders_test.spec.ts","",""
"","260","returns HTTP 401 without token","","Fri Mar 27 19:53:06 UTC 2026","passed","Fri Mar 27 19:53:06 UTC 2026","Product Endpoints > DELETE /api/products/:id","products_test.spec.ts","",""
"","69","returns HTTP 400 when items key is absent from body","","Fri Mar 27 19:52:53 UTC 2026","passed","Fri Mar 27 19:52:53 UTC 2026","Order Endpoints > POST /api/orders","orders_test.spec.ts","",""
"","999","Admin can place order successfully","chromium","Fri Mar 27 19:54:12 UTC 2026","passed","Fri Mar 27 19:54:13 UTC 2026","Product Detail — Authenticated Admin","product_detail_test.spec.ts","",""
"Verify order can be created with multiple items","75","testCreateOrderMultipleItems","API Test Suite","Fri Mar 27 19:53:16 UTC 2026","passed","Fri Mar 27 19:53:16 UTC 2026","com.automationlab.tests.OrderTest","API Tests","com.automationlab.tests.OrderTest","testCreateOrderMultipleItems"
"Verify delete non-existent product returns 404","18","testDeleteNonExistentProduct","API Test Suite","Fri Mar 27 19:53:14 UTC 2026","passed","Fri Mar 27 19:53:14 UTC 2026","com.automationlab.tests.ProductTest","API Tests","com.automationlab.tests.ProductTest","testDeleteNonExistentProduct"
"**Risk:** Medium
**Confidence:** 2
**Instances:** 5

**Description:**
Web browser data loading may be possible, due to a Cross Origin Resource Sharing (CORS) misconfiguration on the web server.

**Solution:**
Ensure that sensitive data is not available in an unauthenticated manner (using IP address white-listing, for instance).Configure the ""Access-Control-Allow-Origin"" HTTP header to a more restrictive set of domains, or remove all CORS headers entirely, to allow the web browser to enforce the Same Origin Policy (SOP) in a more restrictive manner.","0","Cross-Domain Misconfiguration","","Fri Mar 27 19:54:05 UTC 2026","broken","Fri Mar 27 19:54:05 UTC 2026","","Security - ZAP API Scan","",""
"","366","Products link is visible","chromium","Fri Mar 27 19:53:37 UTC 2026","passed","Fri Mar 27 19:53:37 UTC 2026","Navbar — Unauthenticated","navbar_test.spec.ts","",""
"Brand link navigates to products page","884","brandLinkNavigatesToProductsPage","SQA Automation Lab — Selenium UI Suite","Fri Mar 27 19:58:27 UTC 2026","passed","Fri Mar 27 19:58:28 UTC 2026","com.sqa.ui.tests.NavigationTest","UI Tests","com.sqa.ui.tests.NavigationTest","brandLinkNavigatesToProductsPage"
"","114","returns HTTP 201 on successful registration","","Fri Mar 27 19:52:49 UTC 2026","passed","Fri Mar 27 19:52:49 UTC 2026","Authentication Endpoints > POST /api/auth/register","auth_test.spec.ts","",""
"","414","Sign in link is visible","chromium","Fri Mar 27 19:53:37 UTC 2026","passed","Fri Mar 27 19:53:38 UTC 2026","Navbar — Unauthenticated","navbar_test.spec.ts","",""
"","332","Products page displays heading","chromium","Fri Mar 27 19:54:18 UTC 2026","passed","Fri Mar 27 19:54:18 UTC 2026","Products — Unauthenticated","products_test.spec.ts","",""
"","2","test_health_returns_200","tests","Fri Mar 27 19:53:00 UTC 2026","passed","Fri Mar 27 19:53:00 UTC 2026","TestHealthEndpoint","health_test","",""
"Verify product response includes timestamps","46","testGetProductIncludesTimestamps","API Test Suite","Fri Mar 27 19:53:14 UTC 2026","passed","Fri Mar 27 19:53:14 UTC 2026","com.automationlab.tests.ProductTest","API Tests","com.automationlab.tests.ProductTest","testGetProductIncludesTimestamps"
"Verify product with zero stock can be created","38","testCreateProductZeroStock","API Test Suite","Fri Mar 27 19:53:14 UTC 2026","passed","Fri Mar 27 19:53:14 UTC 2026","com.automationlab.tests.ProductTest","API Tests","com.automationlab.tests.ProductTest","testCreateProductZeroStock"
"","813","Dashboard displays user name","chromium","Fri Mar 27 19:53:21 UTC 2026","passed","Fri Mar 27 19:53:21 UTC 2026","Dashboard — Authenticated Admin","dashboard_test.spec.ts","",""
"Empty first name shows validation error — AUT Bug C","11729","emptyFirstNameShowsValidationError","SQA Automation Lab — Selenium UI Suite","Fri Mar 27 19:54:29 UTC 2026","failed","Fri Mar 27 19:54:41 UTC 2026","com.sqa.ui.tests.RegisterTest","UI Tests","com.sqa.ui.tests.RegisterTest","emptyFirstNameShowsValidationError"
"Verify users list does not include passwords","56","testListUsersDoesNotReturnPasswords","API Test Suite","Fri Mar 27 19:53:11 UTC 2026","passed","Fri Mar 27 19:53:11 UTC 2026","com.automationlab.tests.UserTest","API Tests","com.automationlab.tests.UserTest","testListUsersDoesNotReturnPasswords"
"Verify create order fails with insufficient stock","14","testCreateOrderInsufficientStock","API Test Suite","Fri Mar 27 19:53:16 UTC 2026","passed","Fri Mar 27 19:53:16 UTC 2026","com.automationlab.tests.OrderTest","API Tests","com.automationlab.tests.OrderTest","testCreateOrderInsufficientStock"
"Verify non-admin cannot update product","24","testUpdateProductNonAdmin","API Test Suite","Fri Mar 27 19:53:14 UTC 2026","passed","Fri Mar 27 19:53:14 UTC 2026","com.automationlab.tests.ProductTest","API Tests","com.automationlab.tests.ProductTest","testUpdateProductNonAdmin"
"","69","returns HTTP 200 when updating own user","","Fri Mar 27 19:53:08 UTC 2026","passed","Fri Mar 27 19:53:08 UTC 2026","User Endpoints > PUT /api/users/:id","user_test.spec.ts","",""
"","5","test_get_product_by_id","tests","Fri Mar 27 19:53:04 UTC 2026","passed","Fri Mar 27 19:53:04 UTC 2026","TestGetProduct","products_test","",""
"","72","returns HTTP 200 with authentication","","Fri Mar 27 19:53:00 UTC 2026","passed","Fri Mar 27 19:53:00 UTC 2026","Product Endpoints > GET /api/products","products_test.spec.ts","",""
"","247","returns HTTP 200 for existing product","","Fri Mar 27 19:53:00 UTC 2026","passed","Fri Mar 27 19:53:00 UTC 2026","Product Endpoints > GET /api/products/:id","products_test.spec.ts","",""
"","8","returns HTTP 400 for password shorter than minimum length","","Fri Mar 27 19:52:50 UTC 2026","passed","Fri Mar 27 19:52:50 UTC 2026","Authentication Endpoints > POST /api/auth/register","auth_test.spec.ts","",""
"Verify registration fails with weak password","29","testRegistrationWeakPassword","API Test Suite","Fri Mar 27 19:53:09 UTC 2026","passed","Fri Mar 27 19:53:09 UTC 2026","com.automationlab.tests.AuthTest","API Tests","com.automationlab.tests.AuthTest","testRegistrationWeakPassword"
"Verify registration fails with duplicate email","52","testRegistrationDuplicateEmail","API Test Suite","Fri Mar 27 19:53:08 UTC 2026","passed","Fri Mar 27 19:53:09 UTC 2026","com.automationlab.tests.AuthTest","API Tests","com.automationlab.tests.AuthTest","testRegistrationDuplicateEmail"
"","74","test_register_does_not_return_password","tests","Fri Mar 27 19:52:58 UTC 2026","passed","Fri Mar 27 19:52:58 UTC 2026","TestRegistration","auth_test","",""
"Verify registration succeeds without last name (optional field)","109","testRegistrationMissingLastName","API Test Suite","Fri Mar 27 19:53:09 UTC 2026","passed","Fri Mar 27 19:53:09 UTC 2026","com.automationlab.tests.AuthTest","API Tests","com.automationlab.tests.AuthTest","testRegistrationMissingLastName"
"","319","response contains order with items array","","Fri Mar 27 19:52:55 UTC 2026","passed","Fri Mar 27 19:52:55 UTC 2026","Order Endpoints > GET /api/orders/:id","orders_test.spec.ts","",""
"","3","test_delete_nonexistent_product_returns_404","tests","Fri Mar 27 19:53:05 UTC 2026","passed","Fri Mar 27 19:53:05 UTC 2026","TestDeleteProduct","products_test","",""
"","811","Sign out button is visible","chromium","Fri Mar 27 19:53:48 UTC 2026","passed","Fri Mar 27 19:53:49 UTC 2026","Navbar — Authenticated Regular User","navbar_test.spec.ts","",""
"","833","Recent orders section displays order rows","chromium","Fri Mar 27 19:53:22 UTC 2026","passed","Fri Mar 27 19:53:23 UTC 2026","Dashboard — Authenticated Admin","dashboard_test.spec.ts","",""
"","5","returns HTTP 401 without token","","Fri Mar 27 19:53:03 UTC 2026","passed","Fri Mar 27 19:53:03 UTC 2026","Product Endpoints > POST /api/products","products_test.spec.ts","",""
"Verify user can update their own profile","50","testUpdateOwnUser","API Test Suite","Fri Mar 27 19:53:12 UTC 2026","passed","Fri Mar 27 19:53:12 UTC 2026","com.automationlab.tests.UserTest","API Tests","com.automationlab.tests.UserTest","testUpdateOwnUser"
"","1","setup","","Fri Mar 27 19:54:56 UTC 2026","passed","Fri Mar 27 19:54:56 UTC 2026","","k6 Performance Tests","",""
"Wrong password shows error message — AUT Bug A","852","wrongPasswordShowsErrorMessage","SQA Automation Lab — Selenium UI Suite","Fri Mar 27 19:54:15 UTC 2026","failed","Fri Mar 27 19:54:16 UTC 2026","com.sqa.ui.tests.LoginTest","UI Tests","com.sqa.ui.tests.LoginTest","wrongPasswordShowsErrorMessage"
"Verify update with invalid email format fails","27","testUpdateUserInvalidEmail","API Test Suite","Fri Mar 27 19:53:12 UTC 2026","passed","Fri Mar 27 19:53:12 UTC 2026","com.automationlab.tests.UserTest","API Tests","com.automationlab.tests.UserTest","testUpdateUserInvalidEmail"
"","280","Product detail page displays category","chromium","Fri Mar 27 19:54:11 UTC 2026","passed","Fri Mar 27 19:54:11 UTC 2026","Product Detail — Unauthenticated","product_detail_test.spec.ts","",""
"Product card link navigates to product detail page","1008","productCardLinkNavigatesToProductDetailPage","SQA Automation Lab — Selenium UI Suite","Fri Mar 27 19:55:59 UTC 2026","passed","Fri Mar 27 19:56:00 UTC 2026","com.sqa.ui.tests.ProductsTest","UI Tests","com.sqa.ui.tests.ProductsTest","productCardLinkNavigatesToProductDetailPage"
"","381","register link navigates to register page","chromium","Fri Mar 27 19:53:36 UTC 2026","passed","Fri Mar 27 19:53:36 UTC 2026","Login","login_test.spec.ts","",""
"","311","response contains order with items","","Fri Mar 27 19:52:51 UTC 2026","passed","Fri Mar 27 19:52:52 UTC 2026","Order Endpoints > POST /api/orders","orders_test.spec.ts","",""
"Category filter returns filtered results — AUT Bug C","1307","categoryFilterReturnsFilteredResults","SQA Automation Lab — Selenium UI Suite","Fri Mar 27 19:55:40 UTC 2026","passed","Fri Mar 27 19:55:42 UTC 2026","com.sqa.ui.tests.ProductsTest","UI Tests","com.sqa.ui.tests.ProductsTest","categoryFilterReturnsFilteredResults"
"","783","Sign out button is visible","chromium","Fri Mar 27 19:53:41 UTC 2026","passed","Fri Mar 27 19:53:42 UTC 2026","Navbar — Authenticated Admin","navbar_test.spec.ts","",""
"","839","User pagination next button advances to page 2","chromium","Fri Mar 27 19:54:07 UTC 2026","passed","Fri Mar 27 19:54:08 UTC 2026","Orders — Authenticated User","orders_test.spec.ts","",""
"Register link is visible when unauthenticated","532","registerLinkIsVisibleWhenUnauthenticated","SQA Automation Lab — Selenium UI Suite","Fri Mar 27 19:59:13 UTC 2026","passed","Fri Mar 27 19:59:13 UTC 2026","com.sqa.ui.tests.NavigationTest","UI Tests","com.sqa.ui.tests.NavigationTest","registerLinkIsVisibleWhenUnauthenticated"
"","39879","GET /api/auth/me","","Fri Mar 27 19:53:33 UTC 2026","passed","Fri Mar 27 19:54:13 UTC 2026","","k6 Performance Tests","",""
"Orders link is visible when authenticated","1000","ordersLinkIsVisibleWhenAuthenticated","SQA Automation Lab — Selenium UI Suite","Fri Mar 27 19:58:52 UTC 2026","passed","Fri Mar 27 19:58:53 UTC 2026","com.sqa.ui.tests.NavigationTest","UI Tests","com.sqa.ui.tests.NavigationTest","ordersLinkIsVisibleWhenAuthenticated"
"Verify registered user has default role of 'user'","110","testRegistrationDefaultRole","API Test Suite","Fri Mar 27 19:53:08 UTC 2026","passed","Fri Mar 27 19:53:08 UTC 2026","com.automationlab.tests.AuthTest","API Tests","com.automationlab.tests.AuthTest","testRegistrationDefaultRole"
"Sign in link navigates to login page","704","signInLinkNavigatesToLoginPage","SQA Automation Lab — Selenium UI Suite","Fri Mar 27 19:55:12 UTC 2026","passed","Fri Mar 27 19:55:13 UTC 2026","com.sqa.ui.tests.RegisterTest","UI Tests","com.sqa.ui.tests.RegisterTest","signInLinkNavigatesToLoginPage"
"","4","test_create_order_without_auth_returns_401","tests","Fri Mar 27 19:53:01 UTC 2026","passed","Fri Mar 27 19:53:01 UTC 2026","TestCreateOrder","orders_test","",""
"Order quantity exceeding available stock should fail.","9","test_create_order_exceeding_stock_returns_400","tests","Fri Mar 27 19:53:01 UTC 2026","passed","Fri Mar 27 19:53:01 UTC 2026","TestCreateOrder","orders_test","",""
"Verify login fails with incorrect password","297","testLoginIncorrectPassword","API Test Suite","Fri Mar 27 19:53:07 UTC 2026","passed","Fri Mar 27 19:53:08 UTC 2026","com.automationlab.tests.AuthTest","API Tests","com.automationlab.tests.AuthTest","testLoginIncorrectPassword"
"","445","Search returns filtered results","chromium","Fri Mar 27 19:54:19 UTC 2026","passed","Fri Mar 27 19:54:19 UTC 2026","Products — Unauthenticated","products_test.spec.ts","",""
"Unauthenticated place order redirects to login","291","unauthenticatedPlaceOrderRedirectsToLogin","SQA Automation Lab — Selenium UI Suite","Fri Mar 27 19:56:59 UTC 2026","failed","Fri Mar 27 19:56:59 UTC 2026","com.sqa.ui.tests.ProductDetailTest","UI Tests","com.sqa.ui.tests.ProductDetailTest","unauthenticatedPlaceOrderRedirectsToLogin"
"","889","Admin can view products page","chromium","Fri Mar 27 19:54:22 UTC 2026","passed","Fri Mar 27 19:54:23 UTC 2026","Products — Authenticated Admin","products_test.spec.ts","",""
"Verify default pagination limit","36","testListProductsDefaultPaginationLimit","API Test Suite","Fri Mar 27 19:53:14 UTC 2026","passed","Fri Mar 27 19:53:14 UTC 2026","com.automationlab.tests.ProductTest","API Tests","com.automationlab.tests.ProductTest","testListProductsDefaultPaginationLimit"
"Verify orders list supports pagination","56","testListOrdersPagination","API Test Suite","Fri Mar 27 19:53:17 UTC 2026","passed","Fri Mar 27 19:53:17 UTC 2026","com.automationlab.tests.OrderTest","API Tests","com.automationlab.tests.OrderTest","testListOrdersPagination"
"","4","test_create_order_with_nonexistent_product_returns_404","tests","Fri Mar 27 19:53:01 UTC 2026","passed","Fri Mar 27 19:53:01 UTC 2026","TestCreateOrder","orders_test","",""
"Verify successful login with valid credentials","293","testSuccessfulLogin","API Test Suite","Fri Mar 27 19:53:09 UTC 2026","passed","Fri Mar 27 19:53:10 UTC 2026","com.automationlab.tests.AuthTest","API Tests","com.automationlab.tests.AuthTest","testSuccessfulLogin"
"","69","returns HTTP 400 for empty items array","","Fri Mar 27 19:52:53 UTC 2026","passed","Fri Mar 27 19:52:53 UTC 2026","Order Endpoints > POST /api/orders","orders_test.spec.ts","",""
"","128","response body conforms to auth response schema","","Fri Mar 27 19:52:50 UTC 2026","passed","Fri Mar 27 19:52:50 UTC 2026","Authentication Endpoints > POST /api/auth/login","auth_test.spec.ts","",""
"","860","View all orders link navigates to orders page","chromium","Fri Mar 27 19:53:24 UTC 2026","passed","Fri Mar 27 19:53:25 UTC 2026","Dashboard — Authenticated Admin","dashboard_test.spec.ts","",""
"","268","partial update — stock quantity — is supported","","Fri Mar 27 19:53:03 UTC 2026","passed","Fri Mar 27 19:53:04 UTC 2026","Product Endpoints > PUT /api/products/:id","products_test.spec.ts","",""
"Verify get non-existent order returns 404","13","testGetNonExistentOrder","API Test Suite","Fri Mar 27 19:53:16 UTC 2026","passed","Fri Mar 27 19:53:16 UTC 2026","com.automationlab.tests.OrderTest","API Tests","com.automationlab.tests.OrderTest","testGetNonExistentOrder"
"Verify cancel order fails without authentication","12","testCancelOrderNoAuth","API Test Suite","Fri Mar 27 19:53:16 UTC 2026","passed","Fri Mar 27 19:53:16 UTC 2026","com.automationlab.tests.OrderTest","API Tests","com.automationlab.tests.OrderTest","testCancelOrderNoAuth"
"","10","test_user_can_cancel_pending_order","tests","Fri Mar 27 19:53:03 UTC 2026","passed","Fri Mar 27 19:53:03 UTC 2026","TestCancelOrder","orders_test","",""
"","70","returns HTTP 200 with valid token","","Fri Mar 27 19:52:50 UTC 2026","passed","Fri Mar 27 19:52:51 UTC 2026","Authentication Endpoints > GET /api/auth/me","auth_test.spec.ts","",""
"","6","returns HTTP 401 without token","","Fri Mar 27 19:53:06 UTC 2026","passed","Fri Mar 27 19:53:06 UTC 2026","User Endpoints > GET /api/users","user_test.spec.ts","",""
"Verify update non-existent product returns 404","18","testUpdateNonExistentProduct","API Test Suite","Fri Mar 27 19:53:14 UTC 2026","passed","Fri Mar 27 19:53:14 UTC 2026","com.automationlab.tests.ProductTest","API Tests","com.automationlab.tests.ProductTest","testUpdateNonExistentProduct"
"","303","admin can retrieve any user","","Fri Mar 27 19:53:07 UTC 2026","passed","Fri Mar 27 19:53:07 UTC 2026","User Endpoints > GET /api/users/:id","user_test.spec.ts","",""
"","4","test_list_users_returns_paginated_results","tests","Fri Mar 27 19:53:05 UTC 2026","passed","Fri Mar 27 19:53:05 UTC 2026","TestListUsers","user_test","",""
"","833","Dashboard link navigates to dashboard page","chromium","Fri Mar 27 19:53:46 UTC 2026","passed","Fri Mar 27 19:53:47 UTC 2026","Navbar — Authenticated Admin","navbar_test.spec.ts","",""
"","38204","POST /api/orders","","Fri Mar 27 19:55:38 UTC 2026","passed","Fri Mar 27 19:56:16 UTC 2026","","k6 Performance Tests","",""
"","312","total_amount is calculated correctly","","Fri Mar 27 19:52:52 UTC 2026","passed","Fri Mar 27 19:52:52 UTC 2026","Order Endpoints > POST /api/orders","orders_test.spec.ts","",""
"","39915","POST /api/auth/login - valid credentials","","Fri Mar 27 19:53:32 UTC 2026","passed","Fri Mar 27 19:54:12 UTC 2026","","k6 Performance Tests","",""
"","6","returns HTTP 403 with an invalid token","","Fri Mar 27 19:52:51 UTC 2026","passed","Fri Mar 27 19:52:51 UTC 2026","Authentication Endpoints > GET /api/auth/me","auth_test.spec.ts","",""
"","6","content-type is application/json","","Fri Mar 27 19:52:51 UTC 2026","passed","Fri Mar 27 19:52:51 UTC 2026","Health Endpoints > GET /","health_test.spec.ts","",""
"Verify create order fails without authentication","10","testCreateOrderNoAuth","API Test Suite","Fri Mar 27 19:53:16 UTC 2026","passed","Fri Mar 27 19:53:16 UTC 2026","com.automationlab.tests.OrderTest","API Tests","com.automationlab.tests.OrderTest","testCreateOrderNoAuth"
"Verify admin can soft delete product","54","testDeleteProduct","API Test Suite","Fri Mar 27 19:53:14 UTC 2026","passed","Fri Mar 27 19:53:14 UTC 2026","com.automationlab.tests.ProductTest","API Tests","com.automationlab.tests.ProductTest","testDeleteProduct"
"","303","admin can update any user","","Fri Mar 27 19:53:08 UTC 2026","passed","Fri Mar 27 19:53:08 UTC 2026","User Endpoints > PUT /api/users/:id","user_test.spec.ts","",""
"Verify admin can create a new product","64","testCreateProduct","API Test Suite","Fri Mar 27 19:53:13 UTC 2026","passed","Fri Mar 27 19:53:13 UTC 2026","com.automationlab.tests.ProductTest","API Tests","com.automationlab.tests.ProductTest","testCreateProduct"
"Verify user cannot update another user's profile","29","testUpdateOtherUserForbidden","API Test Suite","Fri Mar 27 19:53:11 UTC 2026","passed","Fri Mar 27 19:53:12 UTC 2026","com.automationlab.tests.UserTest","API Tests","com.automationlab.tests.UserTest","testUpdateOtherUserForbidden"
"Empty password shows validation error","760","emptyPasswordShowsValidationError","SQA Automation Lab — Selenium UI Suite","Fri Mar 27 19:53:45 UTC 2026","passed","Fri Mar 27 19:53:45 UTC 2026","com.sqa.ui.tests.LoginTest","UI Tests","com.sqa.ui.tests.LoginTest","emptyPasswordShowsValidationError"
"","3","test_list_products_pagination_metadata","tests","Fri Mar 27 19:53:04 UTC 2026","passed","Fri Mar 27 19:53:04 UTC 2026","TestListProducts","products_test","",""
"Sign in link navigates to login page","747","signInLinkNavigatesToLoginPage","SQA Automation Lab — Selenium UI Suite","Fri Mar 27 19:59:29 UTC 2026","passed","Fri Mar 27 19:59:30 UTC 2026","com.sqa.ui.tests.NavigationTest","UI Tests","com.sqa.ui.tests.NavigationTest","signInLinkNavigatesToLoginPage"
"After soft delete, product should not appear in public listing.","6","test_deleted_product_not_in_listing","tests","Fri Mar 27 19:53:04 UTC 2026","passed","Fri Mar 27 19:53:04 UTC 2026","TestDeleteProduct","products_test","",""
"","71","returns correct user data for own user","","Fri Mar 27 19:53:07 UTC 2026","passed","Fri Mar 27 19:53:07 UTC 2026","User Endpoints > GET /api/users/:id","user_test.spec.ts","",""
"","3","test_user_cannot_update_other_user","tests","Fri Mar 27 19:53:05 UTC 2026","passed","Fri Mar 27 19:53:05 UTC 2026","TestUpdateUser","user_test","",""
"","879","User status filter pending shows results","chromium","Fri Mar 27 19:54:04 UTC 2026","passed","Fri Mar 27 19:54:05 UTC 2026","Orders — Authenticated User","orders_test.spec.ts","",""
"","887","User orders page displays order cards","chromium","Fri Mar 27 19:54:03 UTC 2026","passed","Fri Mar 27 19:54:04 UTC 2026","Orders — Authenticated User","orders_test.spec.ts","",""
"","374","Category filter returns filtered results","chromium","Fri Mar 27 19:54:20 UTC 2026","passed","Fri Mar 27 19:54:20 UTC 2026","Products — Unauthenticated","products_test.spec.ts","",""
"Invalid email format shows validation error — AUT Bug B","1287","invalidEmailFormatShowsValidationError","SQA Automation Lab — Selenium UI Suite","Fri Mar 27 19:53:49 UTC 2026","passed","Fri Mar 27 19:53:50 UTC 2026","com.sqa.ui.tests.LoginTest","UI Tests","com.sqa.ui.tests.LoginTest","invalidEmailFormatShowsValidationError"
"Authenticated user can view products page","1446","authenticatedUserCanViewProductsPage","SQA Automation Lab — Selenium UI Suite","Fri Mar 27 19:55:31 UTC 2026","passed","Fri Mar 27 19:55:32 UTC 2026","com.sqa.ui.tests.ProductsTest","UI Tests","com.sqa.ui.tests.ProductsTest","authenticatedUserCanViewProductsPage"
"","938","User can view products page","chromium","Fri Mar 27 19:54:25 UTC 2026","passed","Fri Mar 27 19:54:26 UTC 2026","Products — Authenticated User","products_test.spec.ts","",""
"Verify admin can retrieve any user","30","testAdminGetAnyUser","API Test Suite","Fri Mar 27 19:53:10 UTC 2026","passed","Fri Mar 27 19:53:10 UTC 2026","com.automationlab.tests.UserTest","API Tests","com.automationlab.tests.UserTest","testAdminGetAnyUser"
"","597","Valid registration renders authenticated navbar state","chromium","Fri Mar 27 19:54:28 UTC 2026","passed","Fri Mar 27 19:54:29 UTC 2026","Register","register_test.spec.ts","",""
"","5","test_update_own_email","tests","Fri Mar 27 19:53:05 UTC 2026","passed","Fri Mar 27 19:53:05 UTC 2026","TestUpdateUser","user_test","",""
"","69","returns HTTP 403 for non-admin authenticated user","","Fri Mar 27 19:53:03 UTC 2026","passed","Fri Mar 27 19:53:03 UTC 2026","Product Endpoints > POST /api/products","products_test.spec.ts","",""
"Verify anyone can get product details without authentication","53","testGetProductPublic","API Test Suite","Fri Mar 27 19:53:14 UTC 2026","passed","Fri Mar 27 19:53:14 UTC 2026","com.automationlab.tests.ProductTest","API Tests","com.automationlab.tests.ProductTest","testGetProductPublic"
"Non-existent email shows error message — AUT Bug A","1169","nonExistentEmailShowsErrorMessage","SQA Automation Lab — Selenium UI Suite","Fri Mar 27 19:53:57 UTC 2026","failed","Fri Mar 27 19:53:58 UTC 2026","com.sqa.ui.tests.LoginTest","UI Tests","com.sqa.ui.tests.LoginTest","nonExistentEmailShowsErrorMessage"
"Orders that have progressed past pending cannot be cancelled.","23","test_cannot_cancel_non_pending_order","tests","Fri Mar 27 19:53:04 UTC 2026","passed","Fri Mar 27 19:53:04 UTC 2026","TestCancelOrder","orders_test","",""
"","3","test_admin_can_delete_product","tests","Fri Mar 27 19:53:04 UTC 2026","passed","Fri Mar 27 19:53:04 UTC 2026","TestDeleteProduct","products_test","",""
"","7","test_list_products_page_navigation","tests","Fri Mar 27 19:53:04 UTC 2026","passed","Fri Mar 27 19:53:04 UTC 2026","TestListProducts","products_test","",""
"ILIKE search should be case-insensitive.","8","test_search_is_case_insensitive","tests","Fri Mar 27 19:53:04 UTC 2026","passed","Fri Mar 27 19:53:04 UTC 2026","TestFilterProducts","products_test","",""
"","494","Pagination prev button returns to page 1","chromium","Fri Mar 27 19:54:21 UTC 2026","passed","Fri Mar 27 19:54:21 UTC 2026","Products — Unauthenticated","products_test.spec.ts","",""
"Verify non-admin cannot delete product","18","testDeleteProductNonAdmin","API Test Suite","Fri Mar 27 19:53:14 UTC 2026","passed","Fri Mar 27 19:53:14 UTC 2026","com.automationlab.tests.ProductTest","API Tests","com.automationlab.tests.ProductTest","testDeleteProductNonAdmin"
"Orders link is not visible when unauthenticated","401","ordersLinkIsNotVisibleWhenUnauthenticated","SQA Automation Lab — Selenium UI Suite","Fri Mar 27 19:58:48 UTC 2026","passed","Fri Mar 27 19:58:48 UTC 2026","com.sqa.ui.tests.NavigationTest","UI Tests","com.sqa.ui.tests.NavigationTest","ordersLinkIsNotVisibleWhenUnauthenticated"
"Valid login renders authenticated navbar state","1427","validLoginRendersAuthenticatedNavbarState","SQA Automation Lab — Selenium UI Suite","Fri Mar 27 19:54:10 UTC 2026","passed","Fri Mar 27 19:54:12 UTC 2026","com.sqa.ui.tests.LoginTest","UI Tests","com.sqa.ui.tests.LoginTest","validLoginRendersAuthenticatedNavbarState"
"Verify delete user fails without authentication","16","testDeleteUserNoAuth","API Test Suite","Fri Mar 27 19:53:11 UTC 2026","passed","Fri Mar 27 19:53:11 UTC 2026","com.automationlab.tests.UserTest","API Tests","com.automationlab.tests.UserTest","testDeleteUserNoAuth"
"","311","returns HTTP 400 for invalid status value","","Fri Mar 27 19:52:57 UTC 2026","passed","Fri Mar 27 19:52:57 UTC 2026","Order Endpoints > PATCH /api/orders/:id/status","orders_test.spec.ts","",""
"Valid registration redirects to dashboard page","1704","validRegistrationRedirectsToDashboardPage","SQA Automation Lab — Selenium UI Suite","Fri Mar 27 19:55:16 UTC 2026","passed","Fri Mar 27 19:55:18 UTC 2026","com.sqa.ui.tests.RegisterTest","UI Tests","com.sqa.ui.tests.RegisterTest","validRegistrationRedirectsToDashboardPage"
"Verify multiple consecutive health checks return consistent status","234","testHealthEndpointConsistency","API Test Suite","Fri Mar 27 19:53:06 UTC 2026","passed","Fri Mar 27 19:53:06 UTC 2026","com.automationlab.tests.HealthTest","API Tests","com.automationlab.tests.HealthTest","testHealthEndpointConsistency"
"Verify health endpoint returns uptime information","55","testHealthEndpointUptime","API Test Suite","Fri Mar 27 19:53:07 UTC 2026","passed","Fri Mar 27 19:53:07 UTC 2026","com.automationlab.tests.HealthTest","API Tests","com.automationlab.tests.HealthTest","testHealthEndpointUptime"
"","304","soft deleted user has is_active set to false","","Fri Mar 27 19:53:09 UTC 2026","passed","Fri Mar 27 19:53:09 UTC 2026","User Endpoints > DELETE /api/users/:id","user_test.spec.ts","",""
"","71","response body conforms to paginated users schema","","Fri Mar 27 19:53:06 UTC 2026","passed","Fri Mar 27 19:53:06 UTC 2026","User Endpoints > GET /api/users","user_test.spec.ts","",""
"Filter orders by status parameter.","3","test_filter_orders_by_status","tests","Fri Mar 27 19:53:02 UTC 2026","passed","Fri Mar 27 19:53:02 UTC 2026","TestListOrders","orders_test","",""
"Get order detail should include item breakdown.","12","test_get_order_with_items","tests","Fri Mar 27 19:53:02 UTC 2026","passed","Fri Mar 27 19:53:02 UTC 2026","TestGetOrder","orders_test","",""
"Verify user can update multiple fields simultaneously","116","testUpdateMultipleFields","API Test Suite","Fri Mar 27 19:53:11 UTC 2026","passed","Fri Mar 27 19:53:11 UTC 2026","com.automationlab.tests.UserTest","API Tests","com.automationlab.tests.UserTest","testUpdateMultipleFields"
"","72","test_login_with_valid_credentials","tests","Fri Mar 27 19:52:59 UTC 2026","passed","Fri Mar 27 19:52:59 UTC 2026","TestLogin","auth_test","",""
"Verify product with decimal price is created correctly","27","testCreateProductDecimalPrice","API Test Suite","Fri Mar 27 19:53:13 UTC 2026","passed","Fri Mar 27 19:53:13 UTC 2026","com.automationlab.tests.ProductTest","API Tests","com.automationlab.tests.ProductTest","testCreateProductDecimalPrice"
"Verify login fails with non-existent email","27","testLoginNonExistentEmail","API Test Suite","Fri Mar 27 19:53:08 UTC 2026","passed","Fri Mar 27 19:53:08 UTC 2026","com.automationlab.tests.AuthTest","API Tests","com.automationlab.tests.AuthTest","testLoginNonExistentEmail"
"","100","test_register_new_user","tests","Fri Mar 27 19:52:58 UTC 2026","passed","Fri Mar 27 19:52:58 UTC 2026","TestRegistration","auth_test","",""
"","39246","DELETE /api/users/:id","","Fri Mar 27 19:54:16 UTC 2026","passed","Fri Mar 27 19:54:56 UTC 2026","","k6 Performance Tests","",""
"Verify invalid endpoint returns 404","22","testInvalidEndpoint","API Test Suite","Fri Mar 27 19:53:07 UTC 2026","passed","Fri Mar 27 19:53:07 UTC 2026","com.automationlab.tests.HealthTest","API Tests","com.automationlab.tests.HealthTest","testInvalidEndpoint"
"","433","Brand link navigates to products page","chromium","Fri Mar 27 19:53:39 UTC 2026","passed","Fri Mar 27 19:53:40 UTC 2026","Navbar — Unauthenticated","navbar_test.spec.ts","",""
"Dashboard link is not visible when unauthenticated","668","dashboardLinkIsNotVisibleWhenUnauthenticated","SQA Automation Lab — Selenium UI Suite","Fri Mar 27 19:58:31 UTC 2026","passed","Fri Mar 27 19:58:32 UTC 2026","com.sqa.ui.tests.NavigationTest","UI Tests","com.sqa.ui.tests.NavigationTest","dashboardLinkIsNotVisibleWhenUnauthenticated"
"Verify user can retrieve their own profile","50","testGetOwnUser","API Test Suite","Fri Mar 27 19:53:11 UTC 2026","passed","Fri Mar 27 19:53:11 UTC 2026","com.automationlab.tests.UserTest","API Tests","com.automationlab.tests.UserTest","testGetOwnUser"
"","1017","Admin all status filter options are selectable","chromium","Fri Mar 27 19:53:58 UTC 2026","passed","Fri Mar 27 19:53:59 UTC 2026","Orders — Authenticated Admin","orders_test.spec.ts","",""
"","81","user objects in response do not expose password field","","Fri Mar 27 19:53:06 UTC 2026","passed","Fri Mar 27 19:53:06 UTC 2026","User Endpoints > GET /api/users","user_test.spec.ts","",""
"","882","Admin status filter cancelled shows filtered results or empty state","chromium","Fri Mar 27 19:53:57 UTC 2026","passed","Fri Mar 27 19:53:58 UTC 2026","Orders — Authenticated Admin","orders_test.spec.ts","",""
"**Risk:** Informational
**Confidence:** 3
**Instances:** 1

**Description:**
The given request has been identified as an authentication request. The 'Other Info' field contains a set of key=value lines which identify any relevant fields. If the request is in a context which has an Authentication Method set to ""Auto-Detect"" then this rule will change the authentication to match the request identified.

**Solution:**
This is an informational alert rather than a vulnerability and so there is nothing to fix.","0","Authentication Request Identified","","Fri Mar 27 19:54:05 UTC 2026","passed","Fri Mar 27 19:54:05 UTC 2026","","Security - ZAP API Scan","",""
"","481","Password shorter than 6 characters shows validation error","chromium","Fri Mar 27 19:54:44 UTC 2026","passed","Fri Mar 27 19:54:44 UTC 2026","Register","register_test.spec.ts","",""
"Recent orders table displays when orders exist","1462","recentOrdersTableDisplaysWhenOrdersExist","SQA Automation Lab — Selenium UI Suite","Fri Mar 27 19:58:10 UTC 2026","passed","Fri Mar 27 19:58:11 UTC 2026","com.sqa.ui.tests.DashboardTest","UI Tests","com.sqa.ui.tests.DashboardTest","recentOrdersTableDisplaysWhenOrdersExist"
"Cancel order with confirmation removes order from pending list — AUT Bug C","1011","cancelOrderWithConfirmationRemovesOrderFromPendingList","SQA Automation Lab — Selenium UI Suite","Fri Mar 27 19:57:14 UTC 2026","passed","Fri Mar 27 19:57:15 UTC 2026","com.sqa.ui.tests.OrdersTest","UI Tests","com.sqa.ui.tests.OrdersTest","cancelOrderWithConfirmationRemovesOrderFromPendingList"
"","81","response contains token","","Fri Mar 27 19:52:49 UTC 2026","passed","Fri Mar 27 19:52:49 UTC 2026","Authentication Endpoints > POST /api/auth/register","auth_test.spec.ts","",""
"","867","User can set quantity before ordering","chromium","Fri Mar 27 19:54:16 UTC 2026","passed","Fri Mar 27 19:54:17 UTC 2026","Product Detail — Authenticated User","product_detail_test.spec.ts","",""
"","68","returns HTTP 401 without token","","Fri Mar 27 19:53:07 UTC 2026","passed","Fri Mar 27 19:53:07 UTC 2026","User Endpoints > GET /api/users/:id","user_test.spec.ts","",""
"User should see their own orders.","11","test_list_own_orders","tests","Fri Mar 27 19:53:02 UTC 2026","passed","Fri Mar 27 19:53:02 UTC 2026","TestListOrders","orders_test","",""
"After deletion, user should still exist but be inactive.","11","test_deleted_user_is_soft_deleted","tests","Fri Mar 27 19:53:06 UTC 2026","passed","Fri Mar 27 19:53:06 UTC 2026","TestDeleteUser","user_test","",""
"","241","admin can create a product and receives HTTP 201","","Fri Mar 27 19:53:01 UTC 2026","passed","Fri Mar 27 19:53:01 UTC 2026","Product Endpoints > POST /api/products","products_test.spec.ts","",""
"","350","Dashboard link is not visible","chromium","Fri Mar 27 19:53:39 UTC 2026","passed","Fri Mar 27 19:53:39 UTC 2026","Navbar — Unauthenticated","navbar_test.spec.ts","",""
"","69","password field is not included in user response object","","Fri Mar 27 19:52:49 UTC 2026","passed","Fri Mar 27 19:52:50 UTC 2026","Authentication Endpoints > POST /api/auth/register","auth_test.spec.ts","",""
"","69","returns HTTP 200 when soft deleting own account","","Fri Mar 27 19:53:08 UTC 2026","passed","Fri Mar 27 19:53:08 UTC 2026","User Endpoints > DELETE /api/users/:id","user_test.spec.ts","",""
"Verify list orders fails without authentication","10","testListOrdersNoAuth","API Test Suite","Fri Mar 27 19:53:17 UTC 2026","passed","Fri Mar 27 19:53:17 UTC 2026","com.automationlab.tests.OrderTest","API Tests","com.automationlab.tests.OrderTest","testListOrdersNoAuth"
"","38134","GET /api/products/:id","","Fri Mar 27 19:54:57 UTC 2026","passed","Fri Mar 27 19:55:35 UTC 2026","","k6 Performance Tests","",""
"Verify registration succeeds without first name (optional field)","113","testRegistrationMissingFirstName","API Test Suite","Fri Mar 27 19:53:09 UTC 2026","passed","Fri Mar 27 19:53:09 UTC 2026","com.automationlab.tests.AuthTest","API Tests","com.automationlab.tests.AuthTest","testRegistrationMissingFirstName"
"","398","Unauthenticated place order redirects to login","chromium","Fri Mar 27 19:54:12 UTC 2026","passed","Fri Mar 27 19:54:12 UTC 2026","Product Detail — Unauthenticated","product_detail_test.spec.ts","",""
"","3","test_regular_user_cannot_update_product","tests","Fri Mar 27 19:53:04 UTC 2026","passed","Fri Mar 27 19:53:04 UTC 2026","TestUpdateProduct","products_test","",""
"","238","returns HTTP 400 when name is missing","","Fri Mar 27 19:53:02 UTC 2026","passed","Fri Mar 27 19:53:02 UTC 2026","Product Endpoints > POST /api/products","products_test.spec.ts","",""
"","9","pagination metadata contains expected fields","","Fri Mar 27 19:53:00 UTC 2026","passed","Fri Mar 27 19:53:00 UTC 2026","Product Endpoints > GET /api/products","products_test.spec.ts","",""
"","755","authenticated user visiting login page is redirected to products","chromium","Fri Mar 27 19:53:36 UTC 2026","passed","Fri Mar 27 19:53:37 UTC 2026","Login","login_test.spec.ts","",""
"","513","Invalid email format shows validation error","chromium","Fri Mar 27 19:54:43 UTC 2026","passed","Fri Mar 27 19:54:44 UTC 2026","Register","register_test.spec.ts","",""
"","911","Browse products link navigates to products page","chromium","Fri Mar 27 19:53:23 UTC 2026","passed","Fri Mar 27 19:53:24 UTC 2026","Dashboard — Authenticated Admin","dashboard_test.spec.ts","",""
"","318","returns HTTP 201 on successful order creation","","Fri Mar 27 19:52:51 UTC 2026","passed","Fri Mar 27 19:52:51 UTC 2026","Order Endpoints > POST /api/orders","orders_test.spec.ts","",""
"","414","returns HTTP 403 for another users order","","Fri Mar 27 19:52:55 UTC 2026","passed","Fri Mar 27 19:52:56 UTC 2026","Order Endpoints > GET /api/orders/:id","orders_test.spec.ts","",""
"","277","Unauthenticated access to orders redirects to login","chromium","Fri Mar 27 19:53:54 UTC 2026","passed","Fri Mar 27 19:53:55 UTC 2026","Orders — Unauthenticated","orders_test.spec.ts","",""
"Verify order calculates correct total amount","27","testOrderCalculatesTotalAmount","API Test Suite","Fri Mar 27 19:53:17 UTC 2026","passed","Fri Mar 27 19:53:17 UTC 2026","com.automationlab.tests.OrderTest","API Tests","com.automationlab.tests.OrderTest","testOrderCalculatesTotalAmount"
"Verify create product fails with negative stock","14","testCreateProductNegativeStock","API Test Suite","Fri Mar 27 19:53:13 UTC 2026","passed","Fri Mar 27 19:53:13 UTC 2026","com.automationlab.tests.ProductTest","API Tests","com.automationlab.tests.ProductTest","testCreateProductNegativeStock"
"","5","returns HTTP 400 for non-numeric product id","","Fri Mar 27 19:53:01 UTC 2026","passed","Fri Mar 27 19:53:01 UTC 2026","Product Endpoints > GET /api/products/:id","products_test.spec.ts","",""
"Verify registration fails with missing password","19","testRegistrationMissingPassword","API Test Suite","Fri Mar 27 19:53:09 UTC 2026","passed","Fri Mar 27 19:53:09 UTC 2026","com.automationlab.tests.AuthTest","API Tests","com.automationlab.tests.AuthTest","testRegistrationMissingPassword"
"Verify root endpoint returns app information","68","testRootEndpoint","API Test Suite","Fri Mar 27 19:53:07 UTC 2026","passed","Fri Mar 27 19:53:07 UTC 2026","com.automationlab.tests.HealthTest","API Tests","com.automationlab.tests.HealthTest","testRootEndpoint"
"","306","returns HTTP 403 for non-admin authenticated user","","Fri Mar 27 19:53:05 UTC 2026","passed","Fri Mar 27 19:53:06 UTC 2026","Product Endpoints > DELETE /api/products/:id","products_test.spec.ts","",""
"Verify get user fails without authentication","17","testGetUserNoAuth","API Test Suite","Fri Mar 27 19:53:11 UTC 2026","passed","Fri Mar 27 19:53:11 UTC 2026","com.automationlab.tests.UserTest","API Tests","com.automationlab.tests.UserTest","testGetUserNoAuth"
"Verify registered user is active by default","260","testRegistrationDefaultActiveStatus","API Test Suite","Fri Mar 27 19:53:08 UTC 2026","passed","Fri Mar 27 19:53:08 UTC 2026","com.automationlab.tests.AuthTest","API Tests","com.automationlab.tests.AuthTest","testRegistrationDefaultActiveStatus"
"Orders page displays order cards","315","ordersPageDisplaysOrderCards","SQA Automation Lab — Selenium UI Suite","Fri Mar 27 19:57:24 UTC 2026","passed","Fri Mar 27 19:57:24 UTC 2026","com.sqa.ui.tests.OrdersTest","UI Tests","com.sqa.ui.tests.OrdersTest","ordersPageDisplaysOrderCards"
"","889","User status filter cancelled shows filtered results or empty state","chromium","Fri Mar 27 19:54:05 UTC 2026","passed","Fri Mar 27 19:54:06 UTC 2026","Orders — Authenticated User","orders_test.spec.ts","",""
"","37997","Step 1: Register new user","","Fri Mar 27 19:56:20 UTC 2026","passed","Fri Mar 27 19:56:58 UTC 2026","","k6 Performance Tests","",""
"","67","returns HTTP 401 without token","","Fri Mar 27 19:53:08 UTC 2026","passed","Fri Mar 27 19:53:08 UTC 2026","User Endpoints > PUT /api/users/:id","user_test.spec.ts","",""
"","3","test_filter_by_category","tests","Fri Mar 27 19:53:04 UTC 2026","passed","Fri Mar 27 19:53:04 UTC 2026","TestFilterProducts","products_test","",""
"Verify login fails with missing email","35","testLoginMissingEmail","API Test Suite","Fri Mar 27 19:53:08 UTC 2026","passed","Fri Mar 27 19:53:08 UTC 2026","com.automationlab.tests.AuthTest","API Tests","com.automationlab.tests.AuthTest","testLoginMissingEmail"
"","3","test_create_product_returns_id","tests","Fri Mar 27 19:53:04 UTC 2026","passed","Fri Mar 27 19:53:04 UTC 2026","TestCreateProduct","products_test","",""
"Verify registration fails with missing email","18","testRegistrationMissingEmail","API Test Suite","Fri Mar 27 19:53:09 UTC 2026","passed","Fri Mar 27 19:53:09 UTC 2026","com.automationlab.tests.AuthTest","API Tests","com.automationlab.tests.AuthTest","testRegistrationMissingEmail"
"","72","returns HTTP 409 on duplicate email","","Fri Mar 27 19:52:50 UTC 2026","passed","Fri Mar 27 19:52:50 UTC 2026","Authentication Endpoints > POST /api/auth/register","auth_test.spec.ts","",""
"Verify products can be searched by name","37","testSearchProducts","API Test Suite","Fri Mar 27 19:53:14 UTC 2026","passed","Fri Mar 27 19:53:14 UTC 2026","com.automationlab.tests.ProductTest","API Tests","com.automationlab.tests.ProductTest","testSearchProducts"
"Verify admin can update stock quantity","56","testUpdateProductStock","API Test Suite","Fri Mar 27 19:53:14 UTC 2026","passed","Fri Mar 27 19:53:14 UTC 2026","com.automationlab.tests.ProductTest","API Tests","com.automationlab.tests.ProductTest","testUpdateProductStock"
"Products page displays product cards","1064","productsPageDisplaysProductCards","SQA Automation Lab — Selenium UI Suite","Fri Mar 27 19:56:07 UTC 2026","passed","Fri Mar 27 19:56:08 UTC 2026","com.sqa.ui.tests.ProductsTest","UI Tests","com.sqa.ui.tests.ProductsTest","productsPageDisplaysProductCards"
"","72","returns HTTP 400 or 404 for non-existent product","","Fri Mar 27 19:52:53 UTC 2026","passed","Fri Mar 27 19:52:53 UTC 2026","Order Endpoints > POST /api/orders","orders_test.spec.ts","",""
"","253","returns HTTP 401 without token","","Fri Mar 27 19:53:04 UTC 2026","passed","Fri Mar 27 19:53:05 UTC 2026","Product Endpoints > PUT /api/products/:id","products_test.spec.ts","",""
"","888","Dashboard page displays welcome heading","chromium","Fri Mar 27 19:53:19 UTC 2026","passed","Fri Mar 27 19:53:20 UTC 2026","Dashboard — Authenticated Admin","dashboard_test.spec.ts","",""
"","5692","Empty last name shows validation error","chromium","Fri Mar 27 19:54:36 UTC 2026","failed","Fri Mar 27 19:54:41 UTC 2026","Register","register_test.spec.ts","",""
"Verify order includes item details","65","testOrderIncludesItemDetails","API Test Suite","Fri Mar 27 19:53:17 UTC 2026","passed","Fri Mar 27 19:53:17 UTC 2026","com.automationlab.tests.OrderTest","API Tests","com.automationlab.tests.OrderTest","testOrderIncludesItemDetails"
"","3","test_health_includes_timestamp","tests","Fri Mar 27 19:53:00 UTC 2026","passed","Fri Mar 27 19:53:00 UTC 2026","TestHealthEndpoint","health_test","",""
"","6","returns HTTP 200","","Fri Mar 27 19:52:51 UTC 2026","passed","Fri Mar 27 19:52:51 UTC 2026","Health Endpoints > GET /","health_test.spec.ts","",""
"","4","test_update_nonexistent_product_returns_404","tests","Fri Mar 27 19:53:04 UTC 2026","passed","Fri Mar 27 19:53:04 UTC 2026","TestUpdateProduct","products_test","",""
"Authenticated user can navigate to product detail","1573","authenticatedUserCanNavigateToProductDetail","SQA Automation Lab — Selenium UI Suite","Fri Mar 27 19:55:26 UTC 2026","passed","Fri Mar 27 19:55:28 UTC 2026","com.sqa.ui.tests.ProductsTest","UI Tests","com.sqa.ui.tests.ProductsTest","authenticatedUserCanNavigateToProductDetail"
"","775","valid credentials redirect to products page","chromium","Fri Mar 27 19:53:31 UTC 2026","passed","Fri Mar 27 19:53:32 UTC 2026","Login","login_test.spec.ts","",""
"","4","test_update_sets_updated_at","tests","Fri Mar 27 19:53:04 UTC 2026","passed","Fri Mar 27 19:53:04 UTC 2026","TestUpdateProduct","products_test","",""
"","4","test_user_can_delete_own_account","tests","Fri Mar 27 19:53:06 UTC 2026","passed","Fri Mar 27 19:53:06 UTC 2026","TestDeleteUser","user_test","",""
"","13","page navigation does not return overlapping results","","Fri Mar 27 19:53:00 UTC 2026","passed","Fri Mar 27 19:53:00 UTC 2026","Product Endpoints > GET /api/products","products_test.spec.ts","",""
"Register link navigates to register page","663","registerLinkNavigatesToRegisterPage","SQA Automation Lab — Selenium UI Suite","Fri Mar 27 19:54:02 UTC 2026","passed","Fri Mar 27 19:54:02 UTC 2026","com.sqa.ui.tests.LoginTest","UI Tests","com.sqa.ui.tests.LoginTest","registerLinkNavigatesToRegisterPage"
"","3","test_filter_with_no_results","tests","Fri Mar 27 19:53:04 UTC 2026","passed","Fri Mar 27 19:53:04 UTC 2026","TestFilterProducts","products_test","",""
"","72","response contains orders array and pagination object","","Fri Mar 27 19:52:53 UTC 2026","passed","Fri Mar 27 19:52:54 UTC 2026","Order Endpoints > GET /api/orders","orders_test.spec.ts","",""
"Pagination next button advances to page 2 — AUT Bug E","1163","paginationNextButtonAdvancesToPage2","SQA Automation Lab — Selenium UI Suite","Fri Mar 27 19:55:50 UTC 2026","passed","Fri Mar 27 19:55:51 UTC 2026","com.sqa.ui.tests.ProductsTest","UI Tests","com.sqa.ui.tests.ProductsTest","paginationNextButtonAdvancesToPage2"
"","911","Sign-out redirects to login page","chromium","Fri Mar 27 19:53:25 UTC 2026","passed","Fri Mar 27 19:53:26 UTC 2026","Dashboard — Authenticated Admin","dashboard_test.spec.ts","",""
"","288","Product detail page displays product price","chromium","Fri Mar 27 19:54:10 UTC 2026","passed","Fri Mar 27 19:54:11 UTC 2026","Product Detail — Unauthenticated","product_detail_test.spec.ts","",""
"","10","test_admin_can_view_any_order","tests","Fri Mar 27 19:53:02 UTC 2026","passed","Fri Mar 27 19:53:02 UTC 2026","TestGetOrder","orders_test","",""
"","129","returns HTTP 401 for wrong password","","Fri Mar 27 19:52:50 UTC 2026","passed","Fri Mar 27 19:52:50 UTC 2026","Authentication Endpoints > POST /api/auth/login","auth_test.spec.ts","",""
"","241","response contains created product data","","Fri Mar 27 19:53:01 UTC 2026","passed","Fri Mar 27 19:53:01 UTC 2026","Product Endpoints > POST /api/products","products_test.spec.ts","",""
"Verify update product updates the updated_at timestamp","1078","testUpdateProductUpdatesTimestamp","API Test Suite","Fri Mar 27 19:53:14 UTC 2026","passed","Fri Mar 27 19:53:16 UTC 2026","com.automationlab.tests.ProductTest","API Tests","com.automationlab.tests.ProductTest","testUpdateProductUpdatesTimestamp"
"","72","test_login_returns_user_info","tests","Fri Mar 27 19:52:59 UTC 2026","passed","Fri Mar 27 19:52:59 UTC 2026","TestLogin","auth_test","",""
"","2","test_list_orders_without_auth_returns_401","tests","Fri Mar 27 19:53:02 UTC 2026","passed","Fri Mar 27 19:53:02 UTC 2026","TestListOrders","orders_test","",""
"Verify registration returns user ID","131","testRegistrationReturnsUserId","API Test Suite","Fri Mar 27 19:53:09 UTC 2026","passed","Fri Mar 27 19:53:09 UTC 2026","com.automationlab.tests.AuthTest","API Tests","com.automationlab.tests.AuthTest","testRegistrationReturnsUserId"
"","30111","User Journey Tests","","Fri Mar 27 19:57:48 UTC 2026","passed","Fri Mar 27 19:58:18 UTC 2026","","JMeter Performance Tests","",""
"","3","test_list_users_limit_exceeds_max_returns_400","tests","Fri Mar 27 19:53:05 UTC 2026","passed","Fri Mar 27 19:53:05 UTC 2026","TestListUsers","user_test","",""
"Verify create order fails with negative quantity","15","testCreateOrderNegativeQuantity","API Test Suite","Fri Mar 27 19:53:16 UTC 2026","passed","Fri Mar 27 19:53:16 UTC 2026","com.automationlab.tests.OrderTest","API Tests","com.automationlab.tests.OrderTest","testCreateOrderNegativeQuantity"
"","5","test_get_current_user","tests","Fri Mar 27 19:52:59 UTC 2026","passed","Fri Mar 27 19:52:59 UTC 2026","TestCurrentUser","auth_test","",""
"","312","new order status is pending","","Fri Mar 27 19:52:52 UTC 2026","passed","Fri Mar 27 19:52:52 UTC 2026","Order Endpoints > POST /api/orders","orders_test.spec.ts","",""
"Verify login fails with missing password","28","testLoginMissingPassword","API Test Suite","Fri Mar 27 19:53:08 UTC 2026","passed","Fri Mar 27 19:53:08 UTC 2026","com.automationlab.tests.AuthTest","API Tests","com.automationlab.tests.AuthTest","testLoginMissingPassword"
"","71","returns HTTP 200 with valid token","","Fri Mar 27 19:53:06 UTC 2026","passed","Fri Mar 27 19:53:06 UTC 2026","User Endpoints > GET /api/users","user_test.spec.ts","",""
"Verify created product has default active status","16","testCreateProductDefaultActiveStatus","API Test Suite","Fri Mar 27 19:53:13 UTC 2026","passed","Fri Mar 27 19:53:13 UTC 2026","com.automationlab.tests.ProductTest","API Tests","com.automationlab.tests.ProductTest","testCreateProductDefaultActiveStatus"
"**Risk:** Informational
**Confidence:** 2
**Instances:** 3

**Description:**
Check for differences in response based on fuzzed User Agent (eg. mobile sites, access as a Search Engine Crawler). Compares the response statuscode and the hashcode of the response body with the original response.

**Solution:**
","0","User Agent Fuzzer","","Fri Mar 27 19:54:05 UTC 2026","passed","Fri Mar 27 19:54:05 UTC 2026","","Security - ZAP API Scan","",""
"","606","Empty email shows validation error","chromium","Fri Mar 27 19:54:43 UTC 2026","passed","Fri Mar 27 19:54:43 UTC 2026","Register","register_test.spec.ts","",""
"","72","pagination metadata contains expected fields","","Fri Mar 27 19:53:06 UTC 2026","passed","Fri Mar 27 19:53:06 UTC 2026","User Endpoints > GET /api/users","user_test.spec.ts","",""
"Create two products and order both.","16","test_create_order_with_multiple_items","tests","Fri Mar 27 19:53:00 UTC 2026","passed","Fri Mar 27 19:53:00 UTC 2026","TestCreateOrder","orders_test","",""
"","513","Clear button resets search results","chromium","Fri Mar 27 19:54:19 UTC 2026","passed","Fri Mar 27 19:54:20 UTC 2026","Products — Unauthenticated","products_test.spec.ts","",""
"","1","setup","","Fri Mar 27 19:54:14 UTC 2026","passed","Fri Mar 27 19:54:14 UTC 2026","","k6 Performance Tests","",""
"","5","test_cancel_nonexistent_order_returns_404","tests","Fri Mar 27 19:53:04 UTC 2026","passed","Fri Mar 27 19:53:04 UTC 2026","TestCancelOrder","orders_test","",""
"Dashboard displays user role","1459","dashboardDisplaysUserRole","SQA Automation Lab — Selenium UI Suite","Fri Mar 27 19:58:00 UTC 2026","passed","Fri Mar 27 19:58:02 UTC 2026","com.sqa.ui.tests.DashboardTest","UI Tests","com.sqa.ui.tests.DashboardTest","dashboardDisplaysUserRole"
"Duplicate email shows error message","1550","duplicateEmailShowsErrorMessage","SQA Automation Lab — Selenium UI Suite","Fri Mar 27 19:54:19 UTC 2026","passed","Fri Mar 27 19:54:21 UTC 2026","com.sqa.ui.tests.RegisterTest","UI Tests","com.sqa.ui.tests.RegisterTest","duplicateEmailShowsErrorMessage"
"Verify delete non-existent user returns 404","22","testDeleteNonExistentUser","API Test Suite","Fri Mar 27 19:53:10 UTC 2026","passed","Fri Mar 27 19:53:10 UTC 2026","com.automationlab.tests.UserTest","API Tests","com.automationlab.tests.UserTest","testDeleteNonExistentUser"
"","5","returns HTTP 401 without token","","Fri Mar 27 19:52:54 UTC 2026","passed","Fri Mar 27 19:52:54 UTC 2026","Order Endpoints > GET /api/orders","orders_test.spec.ts","",""
"","4","test_delete_nonexistent_user_returns_404","tests","Fri Mar 27 19:53:06 UTC 2026","passed","Fri Mar 27 19:53:06 UTC 2026","TestDeleteUser","user_test","",""
"Verify admin can cancel any pending order","47","testAdminCancelAnyOrder","API Test Suite","Fri Mar 27 19:53:16 UTC 2026","passed","Fri Mar 27 19:53:16 UTC 2026","com.automationlab.tests.OrderTest","API Tests","com.automationlab.tests.OrderTest","testAdminCancelAnyOrder"
"","3","test_regular_user_cannot_create_product","tests","Fri Mar 27 19:53:04 UTC 2026","passed","Fri Mar 27 19:53:04 UTC 2026","TestCreateProduct","products_test","",""
"","871","Orders link navigates to orders page","chromium","Fri Mar 27 19:53:45 UTC 2026","passed","Fri Mar 27 19:53:46 UTC 2026","Navbar — Authenticated Admin","navbar_test.spec.ts","",""
"Login page displays Sign In heading","522","loginPageDisplaysSignInHeading","SQA Automation Lab — Selenium UI Suite","Fri Mar 27 19:53:53 UTC 2026","passed","Fri Mar 27 19:53:54 UTC 2026","com.sqa.ui.tests.LoginTest","UI Tests","com.sqa.ui.tests.LoginTest","loginPageDisplaysSignInHeading"
"","11","test_update_with_invalid_status_returns_400","tests","Fri Mar 27 19:53:03 UTC 2026","passed","Fri Mar 27 19:53:03 UTC 2026","TestUpdateOrderStatus","orders_test","",""
"Verify get current user fails without token","30","testGetCurrentUserNoToken","API Test Suite","Fri Mar 27 19:53:07 UTC 2026","passed","Fri Mar 27 19:53:07 UTC 2026","com.automationlab.tests.AuthTest","API Tests","com.automationlab.tests.AuthTest","testGetCurrentUserNoToken"
"","2","test_create_product_without_price_returns_400","tests","Fri Mar 27 19:53:04 UTC 2026","passed","Fri Mar 27 19:53:04 UTC 2026","TestCreateProduct","products_test","",""
"","72","test_login_with_wrong_password_returns_401","tests","Fri Mar 27 19:52:59 UTC 2026","passed","Fri Mar 27 19:52:59 UTC 2026","TestLogin","auth_test","",""
"","74","returns HTTP 404 for non-existent order","","Fri Mar 27 19:52:56 UTC 2026","passed","Fri Mar 27 19:52:56 UTC 2026","Order Endpoints > GET /api/orders/:id","orders_test.spec.ts","",""
"","5","test_admin_can_update_stock","tests","Fri Mar 27 19:53:04 UTC 2026","passed","Fri Mar 27 19:53:04 UTC 2026","TestUpdateProduct","products_test","",""
"Verify user only sees their own orders","57","testListOrdersOnlyOwnOrders","API Test Suite","Fri Mar 27 19:53:17 UTC 2026","passed","Fri Mar 27 19:53:17 UTC 2026","com.automationlab.tests.OrderTest","API Tests","com.automationlab.tests.OrderTest","testListOrdersOnlyOwnOrders"
"","71","limit parameter is respected","","Fri Mar 27 19:53:06 UTC 2026","passed","Fri Mar 27 19:53:06 UTC 2026","User Endpoints > GET /api/users","user_test.spec.ts","",""
"","68","returns HTTP 201 with minimum required fields — email and password only","","Fri Mar 27 19:52:50 UTC 2026","passed","Fri Mar 27 19:52:50 UTC 2026","Authentication Endpoints > POST /api/auth/register","auth_test.spec.ts","",""
"Verify update user fails without authentication","52","testUpdateUserNoAuth","API Test Suite","Fri Mar 27 19:53:12 UTC 2026","passed","Fri Mar 27 19:53:12 UTC 2026","com.automationlab.tests.UserTest","API Tests","com.automationlab.tests.UserTest","testUpdateUserNoAuth"
"","38201","GET /api/orders","","Fri Mar 27 19:55:39 UTC 2026","passed","Fri Mar 27 19:56:17 UTC 2026","","k6 Performance Tests","",""
"","323","stock is restored after order cancellation","","Fri Mar 27 19:52:58 UTC 2026","passed","Fri Mar 27 19:52:58 UTC 2026","Order Endpoints > DELETE /api/orders/:id","orders_test.spec.ts","",""
"All status filter options are selectable — AUT Bug C","1340","allStatusFilterOptionsAreSelectable","SQA Automation Lab — Selenium UI Suite","Fri Mar 27 19:57:03 UTC 2026","passed","Fri Mar 27 19:57:05 UTC 2026","com.sqa.ui.tests.OrdersTest","UI Tests","com.sqa.ui.tests.OrdersTest","allStatusFilterOptionsAreSelectable"
"Create an order as admin, verify another user can't see it.","84","test_user_cannot_view_other_users_order","tests","Fri Mar 27 19:53:02 UTC 2026","passed","Fri Mar 27 19:53:02 UTC 2026","TestGetOrder","orders_test","",""
"","7","test_regular_user_cannot_update_status","tests","Fri Mar 27 19:53:03 UTC 2026","passed","Fri Mar 27 19:53:03 UTC 2026","TestUpdateOrderStatus","orders_test","",""
"","4","test_get_nonexistent_product_returns_404","tests","Fri Mar 27 19:53:04 UTC 2026","passed","Fri Mar 27 19:53:04 UTC 2026","TestGetProduct","products_test","",""
"","3","test_login_without_email_returns_400","tests","Fri Mar 27 19:52:59 UTC 2026","passed","Fri Mar 27 19:52:59 UTC 2026","TestLogin","auth_test","",""
"","76","pagination metadata contains expected fields","","Fri Mar 27 19:52:54 UTC 2026","passed","Fri Mar 27 19:52:54 UTC 2026","Order Endpoints > GET /api/orders","orders_test.spec.ts","",""
"","244","creating with minimum fields returns 201 and stock defaults to zero","","Fri Mar 27 19:53:01 UTC 2026","passed","Fri Mar 27 19:53:02 UTC 2026","Product Endpoints > POST /api/products","products_test.spec.ts","",""
"","132","returns HTTP 403 or 404 when updating another users data","","Fri Mar 27 19:53:08 UTC 2026","passed","Fri Mar 27 19:53:08 UTC 2026","User Endpoints > PUT /api/users/:id","user_test.spec.ts","",""
"Verify update user updates the updated_at timestamp","1073","testUpdateUserUpdatesTimestamp","API Test Suite","Fri Mar 27 19:53:12 UTC 2026","passed","Fri Mar 27 19:53:13 UTC 2026","com.automationlab.tests.UserTest","API Tests","com.automationlab.tests.UserTest","testUpdateUserUpdatesTimestamp"
"","4","test_update_with_empty_body_returns_400","tests","Fri Mar 27 19:53:06 UTC 2026","passed","Fri Mar 27 19:53:06 UTC 2026","TestUpdateUser","user_test","",""
"Verify anyone can list products without authentication","44","testListProductsPublic","API Test Suite","Fri Mar 27 19:53:16 UTC 2026","passed","Fri Mar 27 19:53:16 UTC 2026","com.automationlab.tests.ProductTest","API Tests","com.automationlab.tests.ProductTest","testListProductsPublic"
"","870","Dashboard page displays welcome heading","chromium","Fri Mar 27 19:53:26 UTC 2026","passed","Fri Mar 27 19:53:27 UTC 2026","Dashboard — Authenticated Regular User","dashboard_test.spec.ts","",""
"Verify create order fails with empty items array","12","testCreateOrderEmptyItems","API Test Suite","Fri Mar 27 19:53:16 UTC 2026","passed","Fri Mar 27 19:53:16 UTC 2026","com.automationlab.tests.OrderTest","API Tests","com.automationlab.tests.OrderTest","testCreateOrderEmptyItems"
"","903","Admin status filter pending shows results","chromium","Fri Mar 27 19:53:56 UTC 2026","passed","Fri Mar 27 19:53:57 UTC 2026","Orders — Authenticated Admin","orders_test.spec.ts","",""
"Sign in link is not visible when authenticated","974","signInLinkIsNotVisibleWhenAuthenticated","SQA Automation Lab — Selenium UI Suite","Fri Mar 27 19:59:21 UTC 2026","passed","Fri Mar 27 19:59:22 UTC 2026","com.sqa.ui.tests.NavigationTest","UI Tests","com.sqa.ui.tests.NavigationTest","signInLinkIsNotVisibleWhenAuthenticated"
"Verify registration fails with invalid email format","18","testRegistrationInvalidEmail","API Test Suite","Fri Mar 27 19:53:09 UTC 2026","passed","Fri Mar 27 19:53:09 UTC 2026","com.automationlab.tests.AuthTest","API Tests","com.automationlab.tests.AuthTest","testRegistrationInvalidEmail"
"","4","test_admin_can_delete_any_user","tests","Fri Mar 27 19:53:06 UTC 2026","passed","Fri Mar 27 19:53:06 UTC 2026","TestDeleteUser","user_test","",""
"","8","response body conforms to paginated products schema","","Fri Mar 27 19:53:00 UTC 2026","passed","Fri Mar 27 19:53:00 UTC 2026","Product Endpoints > GET /api/products","products_test.spec.ts","",""
"Verify user can cancel their own pending order","44","testCancelOwnOrder","API Test Suite","Fri Mar 27 19:53:16 UTC 2026","passed","Fri Mar 27 19:53:16 UTC 2026","com.automationlab.tests.OrderTest","API Tests","com.automationlab.tests.OrderTest","testCancelOwnOrder"
"","323","returns HTTP 400 for quantity exceeding available stock","","Fri Mar 27 19:52:53 UTC 2026","passed","Fri Mar 27 19:52:53 UTC 2026","Order Endpoints > POST /api/orders","orders_test.spec.ts","",""
"","240","returns HTTP 404 for non-existent user","","Fri Mar 27 19:53:07 UTC 2026","passed","Fri Mar 27 19:53:07 UTC 2026","User Endpoints > GET /api/users/:id","user_test.spec.ts","",""
"","799","Dashboard displays admin role badge","chromium","Fri Mar 27 19:53:21 UTC 2026","passed","Fri Mar 27 19:53:22 UTC 2026","Dashboard — Authenticated Admin","dashboard_test.spec.ts","",""
"Verify created product returns ID","38","testCreateProductReturnsId","API Test Suite","Fri Mar 27 19:53:13 UTC 2026","passed","Fri Mar 27 19:53:14 UTC 2026","com.automationlab.tests.ProductTest","API Tests","com.automationlab.tests.ProductTest","testCreateProductReturnsId"
"","448","wrong password stays on login page","chromium","Fri Mar 27 19:53:35 UTC 2026","passed","Fri Mar 27 19:53:35 UTC 2026","Login","login_test.spec.ts","",""
"","5","test_update_own_first_name","tests","Fri Mar 27 19:53:05 UTC 2026","passed","Fri Mar 27 19:53:05 UTC 2026","TestUpdateUser","user_test","",""
"","3","test_logout_returns_success","tests","Fri Mar 27 19:53:00 UTC 2026","passed","Fri Mar 27 19:53:00 UTC 2026","TestLogout","auth_test","",""
"Verify users list only returns active users","89","testListOnlyActiveUsers","API Test Suite","Fri Mar 27 19:53:11 UTC 2026","passed","Fri Mar 27 19:53:11 UTC 2026","com.automationlab.tests.UserTest","API Tests","com.automationlab.tests.UserTest","testListOnlyActiveUsers"
"","7","test_admin_can_update_product_name","tests","Fri Mar 27 19:53:04 UTC 2026","passed","Fri Mar 27 19:53:04 UTC 2026","TestUpdateProduct","products_test","",""
"Verify admin can update product details","43","testUpdateProduct","API Test Suite","Fri Mar 27 19:53:14 UTC 2026","passed","Fri Mar 27 19:53:14 UTC 2026","com.automationlab.tests.ProductTest","API Tests","com.automationlab.tests.ProductTest","testUpdateProduct"
"Verify product has all required fields","70","testGetProductRequiredFields","API Test Suite","Fri Mar 27 19:53:14 UTC 2026","passed","Fri Mar 27 19:53:14 UTC 2026","com.automationlab.tests.ProductTest","API Tests","com.automationlab.tests.ProductTest","testGetProductRequiredFields"
"","71","response contains users array and pagination object","","Fri Mar 27 19:53:06 UTC 2026","passed","Fri Mar 27 19:53:06 UTC 2026","User Endpoints > GET /api/users","user_test.spec.ts","",""
"","129","returns HTTP 200 on successful login","","Fri Mar 27 19:52:50 UTC 2026","passed","Fri Mar 27 19:52:50 UTC 2026","Authentication Endpoints > POST /api/auth/login","auth_test.spec.ts","",""
"","558","Valid registration redirects to dashboard page","chromium","Fri Mar 27 19:54:28 UTC 2026","passed","Fri Mar 27 19:54:28 UTC 2026","Register","register_test.spec.ts","",""
"Verify user response includes timestamps","53","testGetUserIncludesTimestamps","API Test Suite","Fri Mar 27 19:53:11 UTC 2026","passed","Fri Mar 27 19:53:11 UTC 2026","com.automationlab.tests.UserTest","API Tests","com.automationlab.tests.UserTest","testGetUserIncludesTimestamps"
"","332","Sign-in link navigates to login page","chromium","Fri Mar 27 19:54:45 UTC 2026","passed","Fri Mar 27 19:54:46 UTC 2026","Register","register_test.spec.ts","",""
"","238","returns HTTP 400 when price is missing","","Fri Mar 27 19:53:02 UTC 2026","passed","Fri Mar 27 19:53:02 UTC 2026","Product Endpoints > POST /api/products","products_test.spec.ts","",""
"","801","Dashboard link is visible","chromium","Fri Mar 27 19:53:49 UTC 2026","passed","Fri Mar 27 19:53:50 UTC 2026","Navbar — Authenticated Regular User","navbar_test.spec.ts","",""
"","241","returns HTTP 400 for negative stock quantity","","Fri Mar 27 19:53:02 UTC 2026","passed","Fri Mar 27 19:53:03 UTC 2026","Product Endpoints > POST /api/products","products_test.spec.ts","",""
"","962","Admin can navigate to product detail","chromium","Fri Mar 27 19:54:24 UTC 2026","passed","Fri Mar 27 19:54:25 UTC 2026","Products — Authenticated Admin","products_test.spec.ts","",""
"","38136","PUT /api/products/:id","","Fri Mar 27 19:54:59 UTC 2026","passed","Fri Mar 27 19:55:37 UTC 2026","","k6 Performance Tests","",""
"Register page displays Create Account heading","448","registerPageDisplaysCreateAccountHeading","SQA Automation Lab — Selenium UI Suite","Fri Mar 27 19:55:03 UTC 2026","passed","Fri Mar 27 19:55:04 UTC 2026","com.sqa.ui.tests.RegisterTest","UI Tests","com.sqa.ui.tests.RegisterTest","registerPageDisplaysCreateAccountHeading"
"","313","admin can update order status and receives HTTP 200","","Fri Mar 27 19:52:56 UTC 2026","passed","Fri Mar 27 19:52:57 UTC 2026","Order Endpoints > PATCH /api/orders/:id/status","orders_test.spec.ts","",""
"Verify default pagination limit","38","testListUsersDefaultPaginationLimit","API Test Suite","Fri Mar 27 19:53:11 UTC 2026","passed","Fri Mar 27 19:53:11 UTC 2026","com.automationlab.tests.UserTest","API Tests","com.automationlab.tests.UserTest","testListUsersDefaultPaginationLimit"
"","2","test_logout_without_token_returns_401","tests","Fri Mar 27 19:53:00 UTC 2026","passed","Fri Mar 27 19:53:00 UTC 2026","TestLogout","auth_test","",""
"Clear button resets search results","1211","clearButtonResetsSearchResults","SQA Automation Lab — Selenium UI Suite","Fri Mar 27 19:55:45 UTC 2026","passed","Fri Mar 27 19:55:46 UTC 2026","com.sqa.ui.tests.ProductsTest","UI Tests","com.sqa.ui.tests.ProductsTest","clearButtonResetsSearchResults"
"Verify admin can update order status","26","testUpdateOrderStatus","API Test Suite","Fri Mar 27 19:53:17 UTC 2026","passed","Fri Mar 27 19:53:17 UTC 2026","com.automationlab.tests.OrderTest","API Tests","com.automationlab.tests.OrderTest","testUpdateOrderStatus"
"","9","test_admin_can_update_status_to_shipped","tests","Fri Mar 27 19:53:03 UTC 2026","passed","Fri Mar 27 19:53:03 UTC 2026","TestUpdateOrderStatus","orders_test","",""
"","5","test_list_users_excludes_passwords","tests","Fri Mar 27 19:53:05 UTC 2026","passed","Fri Mar 27 19:53:05 UTC 2026","TestListUsers","user_test","",""
"Verify pagination with custom page size","68","testListUsersCustomPageSize","API Test Suite","Fri Mar 27 19:53:11 UTC 2026","passed","Fri Mar 27 19:53:11 UTC 2026","com.automationlab.tests.UserTest","API Tests","com.automationlab.tests.UserTest","testListUsersCustomPageSize"
"","314","returns HTTP 401 without token","","Fri Mar 27 19:52:58 UTC 2026","passed","Fri Mar 27 19:52:58 UTC 2026","Order Endpoints > PATCH /api/orders/:id/status","orders_test.spec.ts","",""
"","6","test_admin_can_update_product_price","tests","Fri Mar 27 19:53:04 UTC 2026","passed","Fri Mar 27 19:53:04 UTC 2026","TestUpdateProduct","products_test","",""
"","244","returns correct product data","","Fri Mar 27 19:53:00 UTC 2026","passed","Fri Mar 27 19:53:00 UTC 2026","Product Endpoints > GET /api/products/:id","products_test.spec.ts","",""
"","10","test_admin_can_cancel_any_pending_order","tests","Fri Mar 27 19:53:04 UTC 2026","passed","Fri Mar 27 19:53:04 UTC 2026","TestCancelOrder","orders_test","",""
"","68","returns HTTP 409 when updating email to one already in use","","Fri Mar 27 19:53:08 UTC 2026","passed","Fri Mar 27 19:53:08 UTC 2026","User Endpoints > PUT /api/users/:id","user_test.spec.ts","",""
"","796","Orders link is visible","chromium","Fri Mar 27 19:53:42 UTC 2026","passed","Fri Mar 27 19:53:43 UTC 2026","Navbar — Authenticated Admin","navbar_test.spec.ts","",""
"","2","test_get_current_user_without_token_returns_401","tests","Fri Mar 27 19:53:00 UTC 2026","passed","Fri Mar 27 19:53:00 UTC 2026","TestCurrentUser","auth_test","",""
"Verify create order fails with non-existent product","19","testCreateOrderNonExistentProduct","API Test Suite","Fri Mar 27 19:53:16 UTC 2026","passed","Fri Mar 27 19:53:16 UTC 2026","com.automationlab.tests.OrderTest","API Tests","com.automationlab.tests.OrderTest","testCreateOrderNonExistentProduct"
"","72","returns correct user data for the token owner","","Fri Mar 27 19:52:51 UTC 2026","passed","Fri Mar 27 19:52:51 UTC 2026","Authentication Endpoints > GET /api/auth/me","auth_test.spec.ts","",""
"Unauthenticated access to dashboard redirects to login","390","unauthenticatedAccessRedirectsToLogin","SQA Automation Lab — Selenium UI Suite","Fri Mar 27 19:58:15 UTC 2026","passed","Fri Mar 27 19:58:15 UTC 2026","com.sqa.ui.tests.DashboardTest","UI Tests","com.sqa.ui.tests.DashboardTest","unauthenticatedAccessRedirectsToLogin"
"Verify user cannot cancel another user's order","35","testCancelOtherUserOrder","API Test Suite","Fri Mar 27 19:53:16 UTC 2026","passed","Fri Mar 27 19:53:16 UTC 2026","com.automationlab.tests.OrderTest","API Tests","com.automationlab.tests.OrderTest","testCancelOtherUserOrder"
"Dashboard displays user name","1455","dashboardDisplaysUserName","SQA Automation Lab — Selenium UI Suite","Fri Mar 27 19:57:55 UTC 2026","passed","Fri Mar 27 19:57:57 UTC 2026","com.sqa.ui.tests.DashboardTest","UI Tests","com.sqa.ui.tests.DashboardTest","dashboardDisplaysUserName"
"Verify products can be filtered by multiple criteria","25","testListProductsMultipleFilters","API Test Suite","Fri Mar 27 19:53:14 UTC 2026","passed","Fri Mar 27 19:53:14 UTC 2026","com.automationlab.tests.ProductTest","API Tests","com.automationlab.tests.ProductTest","testListProductsMultipleFilters"
"","372","Unauthenticated access redirects to login","chromium","Fri Mar 27 19:53:18 UTC 2026","passed","Fri Mar 27 19:53:18 UTC 2026","Dashboard — Unauthenticated","dashboard_test.spec.ts","",""
"","4","test_get_user_returns_full_profile","tests","Fri Mar 27 19:53:05 UTC 2026","passed","Fri Mar 27 19:53:05 UTC 2026","TestGetUser","user_test","",""
"","4","test_login_with_nonexistent_email_returns_401","tests","Fri Mar 27 19:52:59 UTC 2026","passed","Fri Mar 27 19:52:59 UTC 2026","TestLogin","auth_test","",""
"","7","test_list_users_page_navigation","tests","Fri Mar 27 19:53:05 UTC 2026","passed","Fri Mar 27 19:53:05 UTC 2026","TestListUsers","user_test","",""
"Register link is not visible when authenticated","1128","registerLinkIsNotVisibleWhenAuthenticated","SQA Automation Lab — Selenium UI Suite","Fri Mar 27 19:59:08 UTC 2026","passed","Fri Mar 27 19:59:09 UTC 2026","com.sqa.ui.tests.NavigationTest","UI Tests","com.sqa.ui.tests.NavigationTest","registerLinkIsNotVisibleWhenAuthenticated"
"","5","returns HTTP 401 without token","","Fri Mar 27 19:52:51 UTC 2026","passed","Fri Mar 27 19:52:51 UTC 2026","Authentication Endpoints > POST /api/auth/logout","auth_test.spec.ts","",""
"Sign in link is visible when unauthenticated","537","signInLinkIsVisibleWhenUnauthenticated","SQA Automation Lab — Selenium UI Suite","Fri Mar 27 19:59:25 UTC 2026","passed","Fri Mar 27 19:59:26 UTC 2026","com.sqa.ui.tests.NavigationTest","UI Tests","com.sqa.ui.tests.NavigationTest","signInLinkIsVisibleWhenUnauthenticated"
"","30265","User Tests","","Fri Mar 27 19:56:01 UTC 2026","passed","Fri Mar 27 19:56:31 UTC 2026","","JMeter Performance Tests","",""
"Verify order response includes timestamps","32","testGetOrderIncludesTimestamps","API Test Suite","Fri Mar 27 19:53:16 UTC 2026","passed","Fri Mar 27 19:53:17 UTC 2026","com.automationlab.tests.OrderTest","API Tests","com.automationlab.tests.OrderTest","testGetOrderIncludesTimestamps"
"","857","User orders page displays heading","chromium","Fri Mar 27 19:54:02 UTC 2026","passed","Fri Mar 27 19:54:03 UTC 2026","Orders — Authenticated User","orders_test.spec.ts","",""
"Verify empty category filter returns all products","28","testListProductsEmptyCategoryFilter","API Test Suite","Fri Mar 27 19:53:14 UTC 2026","passed","Fri Mar 27 19:53:14 UTC 2026","com.automationlab.tests.ProductTest","API Tests","com.automationlab.tests.ProductTest","testListProductsEmptyCategoryFilter"
"","354","Products page displays product cards","chromium","Fri Mar 27 19:54:18 UTC 2026","passed","Fri Mar 27 19:54:19 UTC 2026","Products — Unauthenticated","products_test.spec.ts","",""
"","290","returns HTTP 400 for empty update body","","Fri Mar 27 19:53:04 UTC 2026","passed","Fri Mar 27 19:53:04 UTC 2026","Product Endpoints > PUT /api/products/:id","products_test.spec.ts","",""
"","241","returns HTTP 404 for non-existent product","","Fri Mar 27 19:53:04 UTC 2026","passed","Fri Mar 27 19:53:04 UTC 2026","Product Endpoints > PUT /api/products/:id","products_test.spec.ts","",""
"Search with no matches shows no products found message","1275","searchWithNoMatchesShowsNoProductsFoundMessage","SQA Automation Lab — Selenium UI Suite","Fri Mar 27 19:56:16 UTC 2026","passed","Fri Mar 27 19:56:17 UTC 2026","com.sqa.ui.tests.ProductsTest","UI Tests","com.sqa.ui.tests.ProductsTest","searchWithNoMatchesShowsNoProductsFoundMessage"
"","4","test_update_with_empty_body_returns_400","tests","Fri Mar 27 19:53:04 UTC 2026","passed","Fri Mar 27 19:53:04 UTC 2026","TestUpdateProduct","products_test","",""
"No auth should be required for viewing a single product.","3","test_get_product_is_public","tests","Fri Mar 27 19:53:04 UTC 2026","passed","Fri Mar 27 19:53:04 UTC 2026","TestGetProduct","products_test","",""
"","3","test_user_cannot_delete_other_user","tests","Fri Mar 27 19:53:06 UTC 2026","passed","Fri Mar 27 19:53:06 UTC 2026","TestDeleteUser","user_test","",""
"Products link is visible","542","productsLinkIsVisible","SQA Automation Lab — Selenium UI Suite","Fri Mar 27 19:59:00 UTC 2026","passed","Fri Mar 27 19:59:01 UTC 2026","com.sqa.ui.tests.NavigationTest","UI Tests","com.sqa.ui.tests.NavigationTest","productsLinkIsVisible"
"","7","search parameter returns HTTP 200","","Fri Mar 27 19:53:00 UTC 2026","passed","Fri Mar 27 19:53:00 UTC 2026","Product Endpoints > GET /api/products","products_test.spec.ts","",""
"","346","Register link is visible","chromium","Fri Mar 27 19:53:38 UTC 2026","passed","Fri Mar 27 19:53:38 UTC 2026","Navbar — Unauthenticated","navbar_test.spec.ts","",""
"","7","environment field is a non-empty string","","Fri Mar 27 19:52:51 UTC 2026","passed","Fri Mar 27 19:52:51 UTC 2026","Health Endpoints > GET /health","health_test.spec.ts","",""
"","75","test_register_returns_user_details","tests","Fri Mar 27 19:52:58 UTC 2026","passed","Fri Mar 27 19:52:58 UTC 2026","TestRegistration","auth_test","",""
"Navbar is visible on products page","523","navbarIsVisibleOnProductsPage","SQA Automation Lab — Selenium UI Suite","Fri Mar 27 19:58:44 UTC 2026","passed","Fri Mar 27 19:58:44 UTC 2026","com.sqa.ui.tests.NavigationTest","UI Tests","com.sqa.ui.tests.NavigationTest","navbarIsVisibleOnProductsPage"
"","312","returns HTTP 403 for non-admin authenticated user","","Fri Mar 27 19:52:57 UTC 2026","passed","Fri Mar 27 19:52:58 UTC 2026","Order Endpoints > PATCH /api/orders/:id/status","orders_test.spec.ts","",""
"","814","Dashboard displays user role badge","chromium","Fri Mar 27 19:53:27 UTC 2026","passed","Fri Mar 27 19:53:28 UTC 2026","Dashboard — Authenticated Regular User","dashboard_test.spec.ts","",""
"Verify search is case-insensitive","29","testSearchProductsCaseInsensitive","API Test Suite","Fri Mar 27 19:53:14 UTC 2026","passed","Fri Mar 27 19:53:14 UTC 2026","com.automationlab.tests.ProductTest","API Tests","com.automationlab.tests.ProductTest","testSearchProductsCaseInsensitive"
"","3","test_create_order_without_items_returns_400","tests","Fri Mar 27 19:53:01 UTC 2026","passed","Fri Mar 27 19:53:01 UTC 2026","TestCreateOrder","orders_test","",""
"Search should find products by name substring.","5","test_search_by_name","tests","Fri Mar 27 19:53:04 UTC 2026","passed","Fri Mar 27 19:53:04 UTC 2026","TestFilterProducts","products_test","",""
"Verify user has correct role field","49","testGetUserRole","API Test Suite","Fri Mar 27 19:53:11 UTC 2026","passed","Fri Mar 27 19:53:11 UTC 2026","com.automationlab.tests.UserTest","API Tests","com.automationlab.tests.UserTest","testGetUserRole"
"","4","test_get_own_user_profile","tests","Fri Mar 27 19:53:05 UTC 2026","passed","Fri Mar 27 19:53:05 UTC 2026","TestGetUser","user_test","",""
"","4","test_order_fields_in_listing","tests","Fri Mar 27 19:53:02 UTC 2026","passed","Fri Mar 27 19:53:02 UTC 2026","TestListOrders","orders_test","",""
"","245","admin can update a product and receives HTTP 200","","Fri Mar 27 19:53:03 UTC 2026","passed","Fri Mar 27 19:53:03 UTC 2026","Product Endpoints > PUT /api/products/:id","products_test.spec.ts","",""
"","39919","POST /api/auth/register","","Fri Mar 27 19:53:32 UTC 2026","passed","Fri Mar 27 19:54:12 UTC 2026","","k6 Performance Tests","",""
"","4","test_register_duplicate_email_returns_409","tests","Fri Mar 27 19:52:59 UTC 2026","passed","Fri Mar 27 19:52:59 UTC 2026","TestRegistration","auth_test","",""
"Dashboard link is visible when authenticated","1020","dashboardLinkIsVisibleWhenAuthenticated","SQA Automation Lab — Selenium UI Suite","Fri Mar 27 19:58:35 UTC 2026","passed","Fri Mar 27 19:58:36 UTC 2026","com.sqa.ui.tests.NavigationTest","UI Tests","com.sqa.ui.tests.NavigationTest","dashboardLinkIsVisibleWhenAuthenticated"
"Verify update with invalid status fails","14","testUpdateOrderInvalidStatus","API Test Suite","Fri Mar 27 19:53:17 UTC 2026","passed","Fri Mar 27 19:53:17 UTC 2026","com.automationlab.tests.OrderTest","API Tests","com.automationlab.tests.OrderTest","testUpdateOrderInvalidStatus"
"","70","returns HTTP 401 without token","","Fri Mar 27 19:53:09 UTC 2026","passed","Fri Mar 27 19:53:09 UTC 2026","User Endpoints > DELETE /api/users/:id","user_test.spec.ts","",""
"Dashboard link navigates to dashboard page","1146","dashboardLinkNavigatesToDashboardPage","SQA Automation Lab — Selenium UI Suite","Fri Mar 27 19:58:39 UTC 2026","passed","Fri Mar 27 19:58:41 UTC 2026","com.sqa.ui.tests.NavigationTest","UI Tests","com.sqa.ui.tests.NavigationTest","dashboardLinkNavigatesToDashboardPage"
"","39124","GET /","","Fri Mar 27 19:52:52 UTC 2026","passed","Fri Mar 27 19:53:31 UTC 2026","","k6 Performance Tests","",""
"","301","admin can delete any user","","Fri Mar 27 19:53:08 UTC 2026","passed","Fri Mar 27 19:53:09 UTC 2026","User Endpoints > DELETE /api/users/:id","user_test.spec.ts","",""
"","831","Admin orders page displays order cards","chromium","Fri Mar 27 19:53:56 UTC 2026","passed","Fri Mar 27 19:53:56 UTC 2026","Orders — Authenticated Admin","orders_test.spec.ts","",""
"Back to products link navigates to products page","1082","backToProductsLinkNavigatesToProductsPage","SQA Automation Lab — Selenium UI Suite","Fri Mar 27 19:56:30 UTC 2026","passed","Fri Mar 27 19:56:31 UTC 2026","com.sqa.ui.tests.ProductDetailTest","UI Tests","com.sqa.ui.tests.ProductDetailTest","backToProductsLinkNavigatesToProductsPage"
"","2","test_health_includes_environment","tests","Fri Mar 27 19:53:00 UTC 2026","passed","Fri Mar 27 19:53:00 UTC 2026","TestHealthEndpoint","health_test","",""
"Product detail page displays product name","419","productDetailPageDisplaysProductName","SQA Automation Lab — Selenium UI Suite","Fri Mar 27 19:56:47 UTC 2026","failed","Fri Mar 27 19:56:47 UTC 2026","com.sqa.ui.tests.ProductDetailTest","UI Tests","com.sqa.ui.tests.ProductDetailTest","productDetailPageDisplaysProductName"
"","375","Product card link navigates to product detail page","chromium","Fri Mar 27 19:54:21 UTC 2026","passed","Fri Mar 27 19:54:22 UTC 2026","Products — Unauthenticated","products_test.spec.ts","",""
"","250","updated product fields are returned in response","","Fri Mar 27 19:53:03 UTC 2026","passed","Fri Mar 27 19:53:03 UTC 2026","Product Endpoints > PUT /api/products/:id","products_test.spec.ts","",""
"Authenticated user visiting login page is redirected to dashboard — AUT Bug D","11949","authenticatedUserVisitingLoginIsRedirectedToDashboard","SQA Automation Lab — Selenium UI Suite","Fri Mar 27 19:53:24 UTC 2026","broken","Fri Mar 27 19:53:35 UTC 2026","com.sqa.ui.tests.LoginTest","UI Tests","com.sqa.ui.tests.LoginTest","authenticatedUserVisitingLoginIsRedirectedToDashboard"
"","357","Brand link is visible","chromium","Fri Mar 27 19:53:37 UTC 2026","passed","Fri Mar 27 19:53:37 UTC 2026","Navbar — Unauthenticated","navbar_test.spec.ts","",""
"","417","invalid email format stays on login page","chromium","Fri Mar 27 19:53:34 UTC 2026","passed","Fri Mar 27 19:53:34 UTC 2026","Login","login_test.spec.ts","",""
"","2","test_create_product_without_auth_returns_401","tests","Fri Mar 27 19:53:04 UTC 2026","passed","Fri Mar 27 19:53:04 UTC 2026","TestCreateProduct","products_test","",""
"","270","test_login_as_admin","tests","Fri Mar 27 19:52:59 UTC 2026","passed","Fri Mar 27 19:52:59 UTC 2026","TestLogin","auth_test","",""
"","3","test_product_fields_in_listing","tests","Fri Mar 27 19:53:04 UTC 2026","passed","Fri Mar 27 19:53:04 UTC 2026","TestListProducts","products_test","",""
"","3","test_list_products_returns_paginated_results","tests","Fri Mar 27 19:53:04 UTC 2026","passed","Fri Mar 27 19:53:04 UTC 2026","TestListProducts","products_test","",""
"Verify user cannot delete another user's account","13","testDeleteOtherUserForbidden","API Test Suite","Fri Mar 27 19:53:11 UTC 2026","passed","Fri Mar 27 19:53:11 UTC 2026","com.automationlab.tests.UserTest","API Tests","com.automationlab.tests.UserTest","testDeleteOtherUserForbidden"
"Verify successful user registration with valid data","133","testSuccessfulRegistration","API Test Suite","Fri Mar 27 19:53:09 UTC 2026","passed","Fri Mar 27 19:53:09 UTC 2026","com.automationlab.tests.AuthTest","API Tests","com.automationlab.tests.AuthTest","testSuccessfulRegistration"
"","38197","PATCH /api/orders/:id/status - unauthorized (non-admin)","","Fri Mar 27 19:55:40 UTC 2026","passed","Fri Mar 27 19:56:18 UTC 2026","","k6 Performance Tests","",""
"","185","response contains token","","Fri Mar 27 19:52:50 UTC 2026","passed","Fri Mar 27 19:52:50 UTC 2026","Authentication Endpoints > POST /api/auth/login","auth_test.spec.ts","",""
"","486","Back to products link navigates to products page","chromium","Fri Mar 27 19:54:11 UTC 2026","passed","Fri Mar 27 19:54:12 UTC 2026","Product Detail — Unauthenticated","product_detail_test.spec.ts","",""
"Product detail page displays category","398","productDetailPageDisplaysCategory","SQA Automation Lab — Selenium UI Suite","Fri Mar 27 19:56:43 UTC 2026","failed","Fri Mar 27 19:56:43 UTC 2026","com.sqa.ui.tests.ProductDetailTest","UI Tests","com.sqa.ui.tests.ProductDetailTest","productDetailPageDisplaysCategory"
"Sign out button is not visible when unauthenticated","438","signOutButtonIsNotVisibleWhenUnauthenticated","SQA Automation Lab — Selenium UI Suite","Fri Mar 27 19:59:37 UTC 2026","passed","Fri Mar 27 19:59:37 UTC 2026","com.sqa.ui.tests.NavigationTest","UI Tests","com.sqa.ui.tests.NavigationTest","signOutButtonIsNotVisibleWhenUnauthenticated"
"","319","returns HTTP 400 when cancelling a non-pending order","","Fri Mar 27 19:52:59 UTC 2026","passed","Fri Mar 27 19:53:00 UTC 2026","Order Endpoints > DELETE /api/orders/:id","orders_test.spec.ts","",""
"Invalid product ID renders error state","363","invalidProductIdRendersErrorState","SQA Automation Lab — Selenium UI Suite","Fri Mar 27 19:56:35 UTC 2026","failed","Fri Mar 27 19:56:35 UTC 2026","com.sqa.ui.tests.ProductDetailTest","UI Tests","com.sqa.ui.tests.ProductDetailTest","invalidProductIdRendersErrorState"
"Verify health endpoint returns healthy status","71","testHealthEndpoint","API Test Suite","Fri Mar 27 19:53:07 UTC 2026","passed","Fri Mar 27 19:53:07 UTC 2026","com.automationlab.tests.HealthTest","API Tests","com.automationlab.tests.HealthTest","testHealthEndpoint"
"","73","returns HTTP 400 for invalid page parameter","","Fri Mar 27 19:53:06 UTC 2026","passed","Fri Mar 27 19:53:07 UTC 2026","User Endpoints > GET /api/users","user_test.spec.ts","",""
"","7","returns HTTP 400 for invalid email format","","Fri Mar 27 19:52:50 UTC 2026","passed","Fri Mar 27 19:52:50 UTC 2026","Authentication Endpoints > POST /api/auth/register","auth_test.spec.ts","",""
"Verify list users fails without authentication","19","testListUsersNoAuth","API Test Suite","Fri Mar 27 19:53:11 UTC 2026","passed","Fri Mar 27 19:53:11 UTC 2026","com.automationlab.tests.UserTest","API Tests","com.automationlab.tests.UserTest","testListUsersNoAuth"
"","2","test_404_response_includes_error_details","tests","Fri Mar 27 19:53:00 UTC 2026","passed","Fri Mar 27 19:53:00 UTC 2026","TestNotFound","health_test","",""
"Regular users should not be able to view other users' profiles.","3","test_user_cannot_view_other_user","tests","Fri Mar 27 19:53:05 UTC 2026","passed","Fri Mar 27 19:53:05 UTC 2026","TestGetUser","user_test","",""
"","72","updated fields are returned in response","","Fri Mar 27 19:53:08 UTC 2026","passed","Fri Mar 27 19:53:08 UTC 2026","User Endpoints > PUT /api/users/:id","user_test.spec.ts","",""
"Verify pagination returns correct total count","51","testListProductsPaginationTotalCount","API Test Suite","Fri Mar 27 19:53:14 UTC 2026","passed","Fri Mar 27 19:53:14 UTC 2026","com.automationlab.tests.ProductTest","API Tests","com.automationlab.tests.ProductTest","testListProductsPaginationTotalCount"
"Invalid email format shows validation error — AUT Bug B","1215","invalidEmailFormatShowsValidationError","SQA Automation Lab — Selenium UI Suite","Fri Mar 27 19:54:59 UTC 2026","passed","Fri Mar 27 19:55:00 UTC 2026","com.sqa.ui.tests.RegisterTest","UI Tests","com.sqa.ui.tests.RegisterTest","invalidEmailFormatShowsValidationError"
"","7","status field value is ok","","Fri Mar 27 19:52:51 UTC 2026","passed","Fri Mar 27 19:52:51 UTC 2026","Health Endpoints > GET /health","health_test.spec.ts","",""
"","3","test_list_users_respects_limit","tests","Fri Mar 27 19:53:05 UTC 2026","passed","Fri Mar 27 19:53:05 UTC 2026","TestListUsers","user_test","",""
"Verify user can list their own orders","54","testListUserOrders","API Test Suite","Fri Mar 27 19:53:17 UTC 2026","passed","Fri Mar 27 19:53:17 UTC 2026","com.automationlab.tests.OrderTest","API Tests","com.automationlab.tests.OrderTest","testListUserOrders"
"Empty email shows validation error","1275","emptyEmailShowsValidationError","SQA Automation Lab — Selenium UI Suite","Fri Mar 27 19:53:39 UTC 2026","passed","Fri Mar 27 19:53:40 UTC 2026","com.sqa.ui.tests.LoginTest","UI Tests","com.sqa.ui.tests.LoginTest","emptyEmailShowsValidationError"
"Pagination next button advances to page 2","747","paginationNextButtonAdvancesToPage2","SQA Automation Lab — Selenium UI Suite","Fri Mar 27 19:57:28 UTC 2026","passed","Fri Mar 27 19:57:29 UTC 2026","com.sqa.ui.tests.OrdersTest","UI Tests","com.sqa.ui.tests.OrdersTest","paginationNextButtonAdvancesToPage2"
"","285","Product detail page displays product name","chromium","Fri Mar 27 19:54:10 UTC 2026","passed","Fri Mar 27 19:54:10 UTC 2026","Product Detail — Unauthenticated","product_detail_test.spec.ts","",""
"","30027","Product Tests","","Fri Mar 27 19:56:38 UTC 2026","passed","Fri Mar 27 19:57:08 UTC 2026","","JMeter Performance Tests","",""
"Verify health endpoint rejects POST method","44","testHealthEndpointRejectsPost","API Test Suite","Fri Mar 27 19:53:06 UTC 2026","passed","Fri Mar 27 19:53:06 UTC 2026","com.automationlab.tests.HealthTest","API Tests","com.automationlab.tests.HealthTest","testHealthEndpointRejectsPost"
"","421","Products link navigates to products page","chromium","Fri Mar 27 19:53:40 UTC 2026","passed","Fri Mar 27 19:53:40 UTC 2026","Navbar — Unauthenticated","navbar_test.spec.ts","",""
"","282","Product detail page displays stock status","chromium","Fri Mar 27 19:54:11 UTC 2026","passed","Fri Mar 27 19:54:11 UTC 2026","Product Detail — Unauthenticated","product_detail_test.spec.ts","",""
"","3","test_create_order_with_zero_quantity_returns_400","tests","Fri Mar 27 19:53:01 UTC 2026","passed","Fri Mar 27 19:53:01 UTC 2026","TestCreateOrder","orders_test","",""
"","241","response body conforms to product schema on creation","","Fri Mar 27 19:53:01 UTC 2026","passed","Fri Mar 27 19:53:01 UTC 2026","Product Endpoints > POST /api/products","products_test.spec.ts","",""
"","39247","PUT /api/users/:id","","Fri Mar 27 19:54:16 UTC 2026","passed","Fri Mar 27 19:54:55 UTC 2026","","k6 Performance Tests","",""
"Verify users list supports pagination","54","testListUsersPagination","API Test Suite","Fri Mar 27 19:53:11 UTC 2026","passed","Fri Mar 27 19:53:11 UTC 2026","com.automationlab.tests.UserTest","API Tests","com.automationlab.tests.UserTest","testListUsersPagination"
"","5","returns HTTP 400 when email is missing","","Fri Mar 27 19:52:50 UTC 2026","passed","Fri Mar 27 19:52:50 UTC 2026","Authentication Endpoints > POST /api/auth/login","auth_test.spec.ts","",""
"","847","Dashboard link navigates to dashboard page","chromium","Fri Mar 27 19:53:53 UTC 2026","passed","Fri Mar 27 19:53:53 UTC 2026","Navbar — Authenticated Regular User","navbar_test.spec.ts","",""
"","7","limit parameter is respected","","Fri Mar 27 19:53:00 UTC 2026","passed","Fri Mar 27 19:53:00 UTC 2026","Product Endpoints > GET /api/products","products_test.spec.ts","",""
