"DESCRIPTION","DURATION IN MS","NAME","PARENT SUITE","START TIME","STATUS","STOP TIME","SUB SUITE","SUITE","TEST CLASS","TEST METHOD"
"","155","response body conforms to auth response schema","","Tue Mar 10 18:35:58 UTC 2026","passed","Tue Mar 10 18:35:59 UTC 2026","Authentication Endpoints > POST /api/auth/login","auth_test.spec.ts","",""
"Register link is not visible when authenticated","10608","registerLinkIsNotVisibleWhenAuthenticated","SQA Automation Lab — Selenium UI Suite","Tue Mar 10 18:48:22 UTC 2026","broken","Tue Mar 10 18:48:33 UTC 2026","com.sqa.ui.tests.NavigationTest","UI Tests","com.sqa.ui.tests.NavigationTest","registerLinkIsNotVisibleWhenAuthenticated"
"","73","response body conforms to paginated users schema","","Tue Mar 10 18:36:15 UTC 2026","passed","Tue Mar 10 18:36:15 UTC 2026","User Endpoints > GET /api/users","user_test.spec.ts","",""
"Register link navigates to register page","10532","registerLinkNavigatesToRegisterPage","SQA Automation Lab — Selenium UI Suite","Tue Mar 10 18:37:50 UTC 2026","broken","Tue Mar 10 18:38:00 UTC 2026","com.sqa.ui.tests.LoginTest","UI Tests","com.sqa.ui.tests.LoginTest","registerLinkNavigatesToRegisterPage"
"","7","returns HTTP 401 without token","","Tue Mar 10 18:35:59 UTC 2026","passed","Tue Mar 10 18:35:59 UTC 2026","Authentication Endpoints > POST /api/auth/logout","auth_test.spec.ts","",""
"","321","returns HTTP 400 for quantity exceeding available stock","","Tue Mar 10 18:36:02 UTC 2026","passed","Tue Mar 10 18:36:02 UTC 2026","Order Endpoints > POST /api/orders","orders_test.spec.ts","",""
"","38240","GET /api/orders","","Tue Mar 10 18:38:42 UTC 2026","passed","Tue Mar 10 18:39:21 UTC 2026","","k6 Performance Tests","",""
"","38232","DELETE /api/orders/:id","","Tue Mar 10 18:38:44 UTC 2026","passed","Tue Mar 10 18:39:23 UTC 2026","","k6 Performance Tests","",""
"Verify health check works with GET method","26","testHealthEndpointGetMethod","API Test Suite","Tue Mar 10 18:36:35 UTC 2026","passed","Tue Mar 10 18:36:35 UTC 2026","com.automationlab.tests.HealthTest","API Tests","com.automationlab.tests.HealthTest","testHealthEndpointGetMethod"
"Verify delete non-existent product returns 404","16","testDeleteNonExistentProduct","API Test Suite","Tue Mar 10 18:36:42 UTC 2026","passed","Tue Mar 10 18:36:42 UTC 2026","com.automationlab.tests.ProductTest","API Tests","com.automationlab.tests.ProductTest","testDeleteNonExistentProduct"
"","6","content-type is application/json","","Tue Mar 10 18:35:59 UTC 2026","passed","Tue Mar 10 18:35:59 UTC 2026","Health Endpoints > GET /health","health_test.spec.ts","",""
"","74","returns HTTP 200 for authenticated user","","Tue Mar 10 18:36:02 UTC 2026","passed","Tue Mar 10 18:36:02 UTC 2026","Order Endpoints > GET /api/orders","orders_test.spec.ts","",""
"Cancel order dismissed by user leaves order intact — AUT Bug C","1","cancelOrderDismissedLeavesOrderIntact","SQA Automation Lab — Selenium UI Suite","Tue Mar 10 18:44:13 UTC 2026","skipped","Tue Mar 10 18:44:13 UTC 2026","com.sqa.ui.tests.OrdersTest","UI Tests","com.sqa.ui.tests.OrdersTest","cancelOrderDismissedLeavesOrderIntact"
"","30075","register link navigates to register page","chromium","Tue Mar 10 18:43:51 UTC 2026","broken","Tue Mar 10 18:44:22 UTC 2026","Login","login_test.spec.ts","",""
"","11","test_order_items_include_product_details","tests","Tue Mar 10 18:36:17 UTC 2026","passed","Tue Mar 10 18:36:17 UTC 2026","TestGetOrder","orders_test","",""
"","311","admin can delete any user","","Tue Mar 10 18:36:18 UTC 2026","passed","Tue Mar 10 18:36:18 UTC 2026","User Endpoints > DELETE /api/users/:id","user_test.spec.ts","",""
"","5273","register link is visible when unauthenticated","chromium","Tue Mar 10 18:45:21 UTC 2026","failed","Tue Mar 10 18:45:26 UTC 2026","Navigation — Unauthenticated","navigation_test.spec.ts","",""
"","30145","cancel order dismissed by user leaves order intact","chromium","Tue Mar 10 18:51:19 UTC 2026","broken","Tue Mar 10 18:51:49 UTC 2026","Orders","orders_test.spec.ts","",""
"Verify user can cancel their own pending order","52","testCancelOwnOrder","API Test Suite","Tue Mar 10 18:36:45 UTC 2026","passed","Tue Mar 10 18:36:45 UTC 2026","com.automationlab.tests.OrderTest","API Tests","com.automationlab.tests.OrderTest","testCancelOwnOrder"
"","7","returns HTTP 400 when email is missing","","Tue Mar 10 18:35:58 UTC 2026","passed","Tue Mar 10 18:35:58 UTC 2026","Authentication Endpoints > POST /api/auth/register","auth_test.spec.ts","",""
"","80","response body conforms to auth response schema","","Tue Mar 10 18:35:58 UTC 2026","passed","Tue Mar 10 18:35:58 UTC 2026","Authentication Endpoints > POST /api/auth/register","auth_test.spec.ts","",""
"Product detail page displays category","397","productDetailPageDisplaysCategory","SQA Automation Lab — Selenium UI Suite","Tue Mar 10 18:43:49 UTC 2026","failed","Tue Mar 10 18:43:49 UTC 2026","com.sqa.ui.tests.ProductDetailTest","UI Tests","com.sqa.ui.tests.ProductDetailTest","productDetailPageDisplaysCategory"
"Valid credentials redirect to products page","10577","validCredentialsRedirectToProductsPage","SQA Automation Lab — Selenium UI Suite","Tue Mar 10 18:38:03 UTC 2026","broken","Tue Mar 10 18:38:14 UTC 2026","com.sqa.ui.tests.LoginTest","UI Tests","com.sqa.ui.tests.LoginTest","validCredentialsRedirectToProductsPage"
"","64","test_login_returns_user_info","tests","Tue Mar 10 18:36:15 UTC 2026","passed","Tue Mar 10 18:36:15 UTC 2026","TestLogin","auth_test","",""
"","320","returns HTTP 403 for non-admin authenticated user","","Tue Mar 10 18:36:14 UTC 2026","passed","Tue Mar 10 18:36:15 UTC 2026","Product Endpoints > DELETE /api/products/:id","products_test.spec.ts","",""
"","30091","search with no matches shows no products found message","chromium","Tue Mar 10 18:56:06 UTC 2026","broken","Tue Mar 10 18:56:36 UTC 2026","Products — Unauthenticated","products_test.spec.ts","",""
"","30121","status filter pending shows only pending orders","chromium","Tue Mar 10 18:49:44 UTC 2026","broken","Tue Mar 10 18:50:14 UTC 2026","Orders","orders_test.spec.ts","",""
"","330","response contains order with items","","Tue Mar 10 18:36:00 UTC 2026","passed","Tue Mar 10 18:36:00 UTC 2026","Order Endpoints > POST /api/orders","orders_test.spec.ts","",""
"Verify user can get their own order details","45","testGetOwnOrder","API Test Suite","Tue Mar 10 18:36:45 UTC 2026","passed","Tue Mar 10 18:36:45 UTC 2026","com.automationlab.tests.OrderTest","API Tests","com.automationlab.tests.OrderTest","testGetOwnOrder"
"","5308","products page displays heading","chromium","Tue Mar 10 18:54:50 UTC 2026","failed","Tue Mar 10 18:54:55 UTC 2026","Products — Unauthenticated","products_test.spec.ts","",""
"","1","setup","","Tue Mar 10 18:37:18 UTC 2026","passed","Tue Mar 10 18:37:18 UTC 2026","","k6 Performance Tests","",""
"","5278","product detail page displays category","chromium","Tue Mar 10 18:52:42 UTC 2026","failed","Tue Mar 10 18:52:47 UTC 2026","Product Detail — Unauthenticated","product_detail_test.spec.ts","",""
"","4","test_create_order_with_nonexistent_product_returns_404","tests","Tue Mar 10 18:36:17 UTC 2026","passed","Tue Mar 10 18:36:17 UTC 2026","TestCreateOrder","orders_test","",""
"","10","limit parameter is respected","","Tue Mar 10 18:36:09 UTC 2026","passed","Tue Mar 10 18:36:09 UTC 2026","Product Endpoints > GET /api/products","products_test.spec.ts","",""
"Edit profile button reveals edit form","10631","editProfileButtonRevealsEditForm","SQA Automation Lab — Selenium UI Suite","Tue Mar 10 18:45:15 UTC 2026","broken","Tue Mar 10 18:45:26 UTC 2026","com.sqa.ui.tests.DashboardTest","UI Tests","com.sqa.ui.tests.DashboardTest","editProfileButtonRevealsEditForm"
"","5582","dashboard link is visible when authenticated","chromium","Tue Mar 10 18:47:40 UTC 2026","failed","Tue Mar 10 18:47:46 UTC 2026","Navigation — Authenticated","navigation_test.spec.ts","",""
"","13","response contains products array and pagination object","","Tue Mar 10 18:36:08 UTC 2026","passed","Tue Mar 10 18:36:08 UTC 2026","Product Endpoints > GET /api/products","products_test.spec.ts","",""
"","3","test_login_without_email_returns_400","tests","Tue Mar 10 18:36:15 UTC 2026","passed","Tue Mar 10 18:36:15 UTC 2026","TestLogin","auth_test","",""
"Verify login fails with missing password","16","testLoginMissingPassword","API Test Suite","Tue Mar 10 18:36:36 UTC 2026","passed","Tue Mar 10 18:36:36 UTC 2026","com.automationlab.tests.AuthTest","API Tests","com.automationlab.tests.AuthTest","testLoginMissingPassword"
"","30117","save with valid names updates profile and shows success message","chromium","Tue Mar 10 18:37:59 UTC 2026","broken","Tue Mar 10 18:38:29 UTC 2026","Dashboard — Authenticated","dashboard_test.spec.ts","",""
"Verify user cannot get another user's order","40","testGetOtherUserOrder","API Test Suite","Tue Mar 10 18:36:45 UTC 2026","passed","Tue Mar 10 18:36:45 UTC 2026","com.automationlab.tests.OrderTest","API Tests","com.automationlab.tests.OrderTest","testGetOtherUserOrder"
"","6","test_update_nonexistent_order_returns_404","tests","Tue Mar 10 18:36:19 UTC 2026","passed","Tue Mar 10 18:36:19 UTC 2026","TestUpdateOrderStatus","orders_test","",""
"","153","returns HTTP 403 or 404 when updating another users data","","Tue Mar 10 18:36:17 UTC 2026","passed","Tue Mar 10 18:36:17 UTC 2026","User Endpoints > PUT /api/users/:id","user_test.spec.ts","",""
"Status filter cancelled shows filtered results or empty state — AUT Bug C","0","statusFilterCancelledShowsFilteredResultsOrEmptyState","SQA Automation Lab — Selenium UI Suite","Tue Mar 10 18:44:33 UTC 2026","skipped","Tue Mar 10 18:44:33 UTC 2026","com.sqa.ui.tests.OrdersTest","UI Tests","com.sqa.ui.tests.OrdersTest","statusFilterCancelledShowsFilteredResultsOrEmptyState"
"Verify delete product fails without authentication","13","testDeleteProductNoAuth","API Test Suite","Tue Mar 10 18:36:42 UTC 2026","passed","Tue Mar 10 18:36:42 UTC 2026","com.automationlab.tests.ProductTest","API Tests","com.automationlab.tests.ProductTest","testDeleteProductNoAuth"
"Brand link navigates to products page","10335","brandLinkNavigatesToProductsPage","SQA Automation Lab — Selenium UI Suite","Tue Mar 10 18:46:32 UTC 2026","broken","Tue Mar 10 18:46:43 UTC 2026","com.sqa.ui.tests.NavigationTest","UI Tests","com.sqa.ui.tests.NavigationTest","brandLinkNavigatesToProductsPage"
"Empty password shows validation error","10497","emptyPasswordShowsValidationError","SQA Automation Lab — Selenium UI Suite","Tue Mar 10 18:36:54 UTC 2026","broken","Tue Mar 10 18:37:05 UTC 2026","com.sqa.ui.tests.LoginTest","UI Tests","com.sqa.ui.tests.LoginTest","emptyPasswordShowsValidationError"
"Verify update order status fails without authentication","15","testUpdateOrderStatusNoAuth","API Test Suite","Tue Mar 10 18:36:46 UTC 2026","passed","Tue Mar 10 18:36:46 UTC 2026","com.automationlab.tests.OrderTest","API Tests","com.automationlab.tests.OrderTest","testUpdateOrderStatusNoAuth"
"","5572","orders link is visible when authenticated","chromium","Tue Mar 10 18:47:34 UTC 2026","failed","Tue Mar 10 18:47:39 UTC 2026","Navigation — Authenticated","navigation_test.spec.ts","",""
"","3","test_register_without_email_returns_400","tests","Tue Mar 10 18:36:15 UTC 2026","passed","Tue Mar 10 18:36:15 UTC 2026","TestRegistration","auth_test","",""
"Valid login renders authenticated navbar state","10418","validLoginRendersAuthenticatedNavbarState","SQA Automation Lab — Selenium UI Suite","Tue Mar 10 18:38:17 UTC 2026","broken","Tue Mar 10 18:38:28 UTC 2026","com.sqa.ui.tests.LoginTest","UI Tests","com.sqa.ui.tests.LoginTest","validLoginRendersAuthenticatedNavbarState"
"","3","test_admin_can_delete_product","tests","Tue Mar 10 18:36:20 UTC 2026","passed","Tue Mar 10 18:36:20 UTC 2026","TestDeleteProduct","products_test","",""
"","250","returns HTTP 400 for negative stock quantity","","Tue Mar 10 18:36:11 UTC 2026","passed","Tue Mar 10 18:36:12 UTC 2026","Product Endpoints > POST /api/products","products_test.spec.ts","",""
"Verify non-admin cannot delete product","14","testDeleteProductNonAdmin","API Test Suite","Tue Mar 10 18:36:42 UTC 2026","passed","Tue Mar 10 18:36:42 UTC 2026","com.automationlab.tests.ProductTest","API Tests","com.automationlab.tests.ProductTest","testDeleteProductNonAdmin"
"","6","test_update_with_empty_body_returns_400","tests","Tue Mar 10 18:36:20 UTC 2026","passed","Tue Mar 10 18:36:20 UTC 2026","TestUpdateProduct","products_test","",""
"","142","response contains token","","Tue Mar 10 18:35:58 UTC 2026","passed","Tue Mar 10 18:35:58 UTC 2026","Authentication Endpoints > POST /api/auth/login","auth_test.spec.ts","",""
"","9","response body conforms to paginated products schema","","Tue Mar 10 18:36:08 UTC 2026","passed","Tue Mar 10 18:36:09 UTC 2026","Product Endpoints > GET /api/products","products_test.spec.ts","",""
"","346","returns HTTP 403 for non-admin authenticated user","","Tue Mar 10 18:36:06 UTC 2026","passed","Tue Mar 10 18:36:06 UTC 2026","Order Endpoints > PATCH /api/orders/:id/status","orders_test.spec.ts","",""
"","12","search parameter returns HTTP 200","","Tue Mar 10 18:36:09 UTC 2026","passed","Tue Mar 10 18:36:09 UTC 2026","Product Endpoints > GET /api/products","products_test.spec.ts","",""
"Verify product with decimal price is created correctly","33","testCreateProductDecimalPrice","API Test Suite","Tue Mar 10 18:36:42 UTC 2026","passed","Tue Mar 10 18:36:42 UTC 2026","com.automationlab.tests.ProductTest","API Tests","com.automationlab.tests.ProductTest","testCreateProductDecimalPrice"
"","254","returns HTTP 401 without token","","Tue Mar 10 18:36:01 UTC 2026","passed","Tue Mar 10 18:36:01 UTC 2026","Order Endpoints > POST /api/orders","orders_test.spec.ts","",""
"","39271","DELETE /api/users/:id","","Tue Mar 10 18:37:20 UTC 2026","passed","Tue Mar 10 18:37:59 UTC 2026","","k6 Performance Tests","",""
"","5573","dashboard displays user role","chromium","Tue Mar 10 18:36:42 UTC 2026","failed","Tue Mar 10 18:36:48 UTC 2026","Dashboard — Authenticated","dashboard_test.spec.ts","",""
"Verify order can be created with multiple items","79","testCreateOrderMultipleItems","API Test Suite","Tue Mar 10 18:36:45 UTC 2026","passed","Tue Mar 10 18:36:45 UTC 2026","com.automationlab.tests.OrderTest","API Tests","com.automationlab.tests.OrderTest","testCreateOrderMultipleItems"
"","30057","User Tests","","Tue Mar 10 18:39:41 UTC 2026","passed","Tue Mar 10 18:40:11 UTC 2026","","JMeter Performance Tests","",""
"","5610","authenticated user sees product cards","chromium","Tue Mar 10 18:58:25 UTC 2026","failed","Tue Mar 10 18:58:31 UTC 2026","Products — Authenticated","products_test.spec.ts","",""
"Verify password is not returned in registration response","111","testRegistrationDoesNotReturnPassword","API Test Suite","Tue Mar 10 18:36:37 UTC 2026","passed","Tue Mar 10 18:36:37 UTC 2026","com.automationlab.tests.AuthTest","API Tests","com.automationlab.tests.AuthTest","testRegistrationDoesNotReturnPassword"
"","5620","orders page displays order cards","chromium","Tue Mar 10 18:49:37 UTC 2026","failed","Tue Mar 10 18:49:42 UTC 2026","Orders","orders_test.spec.ts","",""
"","12","returns HTTP 403 with an invalid token","","Tue Mar 10 18:35:59 UTC 2026","passed","Tue Mar 10 18:35:59 UTC 2026","Authentication Endpoints > GET /api/auth/me","auth_test.spec.ts","",""
"","38103","POST /api/products - admin","","Tue Mar 10 18:38:01 UTC 2026","passed","Tue Mar 10 18:38:39 UTC 2026","","k6 Performance Tests","",""
"Verify non-admin cannot update order status","12","testUpdateOrderStatusNonAdmin","API Test Suite","Tue Mar 10 18:36:46 UTC 2026","passed","Tue Mar 10 18:36:46 UTC 2026","com.automationlab.tests.OrderTest","API Tests","com.automationlab.tests.OrderTest","testUpdateOrderStatusNonAdmin"
"","267","returns HTTP 200 for existing product","","Tue Mar 10 18:36:09 UTC 2026","passed","Tue Mar 10 18:36:09 UTC 2026","Product Endpoints > GET /api/products/:id","products_test.spec.ts","",""
"Clear button resets search results","10403","clearButtonResetsSearchResults","SQA Automation Lab — Selenium UI Suite","Tue Mar 10 18:41:29 UTC 2026","broken","Tue Mar 10 18:41:39 UTC 2026","com.sqa.ui.tests.ProductsTest","UI Tests","com.sqa.ui.tests.ProductsTest","clearButtonResetsSearchResults"
"Verify product with zero stock can be created","26","testCreateProductZeroStock","API Test Suite","Tue Mar 10 18:36:42 UTC 2026","passed","Tue Mar 10 18:36:42 UTC 2026","com.automationlab.tests.ProductTest","API Tests","com.automationlab.tests.ProductTest","testCreateProductZeroStock"
"","3","test_register_with_invalid_email_returns_400","tests","Tue Mar 10 18:36:15 UTC 2026","passed","Tue Mar 10 18:36:15 UTC 2026","TestRegistration","auth_test","",""
"","37957","Step 2: Login","","Tue Mar 10 18:39:24 UTC 2026","passed","Tue Mar 10 18:40:02 UTC 2026","","k6 Performance Tests","",""
"Create an order as admin, verify another user can't see it.","76","test_user_cannot_view_other_users_order","tests","Tue Mar 10 18:36:18 UTC 2026","passed","Tue Mar 10 18:36:18 UTC 2026","TestGetOrder","orders_test","",""
"","3","test_get_nonexistent_order_returns_404","tests","Tue Mar 10 18:36:18 UTC 2026","passed","Tue Mar 10 18:36:18 UTC 2026","TestGetOrder","orders_test","",""
"Verify product response includes timestamps","48","testGetProductIncludesTimestamps","API Test Suite","Tue Mar 10 18:36:42 UTC 2026","passed","Tue Mar 10 18:36:42 UTC 2026","com.automationlab.tests.ProductTest","API Tests","com.automationlab.tests.ProductTest","testGetProductIncludesTimestamps"
"Verify admin can create a new product","70","testCreateProduct","API Test Suite","Tue Mar 10 18:36:42 UTC 2026","passed","Tue Mar 10 18:36:42 UTC 2026","com.automationlab.tests.ProductTest","API Tests","com.automationlab.tests.ProductTest","testCreateProduct"
"Products page displays product cards","10410","productsPageDisplaysProductCards","SQA Automation Lab — Selenium UI Suite","Tue Mar 10 18:42:38 UTC 2026","broken","Tue Mar 10 18:42:48 UTC 2026","com.sqa.ui.tests.ProductsTest","UI Tests","com.sqa.ui.tests.ProductsTest","productsPageDisplaysProductCards"
"Verify logout fails without token","23","testLogoutNoToken","API Test Suite","Tue Mar 10 18:36:37 UTC 2026","passed","Tue Mar 10 18:36:37 UTC 2026","com.automationlab.tests.AuthTest","API Tests","com.automationlab.tests.AuthTest","testLogoutNoToken"
"","5280","navbar is visible on products page","chromium","Tue Mar 10 18:44:54 UTC 2026","failed","Tue Mar 10 18:45:00 UTC 2026","Navigation — Unauthenticated","navigation_test.spec.ts","",""
"Unauthenticated access to orders redirects to login — AUT Bug A","0","unauthenticatedAccessToOrdersRedirectsToLogin","SQA Automation Lab — Selenium UI Suite","Tue Mar 10 18:44:41 UTC 2026","skipped","Tue Mar 10 18:44:41 UTC 2026","com.sqa.ui.tests.OrdersTest","UI Tests","com.sqa.ui.tests.OrdersTest","unauthenticatedAccessToOrdersRedirectsToLogin"
"","3","test_list_products_pagination_metadata","tests","Tue Mar 10 18:36:19 UTC 2026","passed","Tue Mar 10 18:36:19 UTC 2026","TestListProducts","products_test","",""
"","253","admin can soft delete a product and receives HTTP 200","","Tue Mar 10 18:36:14 UTC 2026","passed","Tue Mar 10 18:36:14 UTC 2026","Product Endpoints > DELETE /api/products/:id","products_test.spec.ts","",""
"","3","test_get_current_user_with_invalid_token_returns_403","tests","Tue Mar 10 18:36:15 UTC 2026","passed","Tue Mar 10 18:36:15 UTC 2026","TestCurrentUser","auth_test","",""
"","38104","DELETE /api/products/:id","","Tue Mar 10 18:38:03 UTC 2026","passed","Tue Mar 10 18:38:41 UTC 2026","","k6 Performance Tests","",""
"Register page displays Create Account heading","10562","registerPageDisplaysCreateAccountHeading","SQA Automation Lab — Selenium UI Suite","Tue Mar 10 18:39:54 UTC 2026","broken","Tue Mar 10 18:40:05 UTC 2026","com.sqa.ui.tests.RegisterTest","UI Tests","com.sqa.ui.tests.RegisterTest","registerPageDisplaysCreateAccountHeading"
"Status filter pending shows only pending orders — AUT Bug C","0","statusFilterPendingShowsPendingOrders","SQA Automation Lab — Selenium UI Suite","Tue Mar 10 18:44:37 UTC 2026","skipped","Tue Mar 10 18:44:37 UTC 2026","com.sqa.ui.tests.OrdersTest","UI Tests","com.sqa.ui.tests.OrdersTest","statusFilterPendingShowsPendingOrders"
"","327","returns HTTP 400 for invalid status value","","Tue Mar 10 18:36:06 UTC 2026","passed","Tue Mar 10 18:36:06 UTC 2026","Order Endpoints > PATCH /api/orders/:id/status","orders_test.spec.ts","",""
"","7","response body contains endpoints field","","Tue Mar 10 18:35:59 UTC 2026","passed","Tue Mar 10 18:35:59 UTC 2026","Health Endpoints > GET /","health_test.spec.ts","",""
"","38427","POST /api/auth/login - valid credentials","","Tue Mar 10 18:36:37 UTC 2026","passed","Tue Mar 10 18:37:16 UTC 2026","","k6 Performance Tests","",""
"","5","test_combined_category_and_search","tests","Tue Mar 10 18:36:19 UTC 2026","passed","Tue Mar 10 18:36:19 UTC 2026","TestFilterProducts","products_test","",""
"","3","test_list_products_returns_paginated_results","tests","Tue Mar 10 18:36:19 UTC 2026","passed","Tue Mar 10 18:36:19 UTC 2026","TestListProducts","products_test","",""
"","14","category filter returns only products from that category","","Tue Mar 10 18:36:09 UTC 2026","passed","Tue Mar 10 18:36:09 UTC 2026","Product Endpoints > GET /api/products","products_test.spec.ts","",""
"","39276","GET /api/users","","Tue Mar 10 18:37:18 UTC 2026","passed","Tue Mar 10 18:37:57 UTC 2026","","k6 Performance Tests","",""
"Verify create order fails without authentication","21","testCreateOrderNoAuth","API Test Suite","Tue Mar 10 18:36:45 UTC 2026","passed","Tue Mar 10 18:36:45 UTC 2026","com.automationlab.tests.OrderTest","API Tests","com.automationlab.tests.OrderTest","testCreateOrderNoAuth"
"Product detail page displays product name","344","productDetailPageDisplaysProductName","SQA Automation Lab — Selenium UI Suite","Tue Mar 10 18:43:53 UTC 2026","failed","Tue Mar 10 18:43:53 UTC 2026","com.sqa.ui.tests.ProductDetailTest","UI Tests","com.sqa.ui.tests.ProductDetailTest","productDetailPageDisplaysProductName"
"","5571","sign out button is visible when authenticated","chromium","Tue Mar 10 18:47:47 UTC 2026","failed","Tue Mar 10 18:47:53 UTC 2026","Navigation — Authenticated","navigation_test.spec.ts","",""
"","75","response contains users array and pagination object","","Tue Mar 10 18:36:15 UTC 2026","passed","Tue Mar 10 18:36:15 UTC 2026","User Endpoints > GET /api/users","user_test.spec.ts","",""
"Pagination prev button returns to page 1 — AUT Bug E","10565","paginationPrevButtonReturnsToPAge1","SQA Automation Lab — Selenium UI Suite","Tue Mar 10 18:41:56 UTC 2026","broken","Tue Mar 10 18:42:07 UTC 2026","com.sqa.ui.tests.ProductsTest","UI Tests","com.sqa.ui.tests.ProductsTest","paginationPrevButtonReturnsToPAge1"
"","75","pagination metadata contains expected fields","","Tue Mar 10 18:36:03 UTC 2026","passed","Tue Mar 10 18:36:03 UTC 2026","Order Endpoints > GET /api/orders","orders_test.spec.ts","",""
"","2","test_health_includes_environment","tests","Tue Mar 10 18:36:15 UTC 2026","passed","Tue Mar 10 18:36:15 UTC 2026","TestHealthEndpoint","health_test","",""
"","4","test_cancel_nonexistent_order_returns_404","tests","Tue Mar 10 18:36:19 UTC 2026","passed","Tue Mar 10 18:36:19 UTC 2026","TestCancelOrder","orders_test","",""
"","249","response contains created product data","","Tue Mar 10 18:36:10 UTC 2026","passed","Tue Mar 10 18:36:10 UTC 2026","Product Endpoints > POST /api/products","products_test.spec.ts","",""
"","2","test_get_product_by_id","tests","Tue Mar 10 18:36:19 UTC 2026","passed","Tue Mar 10 18:36:19 UTC 2026","TestGetProduct","products_test","",""
"Products listing should be accessible without authentication.","4","test_list_products_is_public","tests","Tue Mar 10 18:36:19 UTC 2026","passed","Tue Mar 10 18:36:19 UTC 2026","TestListProducts","products_test","",""
"Verify health endpoint returns environment information","65","testHealthEndpointEnvironment","API Test Suite","Tue Mar 10 18:36:35 UTC 2026","passed","Tue Mar 10 18:36:35 UTC 2026","com.automationlab.tests.HealthTest","API Tests","com.automationlab.tests.HealthTest","testHealthEndpointEnvironment"
"","7","category filter response includes filters metadata","","Tue Mar 10 18:36:09 UTC 2026","passed","Tue Mar 10 18:36:09 UTC 2026","Product Endpoints > GET /api/products","products_test.spec.ts","",""
"Duplicate email shows error message","10483","duplicateEmailShowsErrorMessage","SQA Automation Lab — Selenium UI Suite","Tue Mar 10 18:38:45 UTC 2026","broken","Tue Mar 10 18:38:56 UTC 2026","com.sqa.ui.tests.RegisterTest","UI Tests","com.sqa.ui.tests.RegisterTest","duplicateEmailShowsErrorMessage"
"Verify empty category filter returns all products","24","testListProductsEmptyCategoryFilter","API Test Suite","Tue Mar 10 18:36:43 UTC 2026","passed","Tue Mar 10 18:36:43 UTC 2026","com.automationlab.tests.ProductTest","API Tests","com.automationlab.tests.ProductTest","testListProductsEmptyCategoryFilter"
"","5314","register page displays create account heading","chromium","Tue Mar 10 18:59:04 UTC 2026","failed","Tue Mar 10 18:59:09 UTC 2026","Register","register_test.spec.ts","",""
"Verify delete non-existent user returns 404","30","testDeleteNonExistentUser","API Test Suite","Tue Mar 10 18:36:39 UTC 2026","passed","Tue Mar 10 18:36:39 UTC 2026","com.automationlab.tests.UserTest","API Tests","com.automationlab.tests.UserTest","testDeleteNonExistentUser"
"","74","limit parameter is respected","","Tue Mar 10 18:36:15 UTC 2026","passed","Tue Mar 10 18:36:15 UTC 2026","User Endpoints > GET /api/users","user_test.spec.ts","",""
"","30077","Order Tests","","Tue Mar 10 18:40:51 UTC 2026","passed","Tue Mar 10 18:41:21 UTC 2026","","JMeter Performance Tests","",""
"","3","test_list_users_invalid_page_returns_400","tests","Tue Mar 10 18:36:20 UTC 2026","passed","Tue Mar 10 18:36:20 UTC 2026","TestListUsers","user_test","",""
"","30120","pagination prev button returns to page 1","chromium","Tue Mar 10 18:57:15 UTC 2026","broken","Tue Mar 10 18:57:46 UTC 2026","Products — Unauthenticated","products_test.spec.ts","",""
"","5277","product detail page displays stock status","chromium","Tue Mar 10 18:52:48 UTC 2026","failed","Tue Mar 10 18:52:54 UTC 2026","Product Detail — Unauthenticated","product_detail_test.spec.ts","",""
"","71","returns HTTP 401 without token","","Tue Mar 10 18:36:17 UTC 2026","passed","Tue Mar 10 18:36:17 UTC 2026","User Endpoints > PUT /api/users/:id","user_test.spec.ts","",""
"","4","test_create_order_without_items_returns_400","tests","Tue Mar 10 18:36:17 UTC 2026","passed","Tue Mar 10 18:36:17 UTC 2026","TestCreateOrder","orders_test","",""
"Verify registration succeeds without last name (optional field)","120","testRegistrationMissingLastName","API Test Suite","Tue Mar 10 18:36:37 UTC 2026","passed","Tue Mar 10 18:36:37 UTC 2026","com.automationlab.tests.AuthTest","API Tests","com.automationlab.tests.AuthTest","testRegistrationMissingLastName"
"Dashboard link is not visible when unauthenticated","10357","dashboardLinkIsNotVisibleWhenUnauthenticated","SQA Automation Lab — Selenium UI Suite","Tue Mar 10 18:46:43 UTC 2026","broken","Tue Mar 10 18:46:53 UTC 2026","com.sqa.ui.tests.NavigationTest","UI Tests","com.sqa.ui.tests.NavigationTest","dashboardLinkIsNotVisibleWhenUnauthenticated"
"","30081","sign in link navigates to login page","chromium","Tue Mar 10 19:03:22 UTC 2026","broken","Tue Mar 10 19:03:52 UTC 2026","Register","register_test.spec.ts","",""
"Verify registration returns user ID","123","testRegistrationReturnsUserId","API Test Suite","Tue Mar 10 18:36:37 UTC 2026","passed","Tue Mar 10 18:36:38 UTC 2026","com.automationlab.tests.AuthTest","API Tests","com.automationlab.tests.AuthTest","testRegistrationReturnsUserId"
"","6","test_update_own_email","tests","Tue Mar 10 18:36:20 UTC 2026","passed","Tue Mar 10 18:36:20 UTC 2026","TestUpdateUser","user_test","",""
"Verify authenticated user can logout","19","testLogout","API Test Suite","Tue Mar 10 18:36:37 UTC 2026","passed","Tue Mar 10 18:36:37 UTC 2026","com.automationlab.tests.AuthTest","API Tests","com.automationlab.tests.AuthTest","testLogout"
"","30076","empty email shows validation error","chromium","Tue Mar 10 18:41:14 UTC 2026","broken","Tue Mar 10 18:41:44 UTC 2026","Login","login_test.spec.ts","",""
"","3","test_get_current_user_without_token_returns_401","tests","Tue Mar 10 18:36:15 UTC 2026","passed","Tue Mar 10 18:36:15 UTC 2026","TestCurrentUser","auth_test","",""
"Verify get non-existent order returns 404","19","testGetNonExistentOrder","API Test Suite","Tue Mar 10 18:36:45 UTC 2026","passed","Tue Mar 10 18:36:45 UTC 2026","com.automationlab.tests.OrderTest","API Tests","com.automationlab.tests.OrderTest","testGetNonExistentOrder"
"","2","test_register_with_short_password_returns_400","tests","Tue Mar 10 18:36:15 UTC 2026","passed","Tue Mar 10 18:36:15 UTC 2026","TestRegistration","auth_test","",""
"","5284","pagination next button advances to page 2","chromium","Tue Mar 10 18:57:09 UTC 2026","failed","Tue Mar 10 18:57:14 UTC 2026","Products — Unauthenticated","products_test.spec.ts","",""
"Verify get current user fails with invalid token","32","testGetCurrentUserInvalidToken","API Test Suite","Tue Mar 10 18:36:36 UTC 2026","passed","Tue Mar 10 18:36:36 UTC 2026","com.automationlab.tests.AuthTest","API Tests","com.automationlab.tests.AuthTest","testGetCurrentUserInvalidToken"
"","4","test_list_users_pagination_metadata","tests","Tue Mar 10 18:36:20 UTC 2026","passed","Tue Mar 10 18:36:20 UTC 2026","TestListUsers","user_test","",""
"Verify login fails with non-existent email","22","testLoginNonExistentEmail","API Test Suite","Tue Mar 10 18:36:37 UTC 2026","passed","Tue Mar 10 18:36:37 UTC 2026","com.automationlab.tests.AuthTest","API Tests","com.automationlab.tests.AuthTest","testLoginNonExistentEmail"
"","8","returns HTTP 400 for password shorter than minimum length","","Tue Mar 10 18:35:58 UTC 2026","passed","Tue Mar 10 18:35:58 UTC 2026","Authentication Endpoints > POST /api/auth/register","auth_test.spec.ts","",""
"Verify products can be filtered by multiple criteria","29","testListProductsMultipleFilters","API Test Suite","Tue Mar 10 18:36:43 UTC 2026","passed","Tue Mar 10 18:36:43 UTC 2026","com.automationlab.tests.ProductTest","API Tests","com.automationlab.tests.ProductTest","testListProductsMultipleFilters"
"","5","returns HTTP 401 without token","","Tue Mar 10 18:36:15 UTC 2026","passed","Tue Mar 10 18:36:15 UTC 2026","User Endpoints > GET /api/users","user_test.spec.ts","",""
"","115","returns HTTP 201 on successful registration","","Tue Mar 10 18:35:57 UTC 2026","passed","Tue Mar 10 18:35:58 UTC 2026","Authentication Endpoints > POST /api/auth/register","auth_test.spec.ts","",""
"","39122","GET /","","Tue Mar 10 18:35:57 UTC 2026","passed","Tue Mar 10 18:36:36 UTC 2026","","k6 Performance Tests","",""
"","3","test_create_product_without_name_returns_400","tests","Tue Mar 10 18:36:20 UTC 2026","passed","Tue Mar 10 18:36:20 UTC 2026","TestCreateProduct","products_test","",""
"","5288","unauthenticated place order redirects to login","chromium","Tue Mar 10 18:53:26 UTC 2026","failed","Tue Mar 10 18:53:32 UTC 2026","Product Detail — Unauthenticated","product_detail_test.spec.ts","",""
"Verify user can soft delete their own account","133","testDeleteOwnUser","API Test Suite","Tue Mar 10 18:36:39 UTC 2026","passed","Tue Mar 10 18:36:39 UTC 2026","com.automationlab.tests.UserTest","API Tests","com.automationlab.tests.UserTest","testDeleteOwnUser"
"Verify health endpoint returns healthy status","63","testHealthEndpoint","API Test Suite","Tue Mar 10 18:36:35 UTC 2026","passed","Tue Mar 10 18:36:36 UTC 2026","com.automationlab.tests.HealthTest","API Tests","com.automationlab.tests.HealthTest","testHealthEndpoint"
"","11","pagination metadata contains expected fields","","Tue Mar 10 18:36:09 UTC 2026","passed","Tue Mar 10 18:36:09 UTC 2026","Product Endpoints > GET /api/products","products_test.spec.ts","",""
"Dashboard link navigates to dashboard page","10605","dashboardLinkNavigatesToDashboardPage","SQA Automation Lab — Selenium UI Suite","Tue Mar 10 18:47:05 UTC 2026","broken","Tue Mar 10 18:47:16 UTC 2026","com.sqa.ui.tests.NavigationTest","UI Tests","com.sqa.ui.tests.NavigationTest","dashboardLinkNavigatesToDashboardPage"
"","6","returns HTTP 401 without token","","Tue Mar 10 18:35:59 UTC 2026","passed","Tue Mar 10 18:35:59 UTC 2026","Authentication Endpoints > GET /api/auth/me","auth_test.spec.ts","",""
"Verify authenticated user can retrieve their own profile","48","testGetCurrentUser","API Test Suite","Tue Mar 10 18:36:36 UTC 2026","passed","Tue Mar 10 18:36:36 UTC 2026","com.automationlab.tests.AuthTest","API Tests","com.automationlab.tests.AuthTest","testGetCurrentUser"
"Sign out button clears session and redirects to login","10617","signOutButtonClearsSessionAndRedirectsToLogin","SQA Automation Lab — Selenium UI Suite","Tue Mar 10 18:49:28 UTC 2026","broken","Tue Mar 10 18:49:39 UTC 2026","com.sqa.ui.tests.NavigationTest","UI Tests","com.sqa.ui.tests.NavigationTest","signOutButtonClearsSessionAndRedirectsToLogin"
"","139","returns HTTP 200 on successful login","","Tue Mar 10 18:35:58 UTC 2026","passed","Tue Mar 10 18:35:58 UTC 2026","Authentication Endpoints > POST /api/auth/login","auth_test.spec.ts","",""
"Orders page displays heading","0","ordersPageDisplaysHeading","SQA Automation Lab — Selenium UI Suite","Tue Mar 10 18:44:21 UTC 2026","skipped","Tue Mar 10 18:44:21 UTC 2026","com.sqa.ui.tests.OrdersTest","UI Tests","com.sqa.ui.tests.OrdersTest","ordersPageDisplaysHeading"
"Verify new order has default pending status","31","testCreateOrderDefaultStatus","API Test Suite","Tue Mar 10 18:36:45 UTC 2026","passed","Tue Mar 10 18:36:45 UTC 2026","com.automationlab.tests.OrderTest","API Tests","com.automationlab.tests.OrderTest","testCreateOrderDefaultStatus"
"A user should not be able to cancel another user's order.","79","test_user_cannot_cancel_other_users_order","tests","Tue Mar 10 18:36:19 UTC 2026","passed","Tue Mar 10 18:36:19 UTC 2026","TestCancelOrder","orders_test","",""
"","5656","orders page displays heading","chromium","Tue Mar 10 18:49:30 UTC 2026","failed","Tue Mar 10 18:49:35 UTC 2026","Orders","orders_test.spec.ts","",""
"","330","returns only the authenticated users own orders","","Tue Mar 10 18:36:02 UTC 2026","passed","Tue Mar 10 18:36:02 UTC 2026","Order Endpoints > GET /api/orders","orders_test.spec.ts","",""
"","95","test_register_new_user","tests","Tue Mar 10 18:36:14 UTC 2026","passed","Tue Mar 10 18:36:14 UTC 2026","TestRegistration","auth_test","",""
"ILIKE search should be case-insensitive.","9","test_search_is_case_insensitive","tests","Tue Mar 10 18:36:19 UTC 2026","passed","Tue Mar 10 18:36:19 UTC 2026","TestFilterProducts","products_test","",""
"","4","test_get_nonexistent_user_returns_404","tests","Tue Mar 10 18:36:20 UTC 2026","passed","Tue Mar 10 18:36:20 UTC 2026","TestGetUser","user_test","",""
"Sign out button is visible when authenticated","10624","signOutButtonIsVisibleWhenAuthenticated","SQA Automation Lab — Selenium UI Suite","Tue Mar 10 18:49:50 UTC 2026","broken","Tue Mar 10 18:50:01 UTC 2026","com.sqa.ui.tests.NavigationTest","UI Tests","com.sqa.ui.tests.NavigationTest","signOutButtonIsVisibleWhenAuthenticated"
"","5","test_update_own_first_name","tests","Tue Mar 10 18:36:20 UTC 2026","passed","Tue Mar 10 18:36:20 UTC 2026","TestUpdateUser","user_test","",""
"","78","returns correct user data for the token owner","","Tue Mar 10 18:35:59 UTC 2026","passed","Tue Mar 10 18:35:59 UTC 2026","Authentication Endpoints > GET /api/auth/me","auth_test.spec.ts","",""
"","251","returns HTTP 401 without token","","Tue Mar 10 18:36:15 UTC 2026","passed","Tue Mar 10 18:36:15 UTC 2026","Product Endpoints > DELETE /api/products/:id","products_test.spec.ts","",""
"Verify admin can update order status","22","testUpdateOrderStatus","API Test Suite","Tue Mar 10 18:36:46 UTC 2026","passed","Tue Mar 10 18:36:46 UTC 2026","com.automationlab.tests.OrderTest","API Tests","com.automationlab.tests.OrderTest","testUpdateOrderStatus"
"Save with empty last name shows validation error","10615","saveWithEmptyLastNameShowsValidationError","SQA Automation Lab — Selenium UI Suite","Tue Mar 10 18:45:37 UTC 2026","broken","Tue Mar 10 18:45:48 UTC 2026","com.sqa.ui.tests.DashboardTest","UI Tests","com.sqa.ui.tests.DashboardTest","saveWithEmptyLastNameShowsValidationError"
"","72","returns HTTP 200 for own user","","Tue Mar 10 18:36:16 UTC 2026","passed","Tue Mar 10 18:36:16 UTC 2026","User Endpoints > GET /api/users/:id","user_test.spec.ts","",""
"","75","returns HTTP 400 when items key is absent from body","","Tue Mar 10 18:36:01 UTC 2026","passed","Tue Mar 10 18:36:01 UTC 2026","Order Endpoints > POST /api/orders","orders_test.spec.ts","",""
"Verify get non-existent product returns 404","18","testGetNonExistentProduct","API Test Suite","Tue Mar 10 18:36:42 UTC 2026","passed","Tue Mar 10 18:36:42 UTC 2026","com.automationlab.tests.ProductTest","API Tests","com.automationlab.tests.ProductTest","testGetNonExistentProduct"
"","3","test_user_cannot_delete_other_user","tests","Tue Mar 10 18:36:21 UTC 2026","passed","Tue Mar 10 18:36:21 UTC 2026","TestDeleteUser","user_test","",""
"","4","test_filter_with_no_results","tests","Tue Mar 10 18:36:19 UTC 2026","passed","Tue Mar 10 18:36:19 UTC 2026","TestFilterProducts","products_test","",""
"All status filter options are selectable — AUT Bug C","0","allStatusFilterOptionsAreSelectable","SQA Automation Lab — Selenium UI Suite","Tue Mar 10 18:44:09 UTC 2026","skipped","Tue Mar 10 18:44:09 UTC 2026","com.sqa.ui.tests.OrdersTest","UI Tests","com.sqa.ui.tests.OrdersTest","allStatusFilterOptionsAreSelectable"
"Dashboard displays user role","644","dashboardDisplaysUserRole","SQA Automation Lab — Selenium UI Suite","Tue Mar 10 18:44:57 UTC 2026","broken","Tue Mar 10 18:44:57 UTC 2026","com.sqa.ui.tests.DashboardTest","UI Tests","com.sqa.ui.tests.DashboardTest","dashboardDisplaysUserRole"
"","75","returns HTTP 400 or 404 for non-existent product","","Tue Mar 10 18:36:01 UTC 2026","passed","Tue Mar 10 18:36:02 UTC 2026","Order Endpoints > POST /api/orders","orders_test.spec.ts","",""
"","7","returns HTTP 400 when password is missing","","Tue Mar 10 18:35:59 UTC 2026","passed","Tue Mar 10 18:35:59 UTC 2026","Authentication Endpoints > POST /api/auth/login","auth_test.spec.ts","",""
"","248","returns HTTP 404 for non-existent user","","Tue Mar 10 18:36:16 UTC 2026","passed","Tue Mar 10 18:36:16 UTC 2026","User Endpoints > GET /api/users/:id","user_test.spec.ts","",""
"Search returns filtered results","10437","searchReturnsFilteredResults","SQA Automation Lab — Selenium UI Suite","Tue Mar 10 18:42:52 UTC 2026","broken","Tue Mar 10 18:43:02 UTC 2026","com.sqa.ui.tests.ProductsTest","UI Tests","com.sqa.ui.tests.ProductsTest","searchReturnsFilteredResults"
"Pagination next button advances to page 2 — AUT Bug E","10428","paginationNextButtonAdvancesToPage2","SQA Automation Lab — Selenium UI Suite","Tue Mar 10 18:41:43 UTC 2026","broken","Tue Mar 10 18:41:53 UTC 2026","com.sqa.ui.tests.ProductsTest","UI Tests","com.sqa.ui.tests.ProductsTest","paginationNextButtonAdvancesToPage2"
"","6","test_admin_can_update_product_name","tests","Tue Mar 10 18:36:20 UTC 2026","passed","Tue Mar 10 18:36:20 UTC 2026","TestUpdateProduct","products_test","",""
"","30000","User Journey Tests","","Tue Mar 10 18:41:26 UTC 2026","passed","Tue Mar 10 18:41:56 UTC 2026","","JMeter Performance Tests","",""
"Empty email shows validation error","10495","emptyEmailShowsValidationError","SQA Automation Lab — Selenium UI Suite","Tue Mar 10 18:36:40 UTC 2026","broken","Tue Mar 10 18:36:51 UTC 2026","com.sqa.ui.tests.LoginTest","UI Tests","com.sqa.ui.tests.LoginTest","emptyEmailShowsValidationError"
"","3","test_create_product_returns_id","tests","Tue Mar 10 18:36:19 UTC 2026","passed","Tue Mar 10 18:36:19 UTC 2026","TestCreateProduct","products_test","",""
"Invalid product ID renders error state","345","invalidProductIdRendersErrorState","SQA Automation Lab — Selenium UI Suite","Tue Mar 10 18:43:41 UTC 2026","failed","Tue Mar 10 18:43:41 UTC 2026","com.sqa.ui.tests.ProductDetailTest","UI Tests","com.sqa.ui.tests.ProductDetailTest","invalidProductIdRendersErrorState"
"","4","test_get_user_invalid_id_returns_400","tests","Tue Mar 10 18:36:20 UTC 2026","passed","Tue Mar 10 18:36:20 UTC 2026","TestGetUser","user_test","",""
"","255","returns HTTP 401 without token","","Tue Mar 10 18:36:13 UTC 2026","passed","Tue Mar 10 18:36:14 UTC 2026","Product Endpoints > PUT /api/products/:id","products_test.spec.ts","",""
"","4","test_order_fields_in_listing","tests","Tue Mar 10 18:36:17 UTC 2026","passed","Tue Mar 10 18:36:17 UTC 2026","TestListOrders","orders_test","",""
"","3","test_list_users_excludes_passwords","tests","Tue Mar 10 18:36:20 UTC 2026","passed","Tue Mar 10 18:36:20 UTC 2026","TestListUsers","user_test","",""
"Empty first name shows validation error","10477","emptyFirstNameShowsValidationError","SQA Automation Lab — Selenium UI Suite","Tue Mar 10 18:39:13 UTC 2026","broken","Tue Mar 10 18:39:23 UTC 2026","com.sqa.ui.tests.RegisterTest","UI Tests","com.sqa.ui.tests.RegisterTest","emptyFirstNameShowsValidationError"
"","250","creating with minimum fields returns 201 and stock defaults to zero","","Tue Mar 10 18:36:10 UTC 2026","passed","Tue Mar 10 18:36:11 UTC 2026","Product Endpoints > POST /api/products","products_test.spec.ts","",""
"","3","test_create_product_without_price_returns_400","tests","Tue Mar 10 18:36:20 UTC 2026","passed","Tue Mar 10 18:36:20 UTC 2026","TestCreateProduct","products_test","",""
"Verify users list does not include passwords","55","testListUsersDoesNotReturnPasswords","API Test Suite","Tue Mar 10 18:36:40 UTC 2026","passed","Tue Mar 10 18:36:40 UTC 2026","com.automationlab.tests.UserTest","API Tests","com.automationlab.tests.UserTest","testListUsersDoesNotReturnPasswords"
"","25","test_admin_can_cancel_any_pending_order","tests","Tue Mar 10 18:36:19 UTC 2026","passed","Tue Mar 10 18:36:19 UTC 2026","TestCancelOrder","orders_test","",""
"","7","test_create_order_returns_item_details","tests","Tue Mar 10 18:36:16 UTC 2026","passed","Tue Mar 10 18:36:16 UTC 2026","TestCreateOrder","orders_test","",""
"Verify cancel order fails without authentication","10","testCancelOrderNoAuth","API Test Suite","Tue Mar 10 18:36:45 UTC 2026","passed","Tue Mar 10 18:36:45 UTC 2026","com.automationlab.tests.OrderTest","API Tests","com.automationlab.tests.OrderTest","testCancelOrderNoAuth"
"Attempt to update email to one already in use.","4","test_update_with_duplicate_email_returns_409","tests","Tue Mar 10 18:36:21 UTC 2026","passed","Tue Mar 10 18:36:21 UTC 2026","TestUpdateUser","user_test","",""
"","38235","PATCH /api/orders/:id/status - admin","","Tue Mar 10 18:38:43 UTC 2026","passed","Tue Mar 10 18:39:22 UTC 2026","","k6 Performance Tests","",""
"Navbar is visible on products page","10342","navbarIsVisibleOnProductsPage","SQA Automation Lab — Selenium UI Suite","Tue Mar 10 18:47:16 UTC 2026","broken","Tue Mar 10 18:47:27 UTC 2026","com.sqa.ui.tests.NavigationTest","UI Tests","com.sqa.ui.tests.NavigationTest","navbarIsVisibleOnProductsPage"
"Verify orders list supports pagination","45","testListOrdersPagination","API Test Suite","Tue Mar 10 18:36:45 UTC 2026","passed","Tue Mar 10 18:36:45 UTC 2026","com.automationlab.tests.OrderTest","API Tests","com.automationlab.tests.OrderTest","testListOrdersPagination"
"","76","returns HTTP 200 with valid token","","Tue Mar 10 18:35:59 UTC 2026","passed","Tue Mar 10 18:35:59 UTC 2026","Authentication Endpoints > GET /api/auth/me","auth_test.spec.ts","",""
"Verify health endpoint rejects POST method","39","testHealthEndpointRejectsPost","API Test Suite","Tue Mar 10 18:36:35 UTC 2026","passed","Tue Mar 10 18:36:35 UTC 2026","com.automationlab.tests.HealthTest","API Tests","com.automationlab.tests.HealthTest","testHealthEndpointRejectsPost"
"","72","returns HTTP 200 when updating own user","","Tue Mar 10 18:36:17 UTC 2026","passed","Tue Mar 10 18:36:17 UTC 2026","User Endpoints > PUT /api/users/:id","user_test.spec.ts","",""
"","64","test_login_with_wrong_password_returns_401","tests","Tue Mar 10 18:36:15 UTC 2026","passed","Tue Mar 10 18:36:15 UTC 2026","TestLogin","auth_test","",""
"Verify delete user fails without authentication","12","testDeleteUserNoAuth","API Test Suite","Tue Mar 10 18:36:39 UTC 2026","passed","Tue Mar 10 18:36:39 UTC 2026","com.automationlab.tests.UserTest","API Tests","com.automationlab.tests.UserTest","testDeleteUserNoAuth"
"","5595","dashboard displays user name","chromium","Tue Mar 10 18:36:49 UTC 2026","failed","Tue Mar 10 18:36:55 UTC 2026","Dashboard — Authenticated","dashboard_test.spec.ts","",""
"Verify JWT token contains required claims","296","testTokenStructure","API Test Suite","Tue Mar 10 18:36:38 UTC 2026","passed","Tue Mar 10 18:36:38 UTC 2026","com.automationlab.tests.AuthTest","API Tests","com.automationlab.tests.AuthTest","testTokenStructure"
"","7","returns HTTP 200 without authentication","","Tue Mar 10 18:36:08 UTC 2026","passed","Tue Mar 10 18:36:08 UTC 2026","Product Endpoints > GET /api/products","products_test.spec.ts","",""
"","30082","password shorter than 6 characters shows validation error","chromium","Tue Mar 10 19:02:19 UTC 2026","broken","Tue Mar 10 19:02:49 UTC 2026","Register","register_test.spec.ts","",""
"","4","test_admin_can_update_any_user","tests","Tue Mar 10 18:36:21 UTC 2026","passed","Tue Mar 10 18:36:21 UTC 2026","TestUpdateUser","user_test","",""
"Verify non-admin cannot create product","11","testCreateProductNonAdmin","API Test Suite","Tue Mar 10 18:36:42 UTC 2026","passed","Tue Mar 10 18:36:42 UTC 2026","com.automationlab.tests.ProductTest","API Tests","com.automationlab.tests.ProductTest","testCreateProductNonAdmin"
"Empty last name shows validation error","10403","emptyLastNameShowsValidationError","SQA Automation Lab — Selenium UI Suite","Tue Mar 10 18:39:26 UTC 2026","broken","Tue Mar 10 18:39:37 UTC 2026","com.sqa.ui.tests.RegisterTest","UI Tests","com.sqa.ui.tests.RegisterTest","emptyLastNameShowsValidationError"
"Verify user can update their own profile","37","testUpdateOwnUser","API Test Suite","Tue Mar 10 18:36:40 UTC 2026","passed","Tue Mar 10 18:36:40 UTC 2026","com.automationlab.tests.UserTest","API Tests","com.automationlab.tests.UserTest","testUpdateOwnUser"
"","70","returns HTTP 401 without token","","Tue Mar 10 18:36:18 UTC 2026","passed","Tue Mar 10 18:36:18 UTC 2026","User Endpoints > DELETE /api/users/:id","user_test.spec.ts","",""
"","30079","orders link navigates to orders page","chromium","Tue Mar 10 18:47:55 UTC 2026","broken","Tue Mar 10 18:48:26 UTC 2026","Navigation — Authenticated","navigation_test.spec.ts","",""
"","4","test_user_can_delete_own_account","tests","Tue Mar 10 18:36:21 UTC 2026","passed","Tue Mar 10 18:36:21 UTC 2026","TestDeleteUser","user_test","",""
"","37956","Step 4: View product detail","","Tue Mar 10 18:39:27 UTC 2026","passed","Tue Mar 10 18:40:04 UTC 2026","","k6 Performance Tests","",""
"","7","returns HTTP 404 for non-existent product","","Tue Mar 10 18:36:09 UTC 2026","passed","Tue Mar 10 18:36:09 UTC 2026","Product Endpoints > GET /api/products/:id","products_test.spec.ts","",""
"","5655","unauthenticated access to orders redirects to login","chromium","Tue Mar 10 18:51:50 UTC 2026","failed","Tue Mar 10 18:51:56 UTC 2026","Orders","orders_test.spec.ts","",""
"","79","returns HTTP 409 on duplicate email","","Tue Mar 10 18:35:58 UTC 2026","passed","Tue Mar 10 18:35:58 UTC 2026","Authentication Endpoints > POST /api/auth/register","auth_test.spec.ts","",""
"","406","returns HTTP 403 for another users order","","Tue Mar 10 18:36:04 UTC 2026","passed","Tue Mar 10 18:36:04 UTC 2026","Order Endpoints > GET /api/orders/:id","orders_test.spec.ts","",""
"","9","test_admin_can_update_status_to_processing","tests","Tue Mar 10 18:36:18 UTC 2026","passed","Tue Mar 10 18:36:18 UTC 2026","TestUpdateOrderStatus","orders_test","",""
"Verify update product fails without authentication","18","testUpdateProductNoAuth","API Test Suite","Tue Mar 10 18:36:43 UTC 2026","passed","Tue Mar 10 18:36:43 UTC 2026","com.automationlab.tests.ProductTest","API Tests","com.automationlab.tests.ProductTest","testUpdateProductNoAuth"
"Verify create order fails with missing items","17","testCreateOrderMissingItems","API Test Suite","Tue Mar 10 18:36:45 UTC 2026","passed","Tue Mar 10 18:36:45 UTC 2026","com.automationlab.tests.OrderTest","API Tests","com.automationlab.tests.OrderTest","testCreateOrderMissingItems"
"Verify admin can cancel any pending order","47","testAdminCancelAnyOrder","API Test Suite","Tue Mar 10 18:36:45 UTC 2026","passed","Tue Mar 10 18:36:45 UTC 2026","com.automationlab.tests.OrderTest","API Tests","com.automationlab.tests.OrderTest","testAdminCancelAnyOrder"
"","76","pagination metadata contains expected fields","","Tue Mar 10 18:36:15 UTC 2026","passed","Tue Mar 10 18:36:15 UTC 2026","User Endpoints > GET /api/users","user_test.spec.ts","",""
"","30135","all status filter options are selectable","chromium","Tue Mar 10 18:51:57 UTC 2026","broken","Tue Mar 10 18:52:27 UTC 2026","Orders","orders_test.spec.ts","",""
"Dashboard link is visible when authenticated","10629","dashboardLinkIsVisibleWhenAuthenticated","SQA Automation Lab — Selenium UI Suite","Tue Mar 10 18:46:54 UTC 2026","broken","Tue Mar 10 18:47:05 UTC 2026","com.sqa.ui.tests.NavigationTest","UI Tests","com.sqa.ui.tests.NavigationTest","dashboardLinkIsVisibleWhenAuthenticated"
"","354","updated status is returned in response","","Tue Mar 10 18:36:05 UTC 2026","passed","Tue Mar 10 18:36:06 UTC 2026","Order Endpoints > PATCH /api/orders/:id/status","orders_test.spec.ts","",""
"","2","test_root_lists_available_endpoints","tests","Tue Mar 10 18:36:15 UTC 2026","passed","Tue Mar 10 18:36:15 UTC 2026","TestRootEndpoint","health_test","",""
"","3","test_create_product_with_minimum_fields","tests","Tue Mar 10 18:36:19 UTC 2026","passed","Tue Mar 10 18:36:19 UTC 2026","TestCreateProduct","products_test","",""
"Verify password is not included in user response","19","testGetUserDoesNotReturnPassword","API Test Suite","Tue Mar 10 18:36:39 UTC 2026","passed","Tue Mar 10 18:36:39 UTC 2026","com.automationlab.tests.UserTest","API Tests","com.automationlab.tests.UserTest","testGetUserDoesNotReturnPassword"
"","4","test_update_own_last_name","tests","Tue Mar 10 18:36:20 UTC 2026","passed","Tue Mar 10 18:36:20 UTC 2026","TestUpdateUser","user_test","",""
"","30101","authenticated user can navigate to product detail","chromium","Tue Mar 10 18:58:32 UTC 2026","broken","Tue Mar 10 18:59:02 UTC 2026","Products — Authenticated","products_test.spec.ts","",""
"After soft delete, product should not appear in public listing.","6","test_deleted_product_not_in_listing","tests","Tue Mar 10 18:36:20 UTC 2026","passed","Tue Mar 10 18:36:20 UTC 2026","TestDeleteProduct","products_test","",""
"","18","returns HTTP 401 without token","","Tue Mar 10 18:36:12 UTC 2026","passed","Tue Mar 10 18:36:12 UTC 2026","Product Endpoints > POST /api/products","products_test.spec.ts","",""
"User should see their own orders.","11","test_list_own_orders","tests","Tue Mar 10 18:36:17 UTC 2026","passed","Tue Mar 10 18:36:17 UTC 2026","TestListOrders","orders_test","",""
"","313","admin can update any user","","Tue Mar 10 18:36:17 UTC 2026","passed","Tue Mar 10 18:36:17 UTC 2026","User Endpoints > PUT /api/users/:id","user_test.spec.ts","",""
"","38242","POST /api/orders","","Tue Mar 10 18:38:42 UTC 2026","passed","Tue Mar 10 18:39:20 UTC 2026","","k6 Performance Tests","",""
"","3","test_filter_returns_metadata","tests","Tue Mar 10 18:36:19 UTC 2026","passed","Tue Mar 10 18:36:19 UTC 2026","TestFilterProducts","products_test","",""
"","5285","products link is visible","chromium","Tue Mar 10 18:45:07 UTC 2026","failed","Tue Mar 10 18:45:13 UTC 2026","Navigation — Unauthenticated","navigation_test.spec.ts","",""
"","30122","save with empty first name shows validation error","chromium","Tue Mar 10 18:38:31 UTC 2026","broken","Tue Mar 10 18:39:01 UTC 2026","Dashboard — Authenticated","dashboard_test.spec.ts","",""
"","4","test_current_user_includes_full_profile","tests","Tue Mar 10 18:36:15 UTC 2026","passed","Tue Mar 10 18:36:15 UTC 2026","TestCurrentUser","auth_test","",""
"Sign in link is not visible when authenticated","10626","signInLinkIsNotVisibleWhenAuthenticated","SQA Automation Lab — Selenium UI Suite","Tue Mar 10 18:48:55 UTC 2026","broken","Tue Mar 10 18:49:06 UTC 2026","com.sqa.ui.tests.NavigationTest","UI Tests","com.sqa.ui.tests.NavigationTest","signInLinkIsNotVisibleWhenAuthenticated"
"","38237","GET /api/orders/:id","","Tue Mar 10 18:38:43 UTC 2026","passed","Tue Mar 10 18:39:21 UTC 2026","","k6 Performance Tests","",""
"Verify create product fails with negative stock","11","testCreateProductNegativeStock","API Test Suite","Tue Mar 10 18:36:42 UTC 2026","passed","Tue Mar 10 18:36:42 UTC 2026","com.automationlab.tests.ProductTest","API Tests","com.automationlab.tests.ProductTest","testCreateProductNegativeStock"
"","314","admin can retrieve any user","","Tue Mar 10 18:36:16 UTC 2026","passed","Tue Mar 10 18:36:16 UTC 2026","User Endpoints > GET /api/users/:id","user_test.spec.ts","",""
"","71","returns HTTP 401 without token","","Tue Mar 10 18:36:16 UTC 2026","passed","Tue Mar 10 18:36:16 UTC 2026","User Endpoints > GET /api/users/:id","user_test.spec.ts","",""
"","248","returns HTTP 400 when name is missing","","Tue Mar 10 18:36:11 UTC 2026","passed","Tue Mar 10 18:36:11 UTC 2026","Product Endpoints > POST /api/products","products_test.spec.ts","",""
"","250","response body conforms to product schema on creation","","Tue Mar 10 18:36:10 UTC 2026","passed","Tue Mar 10 18:36:10 UTC 2026","Product Endpoints > POST /api/products","products_test.spec.ts","",""
"","1","setup","","Tue Mar 10 18:38:00 UTC 2026","passed","Tue Mar 10 18:38:00 UTC 2026","","k6 Performance Tests","",""
"Verify get non-existent user returns 404","30","testGetNonExistentUser","API Test Suite","Tue Mar 10 18:36:39 UTC 2026","passed","Tue Mar 10 18:36:39 UTC 2026","com.automationlab.tests.UserTest","API Tests","com.automationlab.tests.UserTest","testGetNonExistentUser"
"Verify login fails with incorrect password","285","testLoginIncorrectPassword","API Test Suite","Tue Mar 10 18:36:36 UTC 2026","passed","Tue Mar 10 18:36:36 UTC 2026","com.automationlab.tests.AuthTest","API Tests","com.automationlab.tests.AuthTest","testLoginIncorrectPassword"
"Order quantity exceeding available stock should fail.","8","test_create_order_exceeding_stock_returns_400","tests","Tue Mar 10 18:36:17 UTC 2026","passed","Tue Mar 10 18:36:17 UTC 2026","TestCreateOrder","orders_test","",""
"","30072","back to products link navigates to products page","chromium","Tue Mar 10 18:52:55 UTC 2026","broken","Tue Mar 10 18:53:25 UTC 2026","Product Detail — Unauthenticated","product_detail_test.spec.ts","",""
"","30125","valid login renders authenticated navbar state","chromium","Tue Mar 10 18:40:43 UTC 2026","broken","Tue Mar 10 18:41:13 UTC 2026","Login","login_test.spec.ts","",""
"","30129","duplicate email shows error message","chromium","Tue Mar 10 19:02:50 UTC 2026","broken","Tue Mar 10 19:03:20 UTC 2026","Register","register_test.spec.ts","",""
"","38234","PATCH /api/orders/:id/status - unauthorized (non-admin)","","Tue Mar 10 18:38:44 UTC 2026","passed","Tue Mar 10 18:39:22 UTC 2026","","k6 Performance Tests","",""
"","3","test_admin_can_view_any_user","tests","Tue Mar 10 18:36:20 UTC 2026","passed","Tue Mar 10 18:36:20 UTC 2026","TestGetUser","user_test","",""
"Verify list orders fails without authentication","13","testListOrdersNoAuth","API Test Suite","Tue Mar 10 18:36:45 UTC 2026","passed","Tue Mar 10 18:36:45 UTC 2026","com.automationlab.tests.OrderTest","API Tests","com.automationlab.tests.OrderTest","testListOrdersNoAuth"
"","3","test_health_reports_healthy_status","tests","Tue Mar 10 18:36:15 UTC 2026","passed","Tue Mar 10 18:36:15 UTC 2026","TestHealthEndpoint","health_test","",""
"Non-existent email shows error message — AUT Bug A","10565","nonExistentEmailShowsErrorMessage","SQA Automation Lab — Selenium UI Suite","Tue Mar 10 18:37:36 UTC 2026","broken","Tue Mar 10 18:37:46 UTC 2026","com.sqa.ui.tests.LoginTest","UI Tests","com.sqa.ui.tests.LoginTest","nonExistentEmailShowsErrorMessage"
"Verify registered user has default role of 'user'","125","testRegistrationDefaultRole","API Test Suite","Tue Mar 10 18:36:37 UTC 2026","passed","Tue Mar 10 18:36:37 UTC 2026","com.automationlab.tests.AuthTest","API Tests","com.automationlab.tests.AuthTest","testRegistrationDefaultRole"
"Verify successful user registration with valid data","138","testSuccessfulRegistration","API Test Suite","Tue Mar 10 18:36:38 UTC 2026","passed","Tue Mar 10 18:36:38 UTC 2026","com.automationlab.tests.AuthTest","API Tests","com.automationlab.tests.AuthTest","testSuccessfulRegistration"
"Orders link is visible when authenticated","10618","ordersLinkIsVisibleWhenAuthenticated","SQA Automation Lab — Selenium UI Suite","Tue Mar 10 18:47:38 UTC 2026","broken","Tue Mar 10 18:47:49 UTC 2026","com.sqa.ui.tests.NavigationTest","UI Tests","com.sqa.ui.tests.NavigationTest","ordersLinkIsVisibleWhenAuthenticated"
"","37956","Step 3: Browse products","","Tue Mar 10 18:39:26 UTC 2026","passed","Tue Mar 10 18:40:03 UTC 2026","","k6 Performance Tests","",""
"","129","returns HTTP 403 for non-admin authenticated user","","Tue Mar 10 18:36:12 UTC 2026","passed","Tue Mar 10 18:36:12 UTC 2026","Product Endpoints > POST /api/products","products_test.spec.ts","",""
"Orders page displays order cards","0","ordersPageDisplaysOrderCards","SQA Automation Lab — Selenium UI Suite","Tue Mar 10 18:44:25 UTC 2026","skipped","Tue Mar 10 18:44:25 UTC 2026","com.sqa.ui.tests.OrdersTest","UI Tests","com.sqa.ui.tests.OrdersTest","ordersPageDisplaysOrderCards"
"","413","returns HTTP 200 for own order","","Tue Mar 10 18:36:03 UTC 2026","passed","Tue Mar 10 18:36:03 UTC 2026","Order Endpoints > GET /api/orders/:id","orders_test.spec.ts","",""
"","328","status filter returns only orders matching that status","","Tue Mar 10 18:36:02 UTC 2026","passed","Tue Mar 10 18:36:03 UTC 2026","Order Endpoints > GET /api/orders","orders_test.spec.ts","",""
"","30087","authenticated user visiting login page is redirected to products","chromium","Tue Mar 10 18:44:23 UTC 2026","broken","Tue Mar 10 18:44:53 UTC 2026","Login","login_test.spec.ts","",""
"","5","test_admin_can_update_product_price","tests","Tue Mar 10 18:36:20 UTC 2026","passed","Tue Mar 10 18:36:20 UTC 2026","TestUpdateProduct","products_test","",""
"Verify users list only returns active users","117","testListOnlyActiveUsers","API Test Suite","Tue Mar 10 18:36:40 UTC 2026","passed","Tue Mar 10 18:36:40 UTC 2026","com.automationlab.tests.UserTest","API Tests","com.automationlab.tests.UserTest","testListOnlyActiveUsers"
"","5","returns HTTP 400 for non-numeric product id","","Tue Mar 10 18:36:09 UTC 2026","passed","Tue Mar 10 18:36:09 UTC 2026","Product Endpoints > GET /api/products/:id","products_test.spec.ts","",""
"","319","returns HTTP 403 for non-admin authenticated user","","Tue Mar 10 18:36:13 UTC 2026","passed","Tue Mar 10 18:36:13 UTC 2026","Product Endpoints > PUT /api/products/:id","products_test.spec.ts","",""
"","3","test_invalid_route_returns_404","tests","Tue Mar 10 18:36:15 UTC 2026","passed","Tue Mar 10 18:36:15 UTC 2026","TestNotFound","health_test","",""
"Verify create order fails with insufficient stock","30","testCreateOrderInsufficientStock","API Test Suite","Tue Mar 10 18:36:45 UTC 2026","passed","Tue Mar 10 18:36:45 UTC 2026","com.automationlab.tests.OrderTest","API Tests","com.automationlab.tests.OrderTest","testCreateOrderInsufficientStock"
"","30082","valid registration redirects to products page","chromium","Tue Mar 10 18:59:10 UTC 2026","broken","Tue Mar 10 18:59:40 UTC 2026","Register","register_test.spec.ts","",""
"Verify user only sees their own orders","40","testListOrdersOnlyOwnOrders","API Test Suite","Tue Mar 10 18:36:45 UTC 2026","passed","Tue Mar 10 18:36:45 UTC 2026","com.automationlab.tests.OrderTest","API Tests","com.automationlab.tests.OrderTest","testListOrdersOnlyOwnOrders"
"Verify admin can soft delete any user","138","testAdminDeleteAnyUser","API Test Suite","Tue Mar 10 18:36:39 UTC 2026","passed","Tue Mar 10 18:36:39 UTC 2026","com.automationlab.tests.UserTest","API Tests","com.automationlab.tests.UserTest","testAdminDeleteAnyUser"
"","30077","products link navigates to products page","chromium","Tue Mar 10 18:45:59 UTC 2026","broken","Tue Mar 10 18:46:29 UTC 2026","Navigation — Unauthenticated","navigation_test.spec.ts","",""
"Verify anyone can list products without authentication","38","testListProductsPublic","API Test Suite","Tue Mar 10 18:36:44 UTC 2026","passed","Tue Mar 10 18:36:44 UTC 2026","com.automationlab.tests.ProductTest","API Tests","com.automationlab.tests.ProductTest","testListProductsPublic"
"Products link navigates to products page","10328","productsLinkNavigatesToProductsPage","SQA Automation Lab — Selenium UI Suite","Tue Mar 10 18:48:11 UTC 2026","broken","Tue Mar 10 18:48:22 UTC 2026","com.sqa.ui.tests.NavigationTest","UI Tests","com.sqa.ui.tests.NavigationTest","productsLinkNavigatesToProductsPage"
"Verify list users fails without authentication","18","testListUsersNoAuth","API Test Suite","Tue Mar 10 18:36:40 UTC 2026","passed","Tue Mar 10 18:36:40 UTC 2026","com.automationlab.tests.UserTest","API Tests","com.automationlab.tests.UserTest","testListUsersNoAuth"
"","5262","brand link is visible","chromium","Tue Mar 10 18:45:01 UTC 2026","failed","Tue Mar 10 18:45:06 UTC 2026","Navigation — Unauthenticated","navigation_test.spec.ts","",""
"Products page displays heading","10459","productsPageDisplaysHeading","SQA Automation Lab — Selenium UI Suite","Tue Mar 10 18:42:24 UTC 2026","broken","Tue Mar 10 18:42:34 UTC 2026","com.sqa.ui.tests.ProductsTest","UI Tests","com.sqa.ui.tests.ProductsTest","productsPageDisplaysHeading"
"","257","partial update — stock quantity — is supported","","Tue Mar 10 18:36:12 UTC 2026","passed","Tue Mar 10 18:36:13 UTC 2026","Product Endpoints > PUT /api/products/:id","products_test.spec.ts","",""
"Cancel order with confirmation removes order from pending list — AUT Bug C","1","cancelOrderWithConfirmationRemovesOrderFromPendingList","SQA Automation Lab — Selenium UI Suite","Tue Mar 10 18:44:17 UTC 2026","skipped","Tue Mar 10 18:44:17 UTC 2026","com.sqa.ui.tests.OrdersTest","UI Tests","com.sqa.ui.tests.OrdersTest","cancelOrderWithConfirmationRemovesOrderFromPendingList"
"Create two products and order both.","16","test_create_order_with_multiple_items","tests","Tue Mar 10 18:36:16 UTC 2026","passed","Tue Mar 10 18:36:16 UTC 2026","TestCreateOrder","orders_test","",""
"Verify create product fails with missing name","35","testCreateProductMissingName","API Test Suite","Tue Mar 10 18:36:42 UTC 2026","passed","Tue Mar 10 18:36:42 UTC 2026","com.automationlab.tests.ProductTest","API Tests","com.automationlab.tests.ProductTest","testCreateProductMissingName"
"","255","admin can update a product and receives HTTP 200","","Tue Mar 10 18:36:12 UTC 2026","passed","Tue Mar 10 18:36:12 UTC 2026","Product Endpoints > PUT /api/products/:id","products_test.spec.ts","",""
"Verify authenticated user can list all users","46","testListUsers","API Test Suite","Tue Mar 10 18:36:41 UTC 2026","passed","Tue Mar 10 18:36:41 UTC 2026","com.automationlab.tests.UserTest","API Tests","com.automationlab.tests.UserTest","testListUsers"
"Dashboard displays user email","656","dashboardDisplaysUserEmail","SQA Automation Lab — Selenium UI Suite","Tue Mar 10 18:44:49 UTC 2026","broken","Tue Mar 10 18:44:49 UTC 2026","com.sqa.ui.tests.DashboardTest","UI Tests","com.sqa.ui.tests.DashboardTest","dashboardDisplaysUserEmail"
"Verify pagination returns correct total count","60","testListUsersPaginationTotalCount","API Test Suite","Tue Mar 10 18:36:40 UTC 2026","passed","Tue Mar 10 18:36:40 UTC 2026","com.automationlab.tests.UserTest","API Tests","com.automationlab.tests.UserTest","testListUsersPaginationTotalCount"
"Sign in link navigates to login page","10446","signInLinkNavigatesToLoginPage","SQA Automation Lab — Selenium UI Suite","Tue Mar 10 18:40:21 UTC 2026","broken","Tue Mar 10 18:40:32 UTC 2026","com.sqa.ui.tests.RegisterTest","UI Tests","com.sqa.ui.tests.RegisterTest","signInLinkNavigatesToLoginPage"
"","75","returns HTTP 200 with valid token","","Tue Mar 10 18:36:15 UTC 2026","passed","Tue Mar 10 18:36:15 UTC 2026","User Endpoints > GET /api/users","user_test.spec.ts","",""
"**Risk:** Informational
**Confidence:** 2
**Instances:** 3

**Description:**
Check for differences in response based on fuzzed User Agent (eg. mobile sites, access as a Search Engine Crawler). Compares the response statuscode and the hashcode of the response body with the original response.

**Solution:**
","0","User Agent Fuzzer","","Tue Mar 10 18:37:26 UTC 2026","passed","Tue Mar 10 18:37:26 UTC 2026","","Security - ZAP API Scan","",""
"","5248","sign in link is visible when unauthenticated","chromium","Tue Mar 10 18:45:14 UTC 2026","failed","Tue Mar 10 18:45:19 UTC 2026","Navigation — Unauthenticated","navigation_test.spec.ts","",""
"Verify create order fails with zero quantity","17","testCreateOrderZeroQuantity","API Test Suite","Tue Mar 10 18:36:45 UTC 2026","passed","Tue Mar 10 18:36:45 UTC 2026","com.automationlab.tests.OrderTest","API Tests","com.automationlab.tests.OrderTest","testCreateOrderZeroQuantity"
"Cancelling an order should return stock to the product.","19","test_cancel_restores_stock","tests","Tue Mar 10 18:36:19 UTC 2026","passed","Tue Mar 10 18:36:19 UTC 2026","TestCancelOrder","orders_test","",""
"Verify login fails with missing email","31","testLoginMissingEmail","API Test Suite","Tue Mar 10 18:36:36 UTC 2026","passed","Tue Mar 10 18:36:36 UTC 2026","com.automationlab.tests.AuthTest","API Tests","com.automationlab.tests.AuthTest","testLoginMissingEmail"
"","4","test_admin_can_delete_any_user","tests","Tue Mar 10 18:36:21 UTC 2026","passed","Tue Mar 10 18:36:21 UTC 2026","TestDeleteUser","user_test","",""
"","70","returns HTTP 201 with minimum required fields — email and password only","","Tue Mar 10 18:35:58 UTC 2026","passed","Tue Mar 10 18:35:58 UTC 2026","Authentication Endpoints > POST /api/auth/register","auth_test.spec.ts","",""
"","182","sign out button is not visible when unauthenticated","chromium","Tue Mar 10 18:45:28 UTC 2026","passed","Tue Mar 10 18:45:28 UTC 2026","Navigation — Unauthenticated","navigation_test.spec.ts","",""
"","2","test_health_includes_timestamp","tests","Tue Mar 10 18:36:15 UTC 2026","passed","Tue Mar 10 18:36:15 UTC 2026","TestHealthEndpoint","health_test","",""
"Cancel button exits edit mode without saving","664","cancelButtonExitsEditModeWithoutSaving","SQA Automation Lab — Selenium UI Suite","Tue Mar 10 18:44:44 UTC 2026","broken","Tue Mar 10 18:44:45 UTC 2026","com.sqa.ui.tests.DashboardTest","UI Tests","com.sqa.ui.tests.DashboardTest","cancelButtonExitsEditModeWithoutSaving"
"","10","test_create_order_with_single_item","tests","Tue Mar 10 18:36:16 UTC 2026","passed","Tue Mar 10 18:36:16 UTC 2026","TestCreateOrder","orders_test","",""
"Empty email shows validation error","10456","emptyEmailShowsValidationError","SQA Automation Lab — Selenium UI Suite","Tue Mar 10 18:38:59 UTC 2026","broken","Tue Mar 10 18:39:09 UTC 2026","com.sqa.ui.tests.RegisterTest","UI Tests","com.sqa.ui.tests.RegisterTest","emptyEmailShowsValidationError"
"","30084","clear button resets search results","chromium","Tue Mar 10 18:55:34 UTC 2026","broken","Tue Mar 10 18:56:05 UTC 2026","Products — Unauthenticated","products_test.spec.ts","",""
"","255","returns HTTP 400 for empty update body","","Tue Mar 10 18:36:13 UTC 2026","passed","Tue Mar 10 18:36:13 UTC 2026","Product Endpoints > PUT /api/products/:id","products_test.spec.ts","",""
"**Risk:** Informational
**Confidence:** 3
**Instances:** 1

**Description:**
The given request has been identified as an authentication request. The 'Other Info' field contains a set of key=value lines which identify any relevant fields. If the request is in a context which has an Authentication Method set to ""Auto-Detect"" then this rule will change the authentication to match the request identified.

**Solution:**
This is an informational alert rather than a vulnerability and so there is nothing to fix.","0","Authentication Request Identified","","Tue Mar 10 18:37:26 UTC 2026","passed","Tue Mar 10 18:37:26 UTC 2026","","Security - ZAP API Scan","",""
"","258","updated product fields are returned in response","","Tue Mar 10 18:36:12 UTC 2026","passed","Tue Mar 10 18:36:12 UTC 2026","Product Endpoints > PUT /api/products/:id","products_test.spec.ts","",""
"Invalid email format shows validation error — AUT Bug B","10442","invalidEmailFormatShowsValidationError","SQA Automation Lab — Selenium UI Suite","Tue Mar 10 18:39:40 UTC 2026","broken","Tue Mar 10 18:39:51 UTC 2026","com.sqa.ui.tests.RegisterTest","UI Tests","com.sqa.ui.tests.RegisterTest","invalidEmailFormatShowsValidationError"
"","78","password field is not included in user response object","","Tue Mar 10 18:35:58 UTC 2026","passed","Tue Mar 10 18:35:58 UTC 2026","Authentication Endpoints > POST /api/auth/register","auth_test.spec.ts","",""
"","30079","invalid email format shows validation error","chromium","Tue Mar 10 19:01:47 UTC 2026","broken","Tue Mar 10 19:02:18 UTC 2026","Register","register_test.spec.ts","",""
"Verify create product fails with missing price","14","testCreateProductMissingPrice","API Test Suite","Tue Mar 10 18:36:42 UTC 2026","passed","Tue Mar 10 18:36:42 UTC 2026","com.automationlab.tests.ProductTest","API Tests","com.automationlab.tests.ProductTest","testCreateProductMissingPrice"
"Verify registration fails with weak password","21","testRegistrationWeakPassword","API Test Suite","Tue Mar 10 18:36:38 UTC 2026","passed","Tue Mar 10 18:36:38 UTC 2026","com.automationlab.tests.AuthTest","API Tests","com.automationlab.tests.AuthTest","testRegistrationWeakPassword"
"","403","returns HTTP 403 when cancelling another users order","","Tue Mar 10 18:36:08 UTC 2026","passed","Tue Mar 10 18:36:08 UTC 2026","Order Endpoints > DELETE /api/orders/:id","orders_test.spec.ts","",""
"Verify anyone can get product details without authentication","55","testGetProductPublic","API Test Suite","Tue Mar 10 18:36:42 UTC 2026","passed","Tue Mar 10 18:36:42 UTC 2026","com.automationlab.tests.ProductTest","API Tests","com.automationlab.tests.ProductTest","testGetProductPublic"
"","3","test_update_nonexistent_product_returns_404","tests","Tue Mar 10 18:36:20 UTC 2026","passed","Tue Mar 10 18:36:20 UTC 2026","TestUpdateProduct","products_test","",""
"","8","returns HTTP 400 when password is missing","","Tue Mar 10 18:35:58 UTC 2026","passed","Tue Mar 10 18:35:58 UTC 2026","Authentication Endpoints > POST /api/auth/register","auth_test.spec.ts","",""
"**Risk:** Medium
**Confidence:** 2
**Instances:** 5

**Description:**
Web browser data loading may be possible, due to a Cross Origin Resource Sharing (CORS) misconfiguration on the web server.

**Solution:**
Ensure that sensitive data is not available in an unauthenticated manner (using IP address white-listing, for instance).Configure the ""Access-Control-Allow-Origin"" HTTP header to a more restrictive set of domains, or remove all CORS headers entirely, to allow the web browser to enforce the Same Origin Policy (SOP) in a more restrictive manner.","0","Cross-Domain Misconfiguration","","Tue Mar 10 18:37:26 UTC 2026","broken","Tue Mar 10 18:37:26 UTC 2026","","Security - ZAP API Scan","",""
"","7","test_list_users_page_navigation","tests","Tue Mar 10 18:36:20 UTC 2026","passed","Tue Mar 10 18:36:20 UTC 2026","TestListUsers","user_test","",""
"","139","returns HTTP 401 for wrong password","","Tue Mar 10 18:35:59 UTC 2026","passed","Tue Mar 10 18:35:59 UTC 2026","Authentication Endpoints > POST /api/auth/login","auth_test.spec.ts","",""
"","30118","sign in link navigates to login page","chromium","Tue Mar 10 18:46:31 UTC 2026","broken","Tue Mar 10 18:47:01 UTC 2026","Navigation — Unauthenticated","navigation_test.spec.ts","",""
"","39271","PUT /api/users/:id","","Tue Mar 10 18:37:19 UTC 2026","passed","Tue Mar 10 18:37:59 UTC 2026","","k6 Performance Tests","",""
"","38360","GET /api/auth/me","","Tue Mar 10 18:36:39 UTC 2026","passed","Tue Mar 10 18:37:17 UTC 2026","","k6 Performance Tests","",""
"","252","returns HTTP 400 for negative price","","Tue Mar 10 18:36:11 UTC 2026","passed","Tue Mar 10 18:36:11 UTC 2026","Product Endpoints > POST /api/products","products_test.spec.ts","",""
"Dashboard page displays heading","10643","dashboardPageDisplaysHeading","SQA Automation Lab — Selenium UI Suite","Tue Mar 10 18:45:04 UTC 2026","broken","Tue Mar 10 18:45:14 UTC 2026","com.sqa.ui.tests.DashboardTest","UI Tests","com.sqa.ui.tests.DashboardTest","dashboardPageDisplaysHeading"
"","4","test_login_with_nonexistent_email_returns_401","tests","Tue Mar 10 18:36:15 UTC 2026","passed","Tue Mar 10 18:36:15 UTC 2026","TestLogin","auth_test","",""
"Verify default pagination limit","35","testListProductsDefaultPaginationLimit","API Test Suite","Tue Mar 10 18:36:43 UTC 2026","passed","Tue Mar 10 18:36:43 UTC 2026","com.automationlab.tests.ProductTest","API Tests","com.automationlab.tests.ProductTest","testListProductsDefaultPaginationLimit"
"Unauthenticated place order redirects to login","349","unauthenticatedPlaceOrderRedirectsToLogin","SQA Automation Lab — Selenium UI Suite","Tue Mar 10 18:44:04 UTC 2026","failed","Tue Mar 10 18:44:04 UTC 2026","com.sqa.ui.tests.ProductDetailTest","UI Tests","com.sqa.ui.tests.ProductDetailTest","unauthenticatedPlaceOrderRedirectsToLogin"
"","30080","edit profile button reveals edit form","chromium","Tue Mar 10 18:36:56 UTC 2026","broken","Tue Mar 10 18:37:26 UTC 2026","Dashboard — Authenticated","dashboard_test.spec.ts","",""
"","138","returns HTTP 403 or 404 when deleting another users account","","Tue Mar 10 18:36:18 UTC 2026","passed","Tue Mar 10 18:36:18 UTC 2026","User Endpoints > DELETE /api/users/:id","user_test.spec.ts","",""
"","139","returns HTTP 403 or 404 when accessing another users data","","Tue Mar 10 18:36:16 UTC 2026","passed","Tue Mar 10 18:36:17 UTC 2026","User Endpoints > GET /api/users/:id","user_test.spec.ts","",""
"Verify registration fails with missing email","18","testRegistrationMissingEmail","API Test Suite","Tue Mar 10 18:36:37 UTC 2026","passed","Tue Mar 10 18:36:37 UTC 2026","com.automationlab.tests.AuthTest","API Tests","com.automationlab.tests.AuthTest","testRegistrationMissingEmail"
"Verify users list supports pagination","74","testListUsersPagination","API Test Suite","Tue Mar 10 18:36:40 UTC 2026","passed","Tue Mar 10 18:36:40 UTC 2026","com.automationlab.tests.UserTest","API Tests","com.automationlab.tests.UserTest","testListUsersPagination"
"","30078","save with empty last name shows validation error","chromium","Tue Mar 10 18:39:02 UTC 2026","broken","Tue Mar 10 18:39:32 UTC 2026","Dashboard — Authenticated","dashboard_test.spec.ts","",""
"","79","returns correct user data for own user","","Tue Mar 10 18:36:16 UTC 2026","passed","Tue Mar 10 18:36:16 UTC 2026","User Endpoints > GET /api/users/:id","user_test.spec.ts","",""
"Verify user has correct role field","76","testGetUserRole","API Test Suite","Tue Mar 10 18:36:40 UTC 2026","passed","Tue Mar 10 18:36:40 UTC 2026","com.automationlab.tests.UserTest","API Tests","com.automationlab.tests.UserTest","testGetUserRole"
"","5323","login page displays sign in heading","chromium","Tue Mar 10 18:40:05 UTC 2026","failed","Tue Mar 10 18:40:10 UTC 2026","Login","login_test.spec.ts","",""
"","3","test_regular_user_cannot_delete_product","tests","Tue Mar 10 18:36:20 UTC 2026","passed","Tue Mar 10 18:36:20 UTC 2026","TestDeleteProduct","products_test","",""
"All returned products should be active.","5","test_list_products_only_returns_active","tests","Tue Mar 10 18:36:19 UTC 2026","passed","Tue Mar 10 18:36:19 UTC 2026","TestListProducts","products_test","",""
"Order error message shown on API failure","655","orderErrorMessageShownOnApiFailure","SQA Automation Lab — Selenium UI Suite","Tue Mar 10 18:43:45 UTC 2026","broken","Tue Mar 10 18:43:45 UTC 2026","com.sqa.ui.tests.ProductDetailTest","UI Tests","com.sqa.ui.tests.ProductDetailTest","orderErrorMessageShownOnApiFailure"
"","267","orders link is not visible when unauthenticated","chromium","Tue Mar 10 18:45:27 UTC 2026","passed","Tue Mar 10 18:45:27 UTC 2026","Navigation — Unauthenticated","navigation_test.spec.ts","",""
"","76","user objects in response do not expose password field","","Tue Mar 10 18:36:15 UTC 2026","passed","Tue Mar 10 18:36:15 UTC 2026","User Endpoints > GET /api/users","user_test.spec.ts","",""
"","328","admin can view any order","","Tue Mar 10 18:36:05 UTC 2026","passed","Tue Mar 10 18:36:05 UTC 2026","Order Endpoints > GET /api/orders/:id","orders_test.spec.ts","",""
"Verify update with invalid email format fails","20","testUpdateUserInvalidEmail","API Test Suite","Tue Mar 10 18:36:40 UTC 2026","passed","Tue Mar 10 18:36:40 UTC 2026","com.automationlab.tests.UserTest","API Tests","com.automationlab.tests.UserTest","testUpdateUserInvalidEmail"
"","1","setup","","Tue Mar 10 18:38:42 UTC 2026","passed","Tue Mar 10 18:38:42 UTC 2026","","k6 Performance Tests","",""
"Back to products link navigates to products page","10433","backToProductsLinkNavigatesToProductsPage","SQA Automation Lab — Selenium UI Suite","Tue Mar 10 18:43:27 UTC 2026","broken","Tue Mar 10 18:43:38 UTC 2026","com.sqa.ui.tests.ProductDetailTest","UI Tests","com.sqa.ui.tests.ProductDetailTest","backToProductsLinkNavigatesToProductsPage"
"Pagination next button advances to page 2","0","paginationNextButtonAdvancesToPage2","SQA Automation Lab — Selenium UI Suite","Tue Mar 10 18:44:29 UTC 2026","skipped","Tue Mar 10 18:44:29 UTC 2026","com.sqa.ui.tests.OrdersTest","UI Tests","com.sqa.ui.tests.OrdersTest","paginationNextButtonAdvancesToPage2"
"","250","admin can create a product and receives HTTP 201","","Tue Mar 10 18:36:10 UTC 2026","passed","Tue Mar 10 18:36:10 UTC 2026","Product Endpoints > POST /api/products","products_test.spec.ts","",""
"","345","response contains order with items array","","Tue Mar 10 18:36:03 UTC 2026","passed","Tue Mar 10 18:36:04 UTC 2026","Order Endpoints > GET /api/orders/:id","orders_test.spec.ts","",""
"","2","test_health_includes_uptime","tests","Tue Mar 10 18:36:15 UTC 2026","passed","Tue Mar 10 18:36:15 UTC 2026","TestHealthEndpoint","health_test","",""
"","249","returns HTTP 404 for non-existent product","","Tue Mar 10 18:36:13 UTC 2026","passed","Tue Mar 10 18:36:13 UTC 2026","Product Endpoints > PUT /api/products/:id","products_test.spec.ts","",""
"Filter orders by status parameter.","4","test_filter_orders_by_status","tests","Tue Mar 10 18:36:17 UTC 2026","passed","Tue Mar 10 18:36:17 UTC 2026","TestListOrders","orders_test","",""
"","2","test_list_users_without_auth_returns_401","tests","Tue Mar 10 18:36:20 UTC 2026","passed","Tue Mar 10 18:36:20 UTC 2026","TestListUsers","user_test","",""
"Orders link is not visible when unauthenticated","10381","ordersLinkIsNotVisibleWhenUnauthenticated","SQA Automation Lab — Selenium UI Suite","Tue Mar 10 18:47:27 UTC 2026","broken","Tue Mar 10 18:47:37 UTC 2026","com.sqa.ui.tests.NavigationTest","UI Tests","com.sqa.ui.tests.NavigationTest","ordersLinkIsNotVisibleWhenUnauthenticated"
"","340","order item details include product_id, quantity, and price","","Tue Mar 10 18:36:01 UTC 2026","passed","Tue Mar 10 18:36:01 UTC 2026","Order Endpoints > POST /api/orders","orders_test.spec.ts","",""
"Login page displays Sign In heading","10475","loginPageDisplaysSignInHeading","SQA Automation Lab — Selenium UI Suite","Tue Mar 10 18:37:22 UTC 2026","broken","Tue Mar 10 18:37:32 UTC 2026","com.sqa.ui.tests.LoginTest","UI Tests","com.sqa.ui.tests.LoginTest","loginPageDisplaysSignInHeading"
"Verify pagination returns correct total count","44","testListProductsPaginationTotalCount","API Test Suite","Tue Mar 10 18:36:43 UTC 2026","passed","Tue Mar 10 18:36:43 UTC 2026","com.automationlab.tests.ProductTest","API Tests","com.automationlab.tests.ProductTest","testListProductsPaginationTotalCount"
"Verify admin can get any order","30","testAdminGetAnyOrder","API Test Suite","Tue Mar 10 18:36:45 UTC 2026","passed","Tue Mar 10 18:36:45 UTC 2026","com.automationlab.tests.OrderTest","API Tests","com.automationlab.tests.OrderTest","testAdminGetAnyOrder"
"","8","status field value is ok","","Tue Mar 10 18:35:59 UTC 2026","passed","Tue Mar 10 18:35:59 UTC 2026","Health Endpoints > GET /health","health_test.spec.ts","",""
"Verify user can list their own orders","73","testListUserOrders","API Test Suite","Tue Mar 10 18:36:45 UTC 2026","passed","Tue Mar 10 18:36:45 UTC 2026","com.automationlab.tests.OrderTest","API Tests","com.automationlab.tests.OrderTest","testListUserOrders"
"","3","test_admin_can_create_product","tests","Tue Mar 10 18:36:19 UTC 2026","passed","Tue Mar 10 18:36:19 UTC 2026","TestCreateProduct","products_test","",""
"Verify health endpoint response time is acceptable","64","testHealthEndpointResponseTime","API Test Suite","Tue Mar 10 18:36:35 UTC 2026","passed","Tue Mar 10 18:36:35 UTC 2026","com.automationlab.tests.HealthTest","API Tests","com.automationlab.tests.HealthTest","testHealthEndpointResponseTime"
"Verify search is case-insensitive","34","testSearchProductsCaseInsensitive","API Test Suite","Tue Mar 10 18:36:43 UTC 2026","passed","Tue Mar 10 18:36:43 UTC 2026","com.automationlab.tests.ProductTest","API Tests","com.automationlab.tests.ProductTest","testSearchProductsCaseInsensitive"
"","65","test_login_with_valid_credentials","tests","Tue Mar 10 18:36:15 UTC 2026","passed","Tue Mar 10 18:36:15 UTC 2026","TestLogin","auth_test","",""
"","3","test_regular_user_cannot_create_product","tests","Tue Mar 10 18:36:20 UTC 2026","passed","Tue Mar 10 18:36:20 UTC 2026","TestCreateProduct","products_test","",""
"","9","test_admin_can_update_status_to_delivered","tests","Tue Mar 10 18:36:18 UTC 2026","passed","Tue Mar 10 18:36:18 UTC 2026","TestUpdateOrderStatus","orders_test","",""
"Verify admin can retrieve any user","39","testAdminGetAnyUser","API Test Suite","Tue Mar 10 18:36:39 UTC 2026","passed","Tue Mar 10 18:36:39 UTC 2026","com.automationlab.tests.UserTest","API Tests","com.automationlab.tests.UserTest","testAdminGetAnyUser"
"","2","test_get_product_invalid_id_returns_400","tests","Tue Mar 10 18:36:19 UTC 2026","passed","Tue Mar 10 18:36:19 UTC 2026","TestGetProduct","products_test","",""
"Verify authenticated user can create an order","50","testCreateOrder","API Test Suite","Tue Mar 10 18:36:46 UTC 2026","passed","Tue Mar 10 18:36:46 UTC 2026","com.automationlab.tests.OrderTest","API Tests","com.automationlab.tests.OrderTest","testCreateOrder"
"","37956","Step 6: Check order status","","Tue Mar 10 18:39:29 UTC 2026","passed","Tue Mar 10 18:40:06 UTC 2026","","k6 Performance Tests","",""
"Orders link navigates to orders page","10630","ordersLinkNavigatesToOrdersPage","SQA Automation Lab — Selenium UI Suite","Tue Mar 10 18:47:49 UTC 2026","broken","Tue Mar 10 18:48:00 UTC 2026","com.sqa.ui.tests.NavigationTest","UI Tests","com.sqa.ui.tests.NavigationTest","ordersLinkNavigatesToOrdersPage"
"After deletion, user should still exist but be inactive.","12","test_deleted_user_is_soft_deleted","tests","Tue Mar 10 18:36:21 UTC 2026","passed","Tue Mar 10 18:36:21 UTC 2026","TestDeleteUser","user_test","",""
"Authenticated user can place order successfully","696","authenticatedUserCanPlaceOrderSuccessfully","SQA Automation Lab — Selenium UI Suite","Tue Mar 10 18:43:19 UTC 2026","broken","Tue Mar 10 18:43:20 UTC 2026","com.sqa.ui.tests.ProductDetailTest","UI Tests","com.sqa.ui.tests.ProductDetailTest","authenticatedUserCanPlaceOrderSuccessfully"
"Sign in link is visible when unauthenticated","10369","signInLinkIsVisibleWhenUnauthenticated","SQA Automation Lab — Selenium UI Suite","Tue Mar 10 18:49:06 UTC 2026","broken","Tue Mar 10 18:49:17 UTC 2026","com.sqa.ui.tests.NavigationTest","UI Tests","com.sqa.ui.tests.NavigationTest","signInLinkIsVisibleWhenUnauthenticated"
"Verify admin can soft delete product","56","testDeleteProduct","API Test Suite","Tue Mar 10 18:36:42 UTC 2026","passed","Tue Mar 10 18:36:42 UTC 2026","com.automationlab.tests.ProductTest","API Tests","com.automationlab.tests.ProductTest","testDeleteProduct"
"","4","test_update_with_empty_body_returns_400","tests","Tue Mar 10 18:36:21 UTC 2026","passed","Tue Mar 10 18:36:21 UTC 2026","TestUpdateUser","user_test","",""
"","30127","wrong password shows error message","chromium","Tue Mar 10 18:42:49 UTC 2026","broken","Tue Mar 10 18:43:19 UTC 2026","Login","login_test.spec.ts","",""
"Verify non-admin cannot update product","16","testUpdateProductNonAdmin","API Test Suite","Tue Mar 10 18:36:43 UTC 2026","passed","Tue Mar 10 18:36:43 UTC 2026","com.automationlab.tests.ProductTest","API Tests","com.automationlab.tests.ProductTest","testUpdateProductNonAdmin"
"","4","test_list_users_returns_200","tests","Tue Mar 10 18:36:20 UTC 2026","passed","Tue Mar 10 18:36:20 UTC 2026","TestListUsers","user_test","",""
"","5282","product detail page displays product name","chromium","Tue Mar 10 18:52:29 UTC 2026","failed","Tue Mar 10 18:52:34 UTC 2026","Product Detail — Unauthenticated","product_detail_test.spec.ts","",""
"","5288","invalid product id renders error state","chromium","Tue Mar 10 18:53:33 UTC 2026","failed","Tue Mar 10 18:53:38 UTC 2026","Product Detail — Unauthenticated","product_detail_test.spec.ts","",""
"Stock should decrease after order creation.","9","test_create_order_reduces_stock","tests","Tue Mar 10 18:36:16 UTC 2026","passed","Tue Mar 10 18:36:16 UTC 2026","TestCreateOrder","orders_test","",""
"Verify create order fails with non-existent product","19","testCreateOrderNonExistentProduct","API Test Suite","Tue Mar 10 18:36:45 UTC 2026","passed","Tue Mar 10 18:36:45 UTC 2026","com.automationlab.tests.OrderTest","API Tests","com.automationlab.tests.OrderTest","testCreateOrderNonExistentProduct"
"","30087","search returns filtered results","chromium","Tue Mar 10 18:55:03 UTC 2026","broken","Tue Mar 10 18:55:33 UTC 2026","Products — Unauthenticated","products_test.spec.ts","",""
"Verify update non-existent product returns 404","23","testUpdateNonExistentProduct","API Test Suite","Tue Mar 10 18:36:43 UTC 2026","passed","Tue Mar 10 18:36:43 UTC 2026","com.automationlab.tests.ProductTest","API Tests","com.automationlab.tests.ProductTest","testUpdateNonExistentProduct"
"","3","test_list_users_respects_limit","tests","Tue Mar 10 18:36:20 UTC 2026","passed","Tue Mar 10 18:36:20 UTC 2026","TestListUsers","user_test","",""
"Verify order includes item details","74","testOrderIncludesItemDetails","API Test Suite","Tue Mar 10 18:36:46 UTC 2026","passed","Tue Mar 10 18:36:46 UTC 2026","com.automationlab.tests.OrderTest","API Tests","com.automationlab.tests.OrderTest","testOrderIncludesItemDetails"
"","197","dashboard link is not visible when unauthenticated","chromium","Tue Mar 10 18:45:28 UTC 2026","passed","Tue Mar 10 18:45:28 UTC 2026","Navigation — Unauthenticated","navigation_test.spec.ts","",""
"","72","returns HTTP 400 for invalid page parameter","","Tue Mar 10 18:36:15 UTC 2026","passed","Tue Mar 10 18:36:16 UTC 2026","User Endpoints > GET /api/users","user_test.spec.ts","",""
"","73","returns HTTP 404 for non-existent order","","Tue Mar 10 18:36:04 UTC 2026","passed","Tue Mar 10 18:36:04 UTC 2026","Order Endpoints > GET /api/orders/:id","orders_test.spec.ts","",""
"","335","returns HTTP 401 without token","","Tue Mar 10 18:36:07 UTC 2026","passed","Tue Mar 10 18:36:08 UTC 2026","Order Endpoints > DELETE /api/orders/:id","orders_test.spec.ts","",""
"Register link navigates to register page","10342","registerLinkNavigatesToRegisterPage","SQA Automation Lab — Selenium UI Suite","Tue Mar 10 18:48:44 UTC 2026","broken","Tue Mar 10 18:48:54 UTC 2026","com.sqa.ui.tests.NavigationTest","UI Tests","com.sqa.ui.tests.NavigationTest","registerLinkNavigatesToRegisterPage"
"","2","test_root_returns_app_info","tests","Tue Mar 10 18:36:15 UTC 2026","passed","Tue Mar 10 18:36:15 UTC 2026","TestRootEndpoint","health_test","",""
"Dashboard displays user name","685","dashboardDisplaysUserName","SQA Automation Lab — Selenium UI Suite","Tue Mar 10 18:44:52 UTC 2026","broken","Tue Mar 10 18:44:53 UTC 2026","com.sqa.ui.tests.DashboardTest","UI Tests","com.sqa.ui.tests.DashboardTest","dashboardDisplaysUserName"
"Authenticated user sees product cards","727","authenticatedUserSeesProductCards","SQA Automation Lab — Selenium UI Suite","Tue Mar 10 18:41:11 UTC 2026","broken","Tue Mar 10 18:41:12 UTC 2026","com.sqa.ui.tests.ProductsTest","UI Tests","com.sqa.ui.tests.ProductsTest","authenticatedUserSeesProductCards"
"","254","response body conforms to product schema","","Tue Mar 10 18:36:09 UTC 2026","passed","Tue Mar 10 18:36:09 UTC 2026","Product Endpoints > GET /api/products/:id","products_test.spec.ts","",""
"","38396","POST /api/auth/login - invalid credentials","","Tue Mar 10 18:36:38 UTC 2026","passed","Tue Mar 10 18:37:16 UTC 2026","","k6 Performance Tests","",""
"Regular users should not be able to view other users' profiles.","4","test_user_cannot_view_other_user","tests","Tue Mar 10 18:36:20 UTC 2026","passed","Tue Mar 10 18:36:20 UTC 2026","TestGetUser","user_test","",""
"","640","pagination next button advances to page 2","chromium","Tue Mar 10 18:50:47 UTC 2026","passed","Tue Mar 10 18:50:47 UTC 2026","Orders","orders_test.spec.ts","",""
"","3","test_health_returns_200","tests","Tue Mar 10 18:36:15 UTC 2026","passed","Tue Mar 10 18:36:15 UTC 2026","TestHealthEndpoint","health_test","",""
"","3","test_create_product_with_negative_stock_returns_400","tests","Tue Mar 10 18:36:20 UTC 2026","passed","Tue Mar 10 18:36:20 UTC 2026","TestCreateProduct","products_test","",""
"","8","test_list_products_page_navigation","tests","Tue Mar 10 18:36:19 UTC 2026","passed","Tue Mar 10 18:36:19 UTC 2026","TestListProducts","products_test","",""
"","30064","authenticated user can place order successfully","chromium","Tue Mar 10 18:53:40 UTC 2026","broken","Tue Mar 10 18:54:10 UTC 2026","Product Detail — Authenticated","product_detail_test.spec.ts","",""
"Verify multiple consecutive health checks return consistent status","258","testHealthEndpointConsistency","API Test Suite","Tue Mar 10 18:36:35 UTC 2026","passed","Tue Mar 10 18:36:35 UTC 2026","com.automationlab.tests.HealthTest","API Tests","com.automationlab.tests.HealthTest","testHealthEndpointConsistency"
"Verify user cannot delete another user's account","23","testDeleteOtherUserForbidden","API Test Suite","Tue Mar 10 18:36:39 UTC 2026","passed","Tue Mar 10 18:36:39 UTC 2026","com.automationlab.tests.UserTest","API Tests","com.automationlab.tests.UserTest","testDeleteOtherUserForbidden"
"","3","test_create_product_with_negative_price_returns_400","tests","Tue Mar 10 18:36:20 UTC 2026","passed","Tue Mar 10 18:36:20 UTC 2026","TestCreateProduct","products_test","",""
"","3","test_user_cannot_update_other_user","tests","Tue Mar 10 18:36:21 UTC 2026","passed","Tue Mar 10 18:36:21 UTC 2026","TestUpdateUser","user_test","",""
"","39123","GET /health","","Tue Mar 10 18:35:56 UTC 2026","passed","Tue Mar 10 18:36:36 UTC 2026","","k6 Performance Tests","",""
"Verify root endpoint returns app information","72","testRootEndpoint","API Test Suite","Tue Mar 10 18:36:35 UTC 2026","passed","Tue Mar 10 18:36:35 UTC 2026","com.automationlab.tests.HealthTest","API Tests","com.automationlab.tests.HealthTest","testRootEndpoint"
"Sign out clears session and redirects to login","10603","signOutClearsSessionAndRedirectsToLogin","SQA Automation Lab — Selenium UI Suite","Tue Mar 10 18:45:59 UTC 2026","broken","Tue Mar 10 18:46:10 UTC 2026","com.sqa.ui.tests.DashboardTest","UI Tests","com.sqa.ui.tests.DashboardTest","signOutClearsSessionAndRedirectsToLogin"
"Verify registration fails with missing password","19","testRegistrationMissingPassword","API Test Suite","Tue Mar 10 18:36:37 UTC 2026","passed","Tue Mar 10 18:36:37 UTC 2026","com.automationlab.tests.AuthTest","API Tests","com.automationlab.tests.AuthTest","testRegistrationMissingPassword"
"","249","returns HTTP 404 for non-existent product","","Tue Mar 10 18:36:14 UTC 2026","passed","Tue Mar 10 18:36:14 UTC 2026","Product Endpoints > DELETE /api/products/:id","products_test.spec.ts","",""
"","474","register link is not visible when authenticated","chromium","Tue Mar 10 18:47:55 UTC 2026","passed","Tue Mar 10 18:47:55 UTC 2026","Navigation — Authenticated","navigation_test.spec.ts","",""
"","332","returns HTTP 400 when cancelling a non-pending order","","Tue Mar 10 18:36:08 UTC 2026","passed","Tue Mar 10 18:36:08 UTC 2026","Order Endpoints > DELETE /api/orders/:id","orders_test.spec.ts","",""
"Product detail page displays stock status","333","productDetailPageDisplaysStockStatus","SQA Automation Lab — Selenium UI Suite","Tue Mar 10 18:44:00 UTC 2026","failed","Tue Mar 10 18:44:01 UTC 2026","com.sqa.ui.tests.ProductDetailTest","UI Tests","com.sqa.ui.tests.ProductDetailTest","productDetailPageDisplaysStockStatus"
"","7","response body contains message field","","Tue Mar 10 18:35:59 UTC 2026","passed","Tue Mar 10 18:35:59 UTC 2026","Health Endpoints > GET /","health_test.spec.ts","",""
"Products link is visible","10341","productsLinkIsVisible","SQA Automation Lab — Selenium UI Suite","Tue Mar 10 18:48:00 UTC 2026","broken","Tue Mar 10 18:48:11 UTC 2026","com.sqa.ui.tests.NavigationTest","UI Tests","com.sqa.ui.tests.NavigationTest","productsLinkIsVisible"
"","38103","GET /api/products/:id","","Tue Mar 10 18:38:01 UTC 2026","passed","Tue Mar 10 18:38:39 UTC 2026","","k6 Performance Tests","",""
"","324","returns HTTP 401 without token","","Tue Mar 10 18:36:06 UTC 2026","passed","Tue Mar 10 18:36:07 UTC 2026","Order Endpoints > PATCH /api/orders/:id/status","orders_test.spec.ts","",""
"Verify get order fails without authentication","13","testGetOrderNoAuth","API Test Suite","Tue Mar 10 18:36:45 UTC 2026","passed","Tue Mar 10 18:36:45 UTC 2026","com.automationlab.tests.OrderTest","API Tests","com.automationlab.tests.OrderTest","testGetOrderNoAuth"
"","3","test_delete_nonexistent_product_returns_404","tests","Tue Mar 10 18:36:20 UTC 2026","passed","Tue Mar 10 18:36:20 UTC 2026","TestDeleteProduct","products_test","",""
"","4","test_delete_nonexistent_user_returns_404","tests","Tue Mar 10 18:36:21 UTC 2026","passed","Tue Mar 10 18:36:21 UTC 2026","TestDeleteUser","user_test","",""
"","7","returns HTTP 400 for invalid email format","","Tue Mar 10 18:35:58 UTC 2026","passed","Tue Mar 10 18:35:58 UTC 2026","Authentication Endpoints > POST /api/auth/register","auth_test.spec.ts","",""
"Verify update user updates the updated_at timestamp","1064","testUpdateUserUpdatesTimestamp","API Test Suite","Tue Mar 10 18:36:40 UTC 2026","passed","Tue Mar 10 18:36:41 UTC 2026","com.automationlab.tests.UserTest","API Tests","com.automationlab.tests.UserTest","testUpdateUserUpdatesTimestamp"
"","332","returns HTTP 201 on successful order creation","","Tue Mar 10 18:35:59 UTC 2026","passed","Tue Mar 10 18:36:00 UTC 2026","Order Endpoints > POST /api/orders","orders_test.spec.ts","",""
"","4","test_get_own_user_profile","tests","Tue Mar 10 18:36:20 UTC 2026","passed","Tue Mar 10 18:36:20 UTC 2026","TestGetUser","user_test","",""
"","3","test_logout_returns_success","tests","Tue Mar 10 18:36:15 UTC 2026","passed","Tue Mar 10 18:36:15 UTC 2026","TestLogout","auth_test","",""
"","329","response body conforms to order schema","","Tue Mar 10 18:36:04 UTC 2026","passed","Tue Mar 10 18:36:04 UTC 2026","Order Endpoints > GET /api/orders/:id","orders_test.spec.ts","",""
"","4","test_filter_by_category","tests","Tue Mar 10 18:36:19 UTC 2026","passed","Tue Mar 10 18:36:19 UTC 2026","TestFilterProducts","products_test","",""
"","7","returns HTTP 200","","Tue Mar 10 18:35:59 UTC 2026","passed","Tue Mar 10 18:35:59 UTC 2026","Health Endpoints > GET /","health_test.spec.ts","",""
"Verify default pagination limit","48","testListUsersDefaultPaginationLimit","API Test Suite","Tue Mar 10 18:36:40 UTC 2026","passed","Tue Mar 10 18:36:40 UTC 2026","com.automationlab.tests.UserTest","API Tests","com.automationlab.tests.UserTest","testListUsersDefaultPaginationLimit"
"","3","test_get_user_returns_full_profile","tests","Tue Mar 10 18:36:20 UTC 2026","passed","Tue Mar 10 18:36:20 UTC 2026","TestGetUser","user_test","",""
"Authenticated user can navigate to product detail","789","authenticatedUserCanNavigateToProductDetail","SQA Automation Lab — Selenium UI Suite","Tue Mar 10 18:41:03 UTC 2026","broken","Tue Mar 10 18:41:04 UTC 2026","com.sqa.ui.tests.ProductsTest","UI Tests","com.sqa.ui.tests.ProductsTest","authenticatedUserCanNavigateToProductDetail"
"","30107","authenticated user can set quantity before ordering","chromium","Tue Mar 10 18:54:11 UTC 2026","broken","Tue Mar 10 18:54:41 UTC 2026","Product Detail — Authenticated","product_detail_test.spec.ts","",""
"","30115","cancel order with confirmation removes order from pending list","chromium","Tue Mar 10 18:50:47 UTC 2026","broken","Tue Mar 10 18:51:18 UTC 2026","Orders","orders_test.spec.ts","",""
"","2","test_logout_without_token_returns_401","tests","Tue Mar 10 18:36:15 UTC 2026","passed","Tue Mar 10 18:36:15 UTC 2026","TestLogout","auth_test","",""
"Category filter returns filtered results — AUT Bug C","10443","categoryFilterReturnsFilteredResults","SQA Automation Lab — Selenium UI Suite","Tue Mar 10 18:41:15 UTC 2026","broken","Tue Mar 10 18:41:26 UTC 2026","com.sqa.ui.tests.ProductsTest","UI Tests","com.sqa.ui.tests.ProductsTest","categoryFilterReturnsFilteredResults"
"Verify user response includes timestamps","86","testGetUserIncludesTimestamps","API Test Suite","Tue Mar 10 18:36:39 UTC 2026","passed","Tue Mar 10 18:36:39 UTC 2026","com.automationlab.tests.UserTest","API Tests","com.automationlab.tests.UserTest","testGetUserIncludesTimestamps"
"Product detail page displays product price","467","productDetailPageDisplaysProductPrice","SQA Automation Lab — Selenium UI Suite","Tue Mar 10 18:43:56 UTC 2026","failed","Tue Mar 10 18:43:57 UTC 2026","com.sqa.ui.tests.ProductDetailTest","UI Tests","com.sqa.ui.tests.ProductDetailTest","productDetailPageDisplaysProductPrice"
"","30089","empty last name shows validation error","chromium","Tue Mar 10 19:00:45 UTC 2026","broken","Tue Mar 10 19:01:15 UTC 2026","Register","register_test.spec.ts","",""
"","30081","cancel button exits edit mode without saving","chromium","Tue Mar 10 18:37:28 UTC 2026","broken","Tue Mar 10 18:37:58 UTC 2026","Dashboard — Authenticated","dashboard_test.spec.ts","",""
"","8","returns HTTP 401 for non-existent email","","Tue Mar 10 18:35:59 UTC 2026","passed","Tue Mar 10 18:35:59 UTC 2026","Authentication Endpoints > POST /api/auth/login","auth_test.spec.ts","",""
"","5634","order error message shown on API failure","chromium","Tue Mar 10 18:54:43 UTC 2026","failed","Tue Mar 10 18:54:48 UTC 2026","Product Detail — Authenticated","product_detail_test.spec.ts","",""
"Get order detail should include item breakdown.","12","test_get_order_with_items","tests","Tue Mar 10 18:36:17 UTC 2026","passed","Tue Mar 10 18:36:17 UTC 2026","TestGetOrder","orders_test","",""
"Search with no matches shows no products found message","10414","searchWithNoMatchesShowsNoProductsFoundMessage","SQA Automation Lab — Selenium UI Suite","Tue Mar 10 18:43:05 UTC 2026","broken","Tue Mar 10 18:43:16 UTC 2026","com.sqa.ui.tests.ProductsTest","UI Tests","com.sqa.ui.tests.ProductsTest","searchWithNoMatchesShowsNoProductsFoundMessage"
"","74","response contains orders array and pagination object","","Tue Mar 10 18:36:02 UTC 2026","passed","Tue Mar 10 18:36:02 UTC 2026","Order Endpoints > GET /api/orders","orders_test.spec.ts","",""
"","5615","authenticated user can view products page","chromium","Tue Mar 10 18:58:18 UTC 2026","failed","Tue Mar 10 18:58:24 UTC 2026","Products — Authenticated","products_test.spec.ts","",""
"","258","returns correct product data","","Tue Mar 10 18:36:09 UTC 2026","passed","Tue Mar 10 18:36:09 UTC 2026","Product Endpoints > GET /api/products/:id","products_test.spec.ts","",""
"","11","test_user_can_cancel_pending_order","tests","Tue Mar 10 18:36:19 UTC 2026","passed","Tue Mar 10 18:36:19 UTC 2026","TestCancelOrder","orders_test","",""
"Verify get user fails without authentication","21","testGetUserNoAuth","API Test Suite","Tue Mar 10 18:36:39 UTC 2026","passed","Tue Mar 10 18:36:40 UTC 2026","com.automationlab.tests.UserTest","API Tests","com.automationlab.tests.UserTest","testGetUserNoAuth"
"Verify created product returns ID","30","testCreateProductReturnsId","API Test Suite","Tue Mar 10 18:36:42 UTC 2026","passed","Tue Mar 10 18:36:42 UTC 2026","com.automationlab.tests.ProductTest","API Tests","com.automationlab.tests.ProductTest","testCreateProductReturnsId"
"Verify products list only returns active products","60","testListOnlyActiveProducts","API Test Suite","Tue Mar 10 18:36:42 UTC 2026","passed","Tue Mar 10 18:36:42 UTC 2026","com.automationlab.tests.ProductTest","API Tests","com.automationlab.tests.ProductTest","testListOnlyActiveProducts"
"","38104","PUT /api/products/:id","","Tue Mar 10 18:38:02 UTC 2026","passed","Tue Mar 10 18:38:40 UTC 2026","","k6 Performance Tests","",""
"","3","test_create_order_with_zero_quantity_returns_400","tests","Tue Mar 10 18:36:17 UTC 2026","passed","Tue Mar 10 18:36:17 UTC 2026","TestCreateOrder","orders_test","",""
"","3","test_register_without_password_returns_400","tests","Tue Mar 10 18:36:15 UTC 2026","passed","Tue Mar 10 18:36:15 UTC 2026","TestRegistration","auth_test","",""
"","11","test_update_with_invalid_status_returns_400","tests","Tue Mar 10 18:36:19 UTC 2026","passed","Tue Mar 10 18:36:19 UTC 2026","TestUpdateOrderStatus","orders_test","",""
"Verify invalid endpoint returns 404","33","testInvalidEndpoint","API Test Suite","Tue Mar 10 18:36:35 UTC 2026","passed","Tue Mar 10 18:36:35 UTC 2026","com.automationlab.tests.HealthTest","API Tests","com.automationlab.tests.HealthTest","testInvalidEndpoint"
"Verify registered user is active by default","259","testRegistrationDefaultActiveStatus","API Test Suite","Tue Mar 10 18:36:37 UTC 2026","passed","Tue Mar 10 18:36:37 UTC 2026","com.automationlab.tests.AuthTest","API Tests","com.automationlab.tests.AuthTest","testRegistrationDefaultActiveStatus"
"Sign out button is not visible when unauthenticated","10355","signOutButtonIsNotVisibleWhenUnauthenticated","SQA Automation Lab — Selenium UI Suite","Tue Mar 10 18:49:39 UTC 2026","broken","Tue Mar 10 18:49:49 UTC 2026","com.sqa.ui.tests.NavigationTest","UI Tests","com.sqa.ui.tests.NavigationTest","signOutButtonIsNotVisibleWhenUnauthenticated"
"Verify create product fails with negative price","14","testCreateProductNegativePrice","API Test Suite","Tue Mar 10 18:36:42 UTC 2026","passed","Tue Mar 10 18:36:42 UTC 2026","com.automationlab.tests.ProductTest","API Tests","com.automationlab.tests.ProductTest","testCreateProductNegativePrice"
"","0","setUpOrders","SQA Automation Lab — Selenium UI Suite","Tue Mar 10 18:44:41 UTC 2026","broken","Tue Mar 10 18:44:41 UTC 2026","com.sqa.ui.tests.OrdersTest","UI Tests","com.sqa.ui.tests.OrdersTest","setUpOrders"
"","30124","category filter returns filtered results","chromium","Tue Mar 10 18:56:37 UTC 2026","broken","Tue Mar 10 18:57:07 UTC 2026","Products — Unauthenticated","products_test.spec.ts","",""
"Invalid email format shows validation error — AUT Bug B","10483","invalidEmailFormatShowsValidationError","SQA Automation Lab — Selenium UI Suite","Tue Mar 10 18:37:08 UTC 2026","broken","Tue Mar 10 18:37:18 UTC 2026","com.sqa.ui.tests.LoginTest","UI Tests","com.sqa.ui.tests.LoginTest","invalidEmailFormatShowsValidationError"
"","80","returns HTTP 200 with authentication","","Tue Mar 10 18:36:08 UTC 2026","passed","Tue Mar 10 18:36:08 UTC 2026","Product Endpoints > GET /api/products","products_test.spec.ts","",""
"Verify products can be filtered by category","41","testListProductsByCategory","API Test Suite","Tue Mar 10 18:36:42 UTC 2026","passed","Tue Mar 10 18:36:43 UTC 2026","com.automationlab.tests.ProductTest","API Tests","com.automationlab.tests.ProductTest","testListProductsByCategory"
"","5585","dashboard displays user email","chromium","Tue Mar 10 18:36:35 UTC 2026","failed","Tue Mar 10 18:36:41 UTC 2026","Dashboard — Authenticated","dashboard_test.spec.ts","",""
"","37960","Step 1: Register new user","","Tue Mar 10 18:39:23 UTC 2026","passed","Tue Mar 10 18:40:01 UTC 2026","","k6 Performance Tests","",""
"Authenticated user can set quantity before ordering","673","authenticatedUserCanSetQuantityBeforeOrdering","SQA Automation Lab — Selenium UI Suite","Tue Mar 10 18:43:23 UTC 2026","broken","Tue Mar 10 18:43:24 UTC 2026","com.sqa.ui.tests.ProductDetailTest","UI Tests","com.sqa.ui.tests.ProductDetailTest","authenticatedUserCanSetQuantityBeforeOrdering"
"Verify successful login with valid credentials","293","testSuccessfulLogin","API Test Suite","Tue Mar 10 18:36:38 UTC 2026","passed","Tue Mar 10 18:36:38 UTC 2026","com.automationlab.tests.AuthTest","API Tests","com.automationlab.tests.AuthTest","testSuccessfulLogin"
"","2","test_404_response_includes_error_details","tests","Tue Mar 10 18:36:15 UTC 2026","passed","Tue Mar 10 18:36:15 UTC 2026","TestNotFound","health_test","",""
"Verify create product fails without authentication","10","testCreateProductNoAuth","API Test Suite","Tue Mar 10 18:36:42 UTC 2026","passed","Tue Mar 10 18:36:42 UTC 2026","com.automationlab.tests.ProductTest","API Tests","com.automationlab.tests.ProductTest","testCreateProductNoAuth"
"","39274","GET /api/users/:id - unauthorized (different user)","","Tue Mar 10 18:37:19 UTC 2026","passed","Tue Mar 10 18:37:58 UTC 2026","","k6 Performance Tests","",""
"","29897","Health Tests","","Tue Mar 10 18:38:31 UTC 2026","passed","Tue Mar 10 18:39:01 UTC 2026","","JMeter Performance Tests","",""
"Sign in link navigates to login page","10328","signInLinkNavigatesToLoginPage","SQA Automation Lab — Selenium UI Suite","Tue Mar 10 18:49:17 UTC 2026","broken","Tue Mar 10 18:49:27 UTC 2026","com.sqa.ui.tests.NavigationTest","UI Tests","com.sqa.ui.tests.NavigationTest","signInLinkNavigatesToLoginPage"
"Password shorter than 6 characters shows validation error","10539","shortPasswordShowsValidationError","SQA Automation Lab — Selenium UI Suite","Tue Mar 10 18:40:07 UTC 2026","broken","Tue Mar 10 18:40:18 UTC 2026","com.sqa.ui.tests.RegisterTest","UI Tests","com.sqa.ui.tests.RegisterTest","shortPasswordShowsValidationError"
"Verify pagination with custom page size","71","testListUsersCustomPageSize","API Test Suite","Tue Mar 10 18:36:40 UTC 2026","passed","Tue Mar 10 18:36:40 UTC 2026","com.automationlab.tests.UserTest","API Tests","com.automationlab.tests.UserTest","testListUsersCustomPageSize"
"","8","returns HTTP 200","","Tue Mar 10 18:35:59 UTC 2026","passed","Tue Mar 10 18:35:59 UTC 2026","Health Endpoints > GET /health","health_test.spec.ts","",""
"","242","test_login_as_admin","tests","Tue Mar 10 18:36:15 UTC 2026","passed","Tue Mar 10 18:36:15 UTC 2026","TestLogin","auth_test","",""
"","2","test_create_order_without_auth_returns_401","tests","Tue Mar 10 18:36:16 UTC 2026","passed","Tue Mar 10 18:36:16 UTC 2026","TestCreateOrder","orders_test","",""
"","11","test_admin_can_update_status_to_shipped","tests","Tue Mar 10 18:36:18 UTC 2026","passed","Tue Mar 10 18:36:18 UTC 2026","TestUpdateOrderStatus","orders_test","",""
"","5596","dashboard page displays heading","chromium","Tue Mar 10 18:36:29 UTC 2026","failed","Tue Mar 10 18:36:34 UTC 2026","Dashboard — Authenticated","dashboard_test.spec.ts","",""
"Verify admin can update any user","41","testAdminUpdateAnyUser","API Test Suite","Tue Mar 10 18:36:39 UTC 2026","passed","Tue Mar 10 18:36:39 UTC 2026","com.automationlab.tests.UserTest","API Tests","com.automationlab.tests.UserTest","testAdminUpdateAnyUser"
"","67","test_register_returns_user_details","tests","Tue Mar 10 18:36:14 UTC 2026","passed","Tue Mar 10 18:36:14 UTC 2026","TestRegistration","auth_test","",""
"","65","test_register_with_minimum_fields","tests","Tue Mar 10 18:36:14 UTC 2026","passed","Tue Mar 10 18:36:14 UTC 2026","TestRegistration","auth_test","",""
"","3","test_list_products_respects_limit","tests","Tue Mar 10 18:36:19 UTC 2026","passed","Tue Mar 10 18:36:19 UTC 2026","TestListProducts","products_test","",""
"","4","test_admin_can_update_stock","tests","Tue Mar 10 18:36:20 UTC 2026","passed","Tue Mar 10 18:36:20 UTC 2026","TestUpdateProduct","products_test","",""
"","5","test_get_current_user","tests","Tue Mar 10 18:36:15 UTC 2026","passed","Tue Mar 10 18:36:15 UTC 2026","TestCurrentUser","auth_test","",""
"","72","returns HTTP 409 when updating email to one already in use","","Tue Mar 10 18:36:17 UTC 2026","passed","Tue Mar 10 18:36:17 UTC 2026","User Endpoints > PUT /api/users/:id","user_test.spec.ts","",""
"","30079","brand link navigates to products page","chromium","Tue Mar 10 18:45:28 UTC 2026","broken","Tue Mar 10 18:45:58 UTC 2026","Navigation — Unauthenticated","navigation_test.spec.ts","",""
"","30094","valid credentials redirect to products page","chromium","Tue Mar 10 18:40:11 UTC 2026","broken","Tue Mar 10 18:40:42 UTC 2026","Login","login_test.spec.ts","",""
"","5","test_product_fields_in_listing","tests","Tue Mar 10 18:36:19 UTC 2026","passed","Tue Mar 10 18:36:19 UTC 2026","TestListProducts","products_test","",""
"Wrong password shows error message — AUT Bug A","10457","wrongPasswordShowsErrorMessage","SQA Automation Lab — Selenium UI Suite","Tue Mar 10 18:38:31 UTC 2026","broken","Tue Mar 10 18:38:42 UTC 2026","com.sqa.ui.tests.LoginTest","UI Tests","com.sqa.ui.tests.LoginTest","wrongPasswordShowsErrorMessage"
"Brand link is visible","10346","brandLinkIsVisible","SQA Automation Lab — Selenium UI Suite","Tue Mar 10 18:46:21 UTC 2026","broken","Tue Mar 10 18:46:32 UTC 2026","com.sqa.ui.tests.NavigationTest","UI Tests","com.sqa.ui.tests.NavigationTest","brandLinkIsVisible"
"","38106","POST /api/products - unauthorized (non-admin)","","Tue Mar 10 18:38:02 UTC 2026","passed","Tue Mar 10 18:38:40 UTC 2026","","k6 Performance Tests","",""
"Verify create order fails with empty items array","18","testCreateOrderEmptyItems","API Test Suite","Tue Mar 10 18:36:45 UTC 2026","passed","Tue Mar 10 18:36:45 UTC 2026","com.automationlab.tests.OrderTest","API Tests","com.automationlab.tests.OrderTest","testCreateOrderEmptyItems"
"","10","test_admin_can_view_any_order","tests","Tue Mar 10 18:36:18 UTC 2026","passed","Tue Mar 10 18:36:18 UTC 2026","TestGetOrder","orders_test","",""
"","39274","GET /api/users/:id - own user","","Tue Mar 10 18:37:18 UTC 2026","passed","Tue Mar 10 18:37:58 UTC 2026","","k6 Performance Tests","",""
"","3","test_get_nonexistent_product_returns_404","tests","Tue Mar 10 18:36:19 UTC 2026","passed","Tue Mar 10 18:36:19 UTC 2026","TestGetProduct","products_test","",""
"","6","returns HTTP 401 without token","","Tue Mar 10 18:36:04 UTC 2026","passed","Tue Mar 10 18:36:04 UTC 2026","Order Endpoints > GET /api/orders/:id","orders_test.spec.ts","",""
"","79","page navigation does not return overlapping results","","Tue Mar 10 18:36:15 UTC 2026","passed","Tue Mar 10 18:36:15 UTC 2026","User Endpoints > GET /api/users","user_test.spec.ts","",""
"","38104","GET /api/products","","Tue Mar 10 18:38:00 UTC 2026","passed","Tue Mar 10 18:38:38 UTC 2026","","k6 Performance Tests","",""
"Product card link navigates to product detail page","10391","productCardLinkNavigatesToProductDetailPage","SQA Automation Lab — Selenium UI Suite","Tue Mar 10 18:42:10 UTC 2026","broken","Tue Mar 10 18:42:21 UTC 2026","com.sqa.ui.tests.ProductsTest","UI Tests","com.sqa.ui.tests.ProductsTest","productCardLinkNavigatesToProductDetailPage"
"Verify product has all required fields","72","testGetProductRequiredFields","API Test Suite","Tue Mar 10 18:36:42 UTC 2026","passed","Tue Mar 10 18:36:42 UTC 2026","com.automationlab.tests.ProductTest","API Tests","com.automationlab.tests.ProductTest","testGetProductRequiredFields"
"","30124","non-existent email shows error message","chromium","Tue Mar 10 18:43:20 UTC 2026","broken","Tue Mar 10 18:43:50 UTC 2026","Login","login_test.spec.ts","",""
"","30084","valid registration renders authenticated navbar state","chromium","Tue Mar 10 18:59:42 UTC 2026","broken","Tue Mar 10 19:00:12 UTC 2026","Register","register_test.spec.ts","",""
"Verify products list supports pagination","40","testListProductsPagination","API Test Suite","Tue Mar 10 18:36:43 UTC 2026","passed","Tue Mar 10 18:36:43 UTC 2026","com.automationlab.tests.ProductTest","API Tests","com.automationlab.tests.ProductTest","testListProductsPagination"
"","30074","dashboard link navigates to dashboard page","chromium","Tue Mar 10 18:48:27 UTC 2026","broken","Tue Mar 10 18:48:57 UTC 2026","Navigation — Authenticated","navigation_test.spec.ts","",""
"","3","test_list_users_limit_exceeds_max_returns_400","tests","Tue Mar 10 18:36:20 UTC 2026","passed","Tue Mar 10 18:36:20 UTC 2026","TestListUsers","user_test","",""
"","5309","products page displays product cards","chromium","Tue Mar 10 18:54:56 UTC 2026","failed","Tue Mar 10 18:55:02 UTC 2026","Products — Unauthenticated","products_test.spec.ts","",""
"","10","test_status_update_changes_updated_at","tests","Tue Mar 10 18:36:18 UTC 2026","passed","Tue Mar 10 18:36:18 UTC 2026","TestUpdateOrderStatus","orders_test","",""
"","326","total_amount is calculated correctly","","Tue Mar 10 18:36:00 UTC 2026","passed","Tue Mar 10 18:36:01 UTC 2026","Order Endpoints > POST /api/orders","orders_test.spec.ts","",""
"","74","updated fields are returned in response","","Tue Mar 10 18:36:17 UTC 2026","passed","Tue Mar 10 18:36:17 UTC 2026","User Endpoints > PUT /api/users/:id","user_test.spec.ts","",""
"","6","content-type is application/json","","Tue Mar 10 18:35:59 UTC 2026","passed","Tue Mar 10 18:35:59 UTC 2026","Health Endpoints > GET /","health_test.spec.ts","",""
"Verify order calculates correct total amount","46","testOrderCalculatesTotalAmount","API Test Suite","Tue Mar 10 18:36:45 UTC 2026","passed","Tue Mar 10 18:36:46 UTC 2026","com.automationlab.tests.OrderTest","API Tests","com.automationlab.tests.OrderTest","testOrderCalculatesTotalAmount"
"","30110","invalid email format shows validation error","chromium","Tue Mar 10 18:42:17 UTC 2026","broken","Tue Mar 10 18:42:47 UTC 2026","Login","login_test.spec.ts","",""
"Verify update user fails without authentication","18","testUpdateUserNoAuth","API Test Suite","Tue Mar 10 18:36:40 UTC 2026","passed","Tue Mar 10 18:36:40 UTC 2026","com.automationlab.tests.UserTest","API Tests","com.automationlab.tests.UserTest","testUpdateUserNoAuth"
"Verify admin can update product details","35","testUpdateProduct","API Test Suite","Tue Mar 10 18:36:43 UTC 2026","passed","Tue Mar 10 18:36:43 UTC 2026","com.automationlab.tests.ProductTest","API Tests","com.automationlab.tests.ProductTest","testUpdateProduct"
"","30147","status filter cancelled shows filtered results or empty state","chromium","Tue Mar 10 18:50:15 UTC 2026","broken","Tue Mar 10 18:50:45 UTC 2026","Orders","orders_test.spec.ts","",""
"Search should find products by name substring.","5","test_search_by_name","tests","Tue Mar 10 18:36:19 UTC 2026","passed","Tue Mar 10 18:36:19 UTC 2026","TestFilterProducts","products_test","",""
"Verify registration succeeds without first name (optional field)","117","testRegistrationMissingFirstName","API Test Suite","Tue Mar 10 18:36:37 UTC 2026","passed","Tue Mar 10 18:36:37 UTC 2026","com.automationlab.tests.AuthTest","API Tests","com.automationlab.tests.AuthTest","testRegistrationMissingFirstName"
"Save with valid names updates profile and shows success message","10615","saveWithValidNamesUpdatesProfileAndShowsSuccessMessage","SQA Automation Lab — Selenium UI Suite","Tue Mar 10 18:45:48 UTC 2026","broken","Tue Mar 10 18:45:59 UTC 2026","com.sqa.ui.tests.DashboardTest","UI Tests","com.sqa.ui.tests.DashboardTest","saveWithValidNamesUpdatesProfileAndShowsSuccessMessage"
"","318","soft deleted user has is_active set to false","","Tue Mar 10 18:36:18 UTC 2026","passed","Tue Mar 10 18:36:18 UTC 2026","User Endpoints > DELETE /api/users/:id","user_test.spec.ts","",""
"Verify admin can update stock quantity","33","testUpdateProductStock","API Test Suite","Tue Mar 10 18:36:43 UTC 2026","passed","Tue Mar 10 18:36:43 UTC 2026","com.automationlab.tests.ProductTest","API Tests","com.automationlab.tests.ProductTest","testUpdateProductStock"
"","2","test_login_without_password_returns_400","tests","Tue Mar 10 18:36:15 UTC 2026","passed","Tue Mar 10 18:36:15 UTC 2026","TestLogin","auth_test","",""
"","586","sign in link is not visible when authenticated","chromium","Tue Mar 10 18:47:54 UTC 2026","passed","Tue Mar 10 18:47:55 UTC 2026","Navigation — Authenticated","navigation_test.spec.ts","",""
"Verify update with invalid status fails","18","testUpdateOrderInvalidStatus","API Test Suite","Tue Mar 10 18:36:46 UTC 2026","passed","Tue Mar 10 18:36:46 UTC 2026","com.automationlab.tests.OrderTest","API Tests","com.automationlab.tests.OrderTest","testUpdateOrderInvalidStatus"
"","10","test_regular_user_cannot_update_status","tests","Tue Mar 10 18:36:18 UTC 2026","passed","Tue Mar 10 18:36:18 UTC 2026","TestUpdateOrderStatus","orders_test","",""
"","6","response body conforms to health schema","","Tue Mar 10 18:35:59 UTC 2026","passed","Tue Mar 10 18:35:59 UTC 2026","Health Endpoints > GET /health","health_test.spec.ts","",""
"Valid registration redirects to products page","10445","validRegistrationRedirectsToProductsPage","SQA Automation Lab — Selenium UI Suite","Tue Mar 10 18:40:35 UTC 2026","broken","Tue Mar 10 18:40:46 UTC 2026","com.sqa.ui.tests.RegisterTest","UI Tests","com.sqa.ui.tests.RegisterTest","validRegistrationRedirectsToProductsPage"
"Verify orders can be filtered by status","47","testListOrdersByStatus","API Test Suite","Tue Mar 10 18:36:45 UTC 2026","passed","Tue Mar 10 18:36:45 UTC 2026","com.automationlab.tests.OrderTest","API Tests","com.automationlab.tests.OrderTest","testListOrdersByStatus"
"","74","returns HTTP 200 with valid token","","Tue Mar 10 18:35:59 UTC 2026","passed","Tue Mar 10 18:35:59 UTC 2026","Authentication Endpoints > POST /api/auth/logout","auth_test.spec.ts","",""
"Verify products can be searched by name","28","testSearchProducts","API Test Suite","Tue Mar 10 18:36:43 UTC 2026","passed","Tue Mar 10 18:36:43 UTC 2026","com.automationlab.tests.ProductTest","API Tests","com.automationlab.tests.ProductTest","testSearchProducts"
"Orders that have progressed past pending cannot be cancelled.","13","test_cannot_cancel_non_pending_order","tests","Tue Mar 10 18:36:19 UTC 2026","passed","Tue Mar 10 18:36:19 UTC 2026","TestCancelOrder","orders_test","",""
"","30085","empty password shows validation error","chromium","Tue Mar 10 18:41:46 UTC 2026","broken","Tue Mar 10 18:42:16 UTC 2026","Login","login_test.spec.ts","",""
"","30075","product card link navigates to product detail page","chromium","Tue Mar 10 18:57:47 UTC 2026","broken","Tue Mar 10 18:58:17 UTC 2026","Products — Unauthenticated","products_test.spec.ts","",""
"","38432","POST /api/auth/register","","Tue Mar 10 18:36:37 UTC 2026","passed","Tue Mar 10 18:37:15 UTC 2026","","k6 Performance Tests","",""
"Verify user cannot update another user's profile","16","testUpdateOtherUserForbidden","API Test Suite","Tue Mar 10 18:36:40 UTC 2026","passed","Tue Mar 10 18:36:40 UTC 2026","com.automationlab.tests.UserTest","API Tests","com.automationlab.tests.UserTest","testUpdateOtherUserForbidden"
"Unauthenticated access to dashboard redirects to login","10189","unauthenticatedAccessRedirectsToLogin","SQA Automation Lab — Selenium UI Suite","Tue Mar 10 18:46:11 UTC 2026","broken","Tue Mar 10 18:46:21 UTC 2026","com.sqa.ui.tests.DashboardTest","UI Tests","com.sqa.ui.tests.DashboardTest","unauthenticatedAccessRedirectsToLogin"
"","74","returns HTTP 400 for empty items array","","Tue Mar 10 18:36:01 UTC 2026","passed","Tue Mar 10 18:36:01 UTC 2026","Order Endpoints > POST /api/orders","orders_test.spec.ts","",""
"Verify root endpoint lists available endpoints","81","testRootEndpointListsEndpoints","API Test Suite","Tue Mar 10 18:36:35 UTC 2026","passed","Tue Mar 10 18:36:35 UTC 2026","com.automationlab.tests.HealthTest","API Tests","com.automationlab.tests.HealthTest","testRootEndpointListsEndpoints"
"","2","test_list_orders_without_auth_returns_401","tests","Tue Mar 10 18:36:17 UTC 2026","passed","Tue Mar 10 18:36:17 UTC 2026","TestListOrders","orders_test","",""
"Verify created product has default active status","15","testCreateProductDefaultActiveStatus","API Test Suite","Tue Mar 10 18:36:42 UTC 2026","passed","Tue Mar 10 18:36:42 UTC 2026","com.automationlab.tests.ProductTest","API Tests","com.automationlab.tests.ProductTest","testCreateProductDefaultActiveStatus"
"","2","test_regular_user_cannot_update_product","tests","Tue Mar 10 18:36:20 UTC 2026","passed","Tue Mar 10 18:36:20 UTC 2026","TestUpdateProduct","products_test","",""
"","30087","empty email shows validation error","chromium","Tue Mar 10 19:01:16 UTC 2026","broken","Tue Mar 10 19:01:46 UTC 2026","Register","register_test.spec.ts","",""
"Verify user cannot cancel another user's order","48","testCancelOtherUserOrder","API Test Suite","Tue Mar 10 18:36:45 UTC 2026","passed","Tue Mar 10 18:36:45 UTC 2026","com.automationlab.tests.OrderTest","API Tests","com.automationlab.tests.OrderTest","testCancelOtherUserOrder"
"","10","returns HTTP 401 without token","","Tue Mar 10 18:36:02 UTC 2026","passed","Tue Mar 10 18:36:02 UTC 2026","Order Endpoints > GET /api/orders","orders_test.spec.ts","",""
"","30085","empty first name shows validation error","chromium","Tue Mar 10 19:00:13 UTC 2026","broken","Tue Mar 10 19:00:43 UTC 2026","Register","register_test.spec.ts","",""
"","326","new order status is pending","","Tue Mar 10 18:36:00 UTC 2026","passed","Tue Mar 10 18:36:00 UTC 2026","Order Endpoints > POST /api/orders","orders_test.spec.ts","",""
"Verify order response includes timestamps","39","testGetOrderIncludesTimestamps","API Test Suite","Tue Mar 10 18:36:45 UTC 2026","passed","Tue Mar 10 18:36:45 UTC 2026","com.automationlab.tests.OrderTest","API Tests","com.automationlab.tests.OrderTest","testGetOrderIncludesTimestamps"
"","4","test_update_sets_updated_at","tests","Tue Mar 10 18:36:20 UTC 2026","passed","Tue Mar 10 18:36:20 UTC 2026","TestUpdateProduct","products_test","",""
"Register link is visible when unauthenticated","10345","registerLinkIsVisibleWhenUnauthenticated","SQA Automation Lab — Selenium UI Suite","Tue Mar 10 18:48:33 UTC 2026","broken","Tue Mar 10 18:48:44 UTC 2026","com.sqa.ui.tests.NavigationTest","UI Tests","com.sqa.ui.tests.NavigationTest","registerLinkIsVisibleWhenUnauthenticated"
"","9","uptime is a positive number","","Tue Mar 10 18:35:59 UTC 2026","passed","Tue Mar 10 18:35:59 UTC 2026","Health Endpoints > GET /health","health_test.spec.ts","",""
"","30081","sign out button clears session and redirects to login","chromium","Tue Mar 10 18:39:33 UTC 2026","broken","Tue Mar 10 18:40:04 UTC 2026","Dashboard — Authenticated","dashboard_test.spec.ts","",""
"","73","returns HTTP 200 when soft deleting own account","","Tue Mar 10 18:36:17 UTC 2026","passed","Tue Mar 10 18:36:18 UTC 2026","User Endpoints > DELETE /api/users/:id","user_test.spec.ts","",""
"Authenticated user can view products page","653","authenticatedUserCanViewProductsPage","SQA Automation Lab — Selenium UI Suite","Tue Mar 10 18:41:07 UTC 2026","broken","Tue Mar 10 18:41:08 UTC 2026","com.sqa.ui.tests.ProductsTest","UI Tests","com.sqa.ui.tests.ProductsTest","authenticatedUserCanViewProductsPage"
"","37955","Step 5: Create order","","Tue Mar 10 18:39:28 UTC 2026","passed","Tue Mar 10 18:40:05 UTC 2026","","k6 Performance Tests","",""
"","5294","product detail page displays product price","chromium","Tue Mar 10 18:52:35 UTC 2026","failed","Tue Mar 10 18:52:41 UTC 2026","Product Detail — Unauthenticated","product_detail_test.spec.ts","",""
"","4","test_register_duplicate_email_returns_409","tests","Tue Mar 10 18:36:15 UTC 2026","passed","Tue Mar 10 18:36:15 UTC 2026","TestRegistration","auth_test","",""
"","5","test_list_orders_pagination","tests","Tue Mar 10 18:36:17 UTC 2026","passed","Tue Mar 10 18:36:17 UTC 2026","TestListOrders","orders_test","",""
"Verify create order fails with negative quantity","25","testCreateOrderNegativeQuantity","API Test Suite","Tue Mar 10 18:36:45 UTC 2026","passed","Tue Mar 10 18:36:45 UTC 2026","com.automationlab.tests.OrderTest","API Tests","com.automationlab.tests.OrderTest","testCreateOrderNegativeQuantity"
"Verify user can update multiple fields simultaneously","68","testUpdateMultipleFields","API Test Suite","Tue Mar 10 18:36:40 UTC 2026","passed","Tue Mar 10 18:36:40 UTC 2026","com.automationlab.tests.UserTest","API Tests","com.automationlab.tests.UserTest","testUpdateMultipleFields"
"","30102","register link navigates to register page","chromium","Tue Mar 10 18:47:02 UTC 2026","broken","Tue Mar 10 18:47:32 UTC 2026","Navigation — Unauthenticated","navigation_test.spec.ts","",""
"Verify user can retrieve their own profile","38","testGetOwnUser","API Test Suite","Tue Mar 10 18:36:39 UTC 2026","passed","Tue Mar 10 18:36:39 UTC 2026","com.automationlab.tests.UserTest","API Tests","com.automationlab.tests.UserTest","testGetOwnUser"
"No auth should be required for viewing a single product.","2","test_get_product_is_public","tests","Tue Mar 10 18:36:19 UTC 2026","passed","Tue Mar 10 18:36:19 UTC 2026","TestGetProduct","products_test","",""
"","332","user can cancel a pending order and receives HTTP 200","","Tue Mar 10 18:36:07 UTC 2026","passed","Tue Mar 10 18:36:07 UTC 2026","Order Endpoints > DELETE /api/orders/:id","orders_test.spec.ts","",""
"","30088","Auth Tests","","Tue Mar 10 18:39:06 UTC 2026","passed","Tue Mar 10 18:39:36 UTC 2026","","JMeter Performance Tests","",""
"","3","test_register_with_empty_body_returns_400","tests","Tue Mar 10 18:36:15 UTC 2026","passed","Tue Mar 10 18:36:15 UTC 2026","TestRegistration","auth_test","",""
"","3","test_root_returns_200","tests","Tue Mar 10 18:36:15 UTC 2026","passed","Tue Mar 10 18:36:15 UTC 2026","TestRootEndpoint","health_test","",""
"Verify update product updates the updated_at timestamp","1095","testUpdateProductUpdatesTimestamp","API Test Suite","Tue Mar 10 18:36:43 UTC 2026","passed","Tue Mar 10 18:36:44 UTC 2026","com.automationlab.tests.ProductTest","API Tests","com.automationlab.tests.ProductTest","testUpdateProductUpdatesTimestamp"
"Verify registration fails with invalid email format","18","testRegistrationInvalidEmail","API Test Suite","Tue Mar 10 18:36:37 UTC 2026","passed","Tue Mar 10 18:36:37 UTC 2026","com.automationlab.tests.AuthTest","API Tests","com.automationlab.tests.AuthTest","testRegistrationInvalidEmail"
"","327","admin can update order status and receives HTTP 200","","Tue Mar 10 18:36:05 UTC 2026","passed","Tue Mar 10 18:36:05 UTC 2026","Order Endpoints > PATCH /api/orders/:id/status","orders_test.spec.ts","",""
"","30125","sign out button clears session and redirects to login","chromium","Tue Mar 10 18:48:58 UTC 2026","broken","Tue Mar 10 18:49:28 UTC 2026","Navigation — Authenticated","navigation_test.spec.ts","",""
"","7","environment field is a non-empty string","","Tue Mar 10 18:35:59 UTC 2026","passed","Tue Mar 10 18:35:59 UTC 2026","Health Endpoints > GET /health","health_test.spec.ts","",""
"","10","returns HTTP 400 when email is missing","","Tue Mar 10 18:35:59 UTC 2026","passed","Tue Mar 10 18:35:59 UTC 2026","Authentication Endpoints > POST /api/auth/login","auth_test.spec.ts","",""
"","80","response contains token","","Tue Mar 10 18:35:58 UTC 2026","passed","Tue Mar 10 18:35:58 UTC 2026","Authentication Endpoints > POST /api/auth/register","auth_test.spec.ts","",""
"","30025","Product Tests","","Tue Mar 10 18:40:16 UTC 2026","passed","Tue Mar 10 18:40:46 UTC 2026","","JMeter Performance Tests","",""
"","336","stock is restored after order cancellation","","Tue Mar 10 18:36:07 UTC 2026","passed","Tue Mar 10 18:36:07 UTC 2026","Order Endpoints > DELETE /api/orders/:id","orders_test.spec.ts","",""
"Verify health endpoint returns uptime information","62","testHealthEndpointUptime","API Test Suite","Tue Mar 10 18:36:35 UTC 2026","passed","Tue Mar 10 18:36:35 UTC 2026","com.automationlab.tests.HealthTest","API Tests","com.automationlab.tests.HealthTest","testHealthEndpointUptime"
"Verify registration fails with duplicate email","41","testRegistrationDuplicateEmail","API Test Suite","Tue Mar 10 18:36:37 UTC 2026","passed","Tue Mar 10 18:36:37 UTC 2026","com.automationlab.tests.AuthTest","API Tests","com.automationlab.tests.AuthTest","testRegistrationDuplicateEmail"
"Save with empty first name shows validation error","10627","saveWithEmptyFirstNameShowsValidationError","SQA Automation Lab — Selenium UI Suite","Tue Mar 10 18:45:26 UTC 2026","broken","Tue Mar 10 18:45:37 UTC 2026","com.sqa.ui.tests.DashboardTest","UI Tests","com.sqa.ui.tests.DashboardTest","saveWithEmptyFirstNameShowsValidationError"
"","65","test_register_does_not_return_password","tests","Tue Mar 10 18:36:14 UTC 2026","passed","Tue Mar 10 18:36:14 UTC 2026","TestRegistration","auth_test","",""
"","4","test_create_order_with_empty_items_returns_400","tests","Tue Mar 10 18:36:16 UTC 2026","passed","Tue Mar 10 18:36:16 UTC 2026","TestCreateOrder","orders_test","",""
"","12","products in listing include expected fields","","Tue Mar 10 18:36:09 UTC 2026","passed","Tue Mar 10 18:36:09 UTC 2026","Product Endpoints > GET /api/products","products_test.spec.ts","",""
"","4","test_list_users_returns_paginated_results","tests","Tue Mar 10 18:36:20 UTC 2026","passed","Tue Mar 10 18:36:20 UTC 2026","TestListUsers","user_test","",""
"","13","page navigation does not return overlapping results","","Tue Mar 10 18:36:09 UTC 2026","passed","Tue Mar 10 18:36:09 UTC 2026","Product Endpoints > GET /api/products","products_test.spec.ts","",""
"Authenticated user visiting login page is redirected to products — AUT Bug D","10698","authenticatedUserVisitingLoginIsRedirectedToProducts","SQA Automation Lab — Selenium UI Suite","Tue Mar 10 18:36:25 UTC 2026","broken","Tue Mar 10 18:36:36 UTC 2026","com.sqa.ui.tests.LoginTest","UI Tests","com.sqa.ui.tests.LoginTest","authenticatedUserVisitingLoginIsRedirectedToProducts"
"","251","returns HTTP 400 when price is missing","","Tue Mar 10 18:36:11 UTC 2026","passed","Tue Mar 10 18:36:11 UTC 2026","Product Endpoints > POST /api/products","products_test.spec.ts","",""
"Verify get current user fails without token","27","testGetCurrentUserNoToken","API Test Suite","Tue Mar 10 18:36:36 UTC 2026","passed","Tue Mar 10 18:36:36 UTC 2026","com.automationlab.tests.AuthTest","API Tests","com.automationlab.tests.AuthTest","testGetCurrentUserNoToken"
"","2","test_create_product_without_auth_returns_401","tests","Tue Mar 10 18:36:20 UTC 2026","passed","Tue Mar 10 18:36:20 UTC 2026","TestCreateProduct","products_test","",""
"","5297","unauthenticated access redirects to login","chromium","Tue Mar 10 18:36:21 UTC 2026","failed","Tue Mar 10 18:36:26 UTC 2026","Dashboard — Unauthenticated","dashboard_test.spec.ts","",""
"","74","returns HTTP 400 for empty update body","","Tue Mar 10 18:36:17 UTC 2026","passed","Tue Mar 10 18:36:17 UTC 2026","User Endpoints > PUT /api/users/:id","user_test.spec.ts","",""
"Valid registration renders authenticated navbar state","10495","validRegistrationRendersAuthenticatedNavbarState","SQA Automation Lab — Selenium UI Suite","Tue Mar 10 18:40:49 UTC 2026","broken","Tue Mar 10 18:40:59 UTC 2026","com.sqa.ui.tests.RegisterTest","UI Tests","com.sqa.ui.tests.RegisterTest","validRegistrationRendersAuthenticatedNavbarState"
