"DESCRIPTION","DURATION IN MS","NAME","PARENT SUITE","START TIME","STATUS","STOP TIME","SUB SUITE","SUITE","TEST CLASS","TEST METHOD"
"Authenticated user can place order successfully","859","authenticatedUserCanPlaceOrderSuccessfully","SQA Automation Lab — Selenium UI Suite","Wed Mar 11 16:04:48 UTC 2026","broken","Wed Mar 11 16:04:49 UTC 2026","com.sqa.ui.tests.ProductDetailTest","UI Tests","com.sqa.ui.tests.ProductDetailTest","authenticatedUserCanPlaceOrderSuccessfully"
"Dashboard displays user name","868","dashboardDisplaysUserName","SQA Automation Lab — Selenium UI Suite","Wed Mar 11 16:06:21 UTC 2026","broken","Wed Mar 11 16:06:22 UTC 2026","com.sqa.ui.tests.DashboardTest","UI Tests","com.sqa.ui.tests.DashboardTest","dashboardDisplaysUserName"
"","71","returns HTTP 201 with minimum required fields — email and password only","","Wed Mar 11 15:56:44 UTC 2026","passed","Wed Mar 11 15:56:44 UTC 2026","Authentication Endpoints > POST /api/auth/register","auth_test.spec.ts","",""
"","3","test_get_current_user_with_invalid_token_returns_403","tests","Wed Mar 11 15:56:58 UTC 2026","passed","Wed Mar 11 15:56:58 UTC 2026","TestCurrentUser","auth_test","",""
"Verify non-admin cannot update product","16","testUpdateProductNonAdmin","API Test Suite","Wed Mar 11 15:57:11 UTC 2026","passed","Wed Mar 11 15:57:11 UTC 2026","com.automationlab.tests.ProductTest","API Tests","com.automationlab.tests.ProductTest","testUpdateProductNonAdmin"
"Orders page displays order cards","0","ordersPageDisplaysOrderCards","SQA Automation Lab — Selenium UI Suite","Wed Mar 11 16:05:53 UTC 2026","skipped","Wed Mar 11 16:05:53 UTC 2026","com.sqa.ui.tests.OrdersTest","UI Tests","com.sqa.ui.tests.OrdersTest","ordersPageDisplaysOrderCards"
"Verify users list only returns active users","124","testListOnlyActiveUsers","API Test Suite","Wed Mar 11 15:57:08 UTC 2026","passed","Wed Mar 11 15:57:08 UTC 2026","com.automationlab.tests.UserTest","API Tests","com.automationlab.tests.UserTest","testListOnlyActiveUsers"
"","2","test_regular_user_cannot_update_product","tests","Wed Mar 11 15:57:03 UTC 2026","passed","Wed Mar 11 15:57:03 UTC 2026","TestUpdateProduct","products_test","",""
"Verify products can be filtered by multiple criteria","29","testListProductsMultipleFilters","API Test Suite","Wed Mar 11 15:57:10 UTC 2026","passed","Wed Mar 11 15:57:11 UTC 2026","com.automationlab.tests.ProductTest","API Tests","com.automationlab.tests.ProductTest","testListProductsMultipleFilters"
"","2","test_create_product_without_price_returns_400","tests","Wed Mar 11 15:57:03 UTC 2026","passed","Wed Mar 11 15:57:03 UTC 2026","TestCreateProduct","products_test","",""
"","3","test_get_nonexistent_order_returns_404","tests","Wed Mar 11 15:57:01 UTC 2026","passed","Wed Mar 11 15:57:01 UTC 2026","TestGetOrder","orders_test","",""
"Verify get non-existent user returns 404","27","testGetNonExistentUser","API Test Suite","Wed Mar 11 15:57:07 UTC 2026","passed","Wed Mar 11 15:57:07 UTC 2026","com.automationlab.tests.UserTest","API Tests","com.automationlab.tests.UserTest","testGetNonExistentUser"
"","39246","DELETE /api/users/:id","","Wed Mar 11 15:58:15 UTC 2026","passed","Wed Mar 11 15:58:55 UTC 2026","","k6 Performance Tests","",""
"","3","test_get_user_invalid_id_returns_400","tests","Wed Mar 11 15:57:03 UTC 2026","passed","Wed Mar 11 15:57:03 UTC 2026","TestGetUser","user_test","",""
"","72","limit parameter is respected","","Wed Mar 11 15:57:01 UTC 2026","passed","Wed Mar 11 15:57:01 UTC 2026","User Endpoints > GET /api/users","user_test.spec.ts","",""
"","5267","pagination next button advances to page 2","chromium","Wed Mar 11 16:17:59 UTC 2026","failed","Wed Mar 11 16:18:04 UTC 2026","Products — Unauthenticated","products_test.spec.ts","",""
"Verify admin can soft delete product","56","testDeleteProduct","API Test Suite","Wed Mar 11 15:57:10 UTC 2026","passed","Wed Mar 11 15:57:10 UTC 2026","com.automationlab.tests.ProductTest","API Tests","com.automationlab.tests.ProductTest","testDeleteProduct"
"","8","test_admin_can_update_status_to_shipped","tests","Wed Mar 11 15:57:01 UTC 2026","passed","Wed Mar 11 15:57:01 UTC 2026","TestUpdateOrderStatus","orders_test","",""
"","75","response contains orders array and pagination object","","Wed Mar 11 15:56:48 UTC 2026","passed","Wed Mar 11 15:56:48 UTC 2026","Order Endpoints > GET /api/orders","orders_test.spec.ts","",""
"Verify non-admin cannot delete product","15","testDeleteProductNonAdmin","API Test Suite","Wed Mar 11 15:57:10 UTC 2026","passed","Wed Mar 11 15:57:10 UTC 2026","com.automationlab.tests.ProductTest","API Tests","com.automationlab.tests.ProductTest","testDeleteProductNonAdmin"
"Products page displays product cards","10531","productsPageDisplaysProductCards","SQA Automation Lab — Selenium UI Suite","Wed Mar 11 16:04:07 UTC 2026","broken","Wed Mar 11 16:04:18 UTC 2026","com.sqa.ui.tests.ProductsTest","UI Tests","com.sqa.ui.tests.ProductsTest","productsPageDisplaysProductCards"
"Orders that have progressed past pending cannot be cancelled.","21","test_cannot_cancel_non_pending_order","tests","Wed Mar 11 15:57:02 UTC 2026","passed","Wed Mar 11 15:57:02 UTC 2026","TestCancelOrder","orders_test","",""
"Verify user cannot get another user's order","43","testGetOtherUserOrder","API Test Suite","Wed Mar 11 15:57:13 UTC 2026","passed","Wed Mar 11 15:57:13 UTC 2026","com.automationlab.tests.OrderTest","API Tests","com.automationlab.tests.OrderTest","testGetOtherUserOrder"
"Product detail page displays product name","385","productDetailPageDisplaysProductName","SQA Automation Lab — Selenium UI Suite","Wed Mar 11 16:05:21 UTC 2026","failed","Wed Mar 11 16:05:22 UTC 2026","com.sqa.ui.tests.ProductDetailTest","UI Tests","com.sqa.ui.tests.ProductDetailTest","productDetailPageDisplaysProductName"
"","3","test_create_product_with_negative_price_returns_400","tests","Wed Mar 11 15:57:03 UTC 2026","passed","Wed Mar 11 15:57:03 UTC 2026","TestCreateProduct","products_test","",""
"","4","test_delete_nonexistent_user_returns_404","tests","Wed Mar 11 15:57:04 UTC 2026","passed","Wed Mar 11 15:57:04 UTC 2026","TestDeleteUser","user_test","",""
"","6","response body contains endpoints field","","Wed Mar 11 15:56:46 UTC 2026","passed","Wed Mar 11 15:56:46 UTC 2026","Health Endpoints > GET /","health_test.spec.ts","",""
"Verify health endpoint returns healthy status","64","testHealthEndpoint","API Test Suite","Wed Mar 11 15:57:04 UTC 2026","passed","Wed Mar 11 15:57:04 UTC 2026","com.automationlab.tests.HealthTest","API Tests","com.automationlab.tests.HealthTest","testHealthEndpoint"
"Verify user response includes timestamps","43","testGetUserIncludesTimestamps","API Test Suite","Wed Mar 11 15:57:07 UTC 2026","passed","Wed Mar 11 15:57:07 UTC 2026","com.automationlab.tests.UserTest","API Tests","com.automationlab.tests.UserTest","testGetUserIncludesTimestamps"
"","4","test_update_own_first_name","tests","Wed Mar 11 15:57:03 UTC 2026","passed","Wed Mar 11 15:57:03 UTC 2026","TestUpdateUser","user_test","",""
"Authenticated user sees product cards","665","authenticatedUserSeesProductCards","SQA Automation Lab — Selenium UI Suite","Wed Mar 11 16:02:42 UTC 2026","broken","Wed Mar 11 16:02:42 UTC 2026","com.sqa.ui.tests.ProductsTest","UI Tests","com.sqa.ui.tests.ProductsTest","authenticatedUserSeesProductCards"
"","30081","pagination prev button returns to page 1","chromium","Wed Mar 11 16:18:05 UTC 2026","broken","Wed Mar 11 16:18:35 UTC 2026","Products — Unauthenticated","products_test.spec.ts","",""
"","30075","empty email shows validation error","chromium","Wed Mar 11 16:02:09 UTC 2026","broken","Wed Mar 11 16:02:39 UTC 2026","Login","login_test.spec.ts","",""
"Sign out clears session and redirects to login","914","signOutClearsSessionAndRedirectsToLogin","SQA Automation Lab — Selenium UI Suite","Wed Mar 11 16:06:49 UTC 2026","broken","Wed Mar 11 16:06:50 UTC 2026","com.sqa.ui.tests.DashboardTest","UI Tests","com.sqa.ui.tests.DashboardTest","signOutClearsSessionAndRedirectsToLogin"
"Verify create product fails with negative stock","16","testCreateProductNegativeStock","API Test Suite","Wed Mar 11 15:57:10 UTC 2026","passed","Wed Mar 11 15:57:10 UTC 2026","com.automationlab.tests.ProductTest","API Tests","com.automationlab.tests.ProductTest","testCreateProductNegativeStock"
"","254","partial update — stock quantity — is supported","","Wed Mar 11 15:56:58 UTC 2026","passed","Wed Mar 11 15:56:59 UTC 2026","Product Endpoints > PUT /api/products/:id","products_test.spec.ts","",""
"","247","returns HTTP 400 when name is missing","","Wed Mar 11 15:56:57 UTC 2026","passed","Wed Mar 11 15:56:57 UTC 2026","Product Endpoints > POST /api/products","products_test.spec.ts","",""
"","3","test_register_with_short_password_returns_400","tests","Wed Mar 11 15:56:58 UTC 2026","passed","Wed Mar 11 15:56:58 UTC 2026","TestRegistration","auth_test","",""
"","3","test_list_users_respects_limit","tests","Wed Mar 11 15:57:03 UTC 2026","passed","Wed Mar 11 15:57:03 UTC 2026","TestListUsers","user_test","",""
"Verify non-admin cannot create product","11","testCreateProductNonAdmin","API Test Suite","Wed Mar 11 15:57:10 UTC 2026","passed","Wed Mar 11 15:57:10 UTC 2026","com.automationlab.tests.ProductTest","API Tests","com.automationlab.tests.ProductTest","testCreateProductNonAdmin"
"","2","test_login_without_email_returns_400","tests","Wed Mar 11 15:56:58 UTC 2026","passed","Wed Mar 11 15:56:58 UTC 2026","TestLogin","auth_test","",""
"","1","setup","","Wed Mar 11 15:59:37 UTC 2026","passed","Wed Mar 11 15:59:37 UTC 2026","","k6 Performance Tests","",""
"Verify update non-existent product returns 404","17","testUpdateNonExistentProduct","API Test Suite","Wed Mar 11 15:57:11 UTC 2026","passed","Wed Mar 11 15:57:11 UTC 2026","com.automationlab.tests.ProductTest","API Tests","com.automationlab.tests.ProductTest","testUpdateNonExistentProduct"
"","30085","cancel button exits edit mode without saving","chromium","Wed Mar 11 15:58:23 UTC 2026","broken","Wed Mar 11 15:58:53 UTC 2026","Dashboard — Authenticated","dashboard_test.spec.ts","",""
"Verify registration succeeds without last name (optional field)","101","testRegistrationMissingLastName","API Test Suite","Wed Mar 11 15:57:05 UTC 2026","passed","Wed Mar 11 15:57:06 UTC 2026","com.automationlab.tests.AuthTest","API Tests","com.automationlab.tests.AuthTest","testRegistrationMissingLastName"
"","30070","all status filter options are selectable","chromium","Wed Mar 11 16:12:49 UTC 2026","broken","Wed Mar 11 16:13:19 UTC 2026","Orders","orders_test.spec.ts","",""
"","4","test_update_with_empty_body_returns_400","tests","Wed Mar 11 15:57:03 UTC 2026","passed","Wed Mar 11 15:57:03 UTC 2026","TestUpdateProduct","products_test","",""
"Verify pagination with custom page size","68","testListUsersCustomPageSize","API Test Suite","Wed Mar 11 15:57:08 UTC 2026","passed","Wed Mar 11 15:57:08 UTC 2026","com.automationlab.tests.UserTest","API Tests","com.automationlab.tests.UserTest","testListUsersCustomPageSize"
"","133","returns HTTP 401 for wrong password","","Wed Mar 11 15:56:45 UTC 2026","passed","Wed Mar 11 15:56:45 UTC 2026","Authentication Endpoints > POST /api/auth/login","auth_test.spec.ts","",""
"Empty password shows validation error","10565","emptyPasswordShowsValidationError","SQA Automation Lab — Selenium UI Suite","Wed Mar 11 15:57:59 UTC 2026","broken","Wed Mar 11 15:58:09 UTC 2026","com.sqa.ui.tests.LoginTest","UI Tests","com.sqa.ui.tests.LoginTest","emptyPasswordShowsValidationError"
"Verify get non-existent product returns 404","18","testGetNonExistentProduct","API Test Suite","Wed Mar 11 15:57:10 UTC 2026","passed","Wed Mar 11 15:57:10 UTC 2026","com.automationlab.tests.ProductTest","API Tests","com.automationlab.tests.ProductTest","testGetNonExistentProduct"
"","327","admin can view any order","","Wed Mar 11 15:56:51 UTC 2026","passed","Wed Mar 11 15:56:51 UTC 2026","Order Endpoints > GET /api/orders/:id","orders_test.spec.ts","",""
"Verify cancel order fails without authentication","10","testCancelOrderNoAuth","API Test Suite","Wed Mar 11 15:57:13 UTC 2026","passed","Wed Mar 11 15:57:13 UTC 2026","com.automationlab.tests.OrderTest","API Tests","com.automationlab.tests.OrderTest","testCancelOrderNoAuth"
"","10","test_admin_can_cancel_any_pending_order","tests","Wed Mar 11 15:57:02 UTC 2026","passed","Wed Mar 11 15:57:02 UTC 2026","TestCancelOrder","orders_test","",""
"Sign out button is not visible when unauthenticated","10336","signOutButtonIsNotVisibleWhenUnauthenticated","SQA Automation Lab — Selenium UI Suite","Wed Mar 11 16:10:27 UTC 2026","broken","Wed Mar 11 16:10:38 UTC 2026","com.sqa.ui.tests.NavigationTest","UI Tests","com.sqa.ui.tests.NavigationTest","signOutButtonIsNotVisibleWhenUnauthenticated"
"","400","returns HTTP 400 when cancelling a non-pending order","","Wed Mar 11 15:56:54 UTC 2026","passed","Wed Mar 11 15:56:55 UTC 2026","Order Endpoints > DELETE /api/orders/:id","orders_test.spec.ts","",""
"Verify delete non-existent product returns 404","14","testDeleteNonExistentProduct","API Test Suite","Wed Mar 11 15:57:10 UTC 2026","passed","Wed Mar 11 15:57:10 UTC 2026","com.automationlab.tests.ProductTest","API Tests","com.automationlab.tests.ProductTest","testDeleteNonExistentProduct"
"","326","admin can retrieve any user","","Wed Mar 11 15:57:02 UTC 2026","passed","Wed Mar 11 15:57:02 UTC 2026","User Endpoints > GET /api/users/:id","user_test.spec.ts","",""
"","3","test_list_products_respects_limit","tests","Wed Mar 11 15:57:02 UTC 2026","passed","Wed Mar 11 15:57:02 UTC 2026","TestListProducts","products_test","",""
"","39246","GET /api/users/:id - own user","","Wed Mar 11 15:58:14 UTC 2026","passed","Wed Mar 11 15:58:53 UTC 2026","","k6 Performance Tests","",""
"","30095","User Journey Tests","","Wed Mar 11 16:03:52 UTC 2026","passed","Wed Mar 11 16:04:22 UTC 2026","","JMeter Performance Tests","",""
"Verify update product fails without authentication","13","testUpdateProductNoAuth","API Test Suite","Wed Mar 11 15:57:11 UTC 2026","passed","Wed Mar 11 15:57:11 UTC 2026","com.automationlab.tests.ProductTest","API Tests","com.automationlab.tests.ProductTest","testUpdateProductNoAuth"
"Verify update product updates the updated_at timestamp","1049","testUpdateProductUpdatesTimestamp","API Test Suite","Wed Mar 11 15:57:11 UTC 2026","passed","Wed Mar 11 15:57:12 UTC 2026","com.automationlab.tests.ProductTest","API Tests","com.automationlab.tests.ProductTest","testUpdateProductUpdatesTimestamp"
"Verify admin can update order status","21","testUpdateOrderStatus","API Test Suite","Wed Mar 11 15:57:13 UTC 2026","passed","Wed Mar 11 15:57:13 UTC 2026","com.automationlab.tests.OrderTest","API Tests","com.automationlab.tests.OrderTest","testUpdateOrderStatus"
"","5240","products link is visible","chromium","Wed Mar 11 16:06:01 UTC 2026","failed","Wed Mar 11 16:06:06 UTC 2026","Navigation — Unauthenticated","navigation_test.spec.ts","",""
"","6","returns HTTP 401 without token","","Wed Mar 11 15:56:50 UTC 2026","passed","Wed Mar 11 15:56:50 UTC 2026","Order Endpoints > GET /api/orders/:id","orders_test.spec.ts","",""
"","8","limit parameter is respected","","Wed Mar 11 15:56:55 UTC 2026","passed","Wed Mar 11 15:56:55 UTC 2026","Product Endpoints > GET /api/products","products_test.spec.ts","",""
"","314","admin can update any user","","Wed Mar 11 15:57:03 UTC 2026","passed","Wed Mar 11 15:57:03 UTC 2026","User Endpoints > PUT /api/users/:id","user_test.spec.ts","",""
"","325","order item details include product_id, quantity, and price","","Wed Mar 11 15:56:47 UTC 2026","passed","Wed Mar 11 15:56:47 UTC 2026","Order Endpoints > POST /api/orders","orders_test.spec.ts","",""
"Sign in link is not visible when authenticated","10611","signInLinkIsNotVisibleWhenAuthenticated","SQA Automation Lab — Selenium UI Suite","Wed Mar 11 16:09:43 UTC 2026","broken","Wed Mar 11 16:09:54 UTC 2026","com.sqa.ui.tests.NavigationTest","UI Tests","com.sqa.ui.tests.NavigationTest","signInLinkIsNotVisibleWhenAuthenticated"
"","5622","orders page displays heading","chromium","Wed Mar 11 16:10:22 UTC 2026","failed","Wed Mar 11 16:10:28 UTC 2026","Orders","orders_test.spec.ts","",""
"","30070","sign in link navigates to login page","chromium","Wed Mar 11 16:24:10 UTC 2026","broken","Wed Mar 11 16:24:40 UTC 2026","Register","register_test.spec.ts","",""
"","30095","password shorter than 6 characters shows validation error","chromium","Wed Mar 11 16:23:08 UTC 2026","broken","Wed Mar 11 16:23:38 UTC 2026","Register","register_test.spec.ts","",""
"","250","admin can create a product and receives HTTP 201","","Wed Mar 11 15:56:56 UTC 2026","passed","Wed Mar 11 15:56:56 UTC 2026","Product Endpoints > POST /api/products","products_test.spec.ts","",""
"","4","test_list_products_returns_paginated_results","tests","Wed Mar 11 15:57:02 UTC 2026","passed","Wed Mar 11 15:57:02 UTC 2026","TestListProducts","products_test","",""
"Verify user cannot update another user's profile","14","testUpdateOtherUserForbidden","API Test Suite","Wed Mar 11 15:57:08 UTC 2026","passed","Wed Mar 11 15:57:08 UTC 2026","com.automationlab.tests.UserTest","API Tests","com.automationlab.tests.UserTest","testUpdateOtherUserForbidden"
"Products link navigates to products page","10341","productsLinkNavigatesToProductsPage","SQA Automation Lab — Selenium UI Suite","Wed Mar 11 16:09:00 UTC 2026","broken","Wed Mar 11 16:09:10 UTC 2026","com.sqa.ui.tests.NavigationTest","UI Tests","com.sqa.ui.tests.NavigationTest","productsLinkNavigatesToProductsPage"
"","344","status filter returns only orders matching that status","","Wed Mar 11 15:56:49 UTC 2026","passed","Wed Mar 11 15:56:49 UTC 2026","Order Endpoints > GET /api/orders","orders_test.spec.ts","",""
"Verify registered user is active by default","365","testRegistrationDefaultActiveStatus","API Test Suite","Wed Mar 11 15:57:05 UTC 2026","passed","Wed Mar 11 15:57:05 UTC 2026","com.automationlab.tests.AuthTest","API Tests","com.automationlab.tests.AuthTest","testRegistrationDefaultActiveStatus"
"","37969","Step 3: Browse products","","Wed Mar 11 16:00:21 UTC 2026","passed","Wed Mar 11 16:00:59 UTC 2026","","k6 Performance Tests","",""
"","316","soft deleted user has is_active set to false","","Wed Mar 11 15:57:04 UTC 2026","passed","Wed Mar 11 15:57:04 UTC 2026","User Endpoints > DELETE /api/users/:id","user_test.spec.ts","",""
"","3","test_admin_can_delete_product","tests","Wed Mar 11 15:57:03 UTC 2026","passed","Wed Mar 11 15:57:03 UTC 2026","TestDeleteProduct","products_test","",""
"Unauthenticated access to dashboard redirects to login","10185","unauthenticatedAccessRedirectsToLogin","SQA Automation Lab — Selenium UI Suite","Wed Mar 11 16:06:59 UTC 2026","broken","Wed Mar 11 16:07:09 UTC 2026","com.sqa.ui.tests.DashboardTest","UI Tests","com.sqa.ui.tests.DashboardTest","unauthenticatedAccessRedirectsToLogin"
"","5","test_list_orders_pagination","tests","Wed Mar 11 15:57:00 UTC 2026","passed","Wed Mar 11 15:57:00 UTC 2026","TestListOrders","orders_test","",""
"","68","test_register_returns_user_details","tests","Wed Mar 11 15:56:57 UTC 2026","passed","Wed Mar 11 15:56:57 UTC 2026","TestRegistration","auth_test","",""
"Cancelling an order should return stock to the product.","18","test_cancel_restores_stock","tests","Wed Mar 11 15:57:02 UTC 2026","passed","Wed Mar 11 15:57:02 UTC 2026","TestCancelOrder","orders_test","",""
"","327","returns only the authenticated users own orders","","Wed Mar 11 15:56:48 UTC 2026","passed","Wed Mar 11 15:56:49 UTC 2026","Order Endpoints > GET /api/orders","orders_test.spec.ts","",""
"","15","returns HTTP 400 when password is missing","","Wed Mar 11 15:56:44 UTC 2026","passed","Wed Mar 11 15:56:44 UTC 2026","Authentication Endpoints > POST /api/auth/register","auth_test.spec.ts","",""
"Verify users list supports pagination","62","testListUsersPagination","API Test Suite","Wed Mar 11 15:57:08 UTC 2026","passed","Wed Mar 11 15:57:08 UTC 2026","com.automationlab.tests.UserTest","API Tests","com.automationlab.tests.UserTest","testListUsersPagination"
"","3","test_update_with_empty_body_returns_400","tests","Wed Mar 11 15:57:04 UTC 2026","passed","Wed Mar 11 15:57:04 UTC 2026","TestUpdateUser","user_test","",""
"","151","returns HTTP 403 or 404 when accessing another users data","","Wed Mar 11 15:57:02 UTC 2026","passed","Wed Mar 11 15:57:03 UTC 2026","User Endpoints > GET /api/users/:id","user_test.spec.ts","",""
"","7","test_list_products_page_navigation","tests","Wed Mar 11 15:57:02 UTC 2026","passed","Wed Mar 11 15:57:02 UTC 2026","TestListProducts","products_test","",""
"","10","test_admin_can_view_any_order","tests","Wed Mar 11 15:57:01 UTC 2026","passed","Wed Mar 11 15:57:01 UTC 2026","TestGetOrder","orders_test","",""
"","9","returns HTTP 400 for invalid email format","","Wed Mar 11 15:56:45 UTC 2026","passed","Wed Mar 11 15:56:45 UTC 2026","Authentication Endpoints > POST /api/auth/register","auth_test.spec.ts","",""
"ILIKE search should be case-insensitive.","9","test_search_is_case_insensitive","tests","Wed Mar 11 15:57:02 UTC 2026","passed","Wed Mar 11 15:57:02 UTC 2026","TestFilterProducts","products_test","",""
"Sign in link navigates to login page","10338","signInLinkNavigatesToLoginPage","SQA Automation Lab — Selenium UI Suite","Wed Mar 11 16:10:05 UTC 2026","broken","Wed Mar 11 16:10:16 UTC 2026","com.sqa.ui.tests.NavigationTest","UI Tests","com.sqa.ui.tests.NavigationTest","signInLinkNavigatesToLoginPage"
"","2","test_logout_returns_success","tests","Wed Mar 11 15:56:59 UTC 2026","passed","Wed Mar 11 15:56:59 UTC 2026","TestLogout","auth_test","",""
"Verify default pagination limit","36","testListProductsDefaultPaginationLimit","API Test Suite","Wed Mar 11 15:57:10 UTC 2026","passed","Wed Mar 11 15:57:10 UTC 2026","com.automationlab.tests.ProductTest","API Tests","com.automationlab.tests.ProductTest","testListProductsDefaultPaginationLimit"
"","3","test_get_nonexistent_user_returns_404","tests","Wed Mar 11 15:57:03 UTC 2026","passed","Wed Mar 11 15:57:03 UTC 2026","TestGetUser","user_test","",""
"","342","returns HTTP 200 for own order","","Wed Mar 11 15:56:49 UTC 2026","passed","Wed Mar 11 15:56:49 UTC 2026","Order Endpoints > GET /api/orders/:id","orders_test.spec.ts","",""
"","30067","authenticated user can set quantity before ordering","chromium","Wed Mar 11 16:15:02 UTC 2026","broken","Wed Mar 11 16:15:32 UTC 2026","Product Detail — Authenticated","product_detail_test.spec.ts","",""
"Product card link navigates to product detail page","10459","productCardLinkNavigatesToProductDetailPage","SQA Automation Lab — Selenium UI Suite","Wed Mar 11 16:03:40 UTC 2026","broken","Wed Mar 11 16:03:51 UTC 2026","com.sqa.ui.tests.ProductsTest","UI Tests","com.sqa.ui.tests.ProductsTest","productCardLinkNavigatesToProductDetailPage"
"","9","pagination metadata contains expected fields","","Wed Mar 11 15:56:55 UTC 2026","passed","Wed Mar 11 15:56:55 UTC 2026","Product Endpoints > GET /api/products","products_test.spec.ts","",""
"Verify successful user registration with valid data","127","testSuccessfulRegistration","API Test Suite","Wed Mar 11 15:57:06 UTC 2026","passed","Wed Mar 11 15:57:06 UTC 2026","com.automationlab.tests.AuthTest","API Tests","com.automationlab.tests.AuthTest","testSuccessfulRegistration"
"**Risk:** Medium
**Confidence:** 2
**Instances:** 4

**Description:**
Web browser data loading may be possible, due to a Cross Origin Resource Sharing (CORS) misconfiguration on the web server.

**Solution:**
Ensure that sensitive data is not available in an unauthenticated manner (using IP address white-listing, for instance).Configure the ""Access-Control-Allow-Origin"" HTTP header to a more restrictive set of domains, or remove all CORS headers entirely, to allow the web browser to enforce the Same Origin Policy (SOP) in a more restrictive manner.","0","Cross-Domain Misconfiguration","","Wed Mar 11 15:58:30 UTC 2026","broken","Wed Mar 11 15:58:30 UTC 2026","","Security - ZAP API Scan","",""
"Verify list users fails without authentication","16","testListUsersNoAuth","API Test Suite","Wed Mar 11 15:57:08 UTC 2026","passed","Wed Mar 11 15:57:08 UTC 2026","com.automationlab.tests.UserTest","API Tests","com.automationlab.tests.UserTest","testListUsersNoAuth"
"","247","returns HTTP 400 for negative stock quantity","","Wed Mar 11 15:56:58 UTC 2026","passed","Wed Mar 11 15:56:58 UTC 2026","Product Endpoints > POST /api/products","products_test.spec.ts","",""
"","72","returns HTTP 200 when soft deleting own account","","Wed Mar 11 15:57:04 UTC 2026","passed","Wed Mar 11 15:57:04 UTC 2026","User Endpoints > DELETE /api/users/:id","user_test.spec.ts","",""
"","37969","Step 4: View product detail","","Wed Mar 11 16:00:22 UTC 2026","passed","Wed Mar 11 16:01:00 UTC 2026","","k6 Performance Tests","",""
"","4","test_user_can_delete_own_account","tests","Wed Mar 11 15:57:04 UTC 2026","passed","Wed Mar 11 15:57:04 UTC 2026","TestDeleteUser","user_test","",""
"","5548","dashboard displays user name","chromium","Wed Mar 11 15:57:44 UTC 2026","failed","Wed Mar 11 15:57:50 UTC 2026","Dashboard — Authenticated","dashboard_test.spec.ts","",""
"Verify delete user fails without authentication","11","testDeleteUserNoAuth","API Test Suite","Wed Mar 11 15:57:07 UTC 2026","passed","Wed Mar 11 15:57:07 UTC 2026","com.automationlab.tests.UserTest","API Tests","com.automationlab.tests.UserTest","testDeleteUserNoAuth"
"Verify health endpoint returns environment information","62","testHealthEndpointEnvironment","API Test Suite","Wed Mar 11 15:57:03 UTC 2026","passed","Wed Mar 11 15:57:03 UTC 2026","com.automationlab.tests.HealthTest","API Tests","com.automationlab.tests.HealthTest","testHealthEndpointEnvironment"
"","2","test_list_users_invalid_page_returns_400","tests","Wed Mar 11 15:57:03 UTC 2026","passed","Wed Mar 11 15:57:03 UTC 2026","TestListUsers","user_test","",""
"","82","response body conforms to auth response schema","","Wed Mar 11 15:56:44 UTC 2026","passed","Wed Mar 11 15:56:44 UTC 2026","Authentication Endpoints > POST /api/auth/register","auth_test.spec.ts","",""
"","5270","product detail page displays product price","chromium","Wed Mar 11 16:13:27 UTC 2026","failed","Wed Mar 11 16:13:32 UTC 2026","Product Detail — Unauthenticated","product_detail_test.spec.ts","",""
"","38259","PATCH /api/orders/:id/status - admin","","Wed Mar 11 15:59:39 UTC 2026","passed","Wed Mar 11 16:00:17 UTC 2026","","k6 Performance Tests","",""
"","2","test_root_returns_app_info","tests","Wed Mar 11 15:56:59 UTC 2026","passed","Wed Mar 11 15:56:59 UTC 2026","TestRootEndpoint","health_test","",""
"","38125","PUT /api/products/:id","","Wed Mar 11 15:58:58 UTC 2026","passed","Wed Mar 11 15:59:36 UTC 2026","","k6 Performance Tests","",""
"","30138","Order Tests","","Wed Mar 11 16:03:17 UTC 2026","passed","Wed Mar 11 16:03:47 UTC 2026","","JMeter Performance Tests","",""
"Verify invalid endpoint returns 404","27","testInvalidEndpoint","API Test Suite","Wed Mar 11 15:57:03 UTC 2026","passed","Wed Mar 11 15:57:03 UTC 2026","com.automationlab.tests.HealthTest","API Tests","com.automationlab.tests.HealthTest","testInvalidEndpoint"
"","323","new order status is pending","","Wed Mar 11 15:56:46 UTC 2026","passed","Wed Mar 11 15:56:47 UTC 2026","Order Endpoints > POST /api/orders","orders_test.spec.ts","",""
"","3","test_admin_can_view_any_user","tests","Wed Mar 11 15:57:03 UTC 2026","passed","Wed Mar 11 15:57:03 UTC 2026","TestGetUser","user_test","",""
"Empty email shows validation error","10496","emptyEmailShowsValidationError","SQA Automation Lab — Selenium UI Suite","Wed Mar 11 15:57:45 UTC 2026","broken","Wed Mar 11 15:57:56 UTC 2026","com.sqa.ui.tests.LoginTest","UI Tests","com.sqa.ui.tests.LoginTest","emptyEmailShowsValidationError"
"Verify order includes item details","50","testOrderIncludesItemDetails","API Test Suite","Wed Mar 11 15:57:13 UTC 2026","passed","Wed Mar 11 15:57:13 UTC 2026","com.automationlab.tests.OrderTest","API Tests","com.automationlab.tests.OrderTest","testOrderIncludesItemDetails"
"Orders link navigates to orders page","10612","ordersLinkNavigatesToOrdersPage","SQA Automation Lab — Selenium UI Suite","Wed Mar 11 16:08:38 UTC 2026","broken","Wed Mar 11 16:08:48 UTC 2026","com.sqa.ui.tests.NavigationTest","UI Tests","com.sqa.ui.tests.NavigationTest","ordersLinkNavigatesToOrdersPage"
"Brand link is visible","10364","brandLinkIsVisible","SQA Automation Lab — Selenium UI Suite","Wed Mar 11 16:07:10 UTC 2026","broken","Wed Mar 11 16:07:20 UTC 2026","com.sqa.ui.tests.NavigationTest","UI Tests","com.sqa.ui.tests.NavigationTest","brandLinkIsVisible"
"Verify admin can update product details","44","testUpdateProduct","API Test Suite","Wed Mar 11 15:57:11 UTC 2026","passed","Wed Mar 11 15:57:11 UTC 2026","com.automationlab.tests.ProductTest","API Tests","com.automationlab.tests.ProductTest","testUpdateProduct"
"","254","admin can soft delete a product and receives HTTP 200","","Wed Mar 11 15:57:00 UTC 2026","passed","Wed Mar 11 15:57:00 UTC 2026","Product Endpoints > DELETE /api/products/:id","products_test.spec.ts","",""
"Verify authenticated user can logout","24","testLogout","API Test Suite","Wed Mar 11 15:57:05 UTC 2026","passed","Wed Mar 11 15:57:05 UTC 2026","com.automationlab.tests.AuthTest","API Tests","com.automationlab.tests.AuthTest","testLogout"
"Verify update user updates the updated_at timestamp","1066","testUpdateUserUpdatesTimestamp","API Test Suite","Wed Mar 11 15:57:08 UTC 2026","passed","Wed Mar 11 15:57:09 UTC 2026","com.automationlab.tests.UserTest","API Tests","com.automationlab.tests.UserTest","testUpdateUserUpdatesTimestamp"
"Verify created product has default active status","20","testCreateProductDefaultActiveStatus","API Test Suite","Wed Mar 11 15:57:10 UTC 2026","passed","Wed Mar 11 15:57:10 UTC 2026","com.automationlab.tests.ProductTest","API Tests","com.automationlab.tests.ProductTest","testCreateProductDefaultActiveStatus"
"Verify list orders fails without authentication","12","testListOrdersNoAuth","API Test Suite","Wed Mar 11 15:57:13 UTC 2026","passed","Wed Mar 11 15:57:13 UTC 2026","com.automationlab.tests.OrderTest","API Tests","com.automationlab.tests.OrderTest","testListOrdersNoAuth"
"Dashboard page displays heading","742","dashboardPageDisplaysHeading","SQA Automation Lab — Selenium UI Suite","Wed Mar 11 16:06:29 UTC 2026","broken","Wed Mar 11 16:06:30 UTC 2026","com.sqa.ui.tests.DashboardTest","UI Tests","com.sqa.ui.tests.DashboardTest","dashboardPageDisplaysHeading"
"Verify orders list supports pagination","47","testListOrdersPagination","API Test Suite","Wed Mar 11 15:57:13 UTC 2026","passed","Wed Mar 11 15:57:13 UTC 2026","com.automationlab.tests.OrderTest","API Tests","com.automationlab.tests.OrderTest","testListOrdersPagination"
"","2","test_create_order_without_auth_returns_401","tests","Wed Mar 11 15:56:59 UTC 2026","passed","Wed Mar 11 15:56:59 UTC 2026","TestCreateOrder","orders_test","",""
"","5531","sign out button is visible when authenticated","chromium","Wed Mar 11 16:08:40 UTC 2026","failed","Wed Mar 11 16:08:46 UTC 2026","Navigation — Authenticated","navigation_test.spec.ts","",""
"","3","test_user_cannot_update_other_user","tests","Wed Mar 11 15:57:04 UTC 2026","passed","Wed Mar 11 15:57:04 UTC 2026","TestUpdateUser","user_test","",""
"","2","test_health_returns_200","tests","Wed Mar 11 15:56:59 UTC 2026","passed","Wed Mar 11 15:56:59 UTC 2026","TestHealthEndpoint","health_test","",""
"","38116","GET /api/products/:id","","Wed Mar 11 15:58:56 UTC 2026","passed","Wed Mar 11 15:59:34 UTC 2026","","k6 Performance Tests","",""
"","11","test_user_can_cancel_pending_order","tests","Wed Mar 11 15:57:02 UTC 2026","passed","Wed Mar 11 15:57:02 UTC 2026","TestCancelOrder","orders_test","",""
"","5","test_update_own_email","tests","Wed Mar 11 15:57:04 UTC 2026","passed","Wed Mar 11 15:57:04 UTC 2026","TestUpdateUser","user_test","",""
"","71","returns HTTP 401 without token","","Wed Mar 11 15:57:04 UTC 2026","passed","Wed Mar 11 15:57:04 UTC 2026","User Endpoints > DELETE /api/users/:id","user_test.spec.ts","",""
"Order quantity exceeding available stock should fail.","34","test_create_order_exceeding_stock_returns_400","tests","Wed Mar 11 15:57:00 UTC 2026","passed","Wed Mar 11 15:57:00 UTC 2026","TestCreateOrder","orders_test","",""
"","39246","GET /api/users/:id - unauthorized (different user)","","Wed Mar 11 15:58:14 UTC 2026","passed","Wed Mar 11 15:58:54 UTC 2026","","k6 Performance Tests","",""
"Verify registered user has default role of 'user'","143","testRegistrationDefaultRole","API Test Suite","Wed Mar 11 15:57:05 UTC 2026","passed","Wed Mar 11 15:57:05 UTC 2026","com.automationlab.tests.AuthTest","API Tests","com.automationlab.tests.AuthTest","testRegistrationDefaultRole"
"Dashboard link is visible when authenticated","10616","dashboardLinkIsVisibleWhenAuthenticated","SQA Automation Lab — Selenium UI Suite","Wed Mar 11 16:07:42 UTC 2026","broken","Wed Mar 11 16:07:53 UTC 2026","com.sqa.ui.tests.NavigationTest","UI Tests","com.sqa.ui.tests.NavigationTest","dashboardLinkIsVisibleWhenAuthenticated"
"","37967","Step 5: Create order","","Wed Mar 11 16:00:23 UTC 2026","passed","Wed Mar 11 16:01:01 UTC 2026","","k6 Performance Tests","",""
"","79","page navigation does not return overlapping results","","Wed Mar 11 15:57:01 UTC 2026","passed","Wed Mar 11 15:57:01 UTC 2026","User Endpoints > GET /api/users","user_test.spec.ts","",""
"Verify health endpoint rejects POST method","39","testHealthEndpointRejectsPost","API Test Suite","Wed Mar 11 15:57:03 UTC 2026","passed","Wed Mar 11 15:57:03 UTC 2026","com.automationlab.tests.HealthTest","API Tests","com.automationlab.tests.HealthTest","testHealthEndpointRejectsPost"
"","4","returns HTTP 401 without token","","Wed Mar 11 15:57:02 UTC 2026","passed","Wed Mar 11 15:57:02 UTC 2026","User Endpoints > GET /api/users","user_test.spec.ts","",""
"","30064","authenticated user can place order successfully","chromium","Wed Mar 11 16:14:31 UTC 2026","broken","Wed Mar 11 16:15:01 UTC 2026","Product Detail — Authenticated","product_detail_test.spec.ts","",""
"Unauthenticated access to orders redirects to login — AUT Bug A","0","unauthenticatedAccessToOrdersRedirectsToLogin","SQA Automation Lab — Selenium UI Suite","Wed Mar 11 16:06:09 UTC 2026","skipped","Wed Mar 11 16:06:09 UTC 2026","com.sqa.ui.tests.OrdersTest","UI Tests","com.sqa.ui.tests.OrdersTest","unauthenticatedAccessToOrdersRedirectsToLogin"
"","39134","GET /","","Wed Mar 11 15:56:52 UTC 2026","passed","Wed Mar 11 15:57:31 UTC 2026","","k6 Performance Tests","",""
"Orders page displays heading","0","ordersPageDisplaysHeading","SQA Automation Lab — Selenium UI Suite","Wed Mar 11 16:05:49 UTC 2026","skipped","Wed Mar 11 16:05:49 UTC 2026","com.sqa.ui.tests.OrdersTest","UI Tests","com.sqa.ui.tests.OrdersTest","ordersPageDisplaysHeading"
"","5268","product detail page displays category","chromium","Wed Mar 11 16:13:33 UTC 2026","failed","Wed Mar 11 16:13:39 UTC 2026","Product Detail — Unauthenticated","product_detail_test.spec.ts","",""
"Invalid email format shows validation error — AUT Bug B","10442","invalidEmailFormatShowsValidationError","SQA Automation Lab — Selenium UI Suite","Wed Mar 11 16:00:42 UTC 2026","broken","Wed Mar 11 16:00:53 UTC 2026","com.sqa.ui.tests.RegisterTest","UI Tests","com.sqa.ui.tests.RegisterTest","invalidEmailFormatShowsValidationError"
"Verify update with invalid email format fails","13","testUpdateUserInvalidEmail","API Test Suite","Wed Mar 11 15:57:08 UTC 2026","passed","Wed Mar 11 15:57:08 UTC 2026","com.automationlab.tests.UserTest","API Tests","com.automationlab.tests.UserTest","testUpdateUserInvalidEmail"
"Verify product has all required fields","54","testGetProductRequiredFields","API Test Suite","Wed Mar 11 15:57:10 UTC 2026","passed","Wed Mar 11 15:57:10 UTC 2026","com.automationlab.tests.ProductTest","API Tests","com.automationlab.tests.ProductTest","testGetProductRequiredFields"
"Regular users should not be able to view other users' profiles.","4","test_user_cannot_view_other_user","tests","Wed Mar 11 15:57:03 UTC 2026","passed","Wed Mar 11 15:57:03 UTC 2026","TestGetUser","user_test","",""
"","323","response contains order with items","","Wed Mar 11 15:56:46 UTC 2026","passed","Wed Mar 11 15:56:46 UTC 2026","Order Endpoints > POST /api/orders","orders_test.spec.ts","",""
"Verify delete product fails without authentication","15","testDeleteProductNoAuth","API Test Suite","Wed Mar 11 15:57:10 UTC 2026","passed","Wed Mar 11 15:57:10 UTC 2026","com.automationlab.tests.ProductTest","API Tests","com.automationlab.tests.ProductTest","testDeleteProductNoAuth"
"","4","test_list_users_returns_paginated_results","tests","Wed Mar 11 15:57:03 UTC 2026","passed","Wed Mar 11 15:57:03 UTC 2026","TestListUsers","user_test","",""
"","251","response contains created product data","","Wed Mar 11 15:56:56 UTC 2026","passed","Wed Mar 11 15:56:56 UTC 2026","Product Endpoints > POST /api/products","products_test.spec.ts","",""
"","333","returns HTTP 201 on successful order creation","","Wed Mar 11 15:56:46 UTC 2026","passed","Wed Mar 11 15:56:46 UTC 2026","Order Endpoints > POST /api/orders","orders_test.spec.ts","",""
"","74","returns HTTP 200 with valid token","","Wed Mar 11 15:56:45 UTC 2026","passed","Wed Mar 11 15:56:45 UTC 2026","Authentication Endpoints > GET /api/auth/me","auth_test.spec.ts","",""
"Attempt to update email to one already in use.","4","test_update_with_duplicate_email_returns_409","tests","Wed Mar 11 15:57:04 UTC 2026","passed","Wed Mar 11 15:57:04 UTC 2026","TestUpdateUser","user_test","",""
"","3","test_filter_with_no_results","tests","Wed Mar 11 15:57:02 UTC 2026","passed","Wed Mar 11 15:57:02 UTC 2026","TestFilterProducts","products_test","",""
"","3","test_create_product_with_negative_stock_returns_400","tests","Wed Mar 11 15:57:03 UTC 2026","passed","Wed Mar 11 15:57:03 UTC 2026","TestCreateProduct","products_test","",""
"Cancel order with confirmation removes order from pending list — AUT Bug C","1","cancelOrderWithConfirmationRemovesOrderFromPendingList","SQA Automation Lab — Selenium UI Suite","Wed Mar 11 16:05:45 UTC 2026","skipped","Wed Mar 11 16:05:45 UTC 2026","com.sqa.ui.tests.OrdersTest","UI Tests","com.sqa.ui.tests.OrdersTest","cancelOrderWithConfirmationRemovesOrderFromPendingList"
"","38260","POST /api/orders","","Wed Mar 11 15:59:37 UTC 2026","passed","Wed Mar 11 16:00:16 UTC 2026","","k6 Performance Tests","",""
"","38756","POST /api/auth/login - valid credentials","","Wed Mar 11 15:57:33 UTC 2026","passed","Wed Mar 11 15:58:11 UTC 2026","","k6 Performance Tests","",""
"","5269","unauthenticated place order redirects to login","chromium","Wed Mar 11 16:14:18 UTC 2026","failed","Wed Mar 11 16:14:23 UTC 2026","Product Detail — Unauthenticated","product_detail_test.spec.ts","",""
"","183","dashboard link is not visible when unauthenticated","chromium","Wed Mar 11 16:06:21 UTC 2026","passed","Wed Mar 11 16:06:21 UTC 2026","Navigation — Unauthenticated","navigation_test.spec.ts","",""
"Verify get non-existent order returns 404","19","testGetNonExistentOrder","API Test Suite","Wed Mar 11 15:57:13 UTC 2026","passed","Wed Mar 11 15:57:13 UTC 2026","com.automationlab.tests.OrderTest","API Tests","com.automationlab.tests.OrderTest","testGetNonExistentOrder"
"","30080","orders link navigates to orders page","chromium","Wed Mar 11 16:08:48 UTC 2026","broken","Wed Mar 11 16:09:18 UTC 2026","Navigation — Authenticated","navigation_test.spec.ts","",""
"","249","creating with minimum fields returns 201 and stock defaults to zero","","Wed Mar 11 15:56:57 UTC 2026","passed","Wed Mar 11 15:56:57 UTC 2026","Product Endpoints > POST /api/products","products_test.spec.ts","",""
"","30069","product card link navigates to product detail page","chromium","Wed Mar 11 16:18:37 UTC 2026","broken","Wed Mar 11 16:19:07 UTC 2026","Products — Unauthenticated","products_test.spec.ts","",""
"","30070","authenticated user can navigate to product detail","chromium","Wed Mar 11 16:19:22 UTC 2026","broken","Wed Mar 11 16:19:52 UTC 2026","Products — Authenticated","products_test.spec.ts","",""
"","5574","dashboard page displays heading","chromium","Wed Mar 11 15:57:23 UTC 2026","failed","Wed Mar 11 15:57:29 UTC 2026","Dashboard — Authenticated","dashboard_test.spec.ts","",""
"","4","test_get_user_returns_full_profile","tests","Wed Mar 11 15:57:03 UTC 2026","passed","Wed Mar 11 15:57:03 UTC 2026","TestGetUser","user_test","",""
"","253","returns HTTP 401 without token","","Wed Mar 11 15:57:01 UTC 2026","passed","Wed Mar 11 15:57:01 UTC 2026","Product Endpoints > DELETE /api/products/:id","products_test.spec.ts","",""
"Verify user can update their own profile","24","testUpdateOwnUser","API Test Suite","Wed Mar 11 15:57:08 UTC 2026","passed","Wed Mar 11 15:57:08 UTC 2026","com.automationlab.tests.UserTest","API Tests","com.automationlab.tests.UserTest","testUpdateOwnUser"
"Verify multiple consecutive health checks return consistent status","253","testHealthEndpointConsistency","API Test Suite","Wed Mar 11 15:57:03 UTC 2026","passed","Wed Mar 11 15:57:03 UTC 2026","com.automationlab.tests.HealthTest","API Tests","com.automationlab.tests.HealthTest","testHealthEndpointConsistency"
"Pagination next button advances to page 2","0","paginationNextButtonAdvancesToPage2","SQA Automation Lab — Selenium UI Suite","Wed Mar 11 16:05:57 UTC 2026","skipped","Wed Mar 11 16:05:57 UTC 2026","com.sqa.ui.tests.OrdersTest","UI Tests","com.sqa.ui.tests.OrdersTest","paginationNextButtonAdvancesToPage2"
"","38259","PATCH /api/orders/:id/status - unauthorized (non-admin)","","Wed Mar 11 15:59:39 UTC 2026","passed","Wed Mar 11 16:00:18 UTC 2026","","k6 Performance Tests","",""
"","30081","cancel order with confirmation removes order from pending list","chromium","Wed Mar 11 16:11:39 UTC 2026","broken","Wed Mar 11 16:12:09 UTC 2026","Orders","orders_test.spec.ts","",""
"","7","content-type is application/json","","Wed Mar 11 15:56:45 UTC 2026","passed","Wed Mar 11 15:56:45 UTC 2026","Health Endpoints > GET /health","health_test.spec.ts","",""
"","544","sign in link is not visible when authenticated","chromium","Wed Mar 11 16:08:47 UTC 2026","passed","Wed Mar 11 16:08:48 UTC 2026","Navigation — Authenticated","navigation_test.spec.ts","",""
"","252","returns HTTP 401 without token","","Wed Mar 11 15:57:00 UTC 2026","passed","Wed Mar 11 15:57:00 UTC 2026","Product Endpoints > PUT /api/products/:id","products_test.spec.ts","",""
"","2","test_health_includes_timestamp","tests","Wed Mar 11 15:56:59 UTC 2026","passed","Wed Mar 11 15:56:59 UTC 2026","TestHealthEndpoint","health_test","",""
"Verify user can update multiple fields simultaneously","66","testUpdateMultipleFields","API Test Suite","Wed Mar 11 15:57:08 UTC 2026","passed","Wed Mar 11 15:57:08 UTC 2026","com.automationlab.tests.UserTest","API Tests","com.automationlab.tests.UserTest","testUpdateMultipleFields"
"All returned products should be active.","5","test_list_products_only_returns_active","tests","Wed Mar 11 15:57:02 UTC 2026","passed","Wed Mar 11 15:57:02 UTC 2026","TestListProducts","products_test","",""
"Verify admin can get any order","29","testAdminGetAnyOrder","API Test Suite","Wed Mar 11 15:57:13 UTC 2026","passed","Wed Mar 11 15:57:13 UTC 2026","com.automationlab.tests.OrderTest","API Tests","com.automationlab.tests.OrderTest","testAdminGetAnyOrder"
"","95","test_register_new_user","tests","Wed Mar 11 15:56:57 UTC 2026","passed","Wed Mar 11 15:56:57 UTC 2026","TestRegistration","auth_test","",""
"","348","returns HTTP 403 for non-admin authenticated user","","Wed Mar 11 15:56:52 UTC 2026","passed","Wed Mar 11 15:56:52 UTC 2026","Order Endpoints > PATCH /api/orders/:id/status","orders_test.spec.ts","",""
"","2","test_health_reports_healthy_status","tests","Wed Mar 11 15:56:59 UTC 2026","passed","Wed Mar 11 15:56:59 UTC 2026","TestHealthEndpoint","health_test","",""
"","2","test_404_response_includes_error_details","tests","Wed Mar 11 15:56:59 UTC 2026","passed","Wed Mar 11 15:56:59 UTC 2026","TestNotFound","health_test","",""
"","3","test_login_with_nonexistent_email_returns_401","tests","Wed Mar 11 15:56:58 UTC 2026","passed","Wed Mar 11 15:56:58 UTC 2026","TestLogin","auth_test","",""
"","249","response body conforms to product schema on creation","","Wed Mar 11 15:56:56 UTC 2026","passed","Wed Mar 11 15:56:56 UTC 2026","Product Endpoints > POST /api/products","products_test.spec.ts","",""
"Verify get current user fails without token","15","testGetCurrentUserNoToken","API Test Suite","Wed Mar 11 15:57:04 UTC 2026","passed","Wed Mar 11 15:57:04 UTC 2026","com.automationlab.tests.AuthTest","API Tests","com.automationlab.tests.AuthTest","testGetCurrentUserNoToken"
"","38258","GET /api/orders/:id","","Wed Mar 11 15:59:38 UTC 2026","passed","Wed Mar 11 16:00:17 UTC 2026","","k6 Performance Tests","",""
"","86","response contains token","","Wed Mar 11 15:56:44 UTC 2026","passed","Wed Mar 11 15:56:44 UTC 2026","Authentication Endpoints > POST /api/auth/register","auth_test.spec.ts","",""
"Verify JWT token contains required claims","271","testTokenStructure","API Test Suite","Wed Mar 11 15:57:06 UTC 2026","passed","Wed Mar 11 15:57:06 UTC 2026","com.automationlab.tests.AuthTest","API Tests","com.automationlab.tests.AuthTest","testTokenStructure"
"","30138","Auth Tests","","Wed Mar 11 16:01:31 UTC 2026","passed","Wed Mar 11 16:02:01 UTC 2026","","JMeter Performance Tests","",""
"","2","test_list_users_without_auth_returns_401","tests","Wed Mar 11 15:57:03 UTC 2026","passed","Wed Mar 11 15:57:03 UTC 2026","TestListUsers","user_test","",""
"Verify get current user fails with invalid token","19","testGetCurrentUserInvalidToken","API Test Suite","Wed Mar 11 15:57:04 UTC 2026","passed","Wed Mar 11 15:57:04 UTC 2026","com.automationlab.tests.AuthTest","API Tests","com.automationlab.tests.AuthTest","testGetCurrentUserInvalidToken"
"","7","returns HTTP 401 for non-existent email","","Wed Mar 11 15:56:45 UTC 2026","passed","Wed Mar 11 15:56:45 UTC 2026","Authentication Endpoints > POST /api/auth/login","auth_test.spec.ts","",""
"No auth should be required for viewing a single product.","3","test_get_product_is_public","tests","Wed Mar 11 15:57:02 UTC 2026","passed","Wed Mar 11 15:57:02 UTC 2026","TestGetProduct","products_test","",""
"Sign out button is visible when authenticated","10608","signOutButtonIsVisibleWhenAuthenticated","SQA Automation Lab — Selenium UI Suite","Wed Mar 11 16:10:38 UTC 2026","broken","Wed Mar 11 16:10:49 UTC 2026","com.sqa.ui.tests.NavigationTest","UI Tests","com.sqa.ui.tests.NavigationTest","signOutButtonIsVisibleWhenAuthenticated"
"","255","admin can update a product and receives HTTP 200","","Wed Mar 11 15:56:58 UTC 2026","passed","Wed Mar 11 15:56:58 UTC 2026","Product Endpoints > PUT /api/products/:id","products_test.spec.ts","",""
"","389","returns HTTP 403 for another users order","","Wed Mar 11 15:56:50 UTC 2026","passed","Wed Mar 11 15:56:51 UTC 2026","Order Endpoints > GET /api/orders/:id","orders_test.spec.ts","",""
"","5535","dashboard displays user role","chromium","Wed Mar 11 15:57:37 UTC 2026","failed","Wed Mar 11 15:57:43 UTC 2026","Dashboard — Authenticated","dashboard_test.spec.ts","",""
"","613","pagination next button advances to page 2","chromium","Wed Mar 11 16:11:39 UTC 2026","passed","Wed Mar 11 16:11:39 UTC 2026","Orders","orders_test.spec.ts","",""
"Save with empty last name shows validation error","927","saveWithEmptyLastNameShowsValidationError","SQA Automation Lab — Selenium UI Suite","Wed Mar 11 16:06:41 UTC 2026","broken","Wed Mar 11 16:06:42 UTC 2026","com.sqa.ui.tests.DashboardTest","UI Tests","com.sqa.ui.tests.DashboardTest","saveWithEmptyLastNameShowsValidationError"
"Cancel button exits edit mode without saving","831","cancelButtonExitsEditModeWithoutSaving","SQA Automation Lab — Selenium UI Suite","Wed Mar 11 16:06:13 UTC 2026","broken","Wed Mar 11 16:06:13 UTC 2026","com.sqa.ui.tests.DashboardTest","UI Tests","com.sqa.ui.tests.DashboardTest","cancelButtonExitsEditModeWithoutSaving"
"","3","test_list_products_pagination_metadata","tests","Wed Mar 11 15:57:02 UTC 2026","passed","Wed Mar 11 15:57:02 UTC 2026","TestListProducts","products_test","",""
"","30071","empty email shows validation error","chromium","Wed Mar 11 16:22:05 UTC 2026","broken","Wed Mar 11 16:22:35 UTC 2026","Register","register_test.spec.ts","",""
"","126","returns HTTP 201 on successful registration","","Wed Mar 11 15:56:44 UTC 2026","passed","Wed Mar 11 15:56:44 UTC 2026","Authentication Endpoints > POST /api/auth/register","auth_test.spec.ts","",""
"Category filter returns filtered results — AUT Bug C","10496","categoryFilterReturnsFilteredResults","SQA Automation Lab — Selenium UI Suite","Wed Mar 11 16:02:46 UTC 2026","broken","Wed Mar 11 16:02:56 UTC 2026","com.sqa.ui.tests.ProductsTest","UI Tests","com.sqa.ui.tests.ProductsTest","categoryFilterReturnsFilteredResults"
"","6","returns HTTP 403 with an invalid token","","Wed Mar 11 15:56:45 UTC 2026","passed","Wed Mar 11 15:56:45 UTC 2026","Authentication Endpoints > GET /api/auth/me","auth_test.spec.ts","",""
"Verify user can retrieve their own profile","51","testGetOwnUser","API Test Suite","Wed Mar 11 15:57:07 UTC 2026","passed","Wed Mar 11 15:57:07 UTC 2026","com.automationlab.tests.UserTest","API Tests","com.automationlab.tests.UserTest","testGetOwnUser"
"Verify registration succeeds without first name (optional field)","107","testRegistrationMissingFirstName","API Test Suite","Wed Mar 11 15:57:05 UTC 2026","passed","Wed Mar 11 15:57:05 UTC 2026","com.automationlab.tests.AuthTest","API Tests","com.automationlab.tests.AuthTest","testRegistrationMissingFirstName"
"","3","test_list_orders_without_auth_returns_401","tests","Wed Mar 11 15:57:00 UTC 2026","passed","Wed Mar 11 15:57:00 UTC 2026","TestListOrders","orders_test","",""
"","77","user objects in response do not expose password field","","Wed Mar 11 15:57:01 UTC 2026","passed","Wed Mar 11 15:57:02 UTC 2026","User Endpoints > GET /api/users","user_test.spec.ts","",""
"Authenticated user can view products page","749","authenticatedUserCanViewProductsPage","SQA Automation Lab — Selenium UI Suite","Wed Mar 11 16:02:37 UTC 2026","broken","Wed Mar 11 16:02:38 UTC 2026","com.sqa.ui.tests.ProductsTest","UI Tests","com.sqa.ui.tests.ProductsTest","authenticatedUserCanViewProductsPage"
"Verify successful login with valid credentials","288","testSuccessfulLogin","API Test Suite","Wed Mar 11 15:57:06 UTC 2026","passed","Wed Mar 11 15:57:06 UTC 2026","com.automationlab.tests.AuthTest","API Tests","com.automationlab.tests.AuthTest","testSuccessfulLogin"
"Verify login fails with incorrect password","260","testLoginIncorrectPassword","API Test Suite","Wed Mar 11 15:57:04 UTC 2026","passed","Wed Mar 11 15:57:04 UTC 2026","com.automationlab.tests.AuthTest","API Tests","com.automationlab.tests.AuthTest","testLoginIncorrectPassword"
"","37968","Step 6: Check order status","","Wed Mar 11 16:00:24 UTC 2026","passed","Wed Mar 11 16:01:02 UTC 2026","","k6 Performance Tests","",""
"","78","returns HTTP 200 for authenticated user","","Wed Mar 11 15:56:48 UTC 2026","passed","Wed Mar 11 15:56:48 UTC 2026","Order Endpoints > GET /api/orders","orders_test.spec.ts","",""
"Password shorter than 6 characters shows validation error","10487","shortPasswordShowsValidationError","SQA Automation Lab — Selenium UI Suite","Wed Mar 11 16:01:10 UTC 2026","broken","Wed Mar 11 16:01:20 UTC 2026","com.sqa.ui.tests.RegisterTest","UI Tests","com.sqa.ui.tests.RegisterTest","shortPasswordShowsValidationError"
"Wrong password shows error message — AUT Bug A","10487","wrongPasswordShowsErrorMessage","SQA Automation Lab — Selenium UI Suite","Wed Mar 11 15:59:34 UTC 2026","broken","Wed Mar 11 15:59:45 UTC 2026","com.sqa.ui.tests.LoginTest","UI Tests","com.sqa.ui.tests.LoginTest","wrongPasswordShowsErrorMessage"
"","5","test_filter_returns_metadata","tests","Wed Mar 11 15:57:02 UTC 2026","passed","Wed Mar 11 15:57:02 UTC 2026","TestFilterProducts","products_test","",""
"A user should not be able to cancel another user's order.","75","test_user_cannot_cancel_other_users_order","tests","Wed Mar 11 15:57:02 UTC 2026","passed","Wed Mar 11 15:57:02 UTC 2026","TestCancelOrder","orders_test","",""
"Verify user has correct role field","53","testGetUserRole","API Test Suite","Wed Mar 11 15:57:07 UTC 2026","passed","Wed Mar 11 15:57:08 UTC 2026","com.automationlab.tests.UserTest","API Tests","com.automationlab.tests.UserTest","testGetUserRole"
"","37969","Step 1: Register new user","","Wed Mar 11 16:00:19 UTC 2026","passed","Wed Mar 11 16:00:57 UTC 2026","","k6 Performance Tests","",""
"","9","test_update_with_invalid_status_returns_400","tests","Wed Mar 11 15:57:02 UTC 2026","passed","Wed Mar 11 15:57:02 UTC 2026","TestUpdateOrderStatus","orders_test","",""
"Search returns filtered results","10528","searchReturnsFilteredResults","SQA Automation Lab — Selenium UI Suite","Wed Mar 11 16:04:21 UTC 2026","broken","Wed Mar 11 16:04:31 UTC 2026","com.sqa.ui.tests.ProductsTest","UI Tests","com.sqa.ui.tests.ProductsTest","searchReturnsFilteredResults"
"","16","returns HTTP 400 when email is missing","","Wed Mar 11 15:56:44 UTC 2026","passed","Wed Mar 11 15:56:44 UTC 2026","Authentication Endpoints > POST /api/auth/register","auth_test.spec.ts","",""
"","30070","valid registration renders authenticated navbar state","chromium","Wed Mar 11 16:20:31 UTC 2026","broken","Wed Mar 11 16:21:01 UTC 2026","Register","register_test.spec.ts","",""
"","7","response body contains message field","","Wed Mar 11 15:56:46 UTC 2026","passed","Wed Mar 11 15:56:46 UTC 2026","Health Endpoints > GET /","health_test.spec.ts","",""
"Save with valid names updates profile and shows success message","804","saveWithValidNamesUpdatesProfileAndShowsSuccessMessage","SQA Automation Lab — Selenium UI Suite","Wed Mar 11 16:06:45 UTC 2026","broken","Wed Mar 11 16:06:46 UTC 2026","com.sqa.ui.tests.DashboardTest","UI Tests","com.sqa.ui.tests.DashboardTest","saveWithValidNamesUpdatesProfileAndShowsSuccessMessage"
"","3","test_user_cannot_delete_other_user","tests","Wed Mar 11 15:57:04 UTC 2026","passed","Wed Mar 11 15:57:04 UTC 2026","TestDeleteUser","user_test","",""
"","5248","navbar is visible on products page","chromium","Wed Mar 11 16:05:48 UTC 2026","failed","Wed Mar 11 16:05:53 UTC 2026","Navigation — Unauthenticated","navigation_test.spec.ts","",""
"","5299","login page displays sign in heading","chromium","Wed Mar 11 16:00:59 UTC 2026","failed","Wed Mar 11 16:01:05 UTC 2026","Login","login_test.spec.ts","",""
"Register link is not visible when authenticated","10624","registerLinkIsNotVisibleWhenAuthenticated","SQA Automation Lab — Selenium UI Suite","Wed Mar 11 16:09:10 UTC 2026","broken","Wed Mar 11 16:09:21 UTC 2026","com.sqa.ui.tests.NavigationTest","UI Tests","com.sqa.ui.tests.NavigationTest","registerLinkIsNotVisibleWhenAuthenticated"
"Verify order can be created with multiple items","86","testCreateOrderMultipleItems","API Test Suite","Wed Mar 11 15:57:13 UTC 2026","passed","Wed Mar 11 15:57:13 UTC 2026","com.automationlab.tests.OrderTest","API Tests","com.automationlab.tests.OrderTest","testCreateOrderMultipleItems"
"","6","uptime is a positive number","","Wed Mar 11 15:56:46 UTC 2026","passed","Wed Mar 11 15:56:46 UTC 2026","Health Endpoints > GET /health","health_test.spec.ts","",""
"","30073","non-existent email shows error message","chromium","Wed Mar 11 16:04:14 UTC 2026","broken","Wed Mar 11 16:04:44 UTC 2026","Login","login_test.spec.ts","",""
"Verify pagination returns correct total count","56","testListUsersPaginationTotalCount","API Test Suite","Wed Mar 11 15:57:08 UTC 2026","passed","Wed Mar 11 15:57:08 UTC 2026","com.automationlab.tests.UserTest","API Tests","com.automationlab.tests.UserTest","testListUsersPaginationTotalCount"
"","5567","authenticated user can view products page","chromium","Wed Mar 11 16:19:08 UTC 2026","failed","Wed Mar 11 16:19:13 UTC 2026","Products — Authenticated","products_test.spec.ts","",""
"Verify pagination returns correct total count","48","testListProductsPaginationTotalCount","API Test Suite","Wed Mar 11 15:57:11 UTC 2026","passed","Wed Mar 11 15:57:11 UTC 2026","com.automationlab.tests.ProductTest","API Tests","com.automationlab.tests.ProductTest","testListProductsPaginationTotalCount"
"","72","returns HTTP 200 with valid token","","Wed Mar 11 15:57:01 UTC 2026","passed","Wed Mar 11 15:57:01 UTC 2026","User Endpoints > GET /api/users","user_test.spec.ts","",""
"","30074","save with empty first name shows validation error","chromium","Wed Mar 11 15:59:25 UTC 2026","broken","Wed Mar 11 15:59:55 UTC 2026","Dashboard — Authenticated","dashboard_test.spec.ts","",""
"","5270","product detail page displays product name","chromium","Wed Mar 11 16:13:20 UTC 2026","failed","Wed Mar 11 16:13:25 UTC 2026","Product Detail — Unauthenticated","product_detail_test.spec.ts","",""
"Verify created product returns ID","33","testCreateProductReturnsId","API Test Suite","Wed Mar 11 15:57:10 UTC 2026","passed","Wed Mar 11 15:57:10 UTC 2026","com.automationlab.tests.ProductTest","API Tests","com.automationlab.tests.ProductTest","testCreateProductReturnsId"
"","38116","GET /api/products","","Wed Mar 11 15:58:56 UTC 2026","passed","Wed Mar 11 15:59:34 UTC 2026","","k6 Performance Tests","",""
"Verify product response includes timestamps","48","testGetProductIncludesTimestamps","API Test Suite","Wed Mar 11 15:57:10 UTC 2026","passed","Wed Mar 11 15:57:10 UTC 2026","com.automationlab.tests.ProductTest","API Tests","com.automationlab.tests.ProductTest","testGetProductIncludesTimestamps"
"","4","test_filter_by_category","tests","Wed Mar 11 15:57:02 UTC 2026","passed","Wed Mar 11 15:57:02 UTC 2026","TestFilterProducts","products_test","",""
"Verify order response includes timestamps","39","testGetOrderIncludesTimestamps","API Test Suite","Wed Mar 11 15:57:13 UTC 2026","passed","Wed Mar 11 15:57:13 UTC 2026","com.automationlab.tests.OrderTest","API Tests","com.automationlab.tests.OrderTest","testGetOrderIncludesTimestamps"
"Pagination prev button returns to page 1 — AUT Bug E","10503","paginationPrevButtonReturnsToPAge1","SQA Automation Lab — Selenium UI Suite","Wed Mar 11 16:03:27 UTC 2026","broken","Wed Mar 11 16:03:37 UTC 2026","com.sqa.ui.tests.ProductsTest","UI Tests","com.sqa.ui.tests.ProductsTest","paginationPrevButtonReturnsToPAge1"
"","4","test_register_with_invalid_email_returns_400","tests","Wed Mar 11 15:56:58 UTC 2026","passed","Wed Mar 11 15:56:58 UTC 2026","TestRegistration","auth_test","",""
"Get order detail should include item breakdown.","10","test_get_order_with_items","tests","Wed Mar 11 15:57:00 UTC 2026","passed","Wed Mar 11 15:57:00 UTC 2026","TestGetOrder","orders_test","",""
"Dashboard displays user role","750","dashboardDisplaysUserRole","SQA Automation Lab — Selenium UI Suite","Wed Mar 11 16:06:25 UTC 2026","broken","Wed Mar 11 16:06:26 UTC 2026","com.sqa.ui.tests.DashboardTest","UI Tests","com.sqa.ui.tests.DashboardTest","dashboardDisplaysUserRole"
"Verify password is not included in user response","23","testGetUserDoesNotReturnPassword","API Test Suite","Wed Mar 11 15:57:07 UTC 2026","passed","Wed Mar 11 15:57:07 UTC 2026","com.automationlab.tests.UserTest","API Tests","com.automationlab.tests.UserTest","testGetUserDoesNotReturnPassword"
"Invalid email format shows validation error — AUT Bug B","10494","invalidEmailFormatShowsValidationError","SQA Automation Lab — Selenium UI Suite","Wed Mar 11 15:58:13 UTC 2026","broken","Wed Mar 11 15:58:23 UTC 2026","com.sqa.ui.tests.LoginTest","UI Tests","com.sqa.ui.tests.LoginTest","invalidEmailFormatShowsValidationError"
"","136","response contains token","","Wed Mar 11 15:56:45 UTC 2026","passed","Wed Mar 11 15:56:45 UTC 2026","Authentication Endpoints > POST /api/auth/login","auth_test.spec.ts","",""
"Status filter cancelled shows filtered results or empty state — AUT Bug C","0","statusFilterCancelledShowsFilteredResultsOrEmptyState","SQA Automation Lab — Selenium UI Suite","Wed Mar 11 16:06:01 UTC 2026","skipped","Wed Mar 11 16:06:01 UTC 2026","com.sqa.ui.tests.OrdersTest","UI Tests","com.sqa.ui.tests.OrdersTest","statusFilterCancelledShowsFilteredResultsOrEmptyState"
"","4","test_update_sets_updated_at","tests","Wed Mar 11 15:57:03 UTC 2026","passed","Wed Mar 11 15:57:03 UTC 2026","TestUpdateProduct","products_test","",""
"","39245","PUT /api/users/:id","","Wed Mar 11 15:58:15 UTC 2026","passed","Wed Mar 11 15:58:54 UTC 2026","","k6 Performance Tests","",""
"Valid registration renders authenticated navbar state","10568","validRegistrationRendersAuthenticatedNavbarState","SQA Automation Lab — Selenium UI Suite","Wed Mar 11 16:02:20 UTC 2026","broken","Wed Mar 11 16:02:30 UTC 2026","com.sqa.ui.tests.RegisterTest","UI Tests","com.sqa.ui.tests.RegisterTest","validRegistrationRendersAuthenticatedNavbarState"
"","70","returns HTTP 401 without token","","Wed Mar 11 15:57:02 UTC 2026","passed","Wed Mar 11 15:57:02 UTC 2026","User Endpoints > GET /api/users/:id","user_test.spec.ts","",""
"","30102","sign out button clears session and redirects to login","chromium","Wed Mar 11 16:00:28 UTC 2026","broken","Wed Mar 11 16:00:58 UTC 2026","Dashboard — Authenticated","dashboard_test.spec.ts","",""
"Verify update with invalid status fails","12","testUpdateOrderInvalidStatus","API Test Suite","Wed Mar 11 15:57:13 UTC 2026","passed","Wed Mar 11 15:57:13 UTC 2026","com.automationlab.tests.OrderTest","API Tests","com.automationlab.tests.OrderTest","testUpdateOrderInvalidStatus"
"","5540","dashboard link is visible when authenticated","chromium","Wed Mar 11 16:08:33 UTC 2026","failed","Wed Mar 11 16:08:39 UTC 2026","Navigation — Authenticated","navigation_test.spec.ts","",""
"Verify health endpoint returns uptime information","67","testHealthEndpointUptime","API Test Suite","Wed Mar 11 15:57:03 UTC 2026","passed","Wed Mar 11 15:57:03 UTC 2026","com.automationlab.tests.HealthTest","API Tests","com.automationlab.tests.HealthTest","testHealthEndpointUptime"
"","30081","valid registration redirects to products page","chromium","Wed Mar 11 16:20:00 UTC 2026","broken","Wed Mar 11 16:20:30 UTC 2026","Register","register_test.spec.ts","",""
"","3","test_create_product_returns_id","tests","Wed Mar 11 15:57:03 UTC 2026","passed","Wed Mar 11 15:57:03 UTC 2026","TestCreateProduct","products_test","",""
"","6","returns HTTP 401 without token","","Wed Mar 11 15:56:45 UTC 2026","passed","Wed Mar 11 15:56:45 UTC 2026","Authentication Endpoints > GET /api/auth/me","auth_test.spec.ts","",""
"Sign in link navigates to login page","10469","signInLinkNavigatesToLoginPage","SQA Automation Lab — Selenium UI Suite","Wed Mar 11 16:01:52 UTC 2026","broken","Wed Mar 11 16:02:03 UTC 2026","com.sqa.ui.tests.RegisterTest","UI Tests","com.sqa.ui.tests.RegisterTest","signInLinkNavigatesToLoginPage"
"","30068","status filter pending shows only pending orders","chromium","Wed Mar 11 16:10:36 UTC 2026","broken","Wed Mar 11 16:11:06 UTC 2026","Orders","orders_test.spec.ts","",""
"","312","admin can delete any user","","Wed Mar 11 15:57:04 UTC 2026","passed","Wed Mar 11 15:57:04 UTC 2026","User Endpoints > DELETE /api/users/:id","user_test.spec.ts","",""
"","64","test_login_returns_user_info","tests","Wed Mar 11 15:56:58 UTC 2026","passed","Wed Mar 11 15:56:58 UTC 2026","TestLogin","auth_test","",""
"","73","updated fields are returned in response","","Wed Mar 11 15:57:03 UTC 2026","passed","Wed Mar 11 15:57:03 UTC 2026","User Endpoints > PUT /api/users/:id","user_test.spec.ts","",""
"","5609","unauthenticated access to orders redirects to login","chromium","Wed Mar 11 16:12:42 UTC 2026","failed","Wed Mar 11 16:12:48 UTC 2026","Orders","orders_test.spec.ts","",""
"","255","updated product fields are returned in response","","Wed Mar 11 15:56:58 UTC 2026","passed","Wed Mar 11 15:56:58 UTC 2026","Product Endpoints > PUT /api/products/:id","products_test.spec.ts","",""
"Verify user can get their own order details","38","testGetOwnOrder","API Test Suite","Wed Mar 11 15:57:13 UTC 2026","passed","Wed Mar 11 15:57:13 UTC 2026","com.automationlab.tests.OrderTest","API Tests","com.automationlab.tests.OrderTest","testGetOwnOrder"
"","73","returns HTTP 200 when updating own user","","Wed Mar 11 15:57:03 UTC 2026","passed","Wed Mar 11 15:57:03 UTC 2026","User Endpoints > PUT /api/users/:id","user_test.spec.ts","",""
"Dashboard link is not visible when unauthenticated","10342","dashboardLinkIsNotVisibleWhenUnauthenticated","SQA Automation Lab — Selenium UI Suite","Wed Mar 11 16:07:32 UTC 2026","broken","Wed Mar 11 16:07:42 UTC 2026","com.sqa.ui.tests.NavigationTest","UI Tests","com.sqa.ui.tests.NavigationTest","dashboardLinkIsNotVisibleWhenUnauthenticated"
"","72","returns HTTP 400 when items key is absent from body","","Wed Mar 11 15:56:48 UTC 2026","passed","Wed Mar 11 15:56:48 UTC 2026","Order Endpoints > POST /api/orders","orders_test.spec.ts","",""
"","30072","empty first name shows validation error","chromium","Wed Mar 11 16:21:02 UTC 2026","broken","Wed Mar 11 16:21:32 UTC 2026","Register","register_test.spec.ts","",""
"","5245","sign in link is visible when unauthenticated","chromium","Wed Mar 11 16:06:08 UTC 2026","failed","Wed Mar 11 16:06:13 UTC 2026","Navigation — Unauthenticated","navigation_test.spec.ts","",""
"Verify products list only returns active products","40","testListOnlyActiveProducts","API Test Suite","Wed Mar 11 15:57:10 UTC 2026","passed","Wed Mar 11 15:57:10 UTC 2026","com.automationlab.tests.ProductTest","API Tests","com.automationlab.tests.ProductTest","testListOnlyActiveProducts"
"Verify root endpoint lists available endpoints","85","testRootEndpointListsEndpoints","API Test Suite","Wed Mar 11 15:57:03 UTC 2026","passed","Wed Mar 11 15:57:04 UTC 2026","com.automationlab.tests.HealthTest","API Tests","com.automationlab.tests.HealthTest","testRootEndpointListsEndpoints"
"","1","setUpOrders","SQA Automation Lab — Selenium UI Suite","Wed Mar 11 16:06:09 UTC 2026","broken","Wed Mar 11 16:06:09 UTC 2026","com.sqa.ui.tests.OrdersTest","UI Tests","com.sqa.ui.tests.OrdersTest","setUpOrders"
"","1","setup","","Wed Mar 11 15:58:56 UTC 2026","passed","Wed Mar 11 15:58:56 UTC 2026","","k6 Performance Tests","",""
"","9","test_create_order_with_single_item","tests","Wed Mar 11 15:56:59 UTC 2026","passed","Wed Mar 11 15:56:59 UTC 2026","TestCreateOrder","orders_test","",""
"","3","test_list_users_pagination_metadata","tests","Wed Mar 11 15:57:03 UTC 2026","passed","Wed Mar 11 15:57:03 UTC 2026","TestListUsers","user_test","",""
"Products page displays heading","10490","productsPageDisplaysHeading","SQA Automation Lab — Selenium UI Suite","Wed Mar 11 16:03:54 UTC 2026","broken","Wed Mar 11 16:04:04 UTC 2026","com.sqa.ui.tests.ProductsTest","UI Tests","com.sqa.ui.tests.ProductsTest","productsPageDisplaysHeading"
"","30100","invalid email format shows validation error","chromium","Wed Mar 11 16:03:11 UTC 2026","broken","Wed Mar 11 16:03:41 UTC 2026","Login","login_test.spec.ts","",""
"Empty first name shows validation error","10548","emptyFirstNameShowsValidationError","SQA Automation Lab — Selenium UI Suite","Wed Mar 11 16:00:15 UTC 2026","broken","Wed Mar 11 16:00:26 UTC 2026","com.sqa.ui.tests.RegisterTest","UI Tests","com.sqa.ui.tests.RegisterTest","emptyFirstNameShowsValidationError"
"Verify user can cancel their own pending order","38","testCancelOwnOrder","API Test Suite","Wed Mar 11 15:57:13 UTC 2026","passed","Wed Mar 11 15:57:13 UTC 2026","com.automationlab.tests.OrderTest","API Tests","com.automationlab.tests.OrderTest","testCancelOwnOrder"
"","2","test_create_product_without_name_returns_400","tests","Wed Mar 11 15:57:03 UTC 2026","passed","Wed Mar 11 15:57:03 UTC 2026","TestCreateProduct","products_test","",""
"Register link is visible when unauthenticated","10357","registerLinkIsVisibleWhenUnauthenticated","SQA Automation Lab — Selenium UI Suite","Wed Mar 11 16:09:22 UTC 2026","broken","Wed Mar 11 16:09:32 UTC 2026","com.sqa.ui.tests.NavigationTest","UI Tests","com.sqa.ui.tests.NavigationTest","registerLinkIsVisibleWhenUnauthenticated"
"User should see their own orders.","12","test_list_own_orders","tests","Wed Mar 11 15:57:00 UTC 2026","passed","Wed Mar 11 15:57:00 UTC 2026","TestListOrders","orders_test","",""
"","7","test_admin_can_update_product_name","tests","Wed Mar 11 15:57:03 UTC 2026","passed","Wed Mar 11 15:57:03 UTC 2026","TestUpdateProduct","products_test","",""
"","38719","GET /api/auth/me","","Wed Mar 11 15:57:34 UTC 2026","passed","Wed Mar 11 15:58:12 UTC 2026","","k6 Performance Tests","",""
"**Risk:** Informational
**Confidence:** 3
**Instances:** 1

**Description:**
The given request has been identified as an authentication request. The 'Other Info' field contains a set of key=value lines which identify any relevant fields. If the request is in a context which has an Authentication Method set to ""Auto-Detect"" then this rule will change the authentication to match the request identified.

**Solution:**
This is an informational alert rather than a vulnerability and so there is nothing to fix.","0","Authentication Request Identified","","Wed Mar 11 15:58:30 UTC 2026","passed","Wed Mar 11 15:58:30 UTC 2026","","Security - ZAP API Scan","",""
"","326","user can cancel a pending order and receives HTTP 200","","Wed Mar 11 15:56:53 UTC 2026","passed","Wed Mar 11 15:56:53 UTC 2026","Order Endpoints > DELETE /api/orders/:id","orders_test.spec.ts","",""
"Verify admin can create a new product","66","testCreateProduct","API Test Suite","Wed Mar 11 15:57:10 UTC 2026","passed","Wed Mar 11 15:57:10 UTC 2026","com.automationlab.tests.ProductTest","API Tests","com.automationlab.tests.ProductTest","testCreateProduct"
"Verify product with zero stock can be created","45","testCreateProductZeroStock","API Test Suite","Wed Mar 11 15:57:10 UTC 2026","passed","Wed Mar 11 15:57:10 UTC 2026","com.automationlab.tests.ProductTest","API Tests","com.automationlab.tests.ProductTest","testCreateProductZeroStock"
"","3","test_health_includes_uptime","tests","Wed Mar 11 15:56:59 UTC 2026","passed","Wed Mar 11 15:56:59 UTC 2026","TestHealthEndpoint","health_test","",""
"","7","response contains products array and pagination object","","Wed Mar 11 15:56:55 UTC 2026","passed","Wed Mar 11 15:56:55 UTC 2026","Product Endpoints > GET /api/products","products_test.spec.ts","",""
"","8","response body conforms to paginated products schema","","Wed Mar 11 15:56:55 UTC 2026","passed","Wed Mar 11 15:56:55 UTC 2026","Product Endpoints > GET /api/products","products_test.spec.ts","",""
"","257","returns HTTP 400 for empty update body","","Wed Mar 11 15:56:59 UTC 2026","passed","Wed Mar 11 15:56:59 UTC 2026","Product Endpoints > PUT /api/products/:id","products_test.spec.ts","",""
"","7","returns HTTP 404 for non-existent product","","Wed Mar 11 15:56:56 UTC 2026","passed","Wed Mar 11 15:56:56 UTC 2026","Product Endpoints > GET /api/products/:id","products_test.spec.ts","",""
"","30111","register link navigates to register page","chromium","Wed Mar 11 16:07:55 UTC 2026","broken","Wed Mar 11 16:08:25 UTC 2026","Navigation — Unauthenticated","navigation_test.spec.ts","",""
"","322","total_amount is calculated correctly","","Wed Mar 11 15:56:47 UTC 2026","passed","Wed Mar 11 15:56:47 UTC 2026","Order Endpoints > POST /api/orders","orders_test.spec.ts","",""
"Verify update user fails without authentication","11","testUpdateUserNoAuth","API Test Suite","Wed Mar 11 15:57:08 UTC 2026","passed","Wed Mar 11 15:57:08 UTC 2026","com.automationlab.tests.UserTest","API Tests","com.automationlab.tests.UserTest","testUpdateUserNoAuth"
"After soft delete, product should not appear in public listing.","5","test_deleted_product_not_in_listing","tests","Wed Mar 11 15:57:03 UTC 2026","passed","Wed Mar 11 15:57:03 UTC 2026","TestDeleteProduct","products_test","",""
"Stock should decrease after order creation.","11","test_create_order_reduces_stock","tests","Wed Mar 11 15:56:59 UTC 2026","passed","Wed Mar 11 15:56:59 UTC 2026","TestCreateOrder","orders_test","",""
"Verify create order fails with negative quantity","16","testCreateOrderNegativeQuantity","API Test Suite","Wed Mar 11 15:57:13 UTC 2026","passed","Wed Mar 11 15:57:13 UTC 2026","com.automationlab.tests.OrderTest","API Tests","com.automationlab.tests.OrderTest","testCreateOrderNegativeQuantity"
"Verify product with decimal price is created correctly","27","testCreateProductDecimalPrice","API Test Suite","Wed Mar 11 15:57:10 UTC 2026","passed","Wed Mar 11 15:57:10 UTC 2026","com.automationlab.tests.ProductTest","API Tests","com.automationlab.tests.ProductTest","testCreateProductDecimalPrice"
"","38762","POST /api/auth/register","","Wed Mar 11 15:57:32 UTC 2026","passed","Wed Mar 11 15:58:11 UTC 2026","","k6 Performance Tests","",""
"","4","test_get_nonexistent_product_returns_404","tests","Wed Mar 11 15:57:02 UTC 2026","passed","Wed Mar 11 15:57:02 UTC 2026","TestGetProduct","products_test","",""
"","30072","empty last name shows validation error","chromium","Wed Mar 11 16:21:34 UTC 2026","broken","Wed Mar 11 16:22:04 UTC 2026","Register","register_test.spec.ts","",""
"","5298","register page displays create account heading","chromium","Wed Mar 11 16:19:53 UTC 2026","failed","Wed Mar 11 16:19:58 UTC 2026","Register","register_test.spec.ts","",""
"Orders link is visible when authenticated","10623","ordersLinkIsVisibleWhenAuthenticated","SQA Automation Lab — Selenium UI Suite","Wed Mar 11 16:08:26 UTC 2026","broken","Wed Mar 11 16:08:37 UTC 2026","com.sqa.ui.tests.NavigationTest","UI Tests","com.sqa.ui.tests.NavigationTest","ordersLinkIsVisibleWhenAuthenticated"
"","254","test_login_as_admin","tests","Wed Mar 11 15:56:58 UTC 2026","passed","Wed Mar 11 15:56:58 UTC 2026","TestLogin","auth_test","",""
"Verify registration fails with duplicate email","46","testRegistrationDuplicateEmail","API Test Suite","Wed Mar 11 15:57:05 UTC 2026","passed","Wed Mar 11 15:57:05 UTC 2026","com.automationlab.tests.AuthTest","API Tests","com.automationlab.tests.AuthTest","testRegistrationDuplicateEmail"
"","30071","wrong password shows error message","chromium","Wed Mar 11 16:03:43 UTC 2026","broken","Wed Mar 11 16:04:13 UTC 2026","Login","login_test.spec.ts","",""
"","247","returns HTTP 404 for non-existent product","","Wed Mar 11 15:57:00 UTC 2026","passed","Wed Mar 11 15:57:00 UTC 2026","Product Endpoints > DELETE /api/products/:id","products_test.spec.ts","",""
"","4","test_register_without_password_returns_400","tests","Wed Mar 11 15:56:58 UTC 2026","passed","Wed Mar 11 15:56:58 UTC 2026","TestRegistration","auth_test","",""
"Verify root endpoint returns app information","61","testRootEndpoint","API Test Suite","Wed Mar 11 15:57:04 UTC 2026","passed","Wed Mar 11 15:57:04 UTC 2026","com.automationlab.tests.HealthTest","API Tests","com.automationlab.tests.HealthTest","testRootEndpoint"
"Verify orders can be filtered by status","45","testListOrdersByStatus","API Test Suite","Wed Mar 11 15:57:13 UTC 2026","passed","Wed Mar 11 15:57:13 UTC 2026","com.automationlab.tests.OrderTest","API Tests","com.automationlab.tests.OrderTest","testListOrdersByStatus"
"","2","test_logout_without_token_returns_401","tests","Wed Mar 11 15:56:59 UTC 2026","passed","Wed Mar 11 15:56:59 UTC 2026","TestLogout","auth_test","",""
"","135","returns HTTP 200 on successful login","","Wed Mar 11 15:56:45 UTC 2026","passed","Wed Mar 11 15:56:45 UTC 2026","Authentication Endpoints > POST /api/auth/login","auth_test.spec.ts","",""
"Cancel order dismissed by user leaves order intact — AUT Bug C","0","cancelOrderDismissedLeavesOrderIntact","SQA Automation Lab — Selenium UI Suite","Wed Mar 11 16:05:41 UTC 2026","skipped","Wed Mar 11 16:05:41 UTC 2026","com.sqa.ui.tests.OrdersTest","UI Tests","com.sqa.ui.tests.OrdersTest","cancelOrderDismissedLeavesOrderIntact"
"","337","updated status is returned in response","","Wed Mar 11 15:56:51 UTC 2026","passed","Wed Mar 11 15:56:52 UTC 2026","Order Endpoints > PATCH /api/orders/:id/status","orders_test.spec.ts","",""
"","4","test_create_order_with_nonexistent_product_returns_404","tests","Wed Mar 11 15:57:00 UTC 2026","passed","Wed Mar 11 15:57:00 UTC 2026","TestCreateOrder","orders_test","",""
"Navbar is visible on products page","10338","navbarIsVisibleOnProductsPage","SQA Automation Lab — Selenium UI Suite","Wed Mar 11 16:08:05 UTC 2026","broken","Wed Mar 11 16:08:15 UTC 2026","com.sqa.ui.tests.NavigationTest","UI Tests","com.sqa.ui.tests.NavigationTest","navbarIsVisibleOnProductsPage"
"Save with empty first name shows validation error","769","saveWithEmptyFirstNameShowsValidationError","SQA Automation Lab — Selenium UI Suite","Wed Mar 11 16:06:37 UTC 2026","broken","Wed Mar 11 16:06:38 UTC 2026","com.sqa.ui.tests.DashboardTest","UI Tests","com.sqa.ui.tests.DashboardTest","saveWithEmptyFirstNameShowsValidationError"
"**Risk:** Informational
**Confidence:** 2
**Instances:** 3

**Description:**
Check for differences in response based on fuzzed User Agent (eg. mobile sites, access as a Search Engine Crawler). Compares the response statuscode and the hashcode of the response body with the original response.

**Solution:**
","0","User Agent Fuzzer","","Wed Mar 11 15:58:30 UTC 2026","passed","Wed Mar 11 15:58:30 UTC 2026","","Security - ZAP API Scan","",""
"","73","response contains users array and pagination object","","Wed Mar 11 15:57:01 UTC 2026","passed","Wed Mar 11 15:57:01 UTC 2026","User Endpoints > GET /api/users","user_test.spec.ts","",""
"","2","test_root_returns_200","tests","Wed Mar 11 15:56:59 UTC 2026","passed","Wed Mar 11 15:56:59 UTC 2026","TestRootEndpoint","health_test","",""
"Verify default pagination limit","60","testListUsersDefaultPaginationLimit","API Test Suite","Wed Mar 11 15:57:08 UTC 2026","passed","Wed Mar 11 15:57:08 UTC 2026","com.automationlab.tests.UserTest","API Tests","com.automationlab.tests.UserTest","testListUsersDefaultPaginationLimit"
"Invalid product ID renders error state","402","invalidProductIdRendersErrorState","SQA Automation Lab — Selenium UI Suite","Wed Mar 11 16:05:10 UTC 2026","failed","Wed Mar 11 16:05:10 UTC 2026","com.sqa.ui.tests.ProductDetailTest","UI Tests","com.sqa.ui.tests.ProductDetailTest","invalidProductIdRendersErrorState"
"","2","test_root_lists_available_endpoints","tests","Wed Mar 11 15:56:59 UTC 2026","passed","Wed Mar 11 15:56:59 UTC 2026","TestRootEndpoint","health_test","",""
"","325","admin can update order status and receives HTTP 200","","Wed Mar 11 15:56:51 UTC 2026","passed","Wed Mar 11 15:56:51 UTC 2026","Order Endpoints > PATCH /api/orders/:id/status","orders_test.spec.ts","",""
"","64","test_login_with_wrong_password_returns_401","tests","Wed Mar 11 15:56:58 UTC 2026","passed","Wed Mar 11 15:56:58 UTC 2026","TestLogin","auth_test","",""
"","30025","Product Tests","","Wed Mar 11 16:02:41 UTC 2026","passed","Wed Mar 11 16:03:11 UTC 2026","","JMeter Performance Tests","",""
"","5553","orders link is visible when authenticated","chromium","Wed Mar 11 16:08:27 UTC 2026","failed","Wed Mar 11 16:08:32 UTC 2026","Navigation — Authenticated","navigation_test.spec.ts","",""
"","74","pagination metadata contains expected fields","","Wed Mar 11 15:57:01 UTC 2026","passed","Wed Mar 11 15:57:01 UTC 2026","User Endpoints > GET /api/users","user_test.spec.ts","",""
"","325","returns HTTP 400 for invalid status value","","Wed Mar 11 15:56:52 UTC 2026","passed","Wed Mar 11 15:56:52 UTC 2026","Order Endpoints > PATCH /api/orders/:id/status","orders_test.spec.ts","",""
"","30108","valid login renders authenticated navbar state","chromium","Wed Mar 11 16:01:37 UTC 2026","broken","Wed Mar 11 16:02:07 UTC 2026","Login","login_test.spec.ts","",""
"Empty email shows validation error","10496","emptyEmailShowsValidationError","SQA Automation Lab — Selenium UI Suite","Wed Mar 11 16:00:02 UTC 2026","broken","Wed Mar 11 16:00:12 UTC 2026","com.sqa.ui.tests.RegisterTest","UI Tests","com.sqa.ui.tests.RegisterTest","emptyEmailShowsValidationError"
"","9","test_status_update_changes_updated_at","tests","Wed Mar 11 15:57:01 UTC 2026","passed","Wed Mar 11 15:57:01 UTC 2026","TestUpdateOrderStatus","orders_test","",""
"","80","returns HTTP 409 when updating email to one already in use","","Wed Mar 11 15:57:03 UTC 2026","passed","Wed Mar 11 15:57:03 UTC 2026","User Endpoints > PUT /api/users/:id","user_test.spec.ts","",""
"","4","test_admin_can_update_product_price","tests","Wed Mar 11 15:57:03 UTC 2026","passed","Wed Mar 11 15:57:03 UTC 2026","TestUpdateProduct","products_test","",""
"","72","returns HTTP 403 for non-admin authenticated user","","Wed Mar 11 15:56:58 UTC 2026","passed","Wed Mar 11 15:56:58 UTC 2026","Product Endpoints > POST /api/products","products_test.spec.ts","",""
"","2","test_health_includes_environment","tests","Wed Mar 11 15:56:59 UTC 2026","passed","Wed Mar 11 15:56:59 UTC 2026","TestHealthEndpoint","health_test","",""
"Verify create order fails with insufficient stock","31","testCreateOrderInsufficientStock","API Test Suite","Wed Mar 11 15:57:13 UTC 2026","passed","Wed Mar 11 15:57:13 UTC 2026","com.automationlab.tests.OrderTest","API Tests","com.automationlab.tests.OrderTest","testCreateOrderInsufficientStock"
"","5273","products page displays product cards","chromium","Wed Mar 11 16:15:47 UTC 2026","failed","Wed Mar 11 16:15:52 UTC 2026","Products — Unauthenticated","products_test.spec.ts","",""
"","8","category filter response includes filters metadata","","Wed Mar 11 15:56:55 UTC 2026","passed","Wed Mar 11 15:56:55 UTC 2026","Product Endpoints > GET /api/products","products_test.spec.ts","",""
"","4","test_combined_category_and_search","tests","Wed Mar 11 15:57:02 UTC 2026","passed","Wed Mar 11 15:57:02 UTC 2026","TestFilterProducts","products_test","",""
"","12","category filter returns only products from that category","","Wed Mar 11 15:56:55 UTC 2026","passed","Wed Mar 11 15:56:55 UTC 2026","Product Endpoints > GET /api/products","products_test.spec.ts","",""
"Products link is visible","10329","productsLinkIsVisible","SQA Automation Lab — Selenium UI Suite","Wed Mar 11 16:08:49 UTC 2026","broken","Wed Mar 11 16:08:59 UTC 2026","com.sqa.ui.tests.NavigationTest","UI Tests","com.sqa.ui.tests.NavigationTest","productsLinkIsVisible"
"Authenticated user can navigate to product detail","860","authenticatedUserCanNavigateToProductDetail","SQA Automation Lab — Selenium UI Suite","Wed Mar 11 16:02:33 UTC 2026","broken","Wed Mar 11 16:02:34 UTC 2026","com.sqa.ui.tests.ProductsTest","UI Tests","com.sqa.ui.tests.ProductsTest","authenticatedUserCanNavigateToProductDetail"
"Register link navigates to register page","10337","registerLinkNavigatesToRegisterPage","SQA Automation Lab — Selenium UI Suite","Wed Mar 11 16:09:32 UTC 2026","broken","Wed Mar 11 16:09:43 UTC 2026","com.sqa.ui.tests.NavigationTest","UI Tests","com.sqa.ui.tests.NavigationTest","registerLinkNavigatesToRegisterPage"
"","3","test_update_nonexistent_order_returns_404","tests","Wed Mar 11 15:57:02 UTC 2026","passed","Wed Mar 11 15:57:02 UTC 2026","TestUpdateOrderStatus","orders_test","",""
"","73","response body conforms to paginated users schema","","Wed Mar 11 15:57:01 UTC 2026","passed","Wed Mar 11 15:57:01 UTC 2026","User Endpoints > GET /api/users","user_test.spec.ts","",""
"Login page displays Sign In heading","10468","loginPageDisplaysSignInHeading","SQA Automation Lab — Selenium UI Suite","Wed Mar 11 15:58:26 UTC 2026","broken","Wed Mar 11 15:58:37 UTC 2026","com.sqa.ui.tests.LoginTest","UI Tests","com.sqa.ui.tests.LoginTest","loginPageDisplaysSignInHeading"
"Filter orders by status parameter.","4","test_filter_orders_by_status","tests","Wed Mar 11 15:57:00 UTC 2026","passed","Wed Mar 11 15:57:00 UTC 2026","TestListOrders","orders_test","",""
"","37968","Step 2: Login","","Wed Mar 11 16:00:20 UTC 2026","passed","Wed Mar 11 16:00:58 UTC 2026","","k6 Performance Tests","",""
"","133","response body conforms to auth response schema","","Wed Mar 11 15:56:45 UTC 2026","passed","Wed Mar 11 15:56:45 UTC 2026","Authentication Endpoints > POST /api/auth/login","auth_test.spec.ts","",""
"","74","returns HTTP 200 with authentication","","Wed Mar 11 15:56:55 UTC 2026","passed","Wed Mar 11 15:56:55 UTC 2026","Product Endpoints > GET /api/products","products_test.spec.ts","",""
"Verify logout fails without token","22","testLogoutNoToken","API Test Suite","Wed Mar 11 15:57:05 UTC 2026","passed","Wed Mar 11 15:57:05 UTC 2026","com.automationlab.tests.AuthTest","API Tests","com.automationlab.tests.AuthTest","testLogoutNoToken"
"","7","environment field is a non-empty string","","Wed Mar 11 15:56:46 UTC 2026","passed","Wed Mar 11 15:56:46 UTC 2026","Health Endpoints > GET /health","health_test.spec.ts","",""
"Authenticated user can set quantity before ordering","745","authenticatedUserCanSetQuantityBeforeOrdering","SQA Automation Lab — Selenium UI Suite","Wed Mar 11 16:04:52 UTC 2026","broken","Wed Mar 11 16:04:53 UTC 2026","com.sqa.ui.tests.ProductDetailTest","UI Tests","com.sqa.ui.tests.ProductDetailTest","authenticatedUserCanSetQuantityBeforeOrdering"
"","64","test_login_with_valid_credentials","tests","Wed Mar 11 15:56:58 UTC 2026","passed","Wed Mar 11 15:56:58 UTC 2026","TestLogin","auth_test","",""
"","75","returns HTTP 400 or 404 for non-existent product","","Wed Mar 11 15:56:48 UTC 2026","passed","Wed Mar 11 15:56:48 UTC 2026","Order Endpoints > POST /api/orders","orders_test.spec.ts","",""
"","38729","POST /api/auth/login - invalid credentials","","Wed Mar 11 15:57:33 UTC 2026","passed","Wed Mar 11 15:58:12 UTC 2026","","k6 Performance Tests","",""
"Sign out button clears session and redirects to login","10605","signOutButtonClearsSessionAndRedirectsToLogin","SQA Automation Lab — Selenium UI Suite","Wed Mar 11 16:10:16 UTC 2026","broken","Wed Mar 11 16:10:27 UTC 2026","com.sqa.ui.tests.NavigationTest","UI Tests","com.sqa.ui.tests.NavigationTest","signOutButtonClearsSessionAndRedirectsToLogin"
"","10","test_order_items_include_product_details","tests","Wed Mar 11 15:57:01 UTC 2026","passed","Wed Mar 11 15:57:01 UTC 2026","TestGetOrder","orders_test","",""
"","4","test_get_current_user","tests","Wed Mar 11 15:56:58 UTC 2026","passed","Wed Mar 11 15:56:58 UTC 2026","TestCurrentUser","auth_test","",""
"","30070","register link navigates to register page","chromium","Wed Mar 11 16:04:45 UTC 2026","broken","Wed Mar 11 16:05:15 UTC 2026","Login","login_test.spec.ts","",""
"Verify registration fails with missing email","21","testRegistrationMissingEmail","API Test Suite","Wed Mar 11 15:57:05 UTC 2026","passed","Wed Mar 11 15:57:05 UTC 2026","com.automationlab.tests.AuthTest","API Tests","com.automationlab.tests.AuthTest","testRegistrationMissingEmail"
"","3","test_create_order_with_zero_quantity_returns_400","tests","Wed Mar 11 15:57:00 UTC 2026","passed","Wed Mar 11 15:57:00 UTC 2026","TestCreateOrder","orders_test","",""
"","30073","empty password shows validation error","chromium","Wed Mar 11 16:02:40 UTC 2026","broken","Wed Mar 11 16:03:10 UTC 2026","Login","login_test.spec.ts","",""
"","30076","clear button resets search results","chromium","Wed Mar 11 16:16:25 UTC 2026","broken","Wed Mar 11 16:16:55 UTC 2026","Products — Unauthenticated","products_test.spec.ts","",""
"","5246","register link is visible when unauthenticated","chromium","Wed Mar 11 16:06:14 UTC 2026","failed","Wed Mar 11 16:06:19 UTC 2026","Navigation — Unauthenticated","navigation_test.spec.ts","",""
"Verify create product fails with missing price","18","testCreateProductMissingPrice","API Test Suite","Wed Mar 11 15:57:10 UTC 2026","passed","Wed Mar 11 15:57:10 UTC 2026","com.automationlab.tests.ProductTest","API Tests","com.automationlab.tests.ProductTest","testCreateProductMissingPrice"
"","30073","search returns filtered results","chromium","Wed Mar 11 16:15:53 UTC 2026","broken","Wed Mar 11 16:16:23 UTC 2026","Products — Unauthenticated","products_test.spec.ts","",""
"Dashboard displays user email","659","dashboardDisplaysUserEmail","SQA Automation Lab — Selenium UI Suite","Wed Mar 11 16:06:17 UTC 2026","broken","Wed Mar 11 16:06:17 UTC 2026","com.sqa.ui.tests.DashboardTest","UI Tests","com.sqa.ui.tests.DashboardTest","dashboardDisplaysUserEmail"
"","4","test_register_duplicate_email_returns_409","tests","Wed Mar 11 15:56:58 UTC 2026","passed","Wed Mar 11 15:56:58 UTC 2026","TestRegistration","auth_test","",""
"Verify create product fails without authentication","12","testCreateProductNoAuth","API Test Suite","Wed Mar 11 15:57:10 UTC 2026","passed","Wed Mar 11 15:57:10 UTC 2026","com.automationlab.tests.ProductTest","API Tests","com.automationlab.tests.ProductTest","testCreateProductNoAuth"
"Verify registration fails with invalid email format","23","testRegistrationInvalidEmail","API Test Suite","Wed Mar 11 15:57:05 UTC 2026","passed","Wed Mar 11 15:57:05 UTC 2026","com.automationlab.tests.AuthTest","API Tests","com.automationlab.tests.AuthTest","testRegistrationInvalidEmail"
"Verify update order status fails without authentication","13","testUpdateOrderStatusNoAuth","API Test Suite","Wed Mar 11 15:57:13 UTC 2026","passed","Wed Mar 11 15:57:13 UTC 2026","com.automationlab.tests.OrderTest","API Tests","com.automationlab.tests.OrderTest","testUpdateOrderStatusNoAuth"
"","74","returns correct user data for the token owner","","Wed Mar 11 15:56:45 UTC 2026","passed","Wed Mar 11 15:56:45 UTC 2026","Authentication Endpoints > GET /api/auth/me","auth_test.spec.ts","",""
"","38126","DELETE /api/products/:id","","Wed Mar 11 15:58:58 UTC 2026","passed","Wed Mar 11 15:59:36 UTC 2026","","k6 Performance Tests","",""
"Verify admin can update any user","45","testAdminUpdateAnyUser","API Test Suite","Wed Mar 11 15:57:07 UTC 2026","passed","Wed Mar 11 15:57:07 UTC 2026","com.automationlab.tests.UserTest","API Tests","com.automationlab.tests.UserTest","testAdminUpdateAnyUser"
"","253","returns HTTP 401 without token","","Wed Mar 11 15:56:47 UTC 2026","passed","Wed Mar 11 15:56:48 UTC 2026","Order Endpoints > POST /api/orders","orders_test.spec.ts","",""
"","3","test_update_nonexistent_product_returns_404","tests","Wed Mar 11 15:57:03 UTC 2026","passed","Wed Mar 11 15:57:03 UTC 2026","TestUpdateProduct","products_test","",""
"","3","test_regular_user_cannot_create_product","tests","Wed Mar 11 15:57:03 UTC 2026","passed","Wed Mar 11 15:57:03 UTC 2026","TestCreateProduct","products_test","",""
"","3","test_list_users_limit_exceeds_max_returns_400","tests","Wed Mar 11 15:57:03 UTC 2026","passed","Wed Mar 11 15:57:03 UTC 2026","TestListUsers","user_test","",""
"","4","test_delete_nonexistent_product_returns_404","tests","Wed Mar 11 15:57:03 UTC 2026","passed","Wed Mar 11 15:57:03 UTC 2026","TestDeleteProduct","products_test","",""
"","30070","brand link navigates to products page","chromium","Wed Mar 11 16:06:21 UTC 2026","broken","Wed Mar 11 16:06:51 UTC 2026","Navigation — Unauthenticated","navigation_test.spec.ts","",""
"","248","returns HTTP 400 for negative price","","Wed Mar 11 15:56:57 UTC 2026","passed","Wed Mar 11 15:56:58 UTC 2026","Product Endpoints > POST /api/products","products_test.spec.ts","",""
"Create two products and order both.","15","test_create_order_with_multiple_items","tests","Wed Mar 11 15:56:59 UTC 2026","passed","Wed Mar 11 15:56:59 UTC 2026","TestCreateOrder","orders_test","",""
"Verify authenticated user can list all users","36","testListUsers","API Test Suite","Wed Mar 11 15:57:09 UTC 2026","passed","Wed Mar 11 15:57:09 UTC 2026","com.automationlab.tests.UserTest","API Tests","com.automationlab.tests.UserTest","testListUsers"
"","322","returns HTTP 403 for non-admin authenticated user","","Wed Mar 11 15:56:59 UTC 2026","passed","Wed Mar 11 15:57:00 UTC 2026","Product Endpoints > PUT /api/products/:id","products_test.spec.ts","",""
"","7","response body conforms to health schema","","Wed Mar 11 15:56:45 UTC 2026","passed","Wed Mar 11 15:56:45 UTC 2026","Health Endpoints > GET /health","health_test.spec.ts","",""
"Verify login fails with missing password","18","testLoginMissingPassword","API Test Suite","Wed Mar 11 15:57:04 UTC 2026","passed","Wed Mar 11 15:57:04 UTC 2026","com.automationlab.tests.AuthTest","API Tests","com.automationlab.tests.AuthTest","testLoginMissingPassword"
"","30094","save with valid names updates profile and shows success message","chromium","Wed Mar 11 15:58:54 UTC 2026","broken","Wed Mar 11 15:59:24 UTC 2026","Dashboard — Authenticated","dashboard_test.spec.ts","",""
"","30076","edit profile button reveals edit form","chromium","Wed Mar 11 15:57:51 UTC 2026","broken","Wed Mar 11 15:58:21 UTC 2026","Dashboard — Authenticated","dashboard_test.spec.ts","",""
"","1","setup","","Wed Mar 11 15:58:13 UTC 2026","passed","Wed Mar 11 15:58:13 UTC 2026","","k6 Performance Tests","",""
"","247","returns HTTP 400 when price is missing","","Wed Mar 11 15:56:57 UTC 2026","passed","Wed Mar 11 15:56:57 UTC 2026","Product Endpoints > POST /api/products","products_test.spec.ts","",""
"","7","returns HTTP 200","","Wed Mar 11 15:56:46 UTC 2026","passed","Wed Mar 11 15:56:46 UTC 2026","Health Endpoints > GET /","health_test.spec.ts","",""
"","5602","order error message shown on API failure","chromium","Wed Mar 11 16:15:33 UTC 2026","failed","Wed Mar 11 16:15:39 UTC 2026","Product Detail — Authenticated","product_detail_test.spec.ts","",""
"","30073","category filter returns filtered results","chromium","Wed Mar 11 16:17:27 UTC 2026","broken","Wed Mar 11 16:17:57 UTC 2026","Products — Unauthenticated","products_test.spec.ts","",""
"","343","stock is restored after order cancellation","","Wed Mar 11 15:56:53 UTC 2026","passed","Wed Mar 11 15:56:53 UTC 2026","Order Endpoints > DELETE /api/orders/:id","orders_test.spec.ts","",""
"","30074","search with no matches shows no products found message","chromium","Wed Mar 11 16:16:56 UTC 2026","broken","Wed Mar 11 16:17:26 UTC 2026","Products — Unauthenticated","products_test.spec.ts","",""
"","340","returns HTTP 401 without token","","Wed Mar 11 15:56:53 UTC 2026","passed","Wed Mar 11 15:56:54 UTC 2026","Order Endpoints > DELETE /api/orders/:id","orders_test.spec.ts","",""
"","30074","valid credentials redirect to products page","chromium","Wed Mar 11 16:01:06 UTC 2026","broken","Wed Mar 11 16:01:36 UTC 2026","Login","login_test.spec.ts","",""
"Verify health endpoint response time is acceptable","59","testHealthEndpointResponseTime","API Test Suite","Wed Mar 11 15:57:03 UTC 2026","passed","Wed Mar 11 15:57:03 UTC 2026","com.automationlab.tests.HealthTest","API Tests","com.automationlab.tests.HealthTest","testHealthEndpointResponseTime"
"Unauthenticated place order redirects to login","359","unauthenticatedPlaceOrderRedirectsToLogin","SQA Automation Lab — Selenium UI Suite","Wed Mar 11 16:05:33 UTC 2026","failed","Wed Mar 11 16:05:33 UTC 2026","com.sqa.ui.tests.ProductDetailTest","UI Tests","com.sqa.ui.tests.ProductDetailTest","unauthenticatedPlaceOrderRedirectsToLogin"
"Empty last name shows validation error","10463","emptyLastNameShowsValidationError","SQA Automation Lab — Selenium UI Suite","Wed Mar 11 16:00:29 UTC 2026","broken","Wed Mar 11 16:00:39 UTC 2026","com.sqa.ui.tests.RegisterTest","UI Tests","com.sqa.ui.tests.RegisterTest","emptyLastNameShowsValidationError"
"","7","test_regular_user_cannot_update_status","tests","Wed Mar 11 15:57:02 UTC 2026","passed","Wed Mar 11 15:57:02 UTC 2026","TestUpdateOrderStatus","orders_test","",""
"Verify registration fails with missing password","19","testRegistrationMissingPassword","API Test Suite","Wed Mar 11 15:57:06 UTC 2026","passed","Wed Mar 11 15:57:06 UTC 2026","com.automationlab.tests.AuthTest","API Tests","com.automationlab.tests.AuthTest","testRegistrationMissingPassword"
"Verify user can list their own orders","28","testListUserOrders","API Test Suite","Wed Mar 11 15:57:13 UTC 2026","passed","Wed Mar 11 15:57:13 UTC 2026","com.automationlab.tests.OrderTest","API Tests","com.automationlab.tests.OrderTest","testListUserOrders"
"","321","returns HTTP 400 for quantity exceeding available stock","","Wed Mar 11 15:56:48 UTC 2026","passed","Wed Mar 11 15:56:48 UTC 2026","Order Endpoints > POST /api/orders","orders_test.spec.ts","",""
"","30068","cancel order dismissed by user leaves order intact","chromium","Wed Mar 11 16:12:11 UTC 2026","broken","Wed Mar 11 16:12:41 UTC 2026","Orders","orders_test.spec.ts","",""
"","7","test_list_users_page_navigation","tests","Wed Mar 11 15:57:03 UTC 2026","passed","Wed Mar 11 15:57:03 UTC 2026","TestListUsers","user_test","",""
"","5585","orders page displays order cards","chromium","Wed Mar 11 16:10:29 UTC 2026","failed","Wed Mar 11 16:10:35 UTC 2026","Orders","orders_test.spec.ts","",""
"Register link navigates to register page","10486","registerLinkNavigatesToRegisterPage","SQA Automation Lab — Selenium UI Suite","Wed Mar 11 15:58:53 UTC 2026","broken","Wed Mar 11 15:59:04 UTC 2026","com.sqa.ui.tests.LoginTest","UI Tests","com.sqa.ui.tests.LoginTest","registerLinkNavigatesToRegisterPage"
"","72","returns HTTP 400 for empty items array","","Wed Mar 11 15:56:48 UTC 2026","passed","Wed Mar 11 15:56:48 UTC 2026","Order Endpoints > POST /api/orders","orders_test.spec.ts","",""
"","30115","sign in link navigates to login page","chromium","Wed Mar 11 16:07:24 UTC 2026","broken","Wed Mar 11 16:07:54 UTC 2026","Navigation — Unauthenticated","navigation_test.spec.ts","",""
"Verify user can soft delete their own account","125","testDeleteOwnUser","API Test Suite","Wed Mar 11 15:57:07 UTC 2026","passed","Wed Mar 11 15:57:07 UTC 2026","com.automationlab.tests.UserTest","API Tests","com.automationlab.tests.UserTest","testDeleteOwnUser"
"Orders link is not visible when unauthenticated","10351","ordersLinkIsNotVisibleWhenUnauthenticated","SQA Automation Lab — Selenium UI Suite","Wed Mar 11 16:08:16 UTC 2026","broken","Wed Mar 11 16:08:26 UTC 2026","com.sqa.ui.tests.NavigationTest","UI Tests","com.sqa.ui.tests.NavigationTest","ordersLinkIsNotVisibleWhenUnauthenticated"
"","3","test_register_with_empty_body_returns_400","tests","Wed Mar 11 15:56:58 UTC 2026","passed","Wed Mar 11 15:56:58 UTC 2026","TestRegistration","auth_test","",""
"","3","test_get_own_user_profile","tests","Wed Mar 11 15:57:03 UTC 2026","passed","Wed Mar 11 15:57:03 UTC 2026","TestGetUser","user_test","",""
"","30102","save with empty last name shows validation error","chromium","Wed Mar 11 15:59:57 UTC 2026","broken","Wed Mar 11 16:00:27 UTC 2026","Dashboard — Authenticated","dashboard_test.spec.ts","",""
"Verify anyone can get product details without authentication","51","testGetProductPublic","API Test Suite","Wed Mar 11 15:57:10 UTC 2026","passed","Wed Mar 11 15:57:10 UTC 2026","com.automationlab.tests.ProductTest","API Tests","com.automationlab.tests.ProductTest","testGetProductPublic"
"Products listing should be accessible without authentication.","3","test_list_products_is_public","tests","Wed Mar 11 15:57:02 UTC 2026","passed","Wed Mar 11 15:57:02 UTC 2026","TestListProducts","products_test","",""
"","38127","POST /api/products - admin","","Wed Mar 11 15:58:57 UTC 2026","passed","Wed Mar 11 15:59:35 UTC 2026","","k6 Performance Tests","",""
"Verify admin can soft delete any user","125","testAdminDeleteAnyUser","API Test Suite","Wed Mar 11 15:57:07 UTC 2026","passed","Wed Mar 11 15:57:07 UTC 2026","com.automationlab.tests.UserTest","API Tests","com.automationlab.tests.UserTest","testAdminDeleteAnyUser"
"","136","returns HTTP 403 or 404 when updating another users data","","Wed Mar 11 15:57:03 UTC 2026","passed","Wed Mar 11 15:57:04 UTC 2026","User Endpoints > PUT /api/users/:id","user_test.spec.ts","",""
"","72","returns correct user data for own user","","Wed Mar 11 15:57:02 UTC 2026","passed","Wed Mar 11 15:57:02 UTC 2026","User Endpoints > GET /api/users/:id","user_test.spec.ts","",""
"","247","returns HTTP 404 for non-existent user","","Wed Mar 11 15:57:02 UTC 2026","passed","Wed Mar 11 15:57:02 UTC 2026","User Endpoints > GET /api/users/:id","user_test.spec.ts","",""
"Edit profile button reveals edit form","844","editProfileButtonRevealsEditForm","SQA Automation Lab — Selenium UI Suite","Wed Mar 11 16:06:33 UTC 2026","broken","Wed Mar 11 16:06:34 UTC 2026","com.sqa.ui.tests.DashboardTest","UI Tests","com.sqa.ui.tests.DashboardTest","editProfileButtonRevealsEditForm"
"","6","returns HTTP 400 when email is missing","","Wed Mar 11 15:56:45 UTC 2026","passed","Wed Mar 11 15:56:45 UTC 2026","Authentication Endpoints > POST /api/auth/login","auth_test.spec.ts","",""
"","4","test_list_users_returns_200","tests","Wed Mar 11 15:57:03 UTC 2026","passed","Wed Mar 11 15:57:03 UTC 2026","TestListUsers","user_test","",""
"Verify password is not returned in registration response","110","testRegistrationDoesNotReturnPassword","API Test Suite","Wed Mar 11 15:57:05 UTC 2026","passed","Wed Mar 11 15:57:05 UTC 2026","com.automationlab.tests.AuthTest","API Tests","com.automationlab.tests.AuthTest","testRegistrationDoesNotReturnPassword"
"","326","returns HTTP 401 without token","","Wed Mar 11 15:56:52 UTC 2026","passed","Wed Mar 11 15:56:53 UTC 2026","Order Endpoints > PATCH /api/orders/:id/status","orders_test.spec.ts","",""
"","38129","POST /api/products - unauthorized (non-admin)","","Wed Mar 11 15:58:57 UTC 2026","passed","Wed Mar 11 15:59:35 UTC 2026","","k6 Performance Tests","",""
"Valid credentials redirect to products page","10534","validCredentialsRedirectToProductsPage","SQA Automation Lab — Selenium UI Suite","Wed Mar 11 15:59:07 UTC 2026","broken","Wed Mar 11 15:59:17 UTC 2026","com.sqa.ui.tests.LoginTest","UI Tests","com.sqa.ui.tests.LoginTest","validCredentialsRedirectToProductsPage"
"Register page displays Create Account heading","10493","registerPageDisplaysCreateAccountHeading","SQA Automation Lab — Selenium UI Suite","Wed Mar 11 16:00:56 UTC 2026","broken","Wed Mar 11 16:01:06 UTC 2026","com.sqa.ui.tests.RegisterTest","UI Tests","com.sqa.ui.tests.RegisterTest","registerPageDisplaysCreateAccountHeading"
"","6","test_cancel_nonexistent_order_returns_404","tests","Wed Mar 11 15:57:02 UTC 2026","passed","Wed Mar 11 15:57:02 UTC 2026","TestCancelOrder","orders_test","",""
"","400","returns HTTP 403 when cancelling another users order","","Wed Mar 11 15:56:54 UTC 2026","passed","Wed Mar 11 15:56:54 UTC 2026","Order Endpoints > DELETE /api/orders/:id","orders_test.spec.ts","",""
"","458","register link is not visible when authenticated","chromium","Wed Mar 11 16:08:48 UTC 2026","passed","Wed Mar 11 16:08:48 UTC 2026","Navigation — Authenticated","navigation_test.spec.ts","",""
"","7","status field value is ok","","Wed Mar 11 15:56:46 UTC 2026","passed","Wed Mar 11 15:56:46 UTC 2026","Health Endpoints > GET /health","health_test.spec.ts","",""
"","6","returns HTTP 200","","Wed Mar 11 15:56:45 UTC 2026","passed","Wed Mar 11 15:56:45 UTC 2026","Health Endpoints > GET /health","health_test.spec.ts","",""
"","256","returns HTTP 200 for existing product","","Wed Mar 11 15:56:55 UTC 2026","passed","Wed Mar 11 15:56:55 UTC 2026","Product Endpoints > GET /api/products/:id","products_test.spec.ts","",""
"Verify create order fails with zero quantity","17","testCreateOrderZeroQuantity","API Test Suite","Wed Mar 11 15:57:13 UTC 2026","passed","Wed Mar 11 15:57:13 UTC 2026","com.automationlab.tests.OrderTest","API Tests","com.automationlab.tests.OrderTest","testCreateOrderZeroQuantity"
"Verify health check works with GET method","33","testHealthEndpointGetMethod","API Test Suite","Wed Mar 11 15:57:03 UTC 2026","passed","Wed Mar 11 15:57:03 UTC 2026","com.automationlab.tests.HealthTest","API Tests","com.automationlab.tests.HealthTest","testHealthEndpointGetMethod"
"","77","pagination metadata contains expected fields","","Wed Mar 11 15:56:49 UTC 2026","passed","Wed Mar 11 15:56:49 UTC 2026","Order Endpoints > GET /api/orders","orders_test.spec.ts","",""
"All status filter options are selectable — AUT Bug C","0","allStatusFilterOptionsAreSelectable","SQA Automation Lab — Selenium UI Suite","Wed Mar 11 16:05:37 UTC 2026","skipped","Wed Mar 11 16:05:37 UTC 2026","com.sqa.ui.tests.OrdersTest","UI Tests","com.sqa.ui.tests.OrdersTest","allStatusFilterOptionsAreSelectable"
"","70","returns HTTP 401 without token","","Wed Mar 11 15:57:03 UTC 2026","passed","Wed Mar 11 15:57:03 UTC 2026","User Endpoints > PUT /api/users/:id","user_test.spec.ts","",""
"","4","test_create_order_with_empty_items_returns_400","tests","Wed Mar 11 15:57:00 UTC 2026","passed","Wed Mar 11 15:57:00 UTC 2026","TestCreateOrder","orders_test","",""
"","30082","sign out button clears session and redirects to login","chromium","Wed Mar 11 16:09:51 UTC 2026","broken","Wed Mar 11 16:10:21 UTC 2026","Navigation — Authenticated","navigation_test.spec.ts","",""
"","72","password field is not included in user response object","","Wed Mar 11 15:56:44 UTC 2026","passed","Wed Mar 11 15:56:44 UTC 2026","Authentication Endpoints > POST /api/auth/register","auth_test.spec.ts","",""
"","136","returns HTTP 403 or 404 when deleting another users account","","Wed Mar 11 15:57:04 UTC 2026","passed","Wed Mar 11 15:57:04 UTC 2026","User Endpoints > DELETE /api/users/:id","user_test.spec.ts","",""
"","64","test_register_with_minimum_fields","tests","Wed Mar 11 15:56:57 UTC 2026","passed","Wed Mar 11 15:56:58 UTC 2026","TestRegistration","auth_test","",""
"","2","test_invalid_route_returns_404","tests","Wed Mar 11 15:56:59 UTC 2026","passed","Wed Mar 11 15:56:59 UTC 2026","TestNotFound","health_test","",""
"","2","test_get_current_user_without_token_returns_401","tests","Wed Mar 11 15:56:58 UTC 2026","passed","Wed Mar 11 15:56:58 UTC 2026","TestCurrentUser","auth_test","",""
"","39247","GET /api/users","","Wed Mar 11 15:58:13 UTC 2026","passed","Wed Mar 11 15:58:53 UTC 2026","","k6 Performance Tests","",""
"Brand link navigates to products page","10327","brandLinkNavigatesToProductsPage","SQA Automation Lab — Selenium UI Suite","Wed Mar 11 16:07:21 UTC 2026","broken","Wed Mar 11 16:07:31 UTC 2026","com.sqa.ui.tests.NavigationTest","UI Tests","com.sqa.ui.tests.NavigationTest","brandLinkNavigatesToProductsPage"
"Verify login fails with non-existent email","30","testLoginNonExistentEmail","API Test Suite","Wed Mar 11 15:57:04 UTC 2026","passed","Wed Mar 11 15:57:05 UTC 2026","com.automationlab.tests.AuthTest","API Tests","com.automationlab.tests.AuthTest","testLoginNonExistentEmail"
"Verify create order fails with non-existent product","19","testCreateOrderNonExistentProduct","API Test Suite","Wed Mar 11 15:57:13 UTC 2026","passed","Wed Mar 11 15:57:13 UTC 2026","com.automationlab.tests.OrderTest","API Tests","com.automationlab.tests.OrderTest","testCreateOrderNonExistentProduct"
"","29906","Health Tests","","Wed Mar 11 16:00:56 UTC 2026","passed","Wed Mar 11 16:01:26 UTC 2026","","JMeter Performance Tests","",""
"Verify authenticated user can retrieve their own profile","40","testGetCurrentUser","API Test Suite","Wed Mar 11 15:57:04 UTC 2026","passed","Wed Mar 11 15:57:04 UTC 2026","com.automationlab.tests.AuthTest","API Tests","com.automationlab.tests.AuthTest","testGetCurrentUser"
"Verify create product fails with negative price","16","testCreateProductNegativePrice","API Test Suite","Wed Mar 11 15:57:10 UTC 2026","passed","Wed Mar 11 15:57:10 UTC 2026","com.automationlab.tests.ProductTest","API Tests","com.automationlab.tests.ProductTest","testCreateProductNegativePrice"
"Valid login renders authenticated navbar state","10493","validLoginRendersAuthenticatedNavbarState","SQA Automation Lab — Selenium UI Suite","Wed Mar 11 15:59:21 UTC 2026","broken","Wed Mar 11 15:59:31 UTC 2026","com.sqa.ui.tests.LoginTest","UI Tests","com.sqa.ui.tests.LoginTest","validLoginRendersAuthenticatedNavbarState"
"","30034","User Tests","","Wed Mar 11 16:02:06 UTC 2026","passed","Wed Mar 11 16:02:36 UTC 2026","","JMeter Performance Tests","",""
"Status filter pending shows only pending orders — AUT Bug C","0","statusFilterPendingShowsPendingOrders","SQA Automation Lab — Selenium UI Suite","Wed Mar 11 16:06:05 UTC 2026","skipped","Wed Mar 11 16:06:05 UTC 2026","com.sqa.ui.tests.OrdersTest","UI Tests","com.sqa.ui.tests.OrdersTest","statusFilterPendingShowsPendingOrders"
"Sign in link is visible when unauthenticated","10345","signInLinkIsVisibleWhenUnauthenticated","SQA Automation Lab — Selenium UI Suite","Wed Mar 11 16:09:54 UTC 2026","broken","Wed Mar 11 16:10:05 UTC 2026","com.sqa.ui.tests.NavigationTest","UI Tests","com.sqa.ui.tests.NavigationTest","signInLinkIsVisibleWhenUnauthenticated"
"Verify products can be filtered by category","37","testListProductsByCategory","API Test Suite","Wed Mar 11 15:57:10 UTC 2026","passed","Wed Mar 11 15:57:10 UTC 2026","com.automationlab.tests.ProductTest","API Tests","com.automationlab.tests.ProductTest","testListProductsByCategory"
"","9","test_admin_can_update_status_to_delivered","tests","Wed Mar 11 15:57:01 UTC 2026","passed","Wed Mar 11 15:57:01 UTC 2026","TestUpdateOrderStatus","orders_test","",""
"","6","returns HTTP 400 when password is missing","","Wed Mar 11 15:56:45 UTC 2026","passed","Wed Mar 11 15:56:45 UTC 2026","Authentication Endpoints > POST /api/auth/login","auth_test.spec.ts","",""
"","3","test_product_fields_in_listing","tests","Wed Mar 11 15:57:02 UTC 2026","passed","Wed Mar 11 15:57:02 UTC 2026","TestListProducts","products_test","",""
"Verify get order fails without authentication","14","testGetOrderNoAuth","API Test Suite","Wed Mar 11 15:57:13 UTC 2026","passed","Wed Mar 11 15:57:13 UTC 2026","com.automationlab.tests.OrderTest","API Tests","com.automationlab.tests.OrderTest","testGetOrderNoAuth"
"","38260","GET /api/orders","","Wed Mar 11 15:59:38 UTC 2026","passed","Wed Mar 11 16:00:16 UTC 2026","","k6 Performance Tests","",""
"","4","test_admin_can_update_any_user","tests","Wed Mar 11 15:57:04 UTC 2026","passed","Wed Mar 11 15:57:04 UTC 2026","TestUpdateUser","user_test","",""
"Verify registration fails with weak password","14","testRegistrationWeakPassword","API Test Suite","Wed Mar 11 15:57:06 UTC 2026","passed","Wed Mar 11 15:57:06 UTC 2026","com.automationlab.tests.AuthTest","API Tests","com.automationlab.tests.AuthTest","testRegistrationWeakPassword"
"Duplicate email shows error message","10505","duplicateEmailShowsErrorMessage","SQA Automation Lab — Selenium UI Suite","Wed Mar 11 15:59:48 UTC 2026","broken","Wed Mar 11 15:59:58 UTC 2026","com.sqa.ui.tests.RegisterTest","UI Tests","com.sqa.ui.tests.RegisterTest","duplicateEmailShowsErrorMessage"
"Verify registration returns user ID","127","testRegistrationReturnsUserId","API Test Suite","Wed Mar 11 15:57:06 UTC 2026","passed","Wed Mar 11 15:57:06 UTC 2026","com.automationlab.tests.AuthTest","API Tests","com.automationlab.tests.AuthTest","testRegistrationReturnsUserId"
"Verify order calculates correct total amount","24","testOrderCalculatesTotalAmount","API Test Suite","Wed Mar 11 15:57:13 UTC 2026","passed","Wed Mar 11 15:57:13 UTC 2026","com.automationlab.tests.OrderTest","API Tests","com.automationlab.tests.OrderTest","testOrderCalculatesTotalAmount"
"Back to products link navigates to products page","10453","backToProductsLinkNavigatesToProductsPage","SQA Automation Lab — Selenium UI Suite","Wed Mar 11 16:04:56 UTC 2026","broken","Wed Mar 11 16:05:07 UTC 2026","com.sqa.ui.tests.ProductDetailTest","UI Tests","com.sqa.ui.tests.ProductDetailTest","backToProductsLinkNavigatesToProductsPage"
"","6","test_create_order_returns_item_details","tests","Wed Mar 11 15:56:59 UTC 2026","passed","Wed Mar 11 15:56:59 UTC 2026","TestCreateOrder","orders_test","",""
"","77","returns HTTP 409 on duplicate email","","Wed Mar 11 15:56:44 UTC 2026","passed","Wed Mar 11 15:56:44 UTC 2026","Authentication Endpoints > POST /api/auth/register","auth_test.spec.ts","",""
"After deletion, user should still exist but be inactive.","10","test_deleted_user_is_soft_deleted","tests","Wed Mar 11 15:57:04 UTC 2026","passed","Wed Mar 11 15:57:04 UTC 2026","TestDeleteUser","user_test","",""
"Verify user cannot delete another user's account","23","testDeleteOtherUserForbidden","API Test Suite","Wed Mar 11 15:57:07 UTC 2026","passed","Wed Mar 11 15:57:07 UTC 2026","com.automationlab.tests.UserTest","API Tests","com.automationlab.tests.UserTest","testDeleteOtherUserForbidden"
"Verify login fails with missing email","18","testLoginMissingEmail","API Test Suite","Wed Mar 11 15:57:04 UTC 2026","passed","Wed Mar 11 15:57:04 UTC 2026","com.automationlab.tests.AuthTest","API Tests","com.automationlab.tests.AuthTest","testLoginMissingEmail"
"Product detail page displays stock status","399","productDetailPageDisplaysStockStatus","SQA Automation Lab — Selenium UI Suite","Wed Mar 11 16:05:29 UTC 2026","failed","Wed Mar 11 16:05:29 UTC 2026","com.sqa.ui.tests.ProductDetailTest","UI Tests","com.sqa.ui.tests.ProductDetailTest","productDetailPageDisplaysStockStatus"
"Verify create order fails without authentication","10","testCreateOrderNoAuth","API Test Suite","Wed Mar 11 15:57:13 UTC 2026","passed","Wed Mar 11 15:57:13 UTC 2026","com.automationlab.tests.OrderTest","API Tests","com.automationlab.tests.OrderTest","testCreateOrderNoAuth"
"","4","test_list_users_excludes_passwords","tests","Wed Mar 11 15:57:03 UTC 2026","passed","Wed Mar 11 15:57:03 UTC 2026","TestListUsers","user_test","",""
"","5252","brand link is visible","chromium","Wed Mar 11 16:05:55 UTC 2026","failed","Wed Mar 11 16:06:00 UTC 2026","Navigation — Unauthenticated","navigation_test.spec.ts","",""
"Verify admin can retrieve any user","37","testAdminGetAnyUser","API Test Suite","Wed Mar 11 15:57:07 UTC 2026","passed","Wed Mar 11 15:57:07 UTC 2026","com.automationlab.tests.UserTest","API Tests","com.automationlab.tests.UserTest","testAdminGetAnyUser"
"Authenticated user visiting login page is redirected to products — AUT Bug D","10892","authenticatedUserVisitingLoginIsRedirectedToProducts","SQA Automation Lab — Selenium UI Suite","Wed Mar 11 15:57:31 UTC 2026","broken","Wed Mar 11 15:57:41 UTC 2026","com.sqa.ui.tests.LoginTest","UI Tests","com.sqa.ui.tests.LoginTest","authenticatedUserVisitingLoginIsRedirectedToProducts"
"","5624","dashboard displays user email","chromium","Wed Mar 11 15:57:30 UTC 2026","failed","Wed Mar 11 15:57:36 UTC 2026","Dashboard — Authenticated","dashboard_test.spec.ts","",""
"Verify create order fails with empty items array","15","testCreateOrderEmptyItems","API Test Suite","Wed Mar 11 15:57:13 UTC 2026","passed","Wed Mar 11 15:57:13 UTC 2026","com.automationlab.tests.OrderTest","API Tests","com.automationlab.tests.OrderTest","testCreateOrderEmptyItems"
"","8","returns HTTP 400 for password shorter than minimum length","","Wed Mar 11 15:56:44 UTC 2026","passed","Wed Mar 11 15:56:44 UTC 2026","Authentication Endpoints > POST /api/auth/register","auth_test.spec.ts","",""
"Verify search is case-insensitive","35","testSearchProductsCaseInsensitive","API Test Suite","Wed Mar 11 15:57:11 UTC 2026","passed","Wed Mar 11 15:57:11 UTC 2026","com.automationlab.tests.ProductTest","API Tests","com.automationlab.tests.ProductTest","testSearchProductsCaseInsensitive"
"","5","returns HTTP 401 without token","","Wed Mar 11 15:56:45 UTC 2026","passed","Wed Mar 11 15:56:45 UTC 2026","Authentication Endpoints > POST /api/auth/logout","auth_test.spec.ts","",""
"","255","response body conforms to product schema","","Wed Mar 11 15:56:55 UTC 2026","passed","Wed Mar 11 15:56:56 UTC 2026","Product Endpoints > GET /api/products/:id","products_test.spec.ts","",""
"","4","test_update_own_last_name","tests","Wed Mar 11 15:57:03 UTC 2026","passed","Wed Mar 11 15:57:04 UTC 2026","TestUpdateUser","user_test","",""
"Verify users list does not include passwords","59","testListUsersDoesNotReturnPasswords","API Test Suite","Wed Mar 11 15:57:08 UTC 2026","passed","Wed Mar 11 15:57:08 UTC 2026","com.automationlab.tests.UserTest","API Tests","com.automationlab.tests.UserTest","testListUsersDoesNotReturnPasswords"
"Clear button resets search results","10444","clearButtonResetsSearchResults","SQA Automation Lab — Selenium UI Suite","Wed Mar 11 16:03:00 UTC 2026","broken","Wed Mar 11 16:03:10 UTC 2026","com.sqa.ui.tests.ProductsTest","UI Tests","com.sqa.ui.tests.ProductsTest","clearButtonResetsSearchResults"
"Order error message shown on API failure","725","orderErrorMessageShownOnApiFailure","SQA Automation Lab — Selenium UI Suite","Wed Mar 11 16:05:13 UTC 2026","broken","Wed Mar 11 16:05:14 UTC 2026","com.sqa.ui.tests.ProductDetailTest","UI Tests","com.sqa.ui.tests.ProductDetailTest","orderErrorMessageShownOnApiFailure"
"","38258","DELETE /api/orders/:id","","Wed Mar 11 15:59:40 UTC 2026","passed","Wed Mar 11 16:00:18 UTC 2026","","k6 Performance Tests","",""
"","342","response contains order with items array","","Wed Mar 11 15:56:49 UTC 2026","passed","Wed Mar 11 15:56:50 UTC 2026","Order Endpoints > GET /api/orders/:id","orders_test.spec.ts","",""
"","3","test_get_product_by_id","tests","Wed Mar 11 15:57:02 UTC 2026","passed","Wed Mar 11 15:57:02 UTC 2026","TestGetProduct","products_test","",""
"","3","test_regular_user_cannot_delete_product","tests","Wed Mar 11 15:57:03 UTC 2026","passed","Wed Mar 11 15:57:03 UTC 2026","TestDeleteProduct","products_test","",""
"Verify products can be searched by name","34","testSearchProducts","API Test Suite","Wed Mar 11 15:57:11 UTC 2026","passed","Wed Mar 11 15:57:11 UTC 2026","com.automationlab.tests.ProductTest","API Tests","com.automationlab.tests.ProductTest","testSearchProducts"
"Verify create product fails with missing name","19","testCreateProductMissingName","API Test Suite","Wed Mar 11 15:57:10 UTC 2026","passed","Wed Mar 11 15:57:10 UTC 2026","com.automationlab.tests.ProductTest","API Tests","com.automationlab.tests.ProductTest","testCreateProductMissingName"
"","5275","product detail page displays stock status","chromium","Wed Mar 11 16:13:40 UTC 2026","failed","Wed Mar 11 16:13:45 UTC 2026","Product Detail — Unauthenticated","product_detail_test.spec.ts","",""
"","364","response body conforms to order schema","","Wed Mar 11 15:56:50 UTC 2026","passed","Wed Mar 11 15:56:50 UTC 2026","Order Endpoints > GET /api/orders/:id","orders_test.spec.ts","",""
"","5229","unauthenticated access redirects to login","chromium","Wed Mar 11 15:57:16 UTC 2026","failed","Wed Mar 11 15:57:21 UTC 2026","Dashboard — Unauthenticated","dashboard_test.spec.ts","",""
"","71","returns HTTP 200 for own user","","Wed Mar 11 15:57:02 UTC 2026","passed","Wed Mar 11 15:57:02 UTC 2026","User Endpoints > GET /api/users/:id","user_test.spec.ts","",""
"","3","test_create_product_with_minimum_fields","tests","Wed Mar 11 15:57:03 UTC 2026","passed","Wed Mar 11 15:57:03 UTC 2026","TestCreateProduct","products_test","",""
"","317","returns HTTP 403 for non-admin authenticated user","","Wed Mar 11 15:57:00 UTC 2026","passed","Wed Mar 11 15:57:01 UTC 2026","Product Endpoints > DELETE /api/products/:id","products_test.spec.ts","",""
"","5574","authenticated user sees product cards","chromium","Wed Mar 11 16:19:15 UTC 2026","failed","Wed Mar 11 16:19:20 UTC 2026","Products — Authenticated","products_test.spec.ts","",""
"","83","returns HTTP 400 for empty update body","","Wed Mar 11 15:57:03 UTC 2026","passed","Wed Mar 11 15:57:03 UTC 2026","User Endpoints > PUT /api/users/:id","user_test.spec.ts","",""
"","249","returns HTTP 404 for non-existent product","","Wed Mar 11 15:56:59 UTC 2026","passed","Wed Mar 11 15:56:59 UTC 2026","Product Endpoints > PUT /api/products/:id","products_test.spec.ts","",""
"Valid registration redirects to products page","10509","validRegistrationRedirectsToProductsPage","SQA Automation Lab — Selenium UI Suite","Wed Mar 11 16:02:06 UTC 2026","broken","Wed Mar 11 16:02:17 UTC 2026","com.sqa.ui.tests.RegisterTest","UI Tests","com.sqa.ui.tests.RegisterTest","validRegistrationRedirectsToProductsPage"
"","254","returns correct product data","","Wed Mar 11 15:56:55 UTC 2026","passed","Wed Mar 11 15:56:55 UTC 2026","Product Endpoints > GET /api/products/:id","products_test.spec.ts","",""
"","74","returns HTTP 400 for invalid page parameter","","Wed Mar 11 15:57:02 UTC 2026","passed","Wed Mar 11 15:57:02 UTC 2026","User Endpoints > GET /api/users","user_test.spec.ts","",""
"Product detail page displays category","346","productDetailPageDisplaysCategory","SQA Automation Lab — Selenium UI Suite","Wed Mar 11 16:05:18 UTC 2026","failed","Wed Mar 11 16:05:18 UTC 2026","com.sqa.ui.tests.ProductDetailTest","UI Tests","com.sqa.ui.tests.ProductDetailTest","productDetailPageDisplaysCategory"
"","240","orders link is not visible when unauthenticated","chromium","Wed Mar 11 16:06:21 UTC 2026","passed","Wed Mar 11 16:06:21 UTC 2026","Navigation — Unauthenticated","navigation_test.spec.ts","",""
"","10","products in listing include expected fields","","Wed Mar 11 15:56:55 UTC 2026","passed","Wed Mar 11 15:56:55 UTC 2026","Product Endpoints > GET /api/products","products_test.spec.ts","",""
"Search with no matches shows no products found message","10438","searchWithNoMatchesShowsNoProductsFoundMessage","SQA Automation Lab — Selenium UI Suite","Wed Mar 11 16:04:34 UTC 2026","broken","Wed Mar 11 16:04:45 UTC 2026","com.sqa.ui.tests.ProductsTest","UI Tests","com.sqa.ui.tests.ProductsTest","searchWithNoMatchesShowsNoProductsFoundMessage"
"","3","test_admin_can_create_product","tests","Wed Mar 11 15:57:03 UTC 2026","passed","Wed Mar 11 15:57:03 UTC 2026","TestCreateProduct","products_test","",""
"Non-existent email shows error message — AUT Bug A","10552","nonExistentEmailShowsErrorMessage","SQA Automation Lab — Selenium UI Suite","Wed Mar 11 15:58:40 UTC 2026","broken","Wed Mar 11 15:58:50 UTC 2026","com.sqa.ui.tests.LoginTest","UI Tests","com.sqa.ui.tests.LoginTest","nonExistentEmailShowsErrorMessage"
"","24","returns HTTP 401 without token","","Wed Mar 11 15:56:58 UTC 2026","passed","Wed Mar 11 15:56:58 UTC 2026","Product Endpoints > POST /api/products","products_test.spec.ts","",""
"","30072","duplicate email shows error message","chromium","Wed Mar 11 16:23:39 UTC 2026","broken","Wed Mar 11 16:24:09 UTC 2026","Register","register_test.spec.ts","",""
"","30072","invalid email format shows validation error","chromium","Wed Mar 11 16:22:36 UTC 2026","broken","Wed Mar 11 16:23:06 UTC 2026","Register","register_test.spec.ts","",""
"","30070","status filter cancelled shows filtered results or empty state","chromium","Wed Mar 11 16:11:07 UTC 2026","broken","Wed Mar 11 16:11:37 UTC 2026","Orders","orders_test.spec.ts","",""
"","4","test_current_user_includes_full_profile","tests","Wed Mar 11 15:56:58 UTC 2026","passed","Wed Mar 11 15:56:58 UTC 2026","TestCurrentUser","auth_test","",""
"","30070","back to products link navigates to products page","chromium","Wed Mar 11 16:13:46 UTC 2026","broken","Wed Mar 11 16:14:16 UTC 2026","Product Detail — Unauthenticated","product_detail_test.spec.ts","",""
"","4","test_admin_can_update_stock","tests","Wed Mar 11 15:57:03 UTC 2026","passed","Wed Mar 11 15:57:03 UTC 2026","TestUpdateProduct","products_test","",""
"","30093","authenticated user visiting login page is redirected to products","chromium","Wed Mar 11 16:05:17 UTC 2026","broken","Wed Mar 11 16:05:47 UTC 2026","Login","login_test.spec.ts","",""
"","5276","invalid product id renders error state","chromium","Wed Mar 11 16:14:24 UTC 2026","failed","Wed Mar 11 16:14:29 UTC 2026","Product Detail — Unauthenticated","product_detail_test.spec.ts","",""
"Verify delete non-existent user returns 404","19","testDeleteNonExistentUser","API Test Suite","Wed Mar 11 15:57:07 UTC 2026","passed","Wed Mar 11 15:57:07 UTC 2026","com.automationlab.tests.UserTest","API Tests","com.automationlab.tests.UserTest","testDeleteNonExistentUser"
"Verify create order fails with missing items","17","testCreateOrderMissingItems","API Test Suite","Wed Mar 11 15:57:13 UTC 2026","passed","Wed Mar 11 15:57:13 UTC 2026","com.automationlab.tests.OrderTest","API Tests","com.automationlab.tests.OrderTest","testCreateOrderMissingItems"
"","8","search parameter returns HTTP 200","","Wed Mar 11 15:56:55 UTC 2026","passed","Wed Mar 11 15:56:55 UTC 2026","Product Endpoints > GET /api/products","products_test.spec.ts","",""
"Verify admin can cancel any pending order","81","testAdminCancelAnyOrder","API Test Suite","Wed Mar 11 15:57:12 UTC 2026","passed","Wed Mar 11 15:57:13 UTC 2026","com.automationlab.tests.OrderTest","API Tests","com.automationlab.tests.OrderTest","testAdminCancelAnyOrder"
"","30074","dashboard link navigates to dashboard page","chromium","Wed Mar 11 16:09:19 UTC 2026","broken","Wed Mar 11 16:09:50 UTC 2026","Navigation — Authenticated","navigation_test.spec.ts","",""
"Create an order as admin, verify another user can't see it.","76","test_user_cannot_view_other_users_order","tests","Wed Mar 11 15:57:01 UTC 2026","passed","Wed Mar 11 15:57:01 UTC 2026","TestGetOrder","orders_test","",""
"","5265","products page displays heading","chromium","Wed Mar 11 16:15:40 UTC 2026","failed","Wed Mar 11 16:15:45 UTC 2026","Products — Unauthenticated","products_test.spec.ts","",""
"","13","page navigation does not return overlapping results","","Wed Mar 11 15:56:55 UTC 2026","passed","Wed Mar 11 15:56:55 UTC 2026","Product Endpoints > GET /api/products","products_test.spec.ts","",""
"Product detail page displays product price","338","productDetailPageDisplaysProductPrice","SQA Automation Lab — Selenium UI Suite","Wed Mar 11 16:05:25 UTC 2026","failed","Wed Mar 11 16:05:26 UTC 2026","com.sqa.ui.tests.ProductDetailTest","UI Tests","com.sqa.ui.tests.ProductDetailTest","productDetailPageDisplaysProductPrice"
"","39134","GET /health","","Wed Mar 11 15:56:52 UTC 2026","passed","Wed Mar 11 15:57:31 UTC 2026","","k6 Performance Tests","",""
"Verify anyone can list products without authentication","60","testListProductsPublic","API Test Suite","Wed Mar 11 15:57:12 UTC 2026","passed","Wed Mar 11 15:57:12 UTC 2026","com.automationlab.tests.ProductTest","API Tests","com.automationlab.tests.ProductTest","testListProductsPublic"
"","4","test_admin_can_delete_any_user","tests","Wed Mar 11 15:57:04 UTC 2026","passed","Wed Mar 11 15:57:04 UTC 2026","TestDeleteUser","user_test","",""
"Search should find products by name substring.","6","test_search_by_name","tests","Wed Mar 11 15:57:02 UTC 2026","passed","Wed Mar 11 15:57:02 UTC 2026","TestFilterProducts","products_test","",""
"","6","content-type is application/json","","Wed Mar 11 15:56:46 UTC 2026","passed","Wed Mar 11 15:56:46 UTC 2026","Health Endpoints > GET /","health_test.spec.ts","",""
"","185","sign out button is not visible when unauthenticated","chromium","Wed Mar 11 16:06:21 UTC 2026","passed","Wed Mar 11 16:06:21 UTC 2026","Navigation — Unauthenticated","navigation_test.spec.ts","",""
"","4","test_register_without_email_returns_400","tests","Wed Mar 11 15:56:58 UTC 2026","passed","Wed Mar 11 15:56:58 UTC 2026","TestRegistration","auth_test","",""
"Verify user cannot cancel another user's order","37","testCancelOtherUserOrder","API Test Suite","Wed Mar 11 15:57:13 UTC 2026","passed","Wed Mar 11 15:57:13 UTC 2026","com.automationlab.tests.OrderTest","API Tests","com.automationlab.tests.OrderTest","testCancelOtherUserOrder"
"Verify non-admin cannot update order status","10","testUpdateOrderStatusNonAdmin","API Test Suite","Wed Mar 11 15:57:13 UTC 2026","passed","Wed Mar 11 15:57:13 UTC 2026","com.automationlab.tests.OrderTest","API Tests","com.automationlab.tests.OrderTest","testUpdateOrderStatusNonAdmin"
"Verify new order has default pending status","28","testCreateOrderDefaultStatus","API Test Suite","Wed Mar 11 15:57:13 UTC 2026","passed","Wed Mar 11 15:57:13 UTC 2026","com.automationlab.tests.OrderTest","API Tests","com.automationlab.tests.OrderTest","testCreateOrderDefaultStatus"
"Dashboard link navigates to dashboard page","10653","dashboardLinkNavigatesToDashboardPage","SQA Automation Lab — Selenium UI Suite","Wed Mar 11 16:07:54 UTC 2026","broken","Wed Mar 11 16:08:04 UTC 2026","com.sqa.ui.tests.NavigationTest","UI Tests","com.sqa.ui.tests.NavigationTest","dashboardLinkNavigatesToDashboardPage"
"","2","test_login_without_password_returns_400","tests","Wed Mar 11 15:56:58 UTC 2026","passed","Wed Mar 11 15:56:58 UTC 2026","TestLogin","auth_test","",""
"Verify products list supports pagination","57","testListProductsPagination","API Test Suite","Wed Mar 11 15:57:11 UTC 2026","passed","Wed Mar 11 15:57:11 UTC 2026","com.automationlab.tests.ProductTest","API Tests","com.automationlab.tests.ProductTest","testListProductsPagination"
"","12","returns HTTP 200 without authentication","","Wed Mar 11 15:56:55 UTC 2026","passed","Wed Mar 11 15:56:55 UTC 2026","Product Endpoints > GET /api/products","products_test.spec.ts","",""
"","73","returns HTTP 200 with valid token","","Wed Mar 11 15:56:45 UTC 2026","passed","Wed Mar 11 15:56:45 UTC 2026","Authentication Endpoints > POST /api/auth/logout","auth_test.spec.ts","",""
"","66","test_register_does_not_return_password","tests","Wed Mar 11 15:56:57 UTC 2026","passed","Wed Mar 11 15:56:57 UTC 2026","TestRegistration","auth_test","",""
"Verify empty category filter returns all products","33","testListProductsEmptyCategoryFilter","API Test Suite","Wed Mar 11 15:57:10 UTC 2026","passed","Wed Mar 11 15:57:10 UTC 2026","com.automationlab.tests.ProductTest","API Tests","com.automationlab.tests.ProductTest","testListProductsEmptyCategoryFilter"
"","3","test_create_order_without_items_returns_400","tests","Wed Mar 11 15:57:00 UTC 2026","passed","Wed Mar 11 15:57:00 UTC 2026","TestCreateOrder","orders_test","",""
"Verify admin can update stock quantity","33","testUpdateProductStock","API Test Suite","Wed Mar 11 15:57:11 UTC 2026","passed","Wed Mar 11 15:57:11 UTC 2026","com.automationlab.tests.ProductTest","API Tests","com.automationlab.tests.ProductTest","testUpdateProductStock"
"Pagination next button advances to page 2 — AUT Bug E","10459","paginationNextButtonAdvancesToPage2","SQA Automation Lab — Selenium UI Suite","Wed Mar 11 16:03:13 UTC 2026","broken","Wed Mar 11 16:03:24 UTC 2026","com.sqa.ui.tests.ProductsTest","UI Tests","com.sqa.ui.tests.ProductsTest","paginationNextButtonAdvancesToPage2"
"Verify user only sees their own orders","41","testListOrdersOnlyOwnOrders","API Test Suite","Wed Mar 11 15:57:13 UTC 2026","passed","Wed Mar 11 15:57:13 UTC 2026","com.automationlab.tests.OrderTest","API Tests","com.automationlab.tests.OrderTest","testListOrdersOnlyOwnOrders"
"","2","test_get_product_invalid_id_returns_400","tests","Wed Mar 11 15:57:02 UTC 2026","passed","Wed Mar 11 15:57:03 UTC 2026","TestGetProduct","products_test","",""
"","30077","products link navigates to products page","chromium","Wed Mar 11 16:06:53 UTC 2026","broken","Wed Mar 11 16:07:23 UTC 2026","Navigation — Unauthenticated","navigation_test.spec.ts","",""
"Verify get user fails without authentication","19","testGetUserNoAuth","API Test Suite","Wed Mar 11 15:57:07 UTC 2026","passed","Wed Mar 11 15:57:07 UTC 2026","com.automationlab.tests.UserTest","API Tests","com.automationlab.tests.UserTest","testGetUserNoAuth"
"","4","test_order_fields_in_listing","tests","Wed Mar 11 15:57:00 UTC 2026","passed","Wed Mar 11 15:57:00 UTC 2026","TestListOrders","orders_test","",""
"","2","test_create_product_without_auth_returns_401","tests","Wed Mar 11 15:57:03 UTC 2026","passed","Wed Mar 11 15:57:03 UTC 2026","TestCreateProduct","products_test","",""
"","73","returns HTTP 404 for non-existent order","","Wed Mar 11 15:56:51 UTC 2026","passed","Wed Mar 11 15:56:51 UTC 2026","Order Endpoints > GET /api/orders/:id","orders_test.spec.ts","",""
"","5","returns HTTP 400 for non-numeric product id","","Wed Mar 11 15:56:56 UTC 2026","passed","Wed Mar 11 15:56:56 UTC 2026","Product Endpoints > GET /api/products/:id","products_test.spec.ts","",""
"Verify authenticated user can create an order","50","testCreateOrder","API Test Suite","Wed Mar 11 15:57:13 UTC 2026","passed","Wed Mar 11 15:57:14 UTC 2026","com.automationlab.tests.OrderTest","API Tests","com.automationlab.tests.OrderTest","testCreateOrder"
"","5","returns HTTP 401 without token","","Wed Mar 11 15:56:49 UTC 2026","passed","Wed Mar 11 15:56:49 UTC 2026","Order Endpoints > GET /api/orders","orders_test.spec.ts","",""
"","9","test_admin_can_update_status_to_processing","tests","Wed Mar 11 15:57:01 UTC 2026","passed","Wed Mar 11 15:57:01 UTC 2026","TestUpdateOrderStatus","orders_test","",""
